market,source_short_code,source_standard_code,source_name,source_security_type,matched_instrument_id,match_method,result,reason_code
KRX_KOSPI,095570,095570,AJ네트웍스,UNKNOWN,valid_id,EXACT_MATCH,INCLUDED,
KRX_KOSPI,006840,006840,AK홀딩스,UNKNOWN,valid_id,EXACT_MATCH,INCLUDED,
KRX_KOSPI,282330,282330,BGF리테일,UNKNOWN,valid_id,EXACT_MATCH,INCLUDED,
KRX_KOSPI,027410,027410,BGF,UNKNOWN,valid_id,EXACT_MATCH,INCLUDED,
KRX_KOSPI,138930,138930,BNK금융지주,UNKNOWN,valid_id,EXACT_MATCH,INCLUDED,
KRX_KOSPI,001465,001465,BYC우,UNKNOWN,valid_id,EXACT_MATCH,INCLUDED,
KRX_KOSPI,001460,001460,BYC,UNKNOWN,valid_id,EXACT_MATCH,INCLUDED,
KRX_KOSPI,001045,001045,CJ우,UNKNOWN,valid_id,EXACT_MATCH,INCLUDED,
KRX_KOSPI,00104K,00104K,CJ4우(전환),UNKNOWN,valid_id,EXACT_MATCH,INCLUDED,
KRX_KOSPI,001040,001040,CJ,UNKNOWN,valid_id,EXACT_MATCH,INCLUDED,
KRX_KOSPI,011155,011155,CJ씨푸드1우,UNKNOWN,valid_id,EXACT_MATCH,INCLUDED,
KRX_KOSPI,011150,011150,CJ씨푸드,UNKNOWN,valid_id,EXACT_MATCH,INCLUDED,
KRX_KOSPI,000590,000590,CS홀딩스,UNKNOWN,valid_id,EXACT_MATCH,INCLUDED,
KRX_KOSPI,012030,012030,DB,UNKNOWN,valid_id,EXACT_MATCH,INCLUDED,
KRX_KOSPI,005830,005830,DB손해보험,UNKNOWN,valid_id,EXACT_MATCH,INCLUDED,
KRX_KOSPI,016610,016610,DB증권,UNKNOWN,valid_id,EXACT_MATCH,INCLUDED,
KRX_KOSPI,000990,000990,DB하이텍,UNKNOWN,valid_id,EXACT_MATCH,INCLUDED,
KRX_KOSPI,001530,001530,DI동일,UNKNOWN,valid_id,EXACT_MATCH,INCLUDED,
KRX_KOSPI,000215,000215,DL우,UNKNOWN,valid_id,EXACT_MATCH,INCLUDED,
KRX_KOSPI,000210,000210,DL,UNKNOWN,valid_id,EXACT_MATCH,INCLUDED,
KRX_KOSPI,37550K,37550K,DL이앤씨우,UNKNOWN,valid_id,EXACT_MATCH,INCLUDED,
KRX_KOSPI,37550L,37550L,DL이앤씨2우(전환),UNKNOWN,valid_id,EXACT_MATCH,INCLUDED,
KRX_KOSPI,375500,375500,DL이앤씨,UNKNOWN,valid_id,EXACT_MATCH,INCLUDED,
KRX_KOSPI,155660,155660,DSR,UNKNOWN,valid_id,EXACT_MATCH,INCLUDED,
KRX_KOSPI,069730,069730,DSR제강,UNKNOWN,valid_id,EXACT_MATCH,INCLUDED,
KRX_KOSPI,017860,017860,DS단석,UNKNOWN,valid_id,EXACT_MATCH,INCLUDED,
KRX_KOSPI,017940,017940,E1,UNKNOWN,valid_id,EXACT_MATCH,INCLUDED,
KRX_KOSPI,365550,365550,ESR켄달스퀘어리츠,UNKNOWN,valid_id,EXACT_MATCH,INCLUDED,
KRX_KOSPI,383220,383220,F&F,UNKNOWN,valid_id,EXACT_MATCH,INCLUDED,
KRX_KOSPI,007700,007700,F&F홀딩스,UNKNOWN,valid_id,EXACT_MATCH,INCLUDED,
KRX_KOSPI,078935,078935,GS우,UNKNOWN,valid_id,EXACT_MATCH,INCLUDED,
KRX_KOSPI,006360,006360,GS건설,UNKNOWN,valid_id,EXACT_MATCH,INCLUDED,
KRX_KOSPI,078930,078930,GS,UNKNOWN,valid_id,EXACT_MATCH,INCLUDED,
KRX_KOSPI,012630,012630,HDC,UNKNOWN,valid_id,EXACT_MATCH,INCLUDED,
KRX_KOSPI,097230,097230,HJ중공업,UNKNOWN,valid_id,EXACT_MATCH,INCLUDED,
KRX_KOSPI,014790,014790,HL D&I,UNKNOWN,valid_id,EXACT_MATCH,INCLUDED,
KRX_KOSPI,204320,204320,HL만도,UNKNOWN,valid_id,EXACT_MATCH,INCLUDED,
KRX_KOSPI,060980,060980,HL홀딩스,UNKNOWN,valid_id,EXACT_MATCH,INCLUDED,
KRX_KOSPI,035000,035000,HS애드,UNKNOWN,valid_id,EXACT_MATCH,INCLUDED,
KRX_KOSPI,015360,015360,INVENI,UNKNOWN,valid_id,EXACT_MATCH,INCLUDED,
KRX_KOSPI,175330,175330,JB금융지주,UNKNOWN,valid_id,EXACT_MATCH,INCLUDED,
KRX_KOSPI,234080,234080,JW생명과학,UNKNOWN,valid_id,EXACT_MATCH,INCLUDED,
KRX_KOSPI,001065,001065,JW중외제약우,UNKNOWN,valid_id,EXACT_MATCH,INCLUDED,
KRX_KOSPI,001067,001067,JW중외제약2우B,UNKNOWN,valid_id,EXACT_MATCH,INCLUDED,
KRX_KOSPI,001060,001060,JW중외제약,UNKNOWN,valid_id,EXACT_MATCH,INCLUDED,
KRX_KOSPI,096760,096760,JW홀딩스,UNKNOWN,valid_id,EXACT_MATCH,INCLUDED,
KRX_KOSPI,105560,105560,KB금융,UNKNOWN,valid_id,EXACT_MATCH,INCLUDED,
KRX_KOSPI,432320,432320,KB스타리츠,UNKNOWN,valid_id,EXACT_MATCH,INCLUDED,
KRX_KOSPI,009070,009070,KCTC,UNKNOWN,valid_id,EXACT_MATCH,INCLUDED,
KRX_KOSPI,003620,003620,KG모빌리티,UNKNOWN,valid_id,EXACT_MATCH,INCLUDED,
KRX_KOSPI,016380,016380,KG스틸,UNKNOWN,valid_id,EXACT_MATCH,INCLUDED,
KRX_KOSPI,001390,001390,KG케미칼,UNKNOWN,valid_id,EXACT_MATCH,INCLUDED,
KRX_KOSPI,001940,001940,KISCO홀딩스,UNKNOWN,valid_id,EXACT_MATCH,INCLUDED,
KRX_KOSPI,025000,025000,KPX케미칼,UNKNOWN,valid_id,EXACT_MATCH,INCLUDED,
KRX_KOSPI,092230,092230,KPX홀딩스,UNKNOWN,valid_id,EXACT_MATCH,INCLUDED,
KRX_KOSPI,000040,000040,KR모터스,UNKNOWN,valid_id,EXACT_MATCH,INCLUDED,
KRX_KOSPI,093050,093050,LF,UNKNOWN,valid_id,EXACT_MATCH,INCLUDED,
KRX_KOSPI,003555,003555,LG우,UNKNOWN,valid_id,EXACT_MATCH,INCLUDED,
KRX_KOSPI,034220,034220,LG디스플레이,UNKNOWN,valid_id,EXACT_MATCH,INCLUDED,
KRX_KOSPI,003550,003550,LG,UNKNOWN,valid_id,EXACT_MATCH,INCLUDED,
KRX_KOSPI,051905,051905,LG생활건강우,UNKNOWN,valid_id,EXACT_MATCH,INCLUDED,
KRX_KOSPI,051900,051900,LG생활건강,UNKNOWN,valid_id,EXACT_MATCH,INCLUDED,
KRX_KOSPI,373220,373220,LG에너지솔루션,UNKNOWN,valid_id,EXACT_MATCH,INCLUDED,
KRX_KOSPI,032640,032640,LG유플러스,UNKNOWN,valid_id,EXACT_MATCH,INCLUDED,
KRX_KOSPI,011070,011070,LG이노텍,UNKNOWN,valid_id,EXACT_MATCH,INCLUDED,
KRX_KOSPI,066575,066575,LG전자우,UNKNOWN,valid_id,EXACT_MATCH,INCLUDED,
KRX_KOSPI,066570,066570,LG전자,UNKNOWN,valid_id,EXACT_MATCH,INCLUDED,
KRX_KOSPI,051915,051915,LG화학우,UNKNOWN,valid_id,EXACT_MATCH,INCLUDED,
KRX_KOSPI,051910,051910,LG화학,UNKNOWN,valid_id,EXACT_MATCH,INCLUDED,
KRX_KOSPI,079550,079550,LIG디펜스앤에어로스페이스,UNKNOWN,valid_id,EXACT_MATCH,INCLUDED,
KRX_KOSPI,010120,010120,LS ELECTRIC,UNKNOWN,valid_id,EXACT_MATCH,INCLUDED,
KRX_KOSPI,000680,000680,LS네트웍스,UNKNOWN,valid_id,EXACT_MATCH,INCLUDED,
KRX_KOSPI,006260,006260,LS,UNKNOWN,valid_id,EXACT_MATCH,INCLUDED,
KRX_KOSPI,229640,229640,LS에코에너지,UNKNOWN,valid_id,EXACT_MATCH,INCLUDED,
KRX_KOSPI,108320,108320,LX세미콘,UNKNOWN,valid_id,EXACT_MATCH,INCLUDED,
KRX_KOSPI,001120,001120,LX인터내셔널,UNKNOWN,valid_id,EXACT_MATCH,INCLUDED,
KRX_KOSPI,023150,023150,MH에탄올,UNKNOWN,valid_id,EXACT_MATCH,INCLUDED,
KRX_KOSPI,035420,035420,NAVER,UNKNOWN,valid_id,EXACT_MATCH,INCLUDED,
KRX_KOSPI,181710,181710,NHN,UNKNOWN,valid_id,EXACT_MATCH,INCLUDED,
KRX_KOSPI,338100,338100,NH프라임리츠,UNKNOWN,valid_id,EXACT_MATCH,INCLUDED,
KRX_KOSPI,034310,034310,NICE,UNKNOWN,valid_id,EXACT_MATCH,INCLUDED,
KRX_KOSPI,008260,008260,NI스틸,UNKNOWN,valid_id,EXACT_MATCH,INCLUDED,
KRX_KOSPI,004255,004255,NPC우,UNKNOWN,valid_id,EXACT_MATCH,INCLUDED,
KRX_KOSPI,004250,004250,NPC,UNKNOWN,valid_id,EXACT_MATCH,INCLUDED,
KRX_KOSPI,456040,456040,OCI,UNKNOWN,valid_id,EXACT_MATCH,INCLUDED,
KRX_KOSPI,010955,010955,S-Oil우,UNKNOWN,valid_id,EXACT_MATCH,INCLUDED,
KRX_KOSPI,010950,010950,S-Oil,UNKNOWN,valid_id,EXACT_MATCH,INCLUDED,
KRX_KOSPI,005090,005090,SGC에너지,UNKNOWN,valid_id,EXACT_MATCH,INCLUDED,
KRX_KOSPI,001380,001380,SG글로벌,UNKNOWN,valid_id,EXACT_MATCH,INCLUDED,
KRX_KOSPI,001770,001770,SHD,UNKNOWN,valid_id,EXACT_MATCH,INCLUDED,
KRX_KOSPI,002360,002360,SH에너지화학,UNKNOWN,valid_id,EXACT_MATCH,INCLUDED,
KRX_KOSPI,009160,009160,SIMPAC,UNKNOWN,valid_id,EXACT_MATCH,INCLUDED,
KRX_KOSPI,123700,123700,SJM,UNKNOWN,valid_id,EXACT_MATCH,INCLUDED,
KRX_KOSPI,025530,025530,SJM홀딩스,UNKNOWN,valid_id,EXACT_MATCH,INCLUDED,
KRX_KOSPI,03473K,03473K,SK우,UNKNOWN,valid_id,EXACT_MATCH,INCLUDED,
KRX_KOSPI,011790,011790,SKC,UNKNOWN,valid_id,EXACT_MATCH,INCLUDED,
KRX_KOSPI,018670,018670,SK가스,UNKNOWN,valid_id,EXACT_MATCH,INCLUDED,
KRX_KOSPI,001740,001740,SK네트웍스,UNKNOWN,valid_id,EXACT_MATCH,INCLUDED,
KRX_KOSPI,210980,210980,SK디앤디,UNKNOWN,valid_id,EXACT_MATCH,INCLUDED,
KRX_KOSPI,395400,395400,SK리츠,UNKNOWN,valid_id,EXACT_MATCH,INCLUDED,
KRX_KOSPI,034730,034730,SK,UNKNOWN,valid_id,EXACT_MATCH,INCLUDED,
KRX_KOSPI,402340,402340,SK스퀘어,UNKNOWN,valid_id,EXACT_MATCH,INCLUDED,
KRX_KOSPI,361610,361610,SK아이이테크놀로지,UNKNOWN,valid_id,EXACT_MATCH,INCLUDED,
KRX_KOSPI,100090,100090,SK오션플랜트,UNKNOWN,valid_id,EXACT_MATCH,INCLUDED,
KRX_KOSPI,096775,096775,SK이노베이션우,UNKNOWN,valid_id,EXACT_MATCH,INCLUDED,
KRX_KOSPI,096770,096770,SK이노베이션,UNKNOWN,valid_id,EXACT_MATCH,INCLUDED,
KRX_KOSPI,001515,001515,SK증권우,UNKNOWN,valid_id,EXACT_MATCH,INCLUDED,
KRX_KOSPI,001510,001510,SK증권,UNKNOWN,valid_id,EXACT_MATCH,INCLUDED,
KRX_KOSPI,28513K,28513K,SK케미칼우,UNKNOWN,valid_id,EXACT_MATCH,INCLUDED,
KRX_KOSPI,285130,285130,SK케미칼,UNKNOWN,valid_id,EXACT_MATCH,INCLUDED,
KRX_KOSPI,017670,017670,SK텔레콤,UNKNOWN,valid_id,EXACT_MATCH,INCLUDED,
KRX_KOSPI,003570,003570,SNT다이내믹스,UNKNOWN,valid_id,EXACT_MATCH,INCLUDED,
KRX_KOSPI,064960,064960,SNT모티브,UNKNOWN,valid_id,EXACT_MATCH,INCLUDED,
KRX_KOSPI,100840,100840,SNT에너지,UNKNOWN,valid_id,EXACT_MATCH,INCLUDED,
KRX_KOSPI,036530,036530,SNT홀딩스,UNKNOWN,valid_id,EXACT_MATCH,INCLUDED,
KRX_KOSPI,465770,465770,STX그린로지스,UNKNOWN,valid_id,EXACT_MATCH,INCLUDED,
KRX_KOSPI,011810,011810,STX,UNKNOWN,valid_id,EXACT_MATCH,INCLUDED,
KRX_KOSPI,077970,077970,STX엔진,UNKNOWN,valid_id,EXACT_MATCH,INCLUDED,
KRX_KOSPI,084870,084870,TBH글로벌,UNKNOWN,valid_id,EXACT_MATCH,INCLUDED,
KRX_KOSPI,002710,002710,TCC스틸,UNKNOWN,valid_id,EXACT_MATCH,INCLUDED,
KRX_KOSPI,024070,024070,WISCOM,UNKNOWN,valid_id,EXACT_MATCH,INCLUDED,
KRX_KOSPI,000500,000500,가온전선,UNKNOWN,valid_id,EXACT_MATCH,INCLUDED,
KRX_KOSPI,000860,000860,강남제비스코,UNKNOWN,valid_id,EXACT_MATCH,INCLUDED,
KRX_KOSPI,035250,035250,강원랜드,UNKNOWN,valid_id,EXACT_MATCH,INCLUDED,
KRX_KOSPI,011420,011420,갤럭시아에스엠,UNKNOWN,valid_id,EXACT_MATCH,INCLUDED,
KRX_KOSPI,002100,002100,경농,UNKNOWN,valid_id,EXACT_MATCH,INCLUDED,
KRX_KOSPI,009450,009450,경동나비엔,UNKNOWN,valid_id,EXACT_MATCH,INCLUDED,
KRX_KOSPI,267290,267290,경동도시가스,UNKNOWN,valid_id,EXACT_MATCH,INCLUDED,
KRX_KOSPI,012320,012320,경동인베스트,UNKNOWN,valid_id,EXACT_MATCH,INCLUDED,
KRX_KOSPI,000050,000050,경방,UNKNOWN,valid_id,EXACT_MATCH,INCLUDED,
KRX_KOSPI,214390,214390,경보제약,UNKNOWN,valid_id,EXACT_MATCH,INCLUDED,
KRX_KOSPI,012610,012610,경인양행,UNKNOWN,valid_id,EXACT_MATCH,INCLUDED,
KRX_KOSPI,009140,009140,경인전자,UNKNOWN,valid_id,EXACT_MATCH,INCLUDED,
KRX_KOSPI,013580,013580,계룡건설,UNKNOWN,valid_id,EXACT_MATCH,INCLUDED,
KRX_KOSPI,012205,012205,계양전기우,UNKNOWN,valid_id,EXACT_MATCH,INCLUDED,
KRX_KOSPI,012200,012200,계양전기,UNKNOWN,valid_id,EXACT_MATCH,INCLUDED,
KRX_KOSPI,002140,002140,고려산업,UNKNOWN,valid_id,EXACT_MATCH,INCLUDED,
KRX_KOSPI,010130,010130,고려아연,UNKNOWN,valid_id,EXACT_MATCH,INCLUDED,
KRX_KOSPI,002240,002240,고려제강,UNKNOWN,valid_id,EXACT_MATCH,INCLUDED,
KRX_KOSPI,009290,009290,광동제약,UNKNOWN,valid_id,EXACT_MATCH,INCLUDED,
KRX_KOSPI,017040,017040,광명전기,UNKNOWN,valid_id,EXACT_MATCH,INCLUDED,
KRX_KOSPI,017900,017900,광전자,UNKNOWN,valid_id,EXACT_MATCH,INCLUDED,
KRX_KOSPI,037710,037710,광주신세계,UNKNOWN,valid_id,EXACT_MATCH,INCLUDED,
KRX_KOSPI,030610,030610,교보증권,UNKNOWN,valid_id,EXACT_MATCH,INCLUDED,
KRX_KOSPI,339770,339770,교촌에프앤비,UNKNOWN,valid_id,EXACT_MATCH,INCLUDED,
KRX_KOSPI,007690,007690,국도화학,UNKNOWN,valid_id,EXACT_MATCH,INCLUDED,
KRX_KOSPI,002720,002720,국제약품,UNKNOWN,valid_id,EXACT_MATCH,INCLUDED,
KRX_KOSPI,114090,114090,GKL,UNKNOWN,valid_id,EXACT_MATCH,INCLUDED,
KRX_KOSPI,083420,083420,그린케미칼,UNKNOWN,valid_id,EXACT_MATCH,INCLUDED,
KRX_KOSPI,014530,014530,극동유화,UNKNOWN,valid_id,EXACT_MATCH,INCLUDED,
KRX_KOSPI,014285,014285,금강공업우,UNKNOWN,valid_id,EXACT_MATCH,INCLUDED,
KRX_KOSPI,014280,014280,금강공업,UNKNOWN,valid_id,EXACT_MATCH,INCLUDED,
KRX_KOSPI,008870,008870,금비,UNKNOWN,valid_id,EXACT_MATCH,INCLUDED,
KRX_KOSPI,001570,001570,금양,UNKNOWN,valid_id,EXACT_MATCH,INCLUDED,
KRX_KOSPI,002995,002995,금호건설우,UNKNOWN,valid_id,EXACT_MATCH,INCLUDED,
KRX_KOSPI,002990,002990,금호건설,UNKNOWN,valid_id,EXACT_MATCH,INCLUDED,
KRX_KOSPI,011785,011785,금호석유화학우,UNKNOWN,valid_id,EXACT_MATCH,INCLUDED,
KRX_KOSPI,011780,011780,금호석유화학,UNKNOWN,valid_id,EXACT_MATCH,INCLUDED,
KRX_KOSPI,214330,214330,금호에이치티,UNKNOWN,valid_id,EXACT_MATCH,INCLUDED,
KRX_KOSPI,001210,001210,금호전기,UNKNOWN,valid_id,EXACT_MATCH,INCLUDED,
KRX_KOSPI,073240,073240,금호타이어,UNKNOWN,valid_id,EXACT_MATCH,INCLUDED,
KRX_KOSPI,092440,092440,기신정기,UNKNOWN,valid_id,EXACT_MATCH,INCLUDED,
KRX_KOSPI,000270,000270,기아,UNKNOWN,valid_id,EXACT_MATCH,INCLUDED,
KRX_KOSPI,013700,013700,까뮤이앤씨,UNKNOWN,valid_id,EXACT_MATCH,INCLUDED,
KRX_KOSPI,004545,004545,깨끗한나라우,UNKNOWN,valid_id,EXACT_MATCH,INCLUDED,
KRX_KOSPI,004540,004540,깨끗한나라,UNKNOWN,valid_id,EXACT_MATCH,INCLUDED,
KRX_KOSPI,030190,030190,NICE평가정보,UNKNOWN,valid_id,EXACT_MATCH,INCLUDED,
KRX_KOSPI,001260,001260,남광토건,UNKNOWN,valid_id,EXACT_MATCH,INCLUDED,
KRX_KOSPI,008355,008355,남선알미우,UNKNOWN,valid_id,EXACT_MATCH,INCLUDED,
KRX_KOSPI,008350,008350,남선알미늄,UNKNOWN,valid_id,EXACT_MATCH,INCLUDED,
KRX_KOSPI,004270,004270,남성,UNKNOWN,valid_id,EXACT_MATCH,INCLUDED,
KRX_KOSPI,003925,003925,남양유업우,UNKNOWN,valid_id,EXACT_MATCH,INCLUDED,
KRX_KOSPI,003920,003920,남양유업,UNKNOWN,valid_id,EXACT_MATCH,INCLUDED,
KRX_KOSPI,025860,025860,남해화학,UNKNOWN,valid_id,EXACT_MATCH,INCLUDED,
KRX_KOSPI,005725,005725,넥센우,UNKNOWN,valid_id,EXACT_MATCH,INCLUDED,
KRX_KOSPI,005720,005720,넥센,UNKNOWN,valid_id,EXACT_MATCH,INCLUDED,
KRX_KOSPI,002355,002355,넥센타이어1우B,UNKNOWN,valid_id,EXACT_MATCH,INCLUDED,
KRX_KOSPI,002350,002350,넥센타이어,UNKNOWN,valid_id,EXACT_MATCH,INCLUDED,
KRX_KOSPI,092790,092790,넥스틸,UNKNOWN,valid_id,EXACT_MATCH,INCLUDED,
KRX_KOSPI,251270,251270,넷마블,UNKNOWN,valid_id,EXACT_MATCH,INCLUDED,
KRX_KOSPI,090355,090355,노루페인트우,UNKNOWN,valid_id,EXACT_MATCH,INCLUDED,
KRX_KOSPI,090350,090350,노루페인트,UNKNOWN,valid_id,EXACT_MATCH,INCLUDED,
KRX_KOSPI,000325,000325,노루홀딩스우,UNKNOWN,valid_id,EXACT_MATCH,INCLUDED,
KRX_KOSPI,000320,000320,노루홀딩스,UNKNOWN,valid_id,EXACT_MATCH,INCLUDED,
KRX_KOSPI,006280,006280,녹십자,UNKNOWN,valid_id,EXACT_MATCH,INCLUDED,
KRX_KOSPI,005257,005257,녹십자홀딩스2우,UNKNOWN,valid_id,EXACT_MATCH,INCLUDED,
KRX_KOSPI,005250,005250,녹십자홀딩스,UNKNOWN,valid_id,EXACT_MATCH,INCLUDED,
KRX_KOSPI,004370,004370,농심,UNKNOWN,valid_id,EXACT_MATCH,INCLUDED,
KRX_KOSPI,072710,072710,농심홀딩스,UNKNOWN,valid_id,EXACT_MATCH,INCLUDED,
KRX_KOSPI,058730,058730,다스코,UNKNOWN,valid_id,EXACT_MATCH,INCLUDED,
KRX_KOSPI,030210,030210,다올투자증권,UNKNOWN,valid_id,EXACT_MATCH,INCLUDED,
KRX_KOSPI,023590,023590,다우기술,UNKNOWN,valid_id,EXACT_MATCH,INCLUDED,
KRX_KOSPI,145210,145210,다이나믹디자인,UNKNOWN,valid_id,EXACT_MATCH,INCLUDED,
KRX_KOSPI,483650,483650,달바글로벌,UNKNOWN,valid_id,EXACT_MATCH,INCLUDED,
KRX_KOSPI,019680,019680,대교,UNKNOWN,valid_id,EXACT_MATCH,INCLUDED,
KRX_KOSPI,019685,019685,대교우B,UNKNOWN,valid_id,EXACT_MATCH,INCLUDED,
KRX_KOSPI,006370,006370,대구백화점,UNKNOWN,valid_id,EXACT_MATCH,INCLUDED,
KRX_KOSPI,00806K,00806K,대덕1우,UNKNOWN,valid_id,EXACT_MATCH,INCLUDED,
KRX_KOSPI,008060,008060,대덕,UNKNOWN,valid_id,EXACT_MATCH,INCLUDED,
KRX_KOSPI,353200,353200,대덕전자,UNKNOWN,valid_id,EXACT_MATCH,INCLUDED,
KRX_KOSPI,35320K,35320K,대덕전자1우,UNKNOWN,valid_id,EXACT_MATCH,INCLUDED,
KRX_KOSPI,000490,000490,대동,UNKNOWN,valid_id,EXACT_MATCH,INCLUDED,
KRX_KOSPI,005750,005750,대림바스,UNKNOWN,valid_id,EXACT_MATCH,INCLUDED,
KRX_KOSPI,006570,006570,대림통상,UNKNOWN,valid_id,EXACT_MATCH,INCLUDED,
KRX_KOSPI,001685,001685,대상우,UNKNOWN,valid_id,EXACT_MATCH,INCLUDED,
KRX_KOSPI,001680,001680,대상,UNKNOWN,valid_id,EXACT_MATCH,INCLUDED,
KRX_KOSPI,084695,084695,대상홀딩스우,UNKNOWN,valid_id,EXACT_MATCH,INCLUDED,
KRX_KOSPI,084690,084690,대상홀딩스,UNKNOWN,valid_id,EXACT_MATCH,INCLUDED,
KRX_KOSPI,128820,128820,대성산업,UNKNOWN,valid_id,EXACT_MATCH,INCLUDED,
KRX_KOSPI,117580,117580,대성에너지,UNKNOWN,valid_id,EXACT_MATCH,INCLUDED,
KRX_KOSPI,016710,016710,대성홀딩스,UNKNOWN,valid_id,EXACT_MATCH,INCLUDED,
KRX_KOSPI,0030R0,0030R0,대신밸류리츠,UNKNOWN,valid_id,EXACT_MATCH,INCLUDED,
KRX_KOSPI,003545,003545,대신증권우,UNKNOWN,valid_id,EXACT_MATCH,INCLUDED,
KRX_KOSPI,003547,003547,대신증권2우B,UNKNOWN,valid_id,EXACT_MATCH,INCLUDED,
KRX_KOSPI,003540,003540,대신증권,UNKNOWN,valid_id,EXACT_MATCH,INCLUDED,
KRX_KOSPI,009190,009190,대양금속,UNKNOWN,valid_id,EXACT_MATCH,INCLUDED,
KRX_KOSPI,014160,014160,대영포장,UNKNOWN,valid_id,EXACT_MATCH,INCLUDED,
KRX_KOSPI,047040,047040,대우건설,UNKNOWN,valid_id,EXACT_MATCH,INCLUDED,
KRX_KOSPI,003090,003090,대웅,UNKNOWN,valid_id,EXACT_MATCH,INCLUDED,
KRX_KOSPI,069620,069620,대웅제약,UNKNOWN,valid_id,EXACT_MATCH,INCLUDED,
KRX_KOSPI,000430,000430,대원강업,UNKNOWN,valid_id,EXACT_MATCH,INCLUDED,
KRX_KOSPI,006345,006345,대원전선우,UNKNOWN,valid_id,EXACT_MATCH,INCLUDED,
KRX_KOSPI,006340,006340,대원전선,UNKNOWN,valid_id,EXACT_MATCH,INCLUDED,
KRX_KOSPI,003220,003220,대원제약,UNKNOWN,valid_id,EXACT_MATCH,INCLUDED,
KRX_KOSPI,024890,024890,대원화성,UNKNOWN,valid_id,EXACT_MATCH,INCLUDED,
KRX_KOSPI,015230,015230,대창단조,UNKNOWN,valid_id,EXACT_MATCH,INCLUDED,
KRX_KOSPI,012800,012800,대창,UNKNOWN,valid_id,EXACT_MATCH,INCLUDED,
KRX_KOSPI,001070,001070,대한방직,UNKNOWN,valid_id,EXACT_MATCH,INCLUDED,
KRX_KOSPI,006650,006650,대한유화,UNKNOWN,valid_id,EXACT_MATCH,INCLUDED,
KRX_KOSPI,001440,001440,대한전선,UNKNOWN,valid_id,EXACT_MATCH,INCLUDED,
KRX_KOSPI,084010,084010,대한제강,UNKNOWN,valid_id,EXACT_MATCH,INCLUDED,
KRX_KOSPI,001795,001795,대한제당우,UNKNOWN,valid_id,EXACT_MATCH,INCLUDED,
KRX_KOSPI,001790,001790,대한제당,UNKNOWN,valid_id,EXACT_MATCH,INCLUDED,
KRX_KOSPI,001130,001130,대한제분,UNKNOWN,valid_id,EXACT_MATCH,INCLUDED,
KRX_KOSPI,439260,439260,대한조선,UNKNOWN,valid_id,EXACT_MATCH,INCLUDED,
KRX_KOSPI,003495,003495,대한항공우,UNKNOWN,valid_id,EXACT_MATCH,INCLUDED,
KRX_KOSPI,003490,003490,대한항공,UNKNOWN,valid_id,EXACT_MATCH,INCLUDED,
KRX_KOSPI,005880,005880,대한해운,UNKNOWN,valid_id,EXACT_MATCH,INCLUDED,
KRX_KOSPI,003830,003830,대한화섬,UNKNOWN,valid_id,EXACT_MATCH,INCLUDED,
KRX_KOSPI,016090,016090,대현,UNKNOWN,valid_id,EXACT_MATCH,INCLUDED,
KRX_KOSPI,069460,069460,대호에이엘,UNKNOWN,valid_id,EXACT_MATCH,INCLUDED,
KRX_KOSPI,475560,475560,더본코리아,UNKNOWN,valid_id,EXACT_MATCH,INCLUDED,
KRX_KOSPI,192080,192080,더블유게임즈,UNKNOWN,valid_id,EXACT_MATCH,INCLUDED,
KRX_KOSPI,004835,004835,덕성우,UNKNOWN,valid_id,EXACT_MATCH,INCLUDED,
KRX_KOSPI,004830,004830,덕성,UNKNOWN,valid_id,EXACT_MATCH,INCLUDED,
KRX_KOSPI,145720,145720,덴티움,UNKNOWN,valid_id,EXACT_MATCH,INCLUDED,
KRX_KOSPI,002150,002150,도화엔지니어링,UNKNOWN,valid_id,EXACT_MATCH,INCLUDED,
KRX_KOSPI,460850,460850,동국씨엠,UNKNOWN,valid_id,EXACT_MATCH,INCLUDED,
KRX_KOSPI,460860,460860,동국제강,UNKNOWN,valid_id,EXACT_MATCH,INCLUDED,
KRX_KOSPI,001230,001230,동국홀딩스,UNKNOWN,valid_id,EXACT_MATCH,INCLUDED,
KRX_KOSPI,004140,004140,동방,UNKNOWN,valid_id,EXACT_MATCH,INCLUDED,
KRX_KOSPI,007590,007590,동방아그로,UNKNOWN,valid_id,EXACT_MATCH,INCLUDED,
KRX_KOSPI,005965,005965,동부건설우,UNKNOWN,valid_id,EXACT_MATCH,INCLUDED,
KRX_KOSPI,005960,005960,동부건설,UNKNOWN,valid_id,EXACT_MATCH,INCLUDED,
KRX_KOSPI,026960,026960,동서,UNKNOWN,valid_id,EXACT_MATCH,INCLUDED,
KRX_KOSPI,002210,002210,동성제약,UNKNOWN,valid_id,EXACT_MATCH,INCLUDED,
KRX_KOSPI,102260,102260,동성케미컬,UNKNOWN,valid_id,EXACT_MATCH,INCLUDED,
KRX_KOSPI,000640,000640,동아쏘시오홀딩스,UNKNOWN,valid_id,EXACT_MATCH,INCLUDED,
KRX_KOSPI,170900,170900,동아에스티,UNKNOWN,valid_id,EXACT_MATCH,INCLUDED,
KRX_KOSPI,028100,028100,동아지질,UNKNOWN,valid_id,EXACT_MATCH,INCLUDED,
KRX_KOSPI,001525,001525,동양우,UNKNOWN,valid_id,EXACT_MATCH,INCLUDED,
KRX_KOSPI,001527,001527,동양2우B,UNKNOWN,valid_id,EXACT_MATCH,INCLUDED,
KRX_KOSPI,084670,084670,동양고속,UNKNOWN,valid_id,EXACT_MATCH,INCLUDED,
KRX_KOSPI,001520,001520,동양,UNKNOWN,valid_id,EXACT_MATCH,INCLUDED,
KRX_KOSPI,082640,082640,동양생명,UNKNOWN,valid_id,EXACT_MATCH,INCLUDED,
KRX_KOSPI,018500,018500,동원모빌리티,UNKNOWN,valid_id,EXACT_MATCH,INCLUDED,
KRX_KOSPI,006040,006040,동원산업,UNKNOWN,valid_id,EXACT_MATCH,INCLUDED,
KRX_KOSPI,030720,030720,동원수산,UNKNOWN,valid_id,EXACT_MATCH,INCLUDED,
KRX_KOSPI,014825,014825,동원시스템즈우,UNKNOWN,valid_id,EXACT_MATCH,INCLUDED,
KRX_KOSPI,014820,014820,동원시스템즈,UNKNOWN,valid_id,EXACT_MATCH,INCLUDED,
KRX_KOSPI,111380,111380,동인기연,UNKNOWN,valid_id,EXACT_MATCH,INCLUDED,
KRX_KOSPI,163560,163560,동일고무벨트,UNKNOWN,valid_id,EXACT_MATCH,INCLUDED,
KRX_KOSPI,004890,004890,동일산업,UNKNOWN,valid_id,EXACT_MATCH,INCLUDED,
KRX_KOSPI,002690,002690,동일제강,UNKNOWN,valid_id,EXACT_MATCH,INCLUDED,
KRX_KOSPI,000020,000020,동화약품,UNKNOWN,valid_id,EXACT_MATCH,INCLUDED,
KRX_KOSPI,000155,000155,두산우,UNKNOWN,valid_id,EXACT_MATCH,INCLUDED,
KRX_KOSPI,000157,000157,두산2우B,UNKNOWN,valid_id,EXACT_MATCH,INCLUDED,
KRX_KOSPI,454910,454910,두산로보틱스,UNKNOWN,valid_id,EXACT_MATCH,INCLUDED,
KRX_KOSPI,241560,241560,두산밥캣,UNKNOWN,valid_id,EXACT_MATCH,INCLUDED,
KRX_KOSPI,000150,000150,두산,UNKNOWN,valid_id,EXACT_MATCH,INCLUDED,
KRX_KOSPI,034020,034020,두산에너빌리티,UNKNOWN,valid_id,EXACT_MATCH,INCLUDED,
KRX_KOSPI,33626K,33626K,두산퓨얼셀1우,UNKNOWN,valid_id,EXACT_MATCH,INCLUDED,
KRX_KOSPI,33626L,33626L,두산퓨얼셀2우B,UNKNOWN,valid_id,EXACT_MATCH,INCLUDED,
KRX_KOSPI,336260,336260,두산퓨얼셀,UNKNOWN,valid_id,EXACT_MATCH,INCLUDED,
KRX_KOSPI,016740,016740,두올,UNKNOWN,valid_id,EXACT_MATCH,INCLUDED,
KRX_KOSPI,192650,192650,드림텍,UNKNOWN,valid_id,EXACT_MATCH,INCLUDED,
KRX_KOSPI,024090,024090,디씨엠,UNKNOWN,valid_id,EXACT_MATCH,INCLUDED,
KRX_KOSPI,003160,003160,디아이,UNKNOWN,valid_id,EXACT_MATCH,INCLUDED,
KRX_KOSPI,092200,092200,디아이씨,UNKNOWN,valid_id,EXACT_MATCH,INCLUDED,
KRX_KOSPI,004840,004840,DRB동일,UNKNOWN,valid_id,EXACT_MATCH,INCLUDED,
KRX_KOSPI,377190,377190,디앤디플랫폼리츠,UNKNOWN,valid_id,EXACT_MATCH,INCLUDED,
KRX_KOSPI,000300,000300,DH오토넥스,UNKNOWN,valid_id,EXACT_MATCH,INCLUDED,
KRX_KOSPI,007340,007340,DN오토모티브,UNKNOWN,valid_id,EXACT_MATCH,INCLUDED,
KRX_KOSPI,024900,024900,디와이덕양,UNKNOWN,valid_id,EXACT_MATCH,INCLUDED,
KRX_KOSPI,013570,013570,디와이,UNKNOWN,valid_id,EXACT_MATCH,INCLUDED,
KRX_KOSPI,002880,002880,디와이에이,UNKNOWN,valid_id,EXACT_MATCH,INCLUDED,
KRX_KOSPI,210540,210540,디와이파워,UNKNOWN,valid_id,EXACT_MATCH,INCLUDED,
KRX_KOSPI,092780,092780,DYP,UNKNOWN,valid_id,EXACT_MATCH,INCLUDED,
KRX_KOSPI,015590,015590,DKME,UNKNOWN,valid_id,EXACT_MATCH,INCLUDED,
KRX_KOSPI,032350,032350,롯데관광개발,UNKNOWN,valid_id,EXACT_MATCH,INCLUDED,
KRX_KOSPI,089860,089860,롯데렌탈,UNKNOWN,valid_id,EXACT_MATCH,INCLUDED,
KRX_KOSPI,330590,330590,롯데리츠,UNKNOWN,valid_id,EXACT_MATCH,INCLUDED,
KRX_KOSPI,000400,000400,롯데손해보험,UNKNOWN,valid_id,EXACT_MATCH,INCLUDED,
KRX_KOSPI,023530,023530,롯데쇼핑,UNKNOWN,valid_id,EXACT_MATCH,INCLUDED,
KRX_KOSPI,020150,020150,롯데에너지머티리얼즈,UNKNOWN,valid_id,EXACT_MATCH,INCLUDED,
KRX_KOSPI,280360,280360,롯데웰푸드,UNKNOWN,valid_id,EXACT_MATCH,INCLUDED,
KRX_KOSPI,286940,286940,롯데이노베이트,UNKNOWN,valid_id,EXACT_MATCH,INCLUDED,
KRX_KOSPI,004000,004000,롯데정밀화학,UNKNOWN,valid_id,EXACT_MATCH,INCLUDED,
KRX_KOSPI,00499K,00499K,롯데지주우,UNKNOWN,valid_id,EXACT_MATCH,INCLUDED,
KRX_KOSPI,004990,004990,롯데지주,UNKNOWN,valid_id,EXACT_MATCH,INCLUDED,
KRX_KOSPI,005305,005305,롯데칠성우,UNKNOWN,valid_id,EXACT_MATCH,INCLUDED,
KRX_KOSPI,005300,005300,롯데칠성,UNKNOWN,valid_id,EXACT_MATCH,INCLUDED,
KRX_KOSPI,011170,011170,롯데케미칼,UNKNOWN,valid_id,EXACT_MATCH,INCLUDED,
KRX_KOSPI,071840,071840,롯데하이마트,UNKNOWN,valid_id,EXACT_MATCH,INCLUDED,
KRX_KOSPI,027740,027740,마니커,UNKNOWN,valid_id,EXACT_MATCH,INCLUDED,
KRX_KOSPI,357430,357430,마스턴프리미어리츠,UNKNOWN,valid_id,EXACT_MATCH,INCLUDED,
KRX_KOSPI,001080,001080,만호제강,UNKNOWN,valid_id,EXACT_MATCH,INCLUDED,
KRX_KOSPI,088980,088980,맥쿼리인프라,UNKNOWN,,NONE,EXCLUDED_WITH_REASON,EXCLUDED_OTHER
KRX_KOSPI,138040,138040,메리츠금융지주,UNKNOWN,valid_id,EXACT_MATCH,INCLUDED,
KRX_KOSPI,090370,090370,메타랩스,UNKNOWN,valid_id,EXACT_MATCH,INCLUDED,
KRX_KOSPI,118000,118000,메타케어,UNKNOWN,valid_id,EXACT_MATCH,INCLUDED,
KRX_KOSPI,017180,017180,명문제약,UNKNOWN,valid_id,EXACT_MATCH,INCLUDED,
KRX_KOSPI,009900,009900,명신산업,UNKNOWN,valid_id,EXACT_MATCH,INCLUDED,
KRX_KOSPI,317450,317450,명인제약,UNKNOWN,valid_id,EXACT_MATCH,INCLUDED,
KRX_KOSPI,012690,012690,모나리자,UNKNOWN,valid_id,EXACT_MATCH,INCLUDED,
KRX_KOSPI,005360,005360,모나미,UNKNOWN,valid_id,EXACT_MATCH,INCLUDED,
KRX_KOSPI,070960,070960,모나용평,UNKNOWN,valid_id,EXACT_MATCH,INCLUDED,
KRX_KOSPI,009680,009680,모토닉,UNKNOWN,valid_id,EXACT_MATCH,INCLUDED,
KRX_KOSPI,009200,009200,무림페이퍼,UNKNOWN,valid_id,EXACT_MATCH,INCLUDED,
KRX_KOSPI,009580,009580,무림P&P,UNKNOWN,valid_id,EXACT_MATCH,INCLUDED,
KRX_KOSPI,033920,033920,무학,UNKNOWN,valid_id,EXACT_MATCH,INCLUDED,
KRX_KOSPI,008420,008420,문배철강,UNKNOWN,valid_id,EXACT_MATCH,INCLUDED,
KRX_KOSPI,025560,025560,미래산업,UNKNOWN,valid_id,EXACT_MATCH,INCLUDED,
KRX_KOSPI,007120,007120,미래아이앤지,UNKNOWN,valid_id,EXACT_MATCH,INCLUDED,
KRX_KOSPI,396690,396690,미래에셋글로벌리츠,UNKNOWN,valid_id,EXACT_MATCH,INCLUDED,
KRX_KOSPI,094800,094800,맵스리얼티,UNKNOWN,,NONE,EXCLUDED_WITH_REASON,EXCLUDED_OTHER
KRX_KOSPI,357250,357250,미래에셋맵스리츠,UNKNOWN,valid_id,EXACT_MATCH,INCLUDED,
KRX_KOSPI,085620,085620,미래에셋생명,UNKNOWN,valid_id,EXACT_MATCH,INCLUDED,
KRX_KOSPI,006805,006805,미래에셋증권우,UNKNOWN,valid_id,EXACT_MATCH,INCLUDED,
KRX_KOSPI,00680K,00680K,미래에셋증권2우B,UNKNOWN,valid_id,EXACT_MATCH,INCLUDED,
KRX_KOSPI,006800,006800,미래에셋증권,UNKNOWN,valid_id,EXACT_MATCH,INCLUDED,
KRX_KOSPI,081660,081660,미스토홀딩스,UNKNOWN,valid_id,EXACT_MATCH,INCLUDED,
KRX_KOSPI,002840,002840,미원상사,UNKNOWN,valid_id,EXACT_MATCH,INCLUDED,
KRX_KOSPI,268280,268280,미원에스씨,UNKNOWN,valid_id,EXACT_MATCH,INCLUDED,
KRX_KOSPI,107590,107590,미원홀딩스,UNKNOWN,valid_id,EXACT_MATCH,INCLUDED,
KRX_KOSPI,134380,134380,미원화학,UNKNOWN,valid_id,EXACT_MATCH,INCLUDED,
KRX_KOSPI,003650,003650,미창석유,UNKNOWN,valid_id,EXACT_MATCH,INCLUDED,
KRX_KOSPI,377740,377740,바이오노트,UNKNOWN,valid_id,EXACT_MATCH,INCLUDED,
KRX_KOSPI,003610,003610,방림,UNKNOWN,valid_id,EXACT_MATCH,INCLUDED,
KRX_KOSPI,035150,035150,백산,UNKNOWN,valid_id,EXACT_MATCH,INCLUDED,
KRX_KOSPI,002410,002410,범양건영,UNKNOWN,valid_id,EXACT_MATCH,INCLUDED,
KRX_KOSPI,007210,007210,벽산,UNKNOWN,valid_id,EXACT_MATCH,INCLUDED,
KRX_KOSPI,002760,002760,보락,UNKNOWN,valid_id,EXACT_MATCH,INCLUDED,
KRX_KOSPI,003850,003850,보령,UNKNOWN,valid_id,EXACT_MATCH,INCLUDED,
KRX_KOSPI,000890,000890,보해양조,UNKNOWN,valid_id,EXACT_MATCH,INCLUDED,
KRX_KOSPI,003000,003000,부광약품,UNKNOWN,valid_id,EXACT_MATCH,INCLUDED,
KRX_KOSPI,001275,001275,부국증권우,UNKNOWN,valid_id,EXACT_MATCH,INCLUDED,
KRX_KOSPI,001270,001270,부국증권,UNKNOWN,valid_id,EXACT_MATCH,INCLUDED,
KRX_KOSPI,026940,026940,부국철강,UNKNOWN,valid_id,EXACT_MATCH,INCLUDED,
KRX_KOSPI,011390,011390,부산산업,UNKNOWN,valid_id,EXACT_MATCH,INCLUDED,
KRX_KOSPI,005030,005030,부산주공,UNKNOWN,valid_id,EXACT_MATCH,INCLUDED,
KRX_KOSPI,006740,006740,블루산업개발,UNKNOWN,valid_id,EXACT_MATCH,INCLUDED,
KRX_KOSPI,002070,002070,비비안,UNKNOWN,valid_id,EXACT_MATCH,INCLUDED,
KRX_KOSPI,100220,100220,비상교육,UNKNOWN,valid_id,EXACT_MATCH,INCLUDED,
KRX_KOSPI,090460,090460,비에이치,UNKNOWN,valid_id,EXACT_MATCH,INCLUDED,
KRX_KOSPI,005180,005180,빙그레,UNKNOWN,valid_id,EXACT_MATCH,INCLUDED,
KRX_KOSPI,003960,003960,사조대림,UNKNOWN,valid_id,EXACT_MATCH,INCLUDED,
KRX_KOSPI,008040,008040,사조동아원,UNKNOWN,valid_id,EXACT_MATCH,INCLUDED,
KRX_KOSPI,007160,007160,사조산업,UNKNOWN,valid_id,EXACT_MATCH,INCLUDED,
KRX_KOSPI,014710,014710,사조씨푸드,UNKNOWN,valid_id,EXACT_MATCH,INCLUDED,
KRX_KOSPI,006090,006090,사조오양,UNKNOWN,valid_id,EXACT_MATCH,INCLUDED,
KRX_KOSPI,062040,062040,산일전기,UNKNOWN,valid_id,EXACT_MATCH,INCLUDED,
KRX_KOSPI,005610,005610,삼립,UNKNOWN,valid_id,EXACT_MATCH,INCLUDED,
KRX_KOSPI,001470,001470,삼부토건,UNKNOWN,valid_id,EXACT_MATCH,INCLUDED,
KRX_KOSPI,028050,028050,삼성E&A,UNKNOWN,valid_id,EXACT_MATCH,INCLUDED,
KRX_KOSPI,448730,448730,삼성FN리츠,UNKNOWN,valid_id,EXACT_MATCH,INCLUDED,
KRX_KOSPI,006405,006405,삼성SDI우,UNKNOWN,valid_id,EXACT_MATCH,INCLUDED,
KRX_KOSPI,006400,006400,삼성SDI,UNKNOWN,valid_id,EXACT_MATCH,INCLUDED,
KRX_KOSPI,006660,006660,삼성공조,UNKNOWN,valid_id,EXACT_MATCH,INCLUDED,
KRX_KOSPI,02826K,02826K,삼성물산우B,UNKNOWN,valid_id,EXACT_MATCH,INCLUDED,
KRX_KOSPI,028260,028260,삼성물산,UNKNOWN,valid_id,EXACT_MATCH,INCLUDED,
KRX_KOSPI,207940,207940,삼성바이오로직스,UNKNOWN,valid_id,EXACT_MATCH,INCLUDED,
KRX_KOSPI,032830,032830,삼성생명,UNKNOWN,valid_id,EXACT_MATCH,INCLUDED,
KRX_KOSPI,018260,018260,삼성에스디에스,UNKNOWN,valid_id,EXACT_MATCH,INCLUDED,
KRX_KOSPI,0126Z0,0126Z0,삼성에피스홀딩스,UNKNOWN,valid_id,EXACT_MATCH,INCLUDED,
KRX_KOSPI,009155,009155,삼성전기우,UNKNOWN,valid_id,EXACT_MATCH,INCLUDED,
KRX_KOSPI,009150,009150,삼성전기,UNKNOWN,valid_id,EXACT_MATCH,INCLUDED,
KRX_KOSPI,005935,005935,삼성전자우,UNKNOWN,valid_id,EXACT_MATCH,INCLUDED,
KRX_KOSPI,005930,005930,삼성전자,UNKNOWN,valid_id,EXACT_MATCH,INCLUDED,
KRX_KOSPI,001360,001360,삼성제약,UNKNOWN,valid_id,EXACT_MATCH,INCLUDED,
KRX_KOSPI,010140,010140,삼성중공업,UNKNOWN,valid_id,EXACT_MATCH,INCLUDED,
KRX_KOSPI,016360,016360,삼성증권,UNKNOWN,valid_id,EXACT_MATCH,INCLUDED,
KRX_KOSPI,068290,068290,삼성출판사,UNKNOWN,valid_id,EXACT_MATCH,INCLUDED,
KRX_KOSPI,029780,029780,삼성카드,UNKNOWN,valid_id,EXACT_MATCH,INCLUDED,
KRX_KOSPI,000815,000815,삼성화재우,UNKNOWN,valid_id,EXACT_MATCH,INCLUDED,
KRX_KOSPI,000810,000810,삼성화재,UNKNOWN,valid_id,EXACT_MATCH,INCLUDED,
KRX_KOSPI,006110,006110,삼아알미늄,UNKNOWN,valid_id,EXACT_MATCH,INCLUDED,
KRX_KOSPI,0120G0,0120G0,삼양바이오팜,UNKNOWN,valid_id,EXACT_MATCH,INCLUDED,
KRX_KOSPI,145995,145995,삼양사우,UNKNOWN,valid_id,EXACT_MATCH,INCLUDED,
KRX_KOSPI,145990,145990,삼양사,UNKNOWN,valid_id,EXACT_MATCH,INCLUDED,
KRX_KOSPI,003230,003230,삼양식품,UNKNOWN,valid_id,EXACT_MATCH,INCLUDED,
KRX_KOSPI,272550,272550,삼양패키징,UNKNOWN,valid_id,EXACT_MATCH,INCLUDED,
KRX_KOSPI,000070,000070,삼양홀딩스,UNKNOWN,valid_id,EXACT_MATCH,INCLUDED,
KRX_KOSPI,002810,002810,삼영무역,UNKNOWN,valid_id,EXACT_MATCH,INCLUDED,
KRX_KOSPI,003720,003720,삼영,UNKNOWN,valid_id,EXACT_MATCH,INCLUDED,
KRX_KOSPI,005680,005680,삼영전자,UNKNOWN,valid_id,EXACT_MATCH,INCLUDED,
KRX_KOSPI,023000,023000,삼원강재,UNKNOWN,valid_id,EXACT_MATCH,INCLUDED,
KRX_KOSPI,004380,004380,삼익THK,UNKNOWN,valid_id,EXACT_MATCH,INCLUDED,
KRX_KOSPI,002450,002450,삼익악기,UNKNOWN,valid_id,EXACT_MATCH,INCLUDED,
KRX_KOSPI,004440,004440,삼일씨엔에스,UNKNOWN,valid_id,EXACT_MATCH,INCLUDED,
KRX_KOSPI,000520,000520,삼일제약,UNKNOWN,valid_id,EXACT_MATCH,INCLUDED,
KRX_KOSPI,009770,009770,삼정펄프,UNKNOWN,valid_id,EXACT_MATCH,INCLUDED,
KRX_KOSPI,005500,005500,삼진제약,UNKNOWN,valid_id,EXACT_MATCH,INCLUDED,
KRX_KOSPI,004690,004690,삼천리,UNKNOWN,valid_id,EXACT_MATCH,INCLUDED,
KRX_KOSPI,010960,010960,삼호개발,UNKNOWN,valid_id,EXACT_MATCH,INCLUDED,
KRX_KOSPI,004450,004450,삼화왕관,UNKNOWN,valid_id,EXACT_MATCH,INCLUDED,
KRX_KOSPI,009470,009470,삼화전기,UNKNOWN,valid_id,EXACT_MATCH,INCLUDED,
KRX_KOSPI,011230,011230,삼화전자,UNKNOWN,valid_id,EXACT_MATCH,INCLUDED,
KRX_KOSPI,001820,001820,삼화콘덴서,UNKNOWN,valid_id,EXACT_MATCH,INCLUDED,
KRX_KOSPI,001290,001290,상상인증권,UNKNOWN,valid_id,EXACT_MATCH,INCLUDED,
KRX_KOSPI,041650,041650,상신브레이크,UNKNOWN,valid_id,EXACT_MATCH,INCLUDED,
KRX_KOSPI,075180,075180,새론오토모티브,UNKNOWN,valid_id,EXACT_MATCH,INCLUDED,
KRX_KOSPI,007540,007540,샘표,UNKNOWN,valid_id,EXACT_MATCH,INCLUDED,
KRX_KOSPI,248170,248170,샘표식품,UNKNOWN,valid_id,EXACT_MATCH,INCLUDED,
KRX_KOSPI,007860,007860,서연,UNKNOWN,valid_id,EXACT_MATCH,INCLUDED,
KRX_KOSPI,200880,200880,서연이화,UNKNOWN,valid_id,EXACT_MATCH,INCLUDED,
KRX_KOSPI,017390,017390,서울가스,UNKNOWN,valid_id,EXACT_MATCH,INCLUDED,
KRX_KOSPI,031210,031210,서울보증보험,UNKNOWN,valid_id,EXACT_MATCH,INCLUDED,
KRX_KOSPI,004415,004415,서울식품우,UNKNOWN,valid_id,EXACT_MATCH,INCLUDED,
KRX_KOSPI,004410,004410,서울식품,UNKNOWN,valid_id,EXACT_MATCH,INCLUDED,
KRX_KOSPI,021050,021050,서원,UNKNOWN,valid_id,EXACT_MATCH,INCLUDED,
KRX_KOSPI,008490,008490,서흥,UNKNOWN,valid_id,EXACT_MATCH,INCLUDED,
KRX_KOSPI,007610,007610,선도전기,UNKNOWN,valid_id,EXACT_MATCH,INCLUDED,
KRX_KOSPI,002820,002820,SUN&L,UNKNOWN,valid_id,EXACT_MATCH,INCLUDED,
KRX_KOSPI,136490,136490,선진,UNKNOWN,valid_id,EXACT_MATCH,INCLUDED,
KRX_KOSPI,014915,014915,성문전자우,UNKNOWN,valid_id,EXACT_MATCH,INCLUDED,
KRX_KOSPI,014910,014910,성문전자,UNKNOWN,valid_id,EXACT_MATCH,INCLUDED,
KRX_KOSPI,004985,004985,성신양회우,UNKNOWN,valid_id,EXACT_MATCH,INCLUDED,
KRX_KOSPI,004980,004980,성신양회,UNKNOWN,valid_id,EXACT_MATCH,INCLUDED,
KRX_KOSPI,000180,000180,성창기업지주,UNKNOWN,valid_id,EXACT_MATCH,INCLUDED,
KRX_KOSPI,002420,002420,세기상사,UNKNOWN,valid_id,EXACT_MATCH,INCLUDED,
KRX_KOSPI,004365,004365,세방우,UNKNOWN,valid_id,EXACT_MATCH,INCLUDED,
KRX_KOSPI,004360,004360,세방,UNKNOWN,valid_id,EXACT_MATCH,INCLUDED,
KRX_KOSPI,004490,004490,세방전지,UNKNOWN,valid_id,EXACT_MATCH,INCLUDED,
KRX_KOSPI,001430,001430,세아베스틸지주,UNKNOWN,valid_id,EXACT_MATCH,INCLUDED,
KRX_KOSPI,306200,306200,세아제강,UNKNOWN,valid_id,EXACT_MATCH,INCLUDED,
KRX_KOSPI,003030,003030,세아제강지주,UNKNOWN,valid_id,EXACT_MATCH,INCLUDED,
KRX_KOSPI,058650,058650,세아홀딩스,UNKNOWN,valid_id,EXACT_MATCH,INCLUDED,
KRX_KOSPI,013000,013000,세우글로벌,UNKNOWN,valid_id,EXACT_MATCH,INCLUDED,
KRX_KOSPI,021820,021820,세원정공,UNKNOWN,valid_id,EXACT_MATCH,INCLUDED,
KRX_KOSPI,067830,067830,세이브존I&C,UNKNOWN,valid_id,EXACT_MATCH,INCLUDED,
KRX_KOSPI,075580,075580,세진중공업,UNKNOWN,valid_id,EXACT_MATCH,INCLUDED,
KRX_KOSPI,068270,068270,셀트리온,UNKNOWN,valid_id,EXACT_MATCH,INCLUDED,
KRX_KOSPI,33637K,33637K,솔루스첨단소재1우,UNKNOWN,valid_id,EXACT_MATCH,INCLUDED,
KRX_KOSPI,33637L,33637L,솔루스첨단소재2우B,UNKNOWN,valid_id,EXACT_MATCH,INCLUDED,
KRX_KOSPI,336370,336370,솔루스첨단소재,UNKNOWN,valid_id,EXACT_MATCH,INCLUDED,
KRX_KOSPI,248070,248070,솔루엠,UNKNOWN,valid_id,EXACT_MATCH,INCLUDED,
KRX_KOSPI,004430,004430,송원산업,UNKNOWN,valid_id,EXACT_MATCH,INCLUDED,
KRX_KOSPI,017550,017550,수산세보틱스,UNKNOWN,valid_id,EXACT_MATCH,INCLUDED,
KRX_KOSPI,126720,126720,수산인더스트리,UNKNOWN,valid_id,EXACT_MATCH,INCLUDED,
KRX_KOSPI,026890,026890,스틱인베스트먼트,UNKNOWN,valid_id,EXACT_MATCH,INCLUDED,
KRX_KOSPI,134790,134790,시디즈,UNKNOWN,valid_id,EXACT_MATCH,INCLUDED,
KRX_KOSPI,000480,000480,CR홀딩스,UNKNOWN,valid_id,EXACT_MATCH,INCLUDED,
KRX_KOSPI,462870,462870,시프트업,UNKNOWN,valid_id,EXACT_MATCH,INCLUDED,
KRX_KOSPI,016590,016590,신대양제지,UNKNOWN,valid_id,EXACT_MATCH,INCLUDED,
KRX_KOSPI,029530,029530,신도리코,UNKNOWN,valid_id,EXACT_MATCH,INCLUDED,
KRX_KOSPI,004970,004970,신라교역,UNKNOWN,valid_id,EXACT_MATCH,INCLUDED,
KRX_KOSPI,011930,011930,신성이엔지,UNKNOWN,valid_id,EXACT_MATCH,INCLUDED,
KRX_KOSPI,004170,004170,신세계,UNKNOWN,valid_id,EXACT_MATCH,INCLUDED,
KRX_KOSPI,035510,035510,신세계 I&C,UNKNOWN,valid_id,EXACT_MATCH,INCLUDED,
KRX_KOSPI,031430,031430,신세계인터내셔날,UNKNOWN,valid_id,EXACT_MATCH,INCLUDED,
KRX_KOSPI,006880,006880,신송홀딩스,UNKNOWN,valid_id,EXACT_MATCH,INCLUDED,
KRX_KOSPI,005800,005800,신영와코루,UNKNOWN,valid_id,EXACT_MATCH,INCLUDED,
KRX_KOSPI,001720,001720,신영증권,UNKNOWN,valid_id,EXACT_MATCH,INCLUDED,
KRX_KOSPI,009270,009270,신원,UNKNOWN,valid_id,EXACT_MATCH,INCLUDED,
KRX_KOSPI,002700,002700,신일전자,UNKNOWN,valid_id,EXACT_MATCH,INCLUDED,
KRX_KOSPI,002870,002870,신풍,UNKNOWN,valid_id,EXACT_MATCH,INCLUDED,
KRX_KOSPI,019175,019175,신풍제약우,UNKNOWN,valid_id,EXACT_MATCH,INCLUDED,
KRX_KOSPI,019170,019170,신풍제약,UNKNOWN,valid_id,EXACT_MATCH,INCLUDED,
KRX_KOSPI,481850,481850,신한글로벌액티브리츠,UNKNOWN,valid_id,EXACT_MATCH,INCLUDED,
KRX_KOSPI,055550,055550,신한지주,UNKNOWN,valid_id,EXACT_MATCH,INCLUDED,
KRX_KOSPI,404990,404990,신한서부티엔디리츠,UNKNOWN,valid_id,EXACT_MATCH,INCLUDED,
KRX_KOSPI,293940,293940,신한알파리츠,UNKNOWN,valid_id,EXACT_MATCH,INCLUDED,
KRX_KOSPI,004080,004080,신흥,UNKNOWN,valid_id,EXACT_MATCH,INCLUDED,
KRX_KOSPI,004770,004770,써니전자,UNKNOWN,valid_id,EXACT_MATCH,INCLUDED,
KRX_KOSPI,403550,403550,쏘카,UNKNOWN,valid_id,EXACT_MATCH,INCLUDED,
KRX_KOSPI,004920,004920,씨아이테크,UNKNOWN,valid_id,EXACT_MATCH,INCLUDED,
KRX_KOSPI,112610,112610,씨에스윈드,UNKNOWN,valid_id,EXACT_MATCH,INCLUDED,
KRX_KOSPI,000120,000120,CJ대한통운,UNKNOWN,valid_id,EXACT_MATCH,INCLUDED,
KRX_KOSPI,079160,079160,CJ CGV,UNKNOWN,valid_id,EXACT_MATCH,INCLUDED,
KRX_KOSPI,097955,097955,CJ제일제당 우,UNKNOWN,valid_id,EXACT_MATCH,INCLUDED,
KRX_KOSPI,097950,097950,CJ제일제당,UNKNOWN,valid_id,EXACT_MATCH,INCLUDED,
KRX_KOSPI,480370,480370,씨케이솔루션,UNKNOWN,valid_id,EXACT_MATCH,INCLUDED,
KRX_KOSPI,308170,308170,씨티알모빌리티,UNKNOWN,valid_id,EXACT_MATCH,INCLUDED,
KRX_KOSPI,008700,008700,아남전자,UNKNOWN,valid_id,EXACT_MATCH,INCLUDED,
KRX_KOSPI,090435,090435,아모레퍼시픽우,UNKNOWN,valid_id,EXACT_MATCH,INCLUDED,
KRX_KOSPI,090430,090430,아모레퍼시픽,UNKNOWN,valid_id,EXACT_MATCH,INCLUDED,
KRX_KOSPI,002795,002795,아모레퍼시픽홀딩스우,UNKNOWN,valid_id,EXACT_MATCH,INCLUDED,
KRX_KOSPI,00279K,00279K,아모레퍼시픽홀딩스3우C,UNKNOWN,valid_id,EXACT_MATCH,INCLUDED,
KRX_KOSPI,002790,002790,아모레퍼시픽홀딩스,UNKNOWN,valid_id,EXACT_MATCH,INCLUDED,
KRX_KOSPI,002030,002030,아세아,UNKNOWN,valid_id,EXACT_MATCH,INCLUDED,
KRX_KOSPI,183190,183190,아세아시멘트,UNKNOWN,valid_id,EXACT_MATCH,INCLUDED,
KRX_KOSPI,002310,002310,아세아제지,UNKNOWN,valid_id,EXACT_MATCH,INCLUDED,
KRX_KOSPI,012170,012170,아센디오,UNKNOWN,valid_id,EXACT_MATCH,INCLUDED,
KRX_KOSPI,267850,267850,아시아나IDT,UNKNOWN,valid_id,EXACT_MATCH,INCLUDED,
KRX_KOSPI,020560,020560,아시아나항공,UNKNOWN,valid_id,EXACT_MATCH,INCLUDED,
KRX_KOSPI,122900,122900,아이마켓코리아,UNKNOWN,valid_id,EXACT_MATCH,INCLUDED,
KRX_KOSPI,010780,010780,아이에스동서,UNKNOWN,valid_id,EXACT_MATCH,INCLUDED,
KRX_KOSPI,139130,139130,iM금융지주,UNKNOWN,valid_id,EXACT_MATCH,INCLUDED,
KRX_KOSPI,031820,031820,아이티센씨티에스,UNKNOWN,valid_id,EXACT_MATCH,INCLUDED,
KRX_KOSPI,294870,294870,IPARK현대산업개발,UNKNOWN,valid_id,EXACT_MATCH,INCLUDED,
KRX_KOSPI,139990,139990,아주스틸,UNKNOWN,valid_id,EXACT_MATCH,INCLUDED,
KRX_KOSPI,009320,009320,아진전자부품,UNKNOWN,valid_id,EXACT_MATCH,INCLUDED,
KRX_KOSPI,001780,001780,알루코,UNKNOWN,valid_id,EXACT_MATCH,INCLUDED,
KRX_KOSPI,018250,018250,애경산업,UNKNOWN,valid_id,EXACT_MATCH,INCLUDED,
KRX_KOSPI,161000,161000,애경케미칼,UNKNOWN,valid_id,EXACT_MATCH,INCLUDED,
KRX_KOSPI,011090,011090,에넥스,UNKNOWN,valid_id,EXACT_MATCH,INCLUDED,
KRX_KOSPI,137310,137310,에스디바이오센서,UNKNOWN,valid_id,EXACT_MATCH,INCLUDED,
KRX_KOSPI,003080,003080,SB성보,UNKNOWN,valid_id,EXACT_MATCH,INCLUDED,
KRX_KOSPI,034120,034120,SBS,UNKNOWN,valid_id,EXACT_MATCH,INCLUDED,
KRX_KOSPI,005850,005850,에스엘,UNKNOWN,valid_id,EXACT_MATCH,INCLUDED,
KRX_KOSPI,010580,010580,에스엠벡셀,UNKNOWN,valid_id,EXACT_MATCH,INCLUDED,
KRX_KOSPI,002170,002170,SYTS,UNKNOWN,valid_id,EXACT_MATCH,INCLUDED,
KRX_KOSPI,012750,012750,에스원,UNKNOWN,valid_id,EXACT_MATCH,INCLUDED,
KRX_KOSPI,033530,033530,SJG세종,UNKNOWN,valid_id,EXACT_MATCH,INCLUDED,
KRX_KOSPI,004060,004060,SG세계물산,UNKNOWN,valid_id,EXACT_MATCH,INCLUDED,
KRX_KOSPI,006125,006125,SK디스커버리우,UNKNOWN,valid_id,EXACT_MATCH,INCLUDED,
KRX_KOSPI,006120,006120,SK디스커버리,UNKNOWN,valid_id,EXACT_MATCH,INCLUDED,
KRX_KOSPI,302440,302440,SK바이오사이언스,UNKNOWN,valid_id,EXACT_MATCH,INCLUDED,
KRX_KOSPI,326030,326030,SK바이오팜,UNKNOWN,valid_id,EXACT_MATCH,INCLUDED,
KRX_KOSPI,475150,475150,SK이터닉스,UNKNOWN,valid_id,EXACT_MATCH,INCLUDED,
KRX_KOSPI,000660,000660,SK하이닉스,UNKNOWN,valid_id,EXACT_MATCH,INCLUDED,
KRX_KOSPI,000390,000390,SP삼화,UNKNOWN,valid_id,EXACT_MATCH,INCLUDED,
KRX_KOSPI,023960,023960,에쓰씨엔지니어링,UNKNOWN,valid_id,EXACT_MATCH,INCLUDED,
KRX_KOSPI,298690,298690,에어부산,UNKNOWN,valid_id,EXACT_MATCH,INCLUDED,
KRX_KOSPI,078520,078520,에이블씨엔씨,UNKNOWN,valid_id,EXACT_MATCH,INCLUDED,
KRX_KOSPI,015260,015260,에이엔피,UNKNOWN,valid_id,EXACT_MATCH,INCLUDED,
KRX_KOSPI,267270,267270,HD건설기계,UNKNOWN,valid_id,EXACT_MATCH,INCLUDED,
KRX_KOSPI,039570,039570,HDC랩스,UNKNOWN,valid_id,EXACT_MATCH,INCLUDED,
KRX_KOSPI,089470,089470,HDC현대EP,UNKNOWN,valid_id,EXACT_MATCH,INCLUDED,
KRX_KOSPI,009540,009540,HD한국조선해양,UNKNOWN,valid_id,EXACT_MATCH,INCLUDED,
KRX_KOSPI,443060,443060,HD현대마린솔루션,UNKNOWN,valid_id,EXACT_MATCH,INCLUDED,
KRX_KOSPI,071970,071970,HD현대마린엔진,UNKNOWN,valid_id,EXACT_MATCH,INCLUDED,
KRX_KOSPI,267250,267250,HD현대,UNKNOWN,valid_id,EXACT_MATCH,INCLUDED,
KRX_KOSPI,322000,322000,HD현대에너지솔루션,UNKNOWN,valid_id,EXACT_MATCH,INCLUDED,
KRX_KOSPI,267260,267260,HD현대일렉트릭,UNKNOWN,valid_id,EXACT_MATCH,INCLUDED,
KRX_KOSPI,329180,329180,HD현대중공업,UNKNOWN,valid_id,EXACT_MATCH,INCLUDED,
KRX_KOSPI,002460,002460,HS화성,UNKNOWN,valid_id,EXACT_MATCH,INCLUDED,
KRX_KOSPI,487570,487570,HS효성,UNKNOWN,valid_id,EXACT_MATCH,INCLUDED,
KRX_KOSPI,298050,298050,HS효성첨단소재,UNKNOWN,valid_id,EXACT_MATCH,INCLUDED,
KRX_KOSPI,003580,003580,HLB글로벌,UNKNOWN,valid_id,EXACT_MATCH,INCLUDED,
KRX_KOSPI,011200,011200,HMM,UNKNOWN,valid_id,EXACT_MATCH,INCLUDED,
KRX_KOSPI,003060,003060,에이프로젠바이오로직스,UNKNOWN,valid_id,EXACT_MATCH,INCLUDED,
KRX_KOSPI,007460,007460,에이프로젠,UNKNOWN,valid_id,EXACT_MATCH,INCLUDED,
KRX_KOSPI,244920,244920,에이플러스에셋,UNKNOWN,valid_id,EXACT_MATCH,INCLUDED,
KRX_KOSPI,278470,278470,에이피알,UNKNOWN,valid_id,EXACT_MATCH,INCLUDED,
KRX_KOSPI,450080,450080,에코프로머티,UNKNOWN,valid_id,EXACT_MATCH,INCLUDED,
KRX_KOSPI,019490,019490,엑시큐어하이트론,UNKNOWN,valid_id,EXACT_MATCH,INCLUDED,
KRX_KOSPI,036570,036570,NC,UNKNOWN,valid_id,EXACT_MATCH,INCLUDED,
KRX_KOSPI,400760,400760,NH올원리츠,UNKNOWN,valid_id,EXACT_MATCH,INCLUDED,
KRX_KOSPI,005945,005945,NH투자증권우,UNKNOWN,valid_id,EXACT_MATCH,INCLUDED,
KRX_KOSPI,005940,005940,NH투자증권,UNKNOWN,valid_id,EXACT_MATCH,INCLUDED,
KRX_KOSPI,085310,085310,엔케이,UNKNOWN,valid_id,EXACT_MATCH,INCLUDED,
KRX_KOSPI,900140,900140,엘브이엠씨홀딩스,UNKNOWN,valid_id,EXACT_MATCH,INCLUDED,
KRX_KOSPI,066970,066970,엘앤에프,UNKNOWN,valid_id,EXACT_MATCH,INCLUDED,
KRX_KOSPI,108675,108675,LX하우시스우,UNKNOWN,valid_id,EXACT_MATCH,INCLUDED,
KRX_KOSPI,108670,108670,LX하우시스,UNKNOWN,valid_id,EXACT_MATCH,INCLUDED,
KRX_KOSPI,38380K,38380K,LX홀딩스1우,UNKNOWN,valid_id,EXACT_MATCH,INCLUDED,
KRX_KOSPI,383800,383800,LX홀딩스,UNKNOWN,valid_id,EXACT_MATCH,INCLUDED,
KRX_KOSPI,064400,064400,LG씨엔에스,UNKNOWN,valid_id,EXACT_MATCH,INCLUDED,
KRX_KOSPI,037560,037560,LG헬로비전,UNKNOWN,valid_id,EXACT_MATCH,INCLUDED,
KRX_KOSPI,097520,097520,엠씨넥스,UNKNOWN,valid_id,EXACT_MATCH,INCLUDED,
KRX_KOSPI,484870,484870,엠앤씨솔루션,UNKNOWN,valid_id,EXACT_MATCH,INCLUDED,
KRX_KOSPI,014440,014440,영보화학,UNKNOWN,valid_id,EXACT_MATCH,INCLUDED,
KRX_KOSPI,111770,111770,영원무역,UNKNOWN,valid_id,EXACT_MATCH,INCLUDED,
KRX_KOSPI,009970,009970,영원무역홀딩스,UNKNOWN,valid_id,EXACT_MATCH,INCLUDED,
KRX_KOSPI,003520,003520,영진약품,UNKNOWN,valid_id,EXACT_MATCH,INCLUDED,
KRX_KOSPI,000670,000670,영풍,UNKNOWN,valid_id,EXACT_MATCH,INCLUDED,
KRX_KOSPI,012280,012280,영화금속,UNKNOWN,valid_id,EXACT_MATCH,INCLUDED,
KRX_KOSPI,012160,012160,영흥,UNKNOWN,valid_id,EXACT_MATCH,INCLUDED,
KRX_KOSPI,007310,007310,오뚜기,UNKNOWN,valid_id,EXACT_MATCH,INCLUDED,
KRX_KOSPI,002630,002630,오리엔트바이오,UNKNOWN,valid_id,EXACT_MATCH,INCLUDED,
KRX_KOSPI,271560,271560,오리온,UNKNOWN,valid_id,EXACT_MATCH,INCLUDED,
KRX_KOSPI,001800,001800,오리온홀딩스,UNKNOWN,valid_id,EXACT_MATCH,INCLUDED,
KRX_KOSPI,010060,010060,OCI홀딩스,UNKNOWN,valid_id,EXACT_MATCH,INCLUDED,
KRX_KOSPI,005320,005320,온타이드,UNKNOWN,valid_id,EXACT_MATCH,INCLUDED,
KRX_KOSPI,037270,037270,YG PLUS,UNKNOWN,valid_id,EXACT_MATCH,INCLUDED,
KRX_KOSPI,011690,011690,와이투솔루션,UNKNOWN,valid_id,EXACT_MATCH,INCLUDED,
KRX_KOSPI,316140,316140,우리금융지주,UNKNOWN,valid_id,EXACT_MATCH,INCLUDED,
KRX_KOSPI,011300,011300,우성머티리얼스,UNKNOWN,valid_id,EXACT_MATCH,INCLUDED,
KRX_KOSPI,006980,006980,우성,UNKNOWN,valid_id,EXACT_MATCH,INCLUDED,
KRX_KOSPI,017370,017370,우신시스템,UNKNOWN,valid_id,EXACT_MATCH,INCLUDED,
KRX_KOSPI,105840,105840,우진,UNKNOWN,valid_id,EXACT_MATCH,INCLUDED,
KRX_KOSPI,010400,010400,우진아이엔에스,UNKNOWN,valid_id,EXACT_MATCH,INCLUDED,
KRX_KOSPI,049800,049800,우진플라임,UNKNOWN,valid_id,EXACT_MATCH,INCLUDED,
KRX_KOSPI,016880,016880,웅진,UNKNOWN,valid_id,EXACT_MATCH,INCLUDED,
KRX_KOSPI,095720,095720,웅진씽크빅,UNKNOWN,valid_id,EXACT_MATCH,INCLUDED,
KRX_KOSPI,005820,005820,원림,UNKNOWN,valid_id,EXACT_MATCH,INCLUDED,
KRX_KOSPI,008600,008600,윌비스,UNKNOWN,valid_id,EXACT_MATCH,INCLUDED,
KRX_KOSPI,014830,014830,유니드,UNKNOWN,valid_id,EXACT_MATCH,INCLUDED,
KRX_KOSPI,446070,446070,유니드비티플러스,UNKNOWN,valid_id,EXACT_MATCH,INCLUDED,
KRX_KOSPI,047400,047400,유니온머티리얼,UNKNOWN,valid_id,EXACT_MATCH,INCLUDED,
KRX_KOSPI,000910,000910,유니온,UNKNOWN,valid_id,EXACT_MATCH,INCLUDED,
KRX_KOSPI,011330,011330,유니켐,UNKNOWN,valid_id,EXACT_MATCH,INCLUDED,
KRX_KOSPI,077500,077500,유니퀘스트,UNKNOWN,valid_id,EXACT_MATCH,INCLUDED,
KRX_KOSPI,002920,002920,유성기업,UNKNOWN,valid_id,EXACT_MATCH,INCLUDED,
KRX_KOSPI,000700,000700,유수홀딩스,UNKNOWN,valid_id,EXACT_MATCH,INCLUDED,
KRX_KOSPI,003475,003475,유안타증권우,UNKNOWN,valid_id,EXACT_MATCH,INCLUDED,
KRX_KOSPI,003470,003470,유안타증권,UNKNOWN,valid_id,EXACT_MATCH,INCLUDED,
KRX_KOSPI,072130,072130,유엔젤,UNKNOWN,valid_id,EXACT_MATCH,INCLUDED,
KRX_KOSPI,000225,000225,유유제약1우,UNKNOWN,valid_id,EXACT_MATCH,INCLUDED,
KRX_KOSPI,000227,000227,유유제약2우B,UNKNOWN,valid_id,EXACT_MATCH,INCLUDED,
KRX_KOSPI,000220,000220,유유제약,UNKNOWN,valid_id,EXACT_MATCH,INCLUDED,
KRX_KOSPI,001200,001200,유진투자증권,UNKNOWN,valid_id,EXACT_MATCH,INCLUDED,
KRX_KOSPI,000105,000105,유한양행우,UNKNOWN,valid_id,EXACT_MATCH,INCLUDED,
KRX_KOSPI,000100,000100,유한양행,UNKNOWN,valid_id,EXACT_MATCH,INCLUDED,
KRX_KOSPI,003465,003465,유화증권우,UNKNOWN,valid_id,EXACT_MATCH,INCLUDED,
KRX_KOSPI,003460,003460,유화증권,UNKNOWN,valid_id,EXACT_MATCH,INCLUDED,
KRX_KOSPI,008730,008730,율촌화학,UNKNOWN,valid_id,EXACT_MATCH,INCLUDED,
KRX_KOSPI,008250,008250,이건산업,UNKNOWN,valid_id,EXACT_MATCH,INCLUDED,
KRX_KOSPI,025820,025820,이구산업,UNKNOWN,valid_id,EXACT_MATCH,INCLUDED,
KRX_KOSPI,214320,214320,이노션,UNKNOWN,valid_id,EXACT_MATCH,INCLUDED,
KRX_KOSPI,088260,088260,이리츠코크렙,UNKNOWN,valid_id,EXACT_MATCH,INCLUDED,
KRX_KOSPI,139480,139480,이마트,UNKNOWN,valid_id,EXACT_MATCH,INCLUDED,
KRX_KOSPI,457190,457190,이수스페셜티케미컬,UNKNOWN,valid_id,EXACT_MATCH,INCLUDED,
KRX_KOSPI,007660,007660,이수페타시스,UNKNOWN,valid_id,EXACT_MATCH,INCLUDED,
KRX_KOSPI,005950,005950,이수화학,UNKNOWN,valid_id,EXACT_MATCH,INCLUDED,
KRX_KOSPI,015020,015020,이스타코,UNKNOWN,valid_id,EXACT_MATCH,INCLUDED,
KRX_KOSPI,074610,074610,이엔플러스,UNKNOWN,valid_id,EXACT_MATCH,INCLUDED,
KRX_KOSPI,102460,102460,이연제약,UNKNOWN,valid_id,EXACT_MATCH,INCLUDED,
KRX_KOSPI,084680,084680,이월드,UNKNOWN,valid_id,EXACT_MATCH,INCLUDED,
KRX_KOSPI,350520,350520,이지스레지던스리츠,UNKNOWN,valid_id,EXACT_MATCH,INCLUDED,
KRX_KOSPI,334890,334890,이지스밸류플러스리츠,UNKNOWN,valid_id,EXACT_MATCH,INCLUDED,
KRX_KOSPI,000760,000760,이화산업,UNKNOWN,valid_id,EXACT_MATCH,INCLUDED,
KRX_KOSPI,014990,014990,인디에프,UNKNOWN,valid_id,EXACT_MATCH,INCLUDED,
KRX_KOSPI,101140,101140,인바이오젠,UNKNOWN,valid_id,EXACT_MATCH,INCLUDED,
KRX_KOSPI,023800,023800,인지컨트롤스,UNKNOWN,valid_id,EXACT_MATCH,INCLUDED,
KRX_KOSPI,034590,034590,인천도시가스,UNKNOWN,valid_id,EXACT_MATCH,INCLUDED,
KRX_KOSPI,129260,129260,인터지스,UNKNOWN,valid_id,EXACT_MATCH,INCLUDED,
KRX_KOSPI,023810,023810,인팩,UNKNOWN,valid_id,EXACT_MATCH,INCLUDED,
KRX_KOSPI,249420,249420,일동제약,UNKNOWN,valid_id,EXACT_MATCH,INCLUDED,
KRX_KOSPI,000230,000230,일동홀딩스,UNKNOWN,valid_id,EXACT_MATCH,INCLUDED,
KRX_KOSPI,013360,013360,일성건설,UNKNOWN,valid_id,EXACT_MATCH,INCLUDED,
KRX_KOSPI,003120,003120,일성아이에스,UNKNOWN,valid_id,EXACT_MATCH,INCLUDED,
KRX_KOSPI,003200,003200,일신방직,UNKNOWN,valid_id,EXACT_MATCH,INCLUDED,
KRX_KOSPI,007110,007110,일신석재,UNKNOWN,valid_id,EXACT_MATCH,INCLUDED,
KRX_KOSPI,007575,007575,일양약품우,UNKNOWN,valid_id,EXACT_MATCH,INCLUDED,
KRX_KOSPI,007570,007570,일양약품,UNKNOWN,valid_id,EXACT_MATCH,INCLUDED,
KRX_KOSPI,081000,081000,일진다이아,UNKNOWN,valid_id,EXACT_MATCH,INCLUDED,
KRX_KOSPI,020760,020760,일진디스플,UNKNOWN,valid_id,EXACT_MATCH,INCLUDED,
KRX_KOSPI,103590,103590,일진전기,UNKNOWN,valid_id,EXACT_MATCH,INCLUDED,
KRX_KOSPI,271940,271940,일진하이솔루스,UNKNOWN,valid_id,EXACT_MATCH,INCLUDED,
KRX_KOSPI,015860,015860,일진홀딩스,UNKNOWN,valid_id,EXACT_MATCH,INCLUDED,
KRX_KOSPI,226320,226320,잇츠한불,UNKNOWN,valid_id,EXACT_MATCH,INCLUDED,
KRX_KOSPI,317400,317400,자이에스앤디,UNKNOWN,valid_id,EXACT_MATCH,INCLUDED,
KRX_KOSPI,033240,033240,자화전자,UNKNOWN,valid_id,EXACT_MATCH,INCLUDED,
KRX_KOSPI,000950,000950,전방,UNKNOWN,valid_id,EXACT_MATCH,INCLUDED,
KRX_KOSPI,079900,079900,전진건설로봇,UNKNOWN,valid_id,EXACT_MATCH,INCLUDED,
KRX_KOSPI,348950,348950,제이알글로벌리츠,UNKNOWN,valid_id,EXACT_MATCH,INCLUDED,
KRX_KOSPI,194370,194370,제이에스코퍼레이션,UNKNOWN,valid_id,EXACT_MATCH,INCLUDED,
KRX_KOSPI,030000,030000,제일기획,UNKNOWN,valid_id,EXACT_MATCH,INCLUDED,
KRX_KOSPI,271980,271980,제일약품,UNKNOWN,valid_id,EXACT_MATCH,INCLUDED,
KRX_KOSPI,001560,001560,제일연마,UNKNOWN,valid_id,EXACT_MATCH,INCLUDED,
KRX_KOSPI,002620,002620,제일파마홀딩스,UNKNOWN,valid_id,EXACT_MATCH,INCLUDED,
KRX_KOSPI,006220,006220,제주은행,UNKNOWN,valid_id,EXACT_MATCH,INCLUDED,
KRX_KOSPI,089590,089590,제주항공,UNKNOWN,valid_id,EXACT_MATCH,INCLUDED,
KRX_KOSPI,004910,004910,조광페인트,UNKNOWN,valid_id,EXACT_MATCH,INCLUDED,
KRX_KOSPI,004700,004700,조광피혁,UNKNOWN,valid_id,EXACT_MATCH,INCLUDED,
KRX_KOSPI,001550,001550,조비,UNKNOWN,valid_id,EXACT_MATCH,INCLUDED,
KRX_KOSPI,462520,462520,조선내화,UNKNOWN,valid_id,EXACT_MATCH,INCLUDED,
KRX_KOSPI,120030,120030,조선선재,UNKNOWN,valid_id,EXACT_MATCH,INCLUDED,
KRX_KOSPI,018470,018470,조일알미늄,UNKNOWN,valid_id,EXACT_MATCH,INCLUDED,
KRX_KOSPI,002600,002600,조흥,UNKNOWN,valid_id,EXACT_MATCH,INCLUDED,
KRX_KOSPI,063160,063160,종근당바이오,UNKNOWN,valid_id,EXACT_MATCH,INCLUDED,
KRX_KOSPI,185750,185750,종근당,UNKNOWN,valid_id,EXACT_MATCH,INCLUDED,
KRX_KOSPI,001630,001630,종근당홀딩스,UNKNOWN,valid_id,EXACT_MATCH,INCLUDED,
KRX_KOSPI,109070,109070,주성코퍼레이션,UNKNOWN,valid_id,EXACT_MATCH,INCLUDED,
KRX_KOSPI,023450,023450,동남합성,UNKNOWN,valid_id,EXACT_MATCH,INCLUDED,
KRX_KOSPI,002380,002380,KCC,UNKNOWN,valid_id,EXACT_MATCH,INCLUDED,
KRX_KOSPI,044380,044380,주연테크,UNKNOWN,valid_id,EXACT_MATCH,INCLUDED,
KRX_KOSPI,024110,024110,기업은행,UNKNOWN,valid_id,EXACT_MATCH,INCLUDED,
KRX_KOSPI,013890,013890,지누스,UNKNOWN,valid_id,EXACT_MATCH,INCLUDED,
KRX_KOSPI,001250,001250,GS글로벌,UNKNOWN,valid_id,EXACT_MATCH,INCLUDED,
KRX_KOSPI,007070,007070,GS리테일,UNKNOWN,valid_id,EXACT_MATCH,INCLUDED,
KRX_KOSPI,499790,499790,GS피앤엘,UNKNOWN,valid_id,EXACT_MATCH,INCLUDED,
KRX_KOSPI,013870,013870,지엠비코리아,UNKNOWN,valid_id,EXACT_MATCH,INCLUDED,
KRX_KOSPI,071320,071320,지역난방공사,UNKNOWN,valid_id,EXACT_MATCH,INCLUDED,
KRX_KOSPI,088790,088790,진도,UNKNOWN,valid_id,EXACT_MATCH,INCLUDED,
KRX_KOSPI,003780,003780,진양산업,UNKNOWN,valid_id,EXACT_MATCH,INCLUDED,
KRX_KOSPI,010640,010640,진양폴리,UNKNOWN,valid_id,EXACT_MATCH,INCLUDED,
KRX_KOSPI,100250,100250,진양홀딩스,UNKNOWN,valid_id,EXACT_MATCH,INCLUDED,
KRX_KOSPI,051630,051630,진양화학,UNKNOWN,valid_id,EXACT_MATCH,INCLUDED,
KRX_KOSPI,272450,272450,진에어,UNKNOWN,valid_id,EXACT_MATCH,INCLUDED,
KRX_KOSPI,011000,011000,진원생명과학,UNKNOWN,valid_id,EXACT_MATCH,INCLUDED,
KRX_KOSPI,002785,002785,진흥기업우B,UNKNOWN,valid_id,EXACT_MATCH,INCLUDED,
KRX_KOSPI,002787,002787,진흥기업2우B,UNKNOWN,valid_id,EXACT_MATCH,INCLUDED,
KRX_KOSPI,002780,002780,진흥기업,UNKNOWN,valid_id,EXACT_MATCH,INCLUDED,
KRX_KOSPI,025620,025620,차AI헬스케어,UNKNOWN,valid_id,EXACT_MATCH,INCLUDED,
KRX_KOSPI,009310,009310,참엔지니어링,UNKNOWN,valid_id,EXACT_MATCH,INCLUDED,
KRX_KOSPI,000650,000650,천일고속,UNKNOWN,valid_id,EXACT_MATCH,INCLUDED,
KRX_KOSPI,033250,033250,체시스,UNKNOWN,valid_id,EXACT_MATCH,INCLUDED,
KRX_KOSPI,323410,323410,카카오뱅크,UNKNOWN,valid_id,EXACT_MATCH,INCLUDED,
KRX_KOSPI,035720,035720,카카오,UNKNOWN,valid_id,EXACT_MATCH,INCLUDED,
KRX_KOSPI,377300,377300,카카오페이,UNKNOWN,valid_id,EXACT_MATCH,INCLUDED,
KRX_KOSPI,006380,006380,카프로,UNKNOWN,valid_id,EXACT_MATCH,INCLUDED,
KRX_KOSPI,279570,279570,케이뱅크,UNKNOWN,valid_id,EXACT_MATCH,INCLUDED,
KRX_KOSPI,415640,415640,KB발해인프라,UNKNOWN,,NONE,EXCLUDED_WITH_REASON,EXCLUDED_OTHER
KRX_KOSPI,001620,001620,케이비아이동국실업,UNKNOWN,valid_id,EXACT_MATCH,INCLUDED,
KRX_KOSPI,008970,008970,KBI동양철관,UNKNOWN,valid_id,EXACT_MATCH,INCLUDED,
KRX_KOSPI,009440,009440,KC그린홀딩스,UNKNOWN,valid_id,EXACT_MATCH,INCLUDED,
KRX_KOSPI,029460,029460,케이씨,UNKNOWN,valid_id,EXACT_MATCH,INCLUDED,
KRX_KOSPI,344820,344820,KCC글라스,UNKNOWN,valid_id,EXACT_MATCH,INCLUDED,
KRX_KOSPI,119650,119650,KC코트렐,UNKNOWN,valid_id,EXACT_MATCH,INCLUDED,
KRX_KOSPI,281820,281820,케이씨텍,UNKNOWN,valid_id,EXACT_MATCH,INCLUDED,
KRX_KOSPI,044450,044450,KSS해운,UNKNOWN,valid_id,EXACT_MATCH,INCLUDED,
KRX_KOSPI,092220,092220,KEC,UNKNOWN,valid_id,EXACT_MATCH,INCLUDED,
KRX_KOSPI,381970,381970,케이카,UNKNOWN,valid_id,EXACT_MATCH,INCLUDED,
KRX_KOSPI,145270,145270,케이탑리츠,UNKNOWN,valid_id,EXACT_MATCH,INCLUDED,
KRX_KOSPI,030200,030200,KT,UNKNOWN,valid_id,EXACT_MATCH,INCLUDED,
KRX_KOSPI,053210,053210,스카이라이프,UNKNOWN,valid_id,EXACT_MATCH,INCLUDED,
KRX_KOSPI,058850,058850,KTcs,UNKNOWN,valid_id,EXACT_MATCH,INCLUDED,
KRX_KOSPI,058860,058860,KTis,UNKNOWN,valid_id,EXACT_MATCH,INCLUDED,
KRX_KOSPI,033780,033780,KT&G,UNKNOWN,valid_id,EXACT_MATCH,INCLUDED,
KRX_KOSPI,417310,417310,코람코더원리츠,UNKNOWN,valid_id,EXACT_MATCH,INCLUDED,
KRX_KOSPI,357120,357120,코람코라이프인프라리츠,UNKNOWN,valid_id,EXACT_MATCH,INCLUDED,
KRX_KOSPI,007815,007815,코리아써우,UNKNOWN,valid_id,EXACT_MATCH,INCLUDED,
KRX_KOSPI,00781K,00781K,코리아써키트2우B,UNKNOWN,valid_id,EXACT_MATCH,INCLUDED,
KRX_KOSPI,007810,007810,코리아써키트,UNKNOWN,valid_id,EXACT_MATCH,INCLUDED,
KRX_KOSPI,003690,003690,코리안리,UNKNOWN,valid_id,EXACT_MATCH,INCLUDED,
KRX_KOSPI,192820,192820,코스맥스,UNKNOWN,valid_id,EXACT_MATCH,INCLUDED,
KRX_KOSPI,044820,044820,코스맥스비티아이,UNKNOWN,valid_id,EXACT_MATCH,INCLUDED,
KRX_KOSPI,005070,005070,코스모신소재,UNKNOWN,valid_id,EXACT_MATCH,INCLUDED,
KRX_KOSPI,005420,005420,코스모화학,UNKNOWN,valid_id,EXACT_MATCH,INCLUDED,
KRX_KOSPI,071950,071950,코아스,UNKNOWN,valid_id,EXACT_MATCH,INCLUDED,
KRX_KOSPI,002025,002025,코오롱우,UNKNOWN,valid_id,EXACT_MATCH,INCLUDED,
KRX_KOSPI,003075,003075,코오롱글로벌우,UNKNOWN,valid_id,EXACT_MATCH,INCLUDED,
KRX_KOSPI,003070,003070,코오롱글로벌,UNKNOWN,valid_id,EXACT_MATCH,INCLUDED,
KRX_KOSPI,002020,002020,코오롱,UNKNOWN,valid_id,EXACT_MATCH,INCLUDED,
KRX_KOSPI,120115,120115,코오롱인더우,UNKNOWN,valid_id,EXACT_MATCH,INCLUDED,
KRX_KOSPI,120110,120110,코오롱인더,UNKNOWN,valid_id,EXACT_MATCH,INCLUDED,
KRX_KOSPI,021240,021240,코웨이,UNKNOWN,valid_id,EXACT_MATCH,INCLUDED,
KRX_KOSPI,036420,036420,콘텐트리중앙,UNKNOWN,valid_id,EXACT_MATCH,INCLUDED,
KRX_KOSPI,024720,024720,콜마홀딩스,UNKNOWN,valid_id,EXACT_MATCH,INCLUDED,
KRX_KOSPI,192400,192400,쿠쿠홀딩스,UNKNOWN,valid_id,EXACT_MATCH,INCLUDED,
KRX_KOSPI,284740,284740,쿠쿠홈시스,UNKNOWN,valid_id,EXACT_MATCH,INCLUDED,
KRX_KOSPI,26490K,26490K,크라운제과우,UNKNOWN,valid_id,EXACT_MATCH,INCLUDED,
KRX_KOSPI,264900,264900,크라운제과,UNKNOWN,valid_id,EXACT_MATCH,INCLUDED,
KRX_KOSPI,005745,005745,크라운해태홀딩스우,UNKNOWN,valid_id,EXACT_MATCH,INCLUDED,
KRX_KOSPI,005740,005740,크라운해태홀딩스,UNKNOWN,valid_id,EXACT_MATCH,INCLUDED,
KRX_KOSPI,259960,259960,크래프톤,UNKNOWN,valid_id,EXACT_MATCH,INCLUDED,
KRX_KOSPI,020120,020120,키다리스튜디오,UNKNOWN,valid_id,EXACT_MATCH,INCLUDED,
KRX_KOSPI,039490,039490,키움증권,UNKNOWN,valid_id,EXACT_MATCH,INCLUDED,
KRX_KOSPI,014580,014580,태경비케이,UNKNOWN,valid_id,EXACT_MATCH,INCLUDED,
KRX_KOSPI,015890,015890,태경산업,UNKNOWN,valid_id,EXACT_MATCH,INCLUDED,
KRX_KOSPI,006890,006890,태경케미컬,UNKNOWN,valid_id,EXACT_MATCH,INCLUDED,
KRX_KOSPI,003240,003240,태광산업,UNKNOWN,valid_id,EXACT_MATCH,INCLUDED,
KRX_KOSPI,011280,011280,태림포장,UNKNOWN,valid_id,EXACT_MATCH,INCLUDED,
KRX_KOSPI,004105,004105,태양금속우,UNKNOWN,valid_id,EXACT_MATCH,INCLUDED,
KRX_KOSPI,004100,004100,태양금속,UNKNOWN,valid_id,EXACT_MATCH,INCLUDED,
KRX_KOSPI,009410,009410,태영건설,UNKNOWN,valid_id,EXACT_MATCH,INCLUDED,
KRX_KOSPI,009415,009415,태영건설우,UNKNOWN,valid_id,EXACT_MATCH,INCLUDED,
KRX_KOSPI,001420,001420,태원물산,UNKNOWN,valid_id,EXACT_MATCH,INCLUDED,
KRX_KOSPI,055490,055490,테이팩스,UNKNOWN,valid_id,EXACT_MATCH,INCLUDED,
KRX_KOSPI,078000,078000,텔코웨어,UNKNOWN,valid_id,EXACT_MATCH,INCLUDED,
KRX_KOSPI,214420,214420,토니모리,UNKNOWN,valid_id,EXACT_MATCH,INCLUDED,
KRX_KOSPI,091810,091810,트리니티항공,UNKNOWN,valid_id,EXACT_MATCH,INCLUDED,
KRX_KOSPI,019180,019180,티에이치엔,UNKNOWN,valid_id,EXACT_MATCH,INCLUDED,
KRX_KOSPI,217590,217590,티엠씨,UNKNOWN,valid_id,EXACT_MATCH,INCLUDED,
KRX_KOSPI,002900,002900,TYM,UNKNOWN,valid_id,EXACT_MATCH,INCLUDED,
KRX_KOSPI,36328K,36328K,티와이홀딩스우,UNKNOWN,valid_id,EXACT_MATCH,INCLUDED,
KRX_KOSPI,363280,363280,티와이홀딩스,UNKNOWN,valid_id,EXACT_MATCH,INCLUDED,
KRX_KOSPI,004870,004870,티웨이홀딩스,UNKNOWN,valid_id,EXACT_MATCH,INCLUDED,
KRX_KOSPI,069260,069260,TKG휴켐스,UNKNOWN,valid_id,EXACT_MATCH,INCLUDED,
KRX_KOSPI,007980,007980,TP,UNKNOWN,valid_id,EXACT_MATCH,INCLUDED,
KRX_KOSPI,034230,034230,파라다이스,UNKNOWN,valid_id,EXACT_MATCH,INCLUDED,
KRX_KOSPI,005690,005690,파미셀,UNKNOWN,valid_id,EXACT_MATCH,INCLUDED,
KRX_KOSPI,036580,036580,팜스코,UNKNOWN,valid_id,EXACT_MATCH,INCLUDED,
KRX_KOSPI,004720,004720,팜젠사이언스,UNKNOWN,valid_id,EXACT_MATCH,INCLUDED,
KRX_KOSPI,028670,028670,팬오션,UNKNOWN,valid_id,EXACT_MATCH,INCLUDED,
KRX_KOSPI,010820,010820,퍼스텍,UNKNOWN,valid_id,EXACT_MATCH,INCLUDED,
KRX_KOSPI,016800,016800,퍼시스,UNKNOWN,valid_id,EXACT_MATCH,INCLUDED,
KRX_KOSPI,001020,001020,페이퍼코리아,UNKNOWN,valid_id,EXACT_MATCH,INCLUDED,
KRX_KOSPI,090080,090080,평화산업,UNKNOWN,valid_id,EXACT_MATCH,INCLUDED,
KRX_KOSPI,010770,010770,평화홀딩스,UNKNOWN,valid_id,EXACT_MATCH,INCLUDED,
KRX_KOSPI,022100,022100,포스코DX,UNKNOWN,valid_id,EXACT_MATCH,INCLUDED,
KRX_KOSPI,058430,058430,포스코스틸리온,UNKNOWN,valid_id,EXACT_MATCH,INCLUDED,
KRX_KOSPI,047050,047050,포스코인터내셔널,UNKNOWN,valid_id,EXACT_MATCH,INCLUDED,
KRX_KOSPI,003670,003670,포스코퓨처엠,UNKNOWN,valid_id,EXACT_MATCH,INCLUDED,
KRX_KOSPI,005490,005490,POSCO홀딩스,UNKNOWN,valid_id,EXACT_MATCH,INCLUDED,
KRX_KOSPI,017810,017810,풀무원,UNKNOWN,valid_id,EXACT_MATCH,INCLUDED,
KRX_KOSPI,103140,103140,풍산,UNKNOWN,valid_id,EXACT_MATCH,INCLUDED,
KRX_KOSPI,005810,005810,풍산홀딩스,UNKNOWN,valid_id,EXACT_MATCH,INCLUDED,
KRX_KOSPI,950210,950210,프레스티지바이오파마,UNKNOWN,,NONE,EXCLUDED_WITH_REASON,EXCLUDED_OTHER
KRX_KOSPI,006490,006490,프리티,UNKNOWN,valid_id,EXACT_MATCH,INCLUDED,
KRX_KOSPI,009810,009810,플레이그램,UNKNOWN,valid_id,EXACT_MATCH,INCLUDED,
KRX_KOSPI,178920,178920,PI첨단소재,UNKNOWN,valid_id,EXACT_MATCH,INCLUDED,
KRX_KOSPI,001340,001340,PKC,UNKNOWN,valid_id,EXACT_MATCH,INCLUDED,
KRX_KOSPI,086790,086790,하나금융지주,UNKNOWN,valid_id,EXACT_MATCH,INCLUDED,
KRX_KOSPI,293480,293480,하나제약,UNKNOWN,valid_id,EXACT_MATCH,INCLUDED,
KRX_KOSPI,039130,039130,하나투어,UNKNOWN,valid_id,EXACT_MATCH,INCLUDED,
KRX_KOSPI,352820,352820,하이브,UNKNOWN,valid_id,EXACT_MATCH,INCLUDED,
KRX_KOSPI,071090,071090,하이스틸,UNKNOWN,valid_id,EXACT_MATCH,INCLUDED,
KRX_KOSPI,000087,000087,하이트진로2우B,UNKNOWN,valid_id,EXACT_MATCH,INCLUDED,
KRX_KOSPI,000080,000080,하이트진로,UNKNOWN,valid_id,EXACT_MATCH,INCLUDED,
KRX_KOSPI,000145,000145,하이트진로홀딩스우,UNKNOWN,valid_id,EXACT_MATCH,INCLUDED,
KRX_KOSPI,000140,000140,하이트진로홀딩스,UNKNOWN,valid_id,EXACT_MATCH,INCLUDED,
KRX_KOSPI,036460,036460,한국가스공사,UNKNOWN,valid_id,EXACT_MATCH,INCLUDED,
KRX_KOSPI,005430,005430,한국공항,UNKNOWN,valid_id,EXACT_MATCH,INCLUDED,
KRX_KOSPI,010040,010040,한국내화,UNKNOWN,valid_id,EXACT_MATCH,INCLUDED,
KRX_KOSPI,025540,025540,한국단자,UNKNOWN,valid_id,EXACT_MATCH,INCLUDED,
KRX_KOSPI,010100,010100,한국무브넥스,UNKNOWN,valid_id,EXACT_MATCH,INCLUDED,
KRX_KOSPI,004090,004090,한국석유,UNKNOWN,valid_id,EXACT_MATCH,INCLUDED,
KRX_KOSPI,002200,002200,한국수출포장,UNKNOWN,valid_id,EXACT_MATCH,INCLUDED,
KRX_KOSPI,002960,002960,한국쉘석유,UNKNOWN,valid_id,EXACT_MATCH,INCLUDED,
KRX_KOSPI,000240,000240,한국앤컴퍼니,UNKNOWN,valid_id,EXACT_MATCH,INCLUDED,
KRX_KOSPI,033270,033270,유나이티드제약,UNKNOWN,valid_id,EXACT_MATCH,INCLUDED,
KRX_KOSPI,123890,123890,한국자산신탁,UNKNOWN,valid_id,EXACT_MATCH,INCLUDED,
KRX_KOSPI,015760,015760,한국전력,UNKNOWN,valid_id,EXACT_MATCH,INCLUDED,
KRX_KOSPI,052690,052690,한전기술,UNKNOWN,valid_id,EXACT_MATCH,INCLUDED,
KRX_KOSPI,006200,006200,한국전자홀딩스,UNKNOWN,valid_id,EXACT_MATCH,INCLUDED,
KRX_KOSPI,027970,027970,한국제지,UNKNOWN,valid_id,EXACT_MATCH,INCLUDED,
KRX_KOSPI,023350,023350,한국종합기술,UNKNOWN,valid_id,EXACT_MATCH,INCLUDED,
KRX_KOSPI,025890,025890,한국주강,UNKNOWN,valid_id,EXACT_MATCH,INCLUDED,
KRX_KOSPI,000970,000970,한국주철관,UNKNOWN,valid_id,EXACT_MATCH,INCLUDED,
KRX_KOSPI,104700,104700,한국철강,UNKNOWN,valid_id,EXACT_MATCH,INCLUDED,
KRX_KOSPI,017960,017960,한국카본,UNKNOWN,valid_id,EXACT_MATCH,INCLUDED,
KRX_KOSPI,161890,161890,한국콜마,UNKNOWN,valid_id,EXACT_MATCH,INCLUDED,
KRX_KOSPI,161390,161390,한국타이어앤테크놀로지,UNKNOWN,valid_id,EXACT_MATCH,INCLUDED,
KRX_KOSPI,034830,034830,한국토지신탁,UNKNOWN,valid_id,EXACT_MATCH,INCLUDED,
KRX_KOSPI,071055,071055,한국금융지주우,UNKNOWN,valid_id,EXACT_MATCH,INCLUDED,
KRX_KOSPI,071050,071050,한국금융지주,UNKNOWN,valid_id,EXACT_MATCH,INCLUDED,
KRX_KOSPI,007280,007280,한국특강,UNKNOWN,valid_id,EXACT_MATCH,INCLUDED,
KRX_KOSPI,047810,047810,한국항공우주,UNKNOWN,valid_id,EXACT_MATCH,INCLUDED,
KRX_KOSPI,123690,123690,한국화장품,UNKNOWN,valid_id,EXACT_MATCH,INCLUDED,
KRX_KOSPI,003350,003350,한국화장품제조,UNKNOWN,valid_id,EXACT_MATCH,INCLUDED,
KRX_KOSPI,011500,011500,한농화성,UNKNOWN,valid_id,EXACT_MATCH,INCLUDED,
KRX_KOSPI,002390,002390,한독,UNKNOWN,valid_id,EXACT_MATCH,INCLUDED,
KRX_KOSPI,053690,053690,한미글로벌,UNKNOWN,valid_id,EXACT_MATCH,INCLUDED,
KRX_KOSPI,042700,042700,한미반도체,UNKNOWN,valid_id,EXACT_MATCH,INCLUDED,
KRX_KOSPI,008930,008930,한미사이언스,UNKNOWN,valid_id,EXACT_MATCH,INCLUDED,
KRX_KOSPI,128940,128940,한미약품,UNKNOWN,valid_id,EXACT_MATCH,INCLUDED,
KRX_KOSPI,009240,009240,한샘,UNKNOWN,valid_id,EXACT_MATCH,INCLUDED,
KRX_KOSPI,020000,020000,한섬,UNKNOWN,valid_id,EXACT_MATCH,INCLUDED,
KRX_KOSPI,003680,003680,한성기업,UNKNOWN,valid_id,EXACT_MATCH,INCLUDED,
KRX_KOSPI,105630,105630,한세실업,UNKNOWN,valid_id,EXACT_MATCH,INCLUDED,
KRX_KOSPI,069640,069640,한세엠케이,UNKNOWN,valid_id,EXACT_MATCH,INCLUDED,
KRX_KOSPI,016450,016450,한세예스24홀딩스,UNKNOWN,valid_id,EXACT_MATCH,INCLUDED,
KRX_KOSPI,009180,009180,한솔로지스틱스,UNKNOWN,valid_id,EXACT_MATCH,INCLUDED,
KRX_KOSPI,213500,213500,한솔제지,UNKNOWN,valid_id,EXACT_MATCH,INCLUDED,
KRX_KOSPI,014680,014680,한솔케미칼,UNKNOWN,valid_id,EXACT_MATCH,INCLUDED,
KRX_KOSPI,004710,004710,한솔테크닉스,UNKNOWN,valid_id,EXACT_MATCH,INCLUDED,
KRX_KOSPI,004150,004150,한솔홀딩스,UNKNOWN,valid_id,EXACT_MATCH,INCLUDED,
KRX_KOSPI,025750,025750,한솔홈데코,UNKNOWN,valid_id,EXACT_MATCH,INCLUDED,
KRX_KOSPI,004960,004960,한신공영,UNKNOWN,valid_id,EXACT_MATCH,INCLUDED,
KRX_KOSPI,011700,011700,한신기계,UNKNOWN,valid_id,EXACT_MATCH,INCLUDED,
KRX_KOSPI,001755,001755,한양증권우,UNKNOWN,valid_id,EXACT_MATCH,INCLUDED,
KRX_KOSPI,001750,001750,한양증권,UNKNOWN,valid_id,EXACT_MATCH,INCLUDED,
KRX_KOSPI,018880,018880,한온시스템,UNKNOWN,valid_id,EXACT_MATCH,INCLUDED,
KRX_KOSPI,009420,009420,한올바이오파마,UNKNOWN,valid_id,EXACT_MATCH,INCLUDED,
KRX_KOSPI,014130,014130,한익스프레스,UNKNOWN,valid_id,EXACT_MATCH,INCLUDED,
KRX_KOSPI,300720,300720,한일시멘트,UNKNOWN,valid_id,EXACT_MATCH,INCLUDED,
KRX_KOSPI,002220,002220,한일철강,UNKNOWN,valid_id,EXACT_MATCH,INCLUDED,
KRX_KOSPI,003300,003300,한일홀딩스,UNKNOWN,valid_id,EXACT_MATCH,INCLUDED,
KRX_KOSPI,051600,051600,한전KPS,UNKNOWN,valid_id,EXACT_MATCH,INCLUDED,
KRX_KOSPI,130660,130660,한전산업,UNKNOWN,valid_id,EXACT_MATCH,INCLUDED,
KRX_KOSPI,002320,002320,한진,UNKNOWN,valid_id,EXACT_MATCH,INCLUDED,
KRX_KOSPI,003480,003480,한진중공업홀딩스,UNKNOWN,valid_id,EXACT_MATCH,INCLUDED,
KRX_KOSPI,18064K,18064K,한진칼우,UNKNOWN,valid_id,EXACT_MATCH,INCLUDED,
KRX_KOSPI,180640,180640,한진칼,UNKNOWN,valid_id,EXACT_MATCH,INCLUDED,
KRX_KOSPI,005110,005110,한창,UNKNOWN,valid_id,EXACT_MATCH,INCLUDED,
KRX_KOSPI,009460,009460,한창제지,UNKNOWN,valid_id,EXACT_MATCH,INCLUDED,
KRX_KOSPI,372910,372910,한컴라이프케어,UNKNOWN,valid_id,EXACT_MATCH,INCLUDED,
KRX_KOSPI,00088K,00088K,한화3우B,UNKNOWN,valid_id,EXACT_MATCH,INCLUDED,
KRX_KOSPI,45226K,45226K,한화갤러리아우,UNKNOWN,valid_id,EXACT_MATCH,INCLUDED,
KRX_KOSPI,452260,452260,한화갤러리아,UNKNOWN,valid_id,EXACT_MATCH,INCLUDED,
KRX_KOSPI,451800,451800,한화리츠,UNKNOWN,valid_id,EXACT_MATCH,INCLUDED,
KRX_KOSPI,000880,000880,한화,UNKNOWN,valid_id,EXACT_MATCH,INCLUDED,
KRX_KOSPI,489790,489790,한화비전,UNKNOWN,valid_id,EXACT_MATCH,INCLUDED,
KRX_KOSPI,088350,088350,한화생명,UNKNOWN,valid_id,EXACT_MATCH,INCLUDED,
KRX_KOSPI,000370,000370,한화손해보험,UNKNOWN,valid_id,EXACT_MATCH,INCLUDED,
KRX_KOSPI,009835,009835,한화솔루션우,UNKNOWN,valid_id,EXACT_MATCH,INCLUDED,
KRX_KOSPI,009830,009830,한화솔루션,UNKNOWN,valid_id,EXACT_MATCH,INCLUDED,
KRX_KOSPI,272210,272210,한화시스템,UNKNOWN,valid_id,EXACT_MATCH,INCLUDED,
KRX_KOSPI,012450,012450,한화에어로스페이스,UNKNOWN,valid_id,EXACT_MATCH,INCLUDED,
KRX_KOSPI,082740,082740,한화엔진,UNKNOWN,valid_id,EXACT_MATCH,INCLUDED,
KRX_KOSPI,042660,042660,한화오션,UNKNOWN,valid_id,EXACT_MATCH,INCLUDED,
KRX_KOSPI,003535,003535,한화투자증권우,UNKNOWN,valid_id,EXACT_MATCH,INCLUDED,
KRX_KOSPI,003530,003530,한화투자증권,UNKNOWN,valid_id,EXACT_MATCH,INCLUDED,
KRX_KOSPI,195870,195870,해성디에스,UNKNOWN,valid_id,EXACT_MATCH,INCLUDED,
KRX_KOSPI,101530,101530,해태제과식품,UNKNOWN,valid_id,EXACT_MATCH,INCLUDED,
KRX_KOSPI,143210,143210,핸즈코퍼레이션,UNKNOWN,valid_id,EXACT_MATCH,INCLUDED,
KRX_KOSPI,000725,000725,현대건설우,UNKNOWN,valid_id,EXACT_MATCH,INCLUDED,
KRX_KOSPI,000720,000720,현대건설,UNKNOWN,valid_id,EXACT_MATCH,INCLUDED,
KRX_KOSPI,453340,453340,현대그린푸드,UNKNOWN,valid_id,EXACT_MATCH,INCLUDED,
KRX_KOSPI,086280,086280,현대글로비스,UNKNOWN,valid_id,EXACT_MATCH,INCLUDED,
KRX_KOSPI,064350,064350,현대로템,UNKNOWN,valid_id,EXACT_MATCH,INCLUDED,
KRX_KOSPI,079430,079430,현대리바트,UNKNOWN,valid_id,EXACT_MATCH,INCLUDED,
KRX_KOSPI,012330,012330,현대모비스,UNKNOWN,valid_id,EXACT_MATCH,INCLUDED,
KRX_KOSPI,069960,069960,현대백화점,UNKNOWN,valid_id,EXACT_MATCH,INCLUDED,
KRX_KOSPI,004560,004560,현대비앤지스틸,UNKNOWN,valid_id,EXACT_MATCH,INCLUDED,
KRX_KOSPI,004310,004310,현대약품,UNKNOWN,valid_id,EXACT_MATCH,INCLUDED,
KRX_KOSPI,017800,017800,현대엘리베이터,UNKNOWN,valid_id,EXACT_MATCH,INCLUDED,
KRX_KOSPI,307950,307950,현대오토에버,UNKNOWN,valid_id,EXACT_MATCH,INCLUDED,
KRX_KOSPI,011210,011210,현대위아,UNKNOWN,valid_id,EXACT_MATCH,INCLUDED,
KRX_KOSPI,005385,005385,현대차우,UNKNOWN,valid_id,EXACT_MATCH,INCLUDED,
KRX_KOSPI,005387,005387,현대차2우B,UNKNOWN,valid_id,EXACT_MATCH,INCLUDED,
KRX_KOSPI,005389,005389,현대차3우B,UNKNOWN,valid_id,EXACT_MATCH,INCLUDED,
KRX_KOSPI,005380,005380,현대차,UNKNOWN,valid_id,EXACT_MATCH,INCLUDED,
KRX_KOSPI,004020,004020,현대제철,UNKNOWN,valid_id,EXACT_MATCH,INCLUDED,
KRX_KOSPI,005440,005440,현대지에프홀딩스,UNKNOWN,valid_id,EXACT_MATCH,INCLUDED,
KRX_KOSPI,001500,001500,현대차증권,UNKNOWN,valid_id,EXACT_MATCH,INCLUDED,
KRX_KOSPI,011760,011760,현대코퍼레이션,UNKNOWN,valid_id,EXACT_MATCH,INCLUDED,
KRX_KOSPI,227840,227840,현대코퍼레이션홀딩스,UNKNOWN,valid_id,EXACT_MATCH,INCLUDED,
KRX_KOSPI,126560,126560,현대퓨처넷,UNKNOWN,valid_id,EXACT_MATCH,INCLUDED,
KRX_KOSPI,001450,001450,현대해상,UNKNOWN,valid_id,EXACT_MATCH,INCLUDED,
KRX_KOSPI,093240,093240,형지엘리트,UNKNOWN,valid_id,EXACT_MATCH,INCLUDED,
KRX_KOSPI,003010,003010,혜인,UNKNOWN,valid_id,EXACT_MATCH,INCLUDED,
KRX_KOSPI,111110,111110,호전실업,UNKNOWN,valid_id,EXACT_MATCH,INCLUDED,
KRX_KOSPI,008775,008775,호텔신라우,UNKNOWN,valid_id,EXACT_MATCH,INCLUDED,
KRX_KOSPI,008770,008770,호텔신라,UNKNOWN,valid_id,EXACT_MATCH,INCLUDED,
KRX_KOSPI,378850,378850,화승알앤에이,UNKNOWN,valid_id,EXACT_MATCH,INCLUDED,
KRX_KOSPI,241590,241590,화승엔터프라이즈,UNKNOWN,valid_id,EXACT_MATCH,INCLUDED,
KRX_KOSPI,006060,006060,화승인더,UNKNOWN,valid_id,EXACT_MATCH,INCLUDED,
KRX_KOSPI,013520,013520,화승코퍼레이션,UNKNOWN,valid_id,EXACT_MATCH,INCLUDED,
KRX_KOSPI,010690,010690,화신,UNKNOWN,valid_id,EXACT_MATCH,INCLUDED,
KRX_KOSPI,133820,133820,화인베스틸,UNKNOWN,valid_id,EXACT_MATCH,INCLUDED,
KRX_KOSPI,010660,010660,화천기계,UNKNOWN,valid_id,EXACT_MATCH,INCLUDED,
KRX_KOSPI,000850,000850,화천기공,UNKNOWN,valid_id,EXACT_MATCH,INCLUDED,
KRX_KOSPI,016580,016580,환인제약,UNKNOWN,valid_id,EXACT_MATCH,INCLUDED,
KRX_KOSPI,032560,032560,황금에스티,UNKNOWN,valid_id,EXACT_MATCH,INCLUDED,
KRX_KOSPI,004800,004800,효성,UNKNOWN,valid_id,EXACT_MATCH,INCLUDED,
KRX_KOSPI,094280,094280,효성ITX,UNKNOWN,valid_id,EXACT_MATCH,INCLUDED,
KRX_KOSPI,298040,298040,효성중공업,UNKNOWN,valid_id,EXACT_MATCH,INCLUDED,
KRX_KOSPI,298020,298020,효성티앤씨,UNKNOWN,valid_id,EXACT_MATCH,INCLUDED,
KRX_KOSPI,298000,298000,효성화학,UNKNOWN,valid_id,EXACT_MATCH,INCLUDED,
KRX_KOSPI,093370,093370,후성,UNKNOWN,valid_id,EXACT_MATCH,INCLUDED,
KRX_KOSPI,005870,005870,휴니드,UNKNOWN,valid_id,EXACT_MATCH,INCLUDED,
KRX_KOSPI,079980,079980,휴비스,UNKNOWN,valid_id,EXACT_MATCH,INCLUDED,
KRX_KOSPI,005010,005010,휴스틸,UNKNOWN,valid_id,EXACT_MATCH,INCLUDED,
KRX_KOSPI,000545,000545,흥국화재우,UNKNOWN,valid_id,EXACT_MATCH,INCLUDED,
KRX_KOSPI,000540,000540,흥국화재,UNKNOWN,valid_id,EXACT_MATCH,INCLUDED,
KRX_KOSPI,003280,003280,흥아해운,UNKNOWN,valid_id,EXACT_MATCH,INCLUDED,
KRX_KOSDAQ,098120,098120,마이크로컨텍솔,UNKNOWN,valid_id,EXACT_MATCH,INCLUDED,
KRX_KOSDAQ,009520,009520,포스코엠텍,UNKNOWN,valid_id,EXACT_MATCH,INCLUDED,
KRX_KOSDAQ,079810,079810,APS이노베이션,UNKNOWN,valid_id,EXACT_MATCH,INCLUDED,
KRX_KOSDAQ,058820,058820,CMG제약,UNKNOWN,valid_id,EXACT_MATCH,INCLUDED,
KRX_KOSDAQ,050120,050120,ES큐브,UNKNOWN,valid_id,EXACT_MATCH,INCLUDED,
KRX_KOSDAQ,032620,032620,GC메디아이,UNKNOWN,valid_id,EXACT_MATCH,INCLUDED,
KRX_KOSDAQ,024850,024850,HLB이노베이션,UNKNOWN,valid_id,EXACT_MATCH,INCLUDED,
KRX_KOSDAQ,024120,024120,KB오토시스,UNKNOWN,valid_id,EXACT_MATCH,INCLUDED,
KRX_KOSDAQ,044180,044180,KD,UNKNOWN,valid_id,EXACT_MATCH,INCLUDED,
KRX_KOSDAQ,046440,046440,KG파이낸셜,UNKNOWN,valid_id,EXACT_MATCH,INCLUDED,
KRX_KOSDAQ,073490,073490,LIG아큐버,UNKNOWN,valid_id,EXACT_MATCH,INCLUDED,
KRX_KOSDAQ,091970,091970,LSK아이로봇,UNKNOWN,valid_id,EXACT_MATCH,INCLUDED,
KRX_KOSDAQ,086960,086960,MDS테크,UNKNOWN,valid_id,EXACT_MATCH,INCLUDED,
KRX_KOSDAQ,054050,054050,NH농우바이오,UNKNOWN,valid_id,EXACT_MATCH,INCLUDED,
KRX_KOSDAQ,063570,063570,NICE인프라,UNKNOWN,valid_id,EXACT_MATCH,INCLUDED,
KRX_KOSDAQ,222080,222080,SFA넥셀,UNKNOWN,valid_id,EXACT_MATCH,INCLUDED,
KRX_KOSDAQ,041930,041930,SY동아,UNKNOWN,valid_id,EXACT_MATCH,INCLUDED,
KRX_KOSDAQ,048770,048770,TPC로보틱스,UNKNOWN,valid_id,EXACT_MATCH,INCLUDED,
KRX_KOSDAQ,079940,079940,가비아,UNKNOWN,valid_id,EXACT_MATCH,INCLUDED,
KRX_KOSDAQ,078890,078890,가온그룹,UNKNOWN,valid_id,EXACT_MATCH,INCLUDED,
KRX_KOSDAQ,399720,399720,가온칩스,UNKNOWN,valid_id,EXACT_MATCH,INCLUDED,
KRX_KOSDAQ,036620,036620,감성코퍼레이션,UNKNOWN,valid_id,EXACT_MATCH,INCLUDED,
KRX_KOSDAQ,198440,198440,강동씨앤엘,UNKNOWN,valid_id,EXACT_MATCH,INCLUDED,
KRX_KOSDAQ,217730,217730,강스템바이오텍,UNKNOWN,valid_id,EXACT_MATCH,INCLUDED,
KRX_KOSDAQ,114190,114190,강원에너지,UNKNOWN,valid_id,EXACT_MATCH,INCLUDED,
KRX_KOSDAQ,094480,094480,갤럭시아머니트리,UNKNOWN,valid_id,EXACT_MATCH,INCLUDED,
KRX_KOSDAQ,039240,039240,경남스틸,UNKNOWN,valid_id,EXACT_MATCH,INCLUDED,
KRX_KOSDAQ,053950,053950,경남제약,UNKNOWN,valid_id,EXACT_MATCH,INCLUDED,
KRX_KOSDAQ,011040,011040,경동제약,UNKNOWN,valid_id,EXACT_MATCH,INCLUDED,
KRX_KOSDAQ,024910,024910,경창산업,UNKNOWN,valid_id,EXACT_MATCH,INCLUDED,
KRX_KOSDAQ,049720,049720,고려신용정보,UNKNOWN,valid_id,EXACT_MATCH,INCLUDED,
KRX_KOSDAQ,014570,014570,고려제약,UNKNOWN,valid_id,EXACT_MATCH,INCLUDED,
KRX_KOSDAQ,348150,348150,고바이오랩,UNKNOWN,valid_id,EXACT_MATCH,INCLUDED,
KRX_KOSDAQ,950190,950190,고스트스튜디오,UNKNOWN,,NONE,EXCLUDED_WITH_REASON,EXCLUDED_OTHER
KRX_KOSDAQ,098460,098460,고영,UNKNOWN,valid_id,EXACT_MATCH,INCLUDED,
KRX_KOSDAQ,035290,035290,골드앤에스,UNKNOWN,valid_id,EXACT_MATCH,INCLUDED,
KRX_KOSDAQ,215000,215000,골프존,UNKNOWN,valid_id,EXACT_MATCH,INCLUDED,
KRX_KOSDAQ,121440,121440,골프존홀딩스,UNKNOWN,valid_id,EXACT_MATCH,INCLUDED,
KRX_KOSDAQ,029480,029480,광무,UNKNOWN,valid_id,EXACT_MATCH,INCLUDED,
KRX_KOSDAQ,026910,026910,광진실업,UNKNOWN,valid_id,EXACT_MATCH,INCLUDED,
KRX_KOSDAQ,465320,465320,교보15호스팩,UNKNOWN,,NONE,EXCLUDED_WITH_REASON,EXCLUDED_SPAC
KRX_KOSDAQ,482520,482520,교보16호스팩,UNKNOWN,,NONE,EXCLUDED_WITH_REASON,EXCLUDED_SPAC
KRX_KOSDAQ,489210,489210,교보17호스팩,UNKNOWN,,NONE,EXCLUDED_WITH_REASON,EXCLUDED_SPAC
KRX_KOSDAQ,0041B0,0041B0,교보18호스팩,UNKNOWN,,NONE,EXCLUDED_WITH_REASON,EXCLUDED_SPAC
KRX_KOSDAQ,0098T0,0098T0,교보19호스팩,UNKNOWN,,NONE,EXCLUDED_WITH_REASON,EXCLUDED_SPAC
KRX_KOSDAQ,0132G0,0132G0,교보20호스팩,UNKNOWN,,NONE,EXCLUDED_WITH_REASON,EXCLUDED_SPAC
KRX_KOSDAQ,053270,053270,구영테크,UNKNOWN,valid_id,EXACT_MATCH,INCLUDED,
KRX_KOSDAQ,066620,066620,국보디자인,UNKNOWN,valid_id,EXACT_MATCH,INCLUDED,
KRX_KOSDAQ,043650,043650,국순당,UNKNOWN,valid_id,EXACT_MATCH,INCLUDED,
KRX_KOSDAQ,006050,006050,국영지앤엠,UNKNOWN,valid_id,EXACT_MATCH,INCLUDED,
KRX_KOSDAQ,060480,060480,국일신동,UNKNOWN,valid_id,EXACT_MATCH,INCLUDED,
KRX_KOSDAQ,078130,078130,국일제지,UNKNOWN,valid_id,EXACT_MATCH,INCLUDED,
KRX_KOSDAQ,307750,307750,국전,UNKNOWN,valid_id,EXACT_MATCH,INCLUDED,
KRX_KOSDAQ,035080,035080,그래디언트,UNKNOWN,valid_id,EXACT_MATCH,INCLUDED,
KRX_KOSDAQ,318060,318060,그래피,UNKNOWN,valid_id,EXACT_MATCH,INCLUDED,
KRX_KOSDAQ,900290,900290,GRT,UNKNOWN,valid_id,EXACT_MATCH,INCLUDED,
KRX_KOSDAQ,453450,453450,그리드위즈,UNKNOWN,valid_id,EXACT_MATCH,INCLUDED,
KRX_KOSDAQ,204020,204020,그리티,UNKNOWN,valid_id,EXACT_MATCH,INCLUDED,
KRX_KOSDAQ,0015G0,0015G0,그린광학,UNKNOWN,valid_id,EXACT_MATCH,INCLUDED,
KRX_KOSDAQ,402490,402490,그린리소스,UNKNOWN,valid_id,EXACT_MATCH,INCLUDED,
KRX_KOSDAQ,114450,114450,그린생명과학,UNKNOWN,valid_id,EXACT_MATCH,INCLUDED,
KRX_KOSDAQ,186230,186230,그린플러스,UNKNOWN,valid_id,EXACT_MATCH,INCLUDED,
KRX_KOSDAQ,083450,083450,GST,UNKNOWN,valid_id,EXACT_MATCH,INCLUDED,
KRX_KOSDAQ,900070,900070,글로벌에스엠,UNKNOWN,valid_id,EXACT_MATCH,INCLUDED,
KRX_KOSDAQ,204620,204620,글로벌텍스프리,UNKNOWN,valid_id,EXACT_MATCH,INCLUDED,
KRX_KOSDAQ,019660,019660,글로본,UNKNOWN,valid_id,EXACT_MATCH,INCLUDED,
KRX_KOSDAQ,053260,053260,금강철강,UNKNOWN,valid_id,EXACT_MATCH,INCLUDED,
KRX_KOSDAQ,282720,282720,금양그린파워,UNKNOWN,valid_id,EXACT_MATCH,INCLUDED,
KRX_KOSDAQ,036190,036190,금화피에스시,UNKNOWN,valid_id,EXACT_MATCH,INCLUDED,
KRX_KOSDAQ,049080,049080,기가레인,UNKNOWN,valid_id,EXACT_MATCH,INCLUDED,
KRX_KOSDAQ,420770,420770,기가비스,UNKNOWN,valid_id,EXACT_MATCH,INCLUDED,
KRX_KOSDAQ,035460,035460,기산텔레콤,UNKNOWN,valid_id,EXACT_MATCH,INCLUDED,
KRX_KOSDAQ,407400,407400,꿈비,UNKNOWN,valid_id,EXACT_MATCH,INCLUDED,
KRX_KOSDAQ,187790,187790,나노,UNKNOWN,valid_id,EXACT_MATCH,INCLUDED,
KRX_KOSDAQ,121600,121600,나노신소재,UNKNOWN,valid_id,EXACT_MATCH,INCLUDED,
KRX_KOSDAQ,286750,286750,나노실리칸첨단소재,UNKNOWN,valid_id,EXACT_MATCH,INCLUDED,
KRX_KOSDAQ,247660,247660,나노씨엠에스,UNKNOWN,valid_id,EXACT_MATCH,INCLUDED,
KRX_KOSDAQ,039860,039860,나노엔텍,UNKNOWN,valid_id,EXACT_MATCH,INCLUDED,
KRX_KOSDAQ,417010,417010,나노팀,UNKNOWN,valid_id,EXACT_MATCH,INCLUDED,
KRX_KOSDAQ,405920,405920,나라셀라,UNKNOWN,valid_id,EXACT_MATCH,INCLUDED,
KRX_KOSDAQ,478340,478340,나라스페이스테크놀로지,UNKNOWN,valid_id,EXACT_MATCH,INCLUDED,
KRX_KOSDAQ,051490,051490,나라엠앤디,UNKNOWN,valid_id,EXACT_MATCH,INCLUDED,
KRX_KOSDAQ,137080,137080,나래나노텍,UNKNOWN,valid_id,EXACT_MATCH,INCLUDED,
KRX_KOSDAQ,190510,190510,나무가,UNKNOWN,valid_id,EXACT_MATCH,INCLUDED,
KRX_KOSDAQ,242040,242040,나무에이엑스,UNKNOWN,valid_id,EXACT_MATCH,INCLUDED,
KRX_KOSDAQ,459510,459510,나우로보틱스,UNKNOWN,valid_id,EXACT_MATCH,INCLUDED,
KRX_KOSDAQ,293580,293580,나우IB,UNKNOWN,valid_id,EXACT_MATCH,INCLUDED,
KRX_KOSDAQ,138610,138610,나이벡,UNKNOWN,valid_id,EXACT_MATCH,INCLUDED,
KRX_KOSDAQ,130580,130580,나이스디앤비,UNKNOWN,valid_id,EXACT_MATCH,INCLUDED,
KRX_KOSDAQ,036800,036800,나이스정보통신,UNKNOWN,valid_id,EXACT_MATCH,INCLUDED,
KRX_KOSDAQ,366030,366030,나인앤컴퍼니,UNKNOWN,valid_id,EXACT_MATCH,INCLUDED,
KRX_KOSDAQ,267320,267320,나인테크,UNKNOWN,valid_id,EXACT_MATCH,INCLUDED,
KRX_KOSDAQ,111710,111710,남화산업,UNKNOWN,valid_id,EXACT_MATCH,INCLUDED,
KRX_KOSDAQ,091590,091590,남화토건,UNKNOWN,valid_id,EXACT_MATCH,INCLUDED,
KRX_KOSDAQ,168330,168330,내츄럴엔도텍,UNKNOWN,valid_id,EXACT_MATCH,INCLUDED,
KRX_KOSDAQ,094860,094860,네오리진,UNKNOWN,valid_id,EXACT_MATCH,INCLUDED,
KRX_KOSDAQ,0218L0,0218L0,네오뷰,UNKNOWN,valid_id,EXACT_MATCH,INCLUDED,
KRX_KOSDAQ,253590,253590,네오셈,UNKNOWN,valid_id,EXACT_MATCH,INCLUDED,
KRX_KOSDAQ,212560,212560,네오오토,UNKNOWN,valid_id,EXACT_MATCH,INCLUDED,
KRX_KOSDAQ,095660,095660,네오위즈,UNKNOWN,valid_id,EXACT_MATCH,INCLUDED,
KRX_KOSDAQ,042420,042420,네오위즈홀딩스,UNKNOWN,valid_id,EXACT_MATCH,INCLUDED,
KRX_KOSDAQ,950220,950220,네오이뮨텍,UNKNOWN,,NONE,EXCLUDED_WITH_REASON,EXCLUDED_OTHER
KRX_KOSDAQ,311390,311390,네오크레마,UNKNOWN,valid_id,EXACT_MATCH,INCLUDED,
KRX_KOSDAQ,085910,085910,네오티스,UNKNOWN,valid_id,EXACT_MATCH,INCLUDED,
KRX_KOSDAQ,092730,092730,네오팜,UNKNOWN,valid_id,EXACT_MATCH,INCLUDED,
KRX_KOSDAQ,153460,153460,네이블,UNKNOWN,valid_id,EXACT_MATCH,INCLUDED,
KRX_KOSDAQ,007390,007390,네이처셀,UNKNOWN,valid_id,EXACT_MATCH,INCLUDED,
KRX_KOSDAQ,033640,033640,네패스,UNKNOWN,valid_id,EXACT_MATCH,INCLUDED,
KRX_KOSDAQ,330860,330860,네패스아크,UNKNOWN,valid_id,EXACT_MATCH,INCLUDED,
KRX_KOSDAQ,351320,351320,넥사다이내믹스,UNKNOWN,valid_id,EXACT_MATCH,INCLUDED,
KRX_KOSDAQ,089140,089140,넥스턴앤롤코리아,UNKNOWN,valid_id,EXACT_MATCH,INCLUDED,
KRX_KOSDAQ,389650,389650,넥스트바이오메디컬,UNKNOWN,valid_id,EXACT_MATCH,INCLUDED,
KRX_KOSDAQ,137940,137940,넥스트아이,UNKNOWN,valid_id,EXACT_MATCH,INCLUDED,
KRX_KOSDAQ,160550,160550,NEW,UNKNOWN,valid_id,EXACT_MATCH,INCLUDED,
KRX_KOSDAQ,396270,396270,넥스트칩,UNKNOWN,valid_id,EXACT_MATCH,INCLUDED,
KRX_KOSDAQ,348210,348210,넥스틴,UNKNOWN,valid_id,EXACT_MATCH,INCLUDED,
KRX_KOSDAQ,225570,225570,넥슨게임즈,UNKNOWN,valid_id,EXACT_MATCH,INCLUDED,
KRX_KOSDAQ,205500,205500,넥써쓰,UNKNOWN,valid_id,EXACT_MATCH,INCLUDED,
KRX_KOSDAQ,217270,217270,넵튠,UNKNOWN,valid_id,EXACT_MATCH,INCLUDED,
KRX_KOSDAQ,104620,104620,노랑풍선,UNKNOWN,valid_id,EXACT_MATCH,INCLUDED,
KRX_KOSDAQ,473980,473980,노머스,UNKNOWN,valid_id,EXACT_MATCH,INCLUDED,
KRX_KOSDAQ,194700,194700,노바렉스,UNKNOWN,valid_id,EXACT_MATCH,INCLUDED,
KRX_KOSDAQ,285490,285490,노바텍,UNKNOWN,valid_id,EXACT_MATCH,INCLUDED,
KRX_KOSDAQ,145170,145170,노브랜드,UNKNOWN,valid_id,EXACT_MATCH,INCLUDED,
KRX_KOSDAQ,376930,376930,노을,UNKNOWN,valid_id,EXACT_MATCH,INCLUDED,
KRX_KOSDAQ,486990,486990,노타,UNKNOWN,valid_id,EXACT_MATCH,INCLUDED,
KRX_KOSDAQ,142280,142280,녹십자엠에스,UNKNOWN,valid_id,EXACT_MATCH,INCLUDED,
KRX_KOSDAQ,234690,234690,녹십자웰빙,UNKNOWN,valid_id,EXACT_MATCH,INCLUDED,
KRX_KOSDAQ,154030,154030,아시아종묘,UNKNOWN,valid_id,EXACT_MATCH,INCLUDED,
KRX_KOSDAQ,403490,403490,우듬지팜,UNKNOWN,valid_id,EXACT_MATCH,INCLUDED,
KRX_KOSDAQ,069140,069140,누리플랜,UNKNOWN,valid_id,EXACT_MATCH,INCLUDED,
KRX_KOSDAQ,040160,040160,누리플렉스,UNKNOWN,valid_id,EXACT_MATCH,INCLUDED,
KRX_KOSDAQ,332290,332290,누보,UNKNOWN,valid_id,EXACT_MATCH,INCLUDED,
KRX_KOSDAQ,348340,348340,뉴로메카,UNKNOWN,valid_id,EXACT_MATCH,INCLUDED,
KRX_KOSDAQ,380550,380550,뉴로핏,UNKNOWN,valid_id,EXACT_MATCH,INCLUDED,
KRX_KOSDAQ,060260,060260,뉴보텍,UNKNOWN,valid_id,EXACT_MATCH,INCLUDED,
KRX_KOSDAQ,463020,463020,뉴엔AI,UNKNOWN,valid_id,EXACT_MATCH,INCLUDED,
KRX_KOSDAQ,123840,123840,뉴온,UNKNOWN,valid_id,EXACT_MATCH,INCLUDED,
KRX_KOSDAQ,012340,012340,뉴인텍,UNKNOWN,valid_id,EXACT_MATCH,INCLUDED,
KRX_KOSDAQ,462310,462310,뉴키즈온,UNKNOWN,valid_id,EXACT_MATCH,INCLUDED,
KRX_KOSDAQ,270870,270870,뉴트리,UNKNOWN,valid_id,EXACT_MATCH,INCLUDED,
KRX_KOSDAQ,144960,144960,뉴파워프라즈마,UNKNOWN,valid_id,EXACT_MATCH,INCLUDED,
KRX_KOSDAQ,085670,085670,뉴프렉스,UNKNOWN,valid_id,EXACT_MATCH,INCLUDED,
KRX_KOSDAQ,064260,064260,다날,UNKNOWN,valid_id,EXACT_MATCH,INCLUDED,
KRX_KOSDAQ,340360,340360,다보링크,UNKNOWN,valid_id,EXACT_MATCH,INCLUDED,
KRX_KOSDAQ,039560,039560,다산네트웍스,UNKNOWN,valid_id,EXACT_MATCH,INCLUDED,
KRX_KOSDAQ,208860,208860,다산디엠씨,UNKNOWN,valid_id,EXACT_MATCH,INCLUDED,
KRX_KOSDAQ,154040,154040,다산솔루에타,UNKNOWN,valid_id,EXACT_MATCH,INCLUDED,
KRX_KOSDAQ,032190,032190,다우데이타,UNKNOWN,valid_id,EXACT_MATCH,INCLUDED,
KRX_KOSDAQ,323350,323350,다원넥스뷰,UNKNOWN,valid_id,EXACT_MATCH,INCLUDED,
KRX_KOSDAQ,068240,068240,다원시스,UNKNOWN,valid_id,EXACT_MATCH,INCLUDED,
KRX_KOSDAQ,290660,290660,다이나믹솔루션,UNKNOWN,valid_id,EXACT_MATCH,INCLUDED,
KRX_KOSDAQ,464580,464580,닷밀,UNKNOWN,valid_id,EXACT_MATCH,INCLUDED,
KRX_KOSDAQ,020400,020400,대동금속,UNKNOWN,valid_id,EXACT_MATCH,INCLUDED,
KRX_KOSDAQ,008830,008830,대동기어,UNKNOWN,valid_id,EXACT_MATCH,INCLUDED,
KRX_KOSDAQ,048470,048470,대동스틸,UNKNOWN,valid_id,EXACT_MATCH,INCLUDED,
KRX_KOSDAQ,004780,004780,대륙제관,UNKNOWN,valid_id,EXACT_MATCH,INCLUDED,
KRX_KOSDAQ,017650,017650,대림제지,UNKNOWN,valid_id,EXACT_MATCH,INCLUDED,
KRX_KOSDAQ,389260,389260,대명에너지,UNKNOWN,valid_id,EXACT_MATCH,INCLUDED,
KRX_KOSDAQ,317850,317850,대모,UNKNOWN,valid_id,EXACT_MATCH,INCLUDED,
KRX_KOSDAQ,290670,290670,대보마그네틱,UNKNOWN,valid_id,EXACT_MATCH,INCLUDED,
KRX_KOSDAQ,078140,078140,대봉엘에스,UNKNOWN,valid_id,EXACT_MATCH,INCLUDED,
KRX_KOSDAQ,065150,065150,대산F&B,UNKNOWN,valid_id,EXACT_MATCH,INCLUDED,
KRX_KOSDAQ,036480,036480,대성미생물,UNKNOWN,valid_id,EXACT_MATCH,INCLUDED,
KRX_KOSDAQ,027830,027830,대성창투,UNKNOWN,valid_id,EXACT_MATCH,INCLUDED,
KRX_KOSDAQ,129920,129920,대성하이텍,UNKNOWN,valid_id,EXACT_MATCH,INCLUDED,
KRX_KOSDAQ,471050,471050,대신밸런스제17호스팩,UNKNOWN,,NONE,EXCLUDED_WITH_REASON,EXCLUDED_SPAC
KRX_KOSDAQ,482690,482690,대신밸런스제19호스팩,UNKNOWN,,NONE,EXCLUDED_WITH_REASON,EXCLUDED_SPAC
KRX_KOSDAQ,0134X0,0134X0,대신밸런스제20호스팩,UNKNOWN,,NONE,EXCLUDED_WITH_REASON,EXCLUDED_SPAC
KRX_KOSDAQ,020180,020180,대신정보통신,UNKNOWN,valid_id,EXACT_MATCH,INCLUDED,
KRX_KOSDAQ,045390,045390,대아티아이,UNKNOWN,valid_id,EXACT_MATCH,INCLUDED,
KRX_KOSDAQ,108380,108380,대양전기공업,UNKNOWN,valid_id,EXACT_MATCH,INCLUDED,
KRX_KOSDAQ,007680,007680,대원,UNKNOWN,valid_id,EXACT_MATCH,INCLUDED,
KRX_KOSDAQ,048910,048910,대원미디어,UNKNOWN,valid_id,EXACT_MATCH,INCLUDED,
KRX_KOSDAQ,005710,005710,대원산업,UNKNOWN,valid_id,EXACT_MATCH,INCLUDED,
KRX_KOSDAQ,120240,120240,대정화금,UNKNOWN,valid_id,EXACT_MATCH,INCLUDED,
KRX_KOSDAQ,003310,003310,대주산업,UNKNOWN,valid_id,EXACT_MATCH,INCLUDED,
KRX_KOSDAQ,078600,078600,대주전자재료,UNKNOWN,valid_id,EXACT_MATCH,INCLUDED,
KRX_KOSDAQ,393970,393970,대진첨단소재,UNKNOWN,valid_id,EXACT_MATCH,INCLUDED,
KRX_KOSDAQ,096350,096350,대창솔루션,UNKNOWN,valid_id,EXACT_MATCH,INCLUDED,
KRX_KOSDAQ,140520,140520,대창스틸,UNKNOWN,valid_id,EXACT_MATCH,INCLUDED,
KRX_KOSDAQ,131220,131220,대한과학,UNKNOWN,valid_id,EXACT_MATCH,INCLUDED,
KRX_KOSDAQ,010170,010170,대한광통신,UNKNOWN,valid_id,EXACT_MATCH,INCLUDED,
KRX_KOSDAQ,054670,054670,대한뉴팜,UNKNOWN,valid_id,EXACT_MATCH,INCLUDED,
KRX_KOSDAQ,023910,023910,대한약품,UNKNOWN,valid_id,EXACT_MATCH,INCLUDED,
KRX_KOSDAQ,021040,021040,대호특수강,UNKNOWN,valid_id,EXACT_MATCH,INCLUDED,
KRX_KOSDAQ,021045,021045,대호특수강우,UNKNOWN,valid_id,EXACT_MATCH,INCLUDED,
KRX_KOSDAQ,067080,067080,대화제약,UNKNOWN,valid_id,EXACT_MATCH,INCLUDED,
KRX_KOSDAQ,298540,298540,더네이쳐홀딩스,UNKNOWN,valid_id,EXACT_MATCH,INCLUDED,
KRX_KOSDAQ,032860,032860,더라미,UNKNOWN,valid_id,EXACT_MATCH,INCLUDED,
KRX_KOSDAQ,393890,393890,더블유씨피,UNKNOWN,valid_id,EXACT_MATCH,INCLUDED,
KRX_KOSDAQ,299170,299170,더블유에스아이,UNKNOWN,valid_id,EXACT_MATCH,INCLUDED,
KRX_KOSDAQ,089230,089230,THE E&M,UNKNOWN,valid_id,EXACT_MATCH,INCLUDED,
KRX_KOSDAQ,462860,462860,더즌,UNKNOWN,valid_id,EXACT_MATCH,INCLUDED,
KRX_KOSDAQ,224060,224060,더코디,UNKNOWN,valid_id,EXACT_MATCH,INCLUDED,
KRX_KOSDAQ,403850,403850,더핑크퐁컴퍼니,UNKNOWN,valid_id,EXACT_MATCH,INCLUDED,
KRX_KOSDAQ,213420,213420,덕산네오룩스,UNKNOWN,valid_id,EXACT_MATCH,INCLUDED,
KRX_KOSDAQ,317330,317330,덕산테코피아,UNKNOWN,valid_id,EXACT_MATCH,INCLUDED,
KRX_KOSDAQ,077360,077360,덕산하이메탈,UNKNOWN,valid_id,EXACT_MATCH,INCLUDED,
KRX_KOSDAQ,090410,090410,덕신이피씨,UNKNOWN,valid_id,EXACT_MATCH,INCLUDED,
KRX_KOSDAQ,0001A0,0001A0,덕양에너젠,UNKNOWN,valid_id,EXACT_MATCH,INCLUDED,
KRX_KOSDAQ,263600,263600,덕우전자,UNKNOWN,valid_id,EXACT_MATCH,INCLUDED,
KRX_KOSDAQ,194480,194480,데브시스터즈,UNKNOWN,valid_id,EXACT_MATCH,INCLUDED,
KRX_KOSDAQ,373160,373160,데이원컴퍼니,UNKNOWN,valid_id,EXACT_MATCH,INCLUDED,
KRX_KOSDAQ,263800,263800,데이타솔루션,UNKNOWN,valid_id,EXACT_MATCH,INCLUDED,
KRX_KOSDAQ,206560,206560,덱스터,UNKNOWN,valid_id,EXACT_MATCH,INCLUDED,
KRX_KOSDAQ,261200,261200,덴티스,UNKNOWN,valid_id,EXACT_MATCH,INCLUDED,
KRX_KOSDAQ,484120,484120,도우인시스,UNKNOWN,valid_id,EXACT_MATCH,INCLUDED,
KRX_KOSDAQ,067990,067990,도이치모터스,UNKNOWN,valid_id,EXACT_MATCH,INCLUDED,
KRX_KOSDAQ,006620,006620,동구바이오제약,UNKNOWN,valid_id,EXACT_MATCH,INCLUDED,
KRX_KOSDAQ,005160,005160,동국산업,UNKNOWN,valid_id,EXACT_MATCH,INCLUDED,
KRX_KOSDAQ,303810,303810,동국생명과학,UNKNOWN,valid_id,EXACT_MATCH,INCLUDED,
KRX_KOSDAQ,075970,075970,동국알앤에스,UNKNOWN,valid_id,EXACT_MATCH,INCLUDED,
KRX_KOSDAQ,100130,100130,동국S&C,UNKNOWN,valid_id,EXACT_MATCH,INCLUDED,
KRX_KOSDAQ,086450,086450,동국제약,UNKNOWN,valid_id,EXACT_MATCH,INCLUDED,
KRX_KOSDAQ,240550,240550,동방메디컬,UNKNOWN,valid_id,EXACT_MATCH,INCLUDED,
KRX_KOSDAQ,099410,099410,동방선기,UNKNOWN,valid_id,EXACT_MATCH,INCLUDED,
KRX_KOSDAQ,033500,033500,동성화인텍,UNKNOWN,valid_id,EXACT_MATCH,INCLUDED,
KRX_KOSDAQ,025950,025950,동신건설,UNKNOWN,valid_id,EXACT_MATCH,INCLUDED,
KRX_KOSDAQ,088130,088130,동아엘텍,UNKNOWN,valid_id,EXACT_MATCH,INCLUDED,
KRX_KOSDAQ,060380,060380,동양에스텍,UNKNOWN,valid_id,EXACT_MATCH,INCLUDED,
KRX_KOSDAQ,079960,079960,동양이엔피,UNKNOWN,valid_id,EXACT_MATCH,INCLUDED,
KRX_KOSDAQ,228340,228340,동양파일,UNKNOWN,valid_id,EXACT_MATCH,INCLUDED,
KRX_KOSDAQ,088910,088910,동우팜투테이블,UNKNOWN,valid_id,EXACT_MATCH,INCLUDED,
KRX_KOSDAQ,094170,094170,동운아나텍,UNKNOWN,valid_id,EXACT_MATCH,INCLUDED,
KRX_KOSDAQ,013120,013120,동원개발,UNKNOWN,valid_id,EXACT_MATCH,INCLUDED,
KRX_KOSDAQ,109860,109860,동일금속,UNKNOWN,valid_id,EXACT_MATCH,INCLUDED,
KRX_KOSDAQ,032960,032960,동일기연,UNKNOWN,valid_id,EXACT_MATCH,INCLUDED,
KRX_KOSDAQ,023790,023790,동일스틸럭스,UNKNOWN,valid_id,EXACT_MATCH,INCLUDED,
KRX_KOSDAQ,005290,005290,동진쎄미켐,UNKNOWN,valid_id,EXACT_MATCH,INCLUDED,
KRX_KOSDAQ,025900,025900,동화기업,UNKNOWN,valid_id,EXACT_MATCH,INCLUDED,
KRX_KOSDAQ,131970,131970,두산테스나,UNKNOWN,valid_id,EXACT_MATCH,INCLUDED,
KRX_KOSDAQ,073190,073190,듀오백,UNKNOWN,valid_id,EXACT_MATCH,INCLUDED,
KRX_KOSDAQ,176750,176750,듀켐바이오,UNKNOWN,valid_id,EXACT_MATCH,INCLUDED,
KRX_KOSDAQ,030350,030350,드래곤플라이,UNKNOWN,valid_id,EXACT_MATCH,INCLUDED,
KRX_KOSDAQ,203650,203650,드림시큐리티,UNKNOWN,valid_id,EXACT_MATCH,INCLUDED,
KRX_KOSDAQ,223250,223250,드림씨아이에스,UNKNOWN,valid_id,EXACT_MATCH,INCLUDED,
KRX_KOSDAQ,060570,060570,드림어스컴퍼니,UNKNOWN,valid_id,EXACT_MATCH,INCLUDED,
KRX_KOSDAQ,362990,362990,드림인사이트,UNKNOWN,valid_id,EXACT_MATCH,INCLUDED,
KRX_KOSDAQ,016670,016670,디모아,UNKNOWN,valid_id,EXACT_MATCH,INCLUDED,
KRX_KOSDAQ,187870,187870,디바이스,UNKNOWN,valid_id,EXACT_MATCH,INCLUDED,
KRX_KOSDAQ,477760,477760,DB금융스팩12호,UNKNOWN,,NONE,EXCLUDED_WITH_REASON,EXCLUDED_SPAC
KRX_KOSDAQ,489730,489730,디비금융제13호스팩,UNKNOWN,,NONE,EXCLUDED_WITH_REASON,EXCLUDED_SPAC
KRX_KOSDAQ,0004Y0,0004Y0,디비금융제14호스팩,UNKNOWN,,NONE,EXCLUDED_WITH_REASON,EXCLUDED_SPAC
KRX_KOSDAQ,110990,110990,디아이티,UNKNOWN,valid_id,EXACT_MATCH,INCLUDED,
KRX_KOSDAQ,263690,263690,디알젬,UNKNOWN,valid_id,EXACT_MATCH,INCLUDED,
KRX_KOSDAQ,214680,214680,디알텍,UNKNOWN,valid_id,EXACT_MATCH,INCLUDED,
KRX_KOSDAQ,347850,347850,디앤디파마텍,UNKNOWN,valid_id,EXACT_MATCH,INCLUDED,
KRX_KOSDAQ,263720,263720,디앤씨미디어,UNKNOWN,valid_id,EXACT_MATCH,INCLUDED,
KRX_KOSDAQ,376300,376300,디어유,UNKNOWN,valid_id,EXACT_MATCH,INCLUDED,
KRX_KOSDAQ,241520,241520,DSC인베스트먼트,UNKNOWN,valid_id,EXACT_MATCH,INCLUDED,
KRX_KOSDAQ,104040,104040,디에스엠,UNKNOWN,valid_id,EXACT_MATCH,INCLUDED,
KRX_KOSDAQ,109740,109740,디에스케이,UNKNOWN,valid_id,EXACT_MATCH,INCLUDED,
KRX_KOSDAQ,031860,031860,디에이치엑스컴퍼니,UNKNOWN,valid_id,EXACT_MATCH,INCLUDED,
KRX_KOSDAQ,290120,290120,DH오토리드,UNKNOWN,valid_id,EXACT_MATCH,INCLUDED,
KRX_KOSDAQ,025440,025440,DH오토웨어,UNKNOWN,valid_id,EXACT_MATCH,INCLUDED,
KRX_KOSDAQ,196490,196490,디에이테크놀로지,UNKNOWN,valid_id,EXACT_MATCH,INCLUDED,
KRX_KOSDAQ,066900,066900,디에이피,UNKNOWN,valid_id,EXACT_MATCH,INCLUDED,
KRX_KOSDAQ,180400,180400,DXVX,UNKNOWN,valid_id,EXACT_MATCH,INCLUDED,
KRX_KOSDAQ,092070,092070,디엔에프,UNKNOWN,valid_id,EXACT_MATCH,INCLUDED,
KRX_KOSDAQ,068790,068790,DMS,UNKNOWN,valid_id,EXACT_MATCH,INCLUDED,
KRX_KOSDAQ,039840,039840,디오,UNKNOWN,valid_id,EXACT_MATCH,INCLUDED,
KRX_KOSDAQ,219550,219550,디와이디,UNKNOWN,valid_id,EXACT_MATCH,INCLUDED,
KRX_KOSDAQ,310870,310870,디와이씨,UNKNOWN,valid_id,EXACT_MATCH,INCLUDED,
KRX_KOSDAQ,104460,104460,디와이피엔에프,UNKNOWN,valid_id,EXACT_MATCH,INCLUDED,
KRX_KOSDAQ,113810,113810,디젠스,UNKNOWN,valid_id,EXACT_MATCH,INCLUDED,
KRX_KOSDAQ,043360,043360,디지아이,UNKNOWN,valid_id,EXACT_MATCH,INCLUDED,
KRX_KOSDAQ,099520,099520,DGI,UNKNOWN,valid_id,EXACT_MATCH,INCLUDED,
KRX_KOSDAQ,197140,197140,디지캡,UNKNOWN,valid_id,EXACT_MATCH,INCLUDED,
KRX_KOSDAQ,068930,068930,디지털대성,UNKNOWN,valid_id,EXACT_MATCH,INCLUDED,
KRX_KOSDAQ,033130,033130,디지틀조선,UNKNOWN,valid_id,EXACT_MATCH,INCLUDED,
KRX_KOSDAQ,105740,105740,디케이락,UNKNOWN,valid_id,EXACT_MATCH,INCLUDED,
KRX_KOSDAQ,263020,263020,디케이앤디,UNKNOWN,valid_id,EXACT_MATCH,INCLUDED,
KRX_KOSDAQ,290550,290550,디케이티,UNKNOWN,valid_id,EXACT_MATCH,INCLUDED,
KRX_KOSDAQ,066670,066670,디티씨,UNKNOWN,valid_id,EXACT_MATCH,INCLUDED,
KRX_KOSDAQ,187220,187220,디티앤씨,UNKNOWN,valid_id,EXACT_MATCH,INCLUDED,
KRX_KOSDAQ,383930,383930,디티앤씨알오,UNKNOWN,valid_id,EXACT_MATCH,INCLUDED,
KRX_KOSDAQ,131180,131180,딜리,UNKNOWN,valid_id,EXACT_MATCH,INCLUDED,
KRX_KOSDAQ,483350,483350,딜리셔스,UNKNOWN,valid_id,EXACT_MATCH,INCLUDED,
KRX_KOSDAQ,315640,315640,딥노이드,UNKNOWN,valid_id,EXACT_MATCH,INCLUDED,
KRX_KOSDAQ,900110,900110,딥커머스,UNKNOWN,valid_id,EXACT_MATCH,INCLUDED,
KRX_KOSDAQ,317120,317120,라닉스,UNKNOWN,valid_id,EXACT_MATCH,INCLUDED,
KRX_KOSDAQ,462510,462510,라메디텍,UNKNOWN,valid_id,EXACT_MATCH,INCLUDED,
KRX_KOSDAQ,232680,232680,라온로보틱스,UNKNOWN,valid_id,EXACT_MATCH,INCLUDED,
KRX_KOSDAQ,042510,042510,라온시큐어,UNKNOWN,valid_id,EXACT_MATCH,INCLUDED,
KRX_KOSDAQ,418420,418420,라온텍,UNKNOWN,valid_id,EXACT_MATCH,INCLUDED,
KRX_KOSDAQ,300120,300120,라온피플,UNKNOWN,valid_id,EXACT_MATCH,INCLUDED,
KRX_KOSDAQ,171120,171120,라이온켐텍,UNKNOWN,valid_id,EXACT_MATCH,INCLUDED,
KRX_KOSDAQ,388790,388790,라이콤,UNKNOWN,valid_id,EXACT_MATCH,INCLUDED,
KRX_KOSDAQ,214260,214260,라파스,UNKNOWN,valid_id,EXACT_MATCH,INCLUDED,
KRX_KOSDAQ,171010,171010,램테크놀러지,UNKNOWN,valid_id,EXACT_MATCH,INCLUDED,
KRX_KOSDAQ,084650,084650,랩지노믹스,UNKNOWN,valid_id,EXACT_MATCH,INCLUDED,
KRX_KOSDAQ,217500,217500,러셀,UNKNOWN,valid_id,EXACT_MATCH,INCLUDED,
KRX_KOSDAQ,038390,038390,레드캡투어,UNKNOWN,valid_id,EXACT_MATCH,INCLUDED,
KRX_KOSDAQ,387690,387690,레메디,UNKNOWN,valid_id,EXACT_MATCH,INCLUDED,
KRX_KOSDAQ,294140,294140,레몬,UNKNOWN,valid_id,EXACT_MATCH,INCLUDED,
KRX_KOSDAQ,365660,365660,레몬헬스케어,UNKNOWN,valid_id,EXACT_MATCH,INCLUDED,
KRX_KOSDAQ,443250,443250,레뷰코퍼레이션,UNKNOWN,valid_id,EXACT_MATCH,INCLUDED,
KRX_KOSDAQ,228670,228670,레이,UNKNOWN,valid_id,EXACT_MATCH,INCLUDED,
KRX_KOSDAQ,228850,228850,레이언스,UNKNOWN,valid_id,EXACT_MATCH,INCLUDED,
KRX_KOSDAQ,412350,412350,레이저쎌,UNKNOWN,valid_id,EXACT_MATCH,INCLUDED,
KRX_KOSDAQ,199550,199550,레이저옵텍,UNKNOWN,valid_id,EXACT_MATCH,INCLUDED,
KRX_KOSDAQ,281740,281740,레이크머티리얼즈,UNKNOWN,valid_id,EXACT_MATCH,INCLUDED,
KRX_KOSDAQ,277810,277810,레인보우로보틱스,UNKNOWN,valid_id,EXACT_MATCH,INCLUDED,
KRX_KOSDAQ,215100,215100,로보로보,UNKNOWN,valid_id,EXACT_MATCH,INCLUDED,
KRX_KOSDAQ,090360,090360,로보스타,UNKNOWN,valid_id,EXACT_MATCH,INCLUDED,
KRX_KOSDAQ,108490,108490,로보티즈,UNKNOWN,valid_id,EXACT_MATCH,INCLUDED,
KRX_KOSDAQ,900260,900260,로스웰,UNKNOWN,valid_id,EXACT_MATCH,INCLUDED,
KRX_KOSDAQ,033290,033290,로젠,UNKNOWN,valid_id,EXACT_MATCH,INCLUDED,
KRX_KOSDAQ,067730,067730,로지시스,UNKNOWN,valid_id,EXACT_MATCH,INCLUDED,
KRX_KOSDAQ,071280,071280,로체시스템즈,UNKNOWN,valid_id,EXACT_MATCH,INCLUDED,
KRX_KOSDAQ,376900,376900,로킷헬스케어,UNKNOWN,valid_id,EXACT_MATCH,INCLUDED,
KRX_KOSDAQ,214610,214610,롤링스톤,UNKNOWN,valid_id,EXACT_MATCH,INCLUDED,
KRX_KOSDAQ,328130,328130,루닛,UNKNOWN,valid_id,EXACT_MATCH,INCLUDED,
KRX_KOSDAQ,038060,038060,루멘스,UNKNOWN,valid_id,EXACT_MATCH,INCLUDED,
KRX_KOSDAQ,474170,474170,루미르,UNKNOWN,valid_id,EXACT_MATCH,INCLUDED,
KRX_KOSDAQ,195990,195990,루트K,UNKNOWN,valid_id,EXACT_MATCH,INCLUDED,
KRX_KOSDAQ,141080,141080,리가켐바이오,UNKNOWN,valid_id,EXACT_MATCH,INCLUDED,
KRX_KOSDAQ,058470,058470,리노공업,UNKNOWN,valid_id,EXACT_MATCH,INCLUDED,
KRX_KOSDAQ,016100,016100,리더스코스메틱,UNKNOWN,valid_id,EXACT_MATCH,INCLUDED,
KRX_KOSDAQ,012700,012700,리드코프,UNKNOWN,valid_id,EXACT_MATCH,INCLUDED,
KRX_KOSDAQ,302550,302550,리메드,UNKNOWN,valid_id,EXACT_MATCH,INCLUDED,
KRX_KOSDAQ,491000,491000,리브스메드,UNKNOWN,valid_id,EXACT_MATCH,INCLUDED,
KRX_KOSDAQ,394420,394420,리센스메디컬,UNKNOWN,valid_id,EXACT_MATCH,INCLUDED,
KRX_KOSDAQ,073570,073570,리튬포어스,UNKNOWN,valid_id,EXACT_MATCH,INCLUDED,
KRX_KOSDAQ,377450,377450,리파인,UNKNOWN,valid_id,EXACT_MATCH,INCLUDED,
KRX_KOSDAQ,277070,277070,린드먼아시아,UNKNOWN,valid_id,EXACT_MATCH,INCLUDED,
KRX_KOSDAQ,042500,042500,링네트,UNKNOWN,valid_id,EXACT_MATCH,INCLUDED,
KRX_KOSDAQ,193250,193250,링크드,UNKNOWN,valid_id,EXACT_MATCH,INCLUDED,
KRX_KOSDAQ,474650,474650,링크솔루션,UNKNOWN,valid_id,EXACT_MATCH,INCLUDED,
KRX_KOSDAQ,219420,219420,링크제니시스,UNKNOWN,valid_id,EXACT_MATCH,INCLUDED,
KRX_KOSDAQ,439090,439090,마녀공장,UNKNOWN,valid_id,EXACT_MATCH,INCLUDED,
KRX_KOSDAQ,195500,195500,마니커에프앤지,UNKNOWN,valid_id,EXACT_MATCH,INCLUDED,
KRX_KOSDAQ,377480,377480,마음AI,UNKNOWN,valid_id,EXACT_MATCH,INCLUDED,
KRX_KOSDAQ,305090,305090,마이크로디지탈,UNKNOWN,valid_id,EXACT_MATCH,INCLUDED,
KRX_KOSDAQ,424980,424980,마이크로투나노,UNKNOWN,valid_id,EXACT_MATCH,INCLUDED,
KRX_KOSDAQ,169330,169330,엠브레인,UNKNOWN,valid_id,EXACT_MATCH,INCLUDED,
KRX_KOSDAQ,038290,038290,마크로젠,UNKNOWN,valid_id,EXACT_MATCH,INCLUDED,
KRX_KOSDAQ,477850,477850,마키나락스,UNKNOWN,valid_id,EXACT_MATCH,INCLUDED,
KRX_KOSDAQ,0039P0,0039P0,매드업,UNKNOWN,valid_id,EXACT_MATCH,INCLUDED,
KRX_KOSDAQ,267980,267980,매일유업,UNKNOWN,valid_id,EXACT_MATCH,INCLUDED,
KRX_KOSDAQ,005990,005990,매일홀딩스,UNKNOWN,valid_id,EXACT_MATCH,INCLUDED,
KRX_KOSDAQ,093520,093520,매커스,UNKNOWN,valid_id,EXACT_MATCH,INCLUDED,
KRX_KOSDAQ,100590,100590,머큐리,UNKNOWN,valid_id,EXACT_MATCH,INCLUDED,
KRX_KOSDAQ,067280,067280,멀티캠퍼스,UNKNOWN,valid_id,EXACT_MATCH,INCLUDED,
KRX_KOSDAQ,072870,072870,메가스터디,UNKNOWN,valid_id,EXACT_MATCH,INCLUDED,
KRX_KOSDAQ,215200,215200,메가스터디교육,UNKNOWN,valid_id,EXACT_MATCH,INCLUDED,
KRX_KOSDAQ,133750,133750,메가엠디,UNKNOWN,valid_id,EXACT_MATCH,INCLUDED,
KRX_KOSDAQ,446540,446540,메가터치,UNKNOWN,valid_id,EXACT_MATCH,INCLUDED,
KRX_KOSDAQ,235980,235980,메드팩토,UNKNOWN,valid_id,EXACT_MATCH,INCLUDED,
KRX_KOSDAQ,041920,041920,메디아나,UNKNOWN,valid_id,EXACT_MATCH,INCLUDED,
KRX_KOSDAQ,014100,014100,메디앙스,UNKNOWN,valid_id,EXACT_MATCH,INCLUDED,
KRX_KOSDAQ,054180,054180,메디콕스,UNKNOWN,valid_id,EXACT_MATCH,INCLUDED,
KRX_KOSDAQ,086900,086900,메디톡스,UNKNOWN,valid_id,EXACT_MATCH,INCLUDED,
KRX_KOSDAQ,078160,078160,메디포스트,UNKNOWN,valid_id,EXACT_MATCH,INCLUDED,
KRX_KOSDAQ,0088D0,0088D0,메리츠제1호스팩,UNKNOWN,,NONE,EXCLUDED_WITH_REASON,EXCLUDED_SPAC
KRX_KOSDAQ,0165X0,0165X0,메리츠제2호스팩,UNKNOWN,,NONE,EXCLUDED_WITH_REASON,EXCLUDED_SPAC
KRX_KOSDAQ,408920,408920,메쎄이상,UNKNOWN,valid_id,EXACT_MATCH,INCLUDED,
KRX_KOSDAQ,021880,021880,메이슨캐피탈,UNKNOWN,valid_id,EXACT_MATCH,INCLUDED,
KRX_KOSDAQ,0088M0,0088M0,메쥬,UNKNOWN,valid_id,EXACT_MATCH,INCLUDED,
KRX_KOSDAQ,140410,140410,메지온,UNKNOWN,valid_id,EXACT_MATCH,INCLUDED,
KRX_KOSDAQ,241770,241770,메카로,UNKNOWN,valid_id,EXACT_MATCH,INCLUDED,
KRX_KOSDAQ,059210,059210,메타바이오메드,UNKNOWN,valid_id,EXACT_MATCH,INCLUDED,
KRX_KOSDAQ,058110,058110,멕아이씨에스,UNKNOWN,valid_id,EXACT_MATCH,INCLUDED,
KRX_KOSDAQ,072770,072770,멤레이비티,UNKNOWN,valid_id,EXACT_MATCH,INCLUDED,
KRX_KOSDAQ,434480,434480,모니터랩,UNKNOWN,valid_id,EXACT_MATCH,INCLUDED,
KRX_KOSDAQ,080420,080420,모다이노칩,UNKNOWN,valid_id,EXACT_MATCH,INCLUDED,
KRX_KOSDAQ,417970,417970,모델솔루션,UNKNOWN,valid_id,EXACT_MATCH,INCLUDED,
KRX_KOSDAQ,080160,080160,모두투어,UNKNOWN,valid_id,EXACT_MATCH,INCLUDED,
KRX_KOSDAQ,087260,087260,모바일어플라이언스,UNKNOWN,valid_id,EXACT_MATCH,INCLUDED,
KRX_KOSDAQ,101330,101330,모베이스,UNKNOWN,valid_id,EXACT_MATCH,INCLUDED,
KRX_KOSDAQ,012860,012860,모베이스전자,UNKNOWN,valid_id,EXACT_MATCH,INCLUDED,
KRX_KOSDAQ,363260,363260,모비데이즈,UNKNOWN,valid_id,EXACT_MATCH,INCLUDED,
KRX_KOSDAQ,348030,348030,모비릭스,UNKNOWN,valid_id,EXACT_MATCH,INCLUDED,
KRX_KOSDAQ,250060,250060,모비스,UNKNOWN,valid_id,EXACT_MATCH,INCLUDED,
KRX_KOSDAQ,288980,288980,모아데이타,UNKNOWN,valid_id,EXACT_MATCH,INCLUDED,
KRX_KOSDAQ,142760,142760,모아라이프플러스,UNKNOWN,valid_id,EXACT_MATCH,INCLUDED,
KRX_KOSDAQ,033200,033200,모아텍,UNKNOWN,valid_id,EXACT_MATCH,INCLUDED,
KRX_KOSDAQ,118990,118990,모트렉스,UNKNOWN,valid_id,EXACT_MATCH,INCLUDED,
KRX_KOSDAQ,463480,463480,모티브링크,UNKNOWN,valid_id,EXACT_MATCH,INCLUDED,
KRX_KOSDAQ,006920,006920,모헨즈,UNKNOWN,valid_id,EXACT_MATCH,INCLUDED,
KRX_KOSDAQ,001810,001810,무림SP,UNKNOWN,valid_id,EXACT_MATCH,INCLUDED,
KRX_KOSDAQ,279600,279600,미디어젠,UNKNOWN,valid_id,EXACT_MATCH,INCLUDED,
KRX_KOSDAQ,095500,095500,미래나노텍,UNKNOWN,valid_id,EXACT_MATCH,INCLUDED,
KRX_KOSDAQ,254490,254490,미래반도체,UNKNOWN,valid_id,EXACT_MATCH,INCLUDED,
KRX_KOSDAQ,218150,218150,미래생명자원,UNKNOWN,valid_id,EXACT_MATCH,INCLUDED,
KRX_KOSDAQ,100790,100790,미래에셋벤처투자,UNKNOWN,valid_id,EXACT_MATCH,INCLUDED,
KRX_KOSDAQ,0097F0,0097F0,미래에셋비전스팩10호,UNKNOWN,,NONE,EXCLUDED_WITH_REASON,EXCLUDED_SPAC
KRX_KOSDAQ,0099W0,0099W0,미래에셋비전스팩11호,UNKNOWN,,NONE,EXCLUDED_WITH_REASON,EXCLUDED_SPAC
KRX_KOSDAQ,477380,477380,미래에셋비전스팩4호,UNKNOWN,,NONE,EXCLUDED_WITH_REASON,EXCLUDED_SPAC
KRX_KOSDAQ,477470,477470,미래에셋비전스팩5호,UNKNOWN,,NONE,EXCLUDED_WITH_REASON,EXCLUDED_SPAC
KRX_KOSDAQ,478440,478440,미래에셋비전스팩6호,UNKNOWN,,NONE,EXCLUDED_WITH_REASON,EXCLUDED_SPAC
KRX_KOSDAQ,482680,482680,미래에셋비전스팩7호,UNKNOWN,,NONE,EXCLUDED_WITH_REASON,EXCLUDED_SPAC
KRX_KOSDAQ,0093G0,0093G0,미래에셋비전스팩8호,UNKNOWN,,NONE,EXCLUDED_WITH_REASON,EXCLUDED_SPAC
KRX_KOSDAQ,0096D0,0096D0,미래에셋비전스팩9호,UNKNOWN,,NONE,EXCLUDED_WITH_REASON,EXCLUDED_SPAC
KRX_KOSDAQ,049950,049950,미래컴퍼니,UNKNOWN,valid_id,EXACT_MATCH,INCLUDED,
KRX_KOSDAQ,207760,207760,미스터블루,UNKNOWN,valid_id,EXACT_MATCH,INCLUDED,
KRX_KOSDAQ,059090,059090,미코,UNKNOWN,valid_id,EXACT_MATCH,INCLUDED,
KRX_KOSDAQ,201490,201490,미투온,UNKNOWN,valid_id,EXACT_MATCH,INCLUDED,
KRX_KOSDAQ,475460,475460,미트박스,UNKNOWN,valid_id,EXACT_MATCH,INCLUDED,
KRX_KOSDAQ,452200,452200,민테크,UNKNOWN,valid_id,EXACT_MATCH,INCLUDED,
KRX_KOSDAQ,206640,206640,바디텍메드,UNKNOWN,valid_id,EXACT_MATCH,INCLUDED,
KRX_KOSDAQ,035620,035620,바른손이앤에이,UNKNOWN,valid_id,EXACT_MATCH,INCLUDED,
KRX_KOSDAQ,053030,053030,바이넥스,UNKNOWN,valid_id,EXACT_MATCH,INCLUDED,
KRX_KOSDAQ,301300,301300,바이브컴퍼니,UNKNOWN,valid_id,EXACT_MATCH,INCLUDED,
KRX_KOSDAQ,064550,064550,바이오니아,UNKNOWN,valid_id,EXACT_MATCH,INCLUDED,
KRX_KOSDAQ,314930,314930,바이오다인,UNKNOWN,valid_id,EXACT_MATCH,INCLUDED,
KRX_KOSDAQ,489460,489460,바이오비쥬,UNKNOWN,valid_id,EXACT_MATCH,INCLUDED,
KRX_KOSDAQ,086820,086820,바이오솔루션,UNKNOWN,valid_id,EXACT_MATCH,INCLUDED,
KRX_KOSDAQ,038460,038460,바이오스마트,UNKNOWN,valid_id,EXACT_MATCH,INCLUDED,
KRX_KOSDAQ,251120,251120,바이오에프디엔씨,UNKNOWN,valid_id,EXACT_MATCH,INCLUDED,
KRX_KOSDAQ,199730,199730,바이오인프라,UNKNOWN,valid_id,EXACT_MATCH,INCLUDED,
KRX_KOSDAQ,086040,086040,바이오톡스텍,UNKNOWN,valid_id,EXACT_MATCH,INCLUDED,
KRX_KOSDAQ,188040,188040,바이오포트,UNKNOWN,valid_id,EXACT_MATCH,INCLUDED,
KRX_KOSDAQ,099430,099430,바이오플러스,UNKNOWN,valid_id,EXACT_MATCH,INCLUDED,
KRX_KOSDAQ,308080,308080,바이젠셀,UNKNOWN,valid_id,EXACT_MATCH,INCLUDED,
KRX_KOSDAQ,043150,043150,바텍,UNKNOWN,valid_id,EXACT_MATCH,INCLUDED,
KRX_KOSDAQ,323990,323990,박셀바이오,UNKNOWN,valid_id,EXACT_MATCH,INCLUDED,
KRX_KOSDAQ,267790,267790,배럴,UNKNOWN,valid_id,EXACT_MATCH,INCLUDED,
KRX_KOSDAQ,046310,046310,백금T&A,UNKNOWN,valid_id,EXACT_MATCH,INCLUDED,
KRX_KOSDAQ,331520,331520,밸로프,UNKNOWN,valid_id,EXACT_MATCH,INCLUDED,
KRX_KOSDAQ,199480,199480,뱅크웨어글로벌,UNKNOWN,valid_id,EXACT_MATCH,INCLUDED,
KRX_KOSDAQ,438700,438700,버넥트,UNKNOWN,valid_id,EXACT_MATCH,INCLUDED,
KRX_KOSDAQ,066410,066410,버킷스튜디오,UNKNOWN,valid_id,EXACT_MATCH,INCLUDED,
KRX_KOSDAQ,382900,382900,범한퓨얼셀,UNKNOWN,valid_id,EXACT_MATCH,INCLUDED,
KRX_KOSDAQ,206400,206400,베노티앤알,UNKNOWN,valid_id,EXACT_MATCH,INCLUDED,
KRX_KOSDAQ,019010,019010,베뉴지,UNKNOWN,valid_id,EXACT_MATCH,INCLUDED,
KRX_KOSDAQ,177350,177350,베셀,UNKNOWN,valid_id,EXACT_MATCH,INCLUDED,
KRX_KOSDAQ,457600,457600,벡트,UNKNOWN,valid_id,EXACT_MATCH,INCLUDED,
KRX_KOSDAQ,424760,424760,벨로크,UNKNOWN,valid_id,EXACT_MATCH,INCLUDED,
KRX_KOSDAQ,250000,250000,보라티알,UNKNOWN,valid_id,EXACT_MATCH,INCLUDED,
KRX_KOSDAQ,310210,310210,보로노이,UNKNOWN,valid_id,EXACT_MATCH,INCLUDED,
KRX_KOSDAQ,006910,006910,보성파워텍,UNKNOWN,valid_id,EXACT_MATCH,INCLUDED,
KRX_KOSDAQ,0010F0,0010F0,보원케미칼,UNKNOWN,valid_id,EXACT_MATCH,INCLUDED,
KRX_KOSDAQ,226340,226340,본느,UNKNOWN,valid_id,EXACT_MATCH,INCLUDED,
KRX_KOSDAQ,008470,008470,부스타,UNKNOWN,valid_id,EXACT_MATCH,INCLUDED,
KRX_KOSDAQ,014470,014470,부방,UNKNOWN,valid_id,EXACT_MATCH,INCLUDED,
KRX_KOSDAQ,338220,338220,뷰노,UNKNOWN,valid_id,EXACT_MATCH,INCLUDED,
KRX_KOSDAQ,100120,100120,뷰웍스,UNKNOWN,valid_id,EXACT_MATCH,INCLUDED,
KRX_KOSDAQ,406820,406820,뷰티스킨,UNKNOWN,valid_id,EXACT_MATCH,INCLUDED,
KRX_KOSDAQ,099390,099390,브레인즈컴퍼니,UNKNOWN,valid_id,EXACT_MATCH,INCLUDED,
KRX_KOSDAQ,064480,064480,브리지텍,UNKNOWN,valid_id,EXACT_MATCH,INCLUDED,
KRX_KOSDAQ,365900,365900,브이씨,UNKNOWN,valid_id,EXACT_MATCH,INCLUDED,
KRX_KOSDAQ,089970,089970,브이엠,UNKNOWN,valid_id,EXACT_MATCH,INCLUDED,
KRX_KOSDAQ,251630,251630,브이원텍,UNKNOWN,valid_id,EXACT_MATCH,INCLUDED,
KRX_KOSDAQ,018290,018290,브이티,UNKNOWN,valid_id,EXACT_MATCH,INCLUDED,
KRX_KOSDAQ,478560,478560,블랙야크아이앤씨,UNKNOWN,valid_id,EXACT_MATCH,INCLUDED,
KRX_KOSDAQ,439580,439580,블루엠텍,UNKNOWN,valid_id,EXACT_MATCH,INCLUDED,
KRX_KOSDAQ,033560,033560,블루콤,UNKNOWN,valid_id,EXACT_MATCH,INCLUDED,
KRX_KOSDAQ,369370,369370,블리츠웨이엔터테인먼트,UNKNOWN,valid_id,EXACT_MATCH,INCLUDED,
KRX_KOSDAQ,126340,126340,비나텍,UNKNOWN,valid_id,EXACT_MATCH,INCLUDED,
KRX_KOSDAQ,121800,121800,비덴트,UNKNOWN,valid_id,EXACT_MATCH,INCLUDED,
KRX_KOSDAQ,082800,082800,비보존 제약,UNKNOWN,valid_id,EXACT_MATCH,INCLUDED,
KRX_KOSDAQ,318410,318410,비비씨,UNKNOWN,valid_id,EXACT_MATCH,INCLUDED,
KRX_KOSDAQ,419540,419540,비스토스,UNKNOWN,valid_id,EXACT_MATCH,INCLUDED,
KRX_KOSDAQ,146320,146320,비씨엔씨,UNKNOWN,valid_id,EXACT_MATCH,INCLUDED,
KRX_KOSDAQ,200780,200780,비씨월드제약,UNKNOWN,valid_id,EXACT_MATCH,INCLUDED,
KRX_KOSDAQ,413640,413640,비아이매트릭스,UNKNOWN,valid_id,EXACT_MATCH,INCLUDED,
KRX_KOSDAQ,141000,141000,비아트론,UNKNOWN,valid_id,EXACT_MATCH,INCLUDED,
KRX_KOSDAQ,083650,083650,비에이치아이,UNKNOWN,valid_id,EXACT_MATCH,INCLUDED,
KRX_KOSDAQ,0068Y0,0068Y0,비엔케이제3호스팩,UNKNOWN,,NONE,EXCLUDED_WITH_REASON,EXCLUDED_SPAC
KRX_KOSDAQ,065170,065170,비엘팜텍,UNKNOWN,valid_id,EXACT_MATCH,INCLUDED,
KRX_KOSDAQ,086670,086670,비엠티,UNKNOWN,valid_id,EXACT_MATCH,INCLUDED,
KRX_KOSDAQ,126600,126600,BGF에코머티리얼즈,UNKNOWN,valid_id,EXACT_MATCH,INCLUDED,
KRX_KOSDAQ,488900,488900,비츠로넥스텍,UNKNOWN,valid_id,EXACT_MATCH,INCLUDED,
KRX_KOSDAQ,082920,082920,비츠로셀,UNKNOWN,valid_id,EXACT_MATCH,INCLUDED,
KRX_KOSDAQ,054220,054220,비츠로시스,UNKNOWN,valid_id,EXACT_MATCH,INCLUDED,
KRX_KOSDAQ,042370,042370,비츠로테크,UNKNOWN,valid_id,EXACT_MATCH,INCLUDED,
KRX_KOSDAQ,050090,050090,비케이홀딩스,UNKNOWN,valid_id,EXACT_MATCH,INCLUDED,
KRX_KOSDAQ,148780,148780,비큐AI,UNKNOWN,valid_id,EXACT_MATCH,INCLUDED,
KRX_KOSDAQ,307870,307870,비투엔,UNKNOWN,valid_id,EXACT_MATCH,INCLUDED,
KRX_KOSDAQ,377030,377030,비트맥스,UNKNOWN,valid_id,EXACT_MATCH,INCLUDED,
KRX_KOSDAQ,032850,032850,비트컴퓨터,UNKNOWN,valid_id,EXACT_MATCH,INCLUDED,
KRX_KOSDAQ,049470,049470,비트플래닛,UNKNOWN,valid_id,EXACT_MATCH,INCLUDED,
KRX_KOSDAQ,238200,238200,비피도,UNKNOWN,valid_id,EXACT_MATCH,INCLUDED,
KRX_KOSDAQ,093190,093190,빅솔론,UNKNOWN,valid_id,EXACT_MATCH,INCLUDED,
KRX_KOSDAQ,065450,065450,빅텍,UNKNOWN,valid_id,EXACT_MATCH,INCLUDED,
KRX_KOSDAQ,044480,044480,빌리언스,UNKNOWN,valid_id,EXACT_MATCH,INCLUDED,
KRX_KOSDAQ,069540,069540,빛과전자,UNKNOWN,valid_id,EXACT_MATCH,INCLUDED,
KRX_KOSDAQ,072950,072950,빛샘전자,UNKNOWN,valid_id,EXACT_MATCH,INCLUDED,
KRX_KOSDAQ,451250,451250,삐아,UNKNOWN,valid_id,EXACT_MATCH,INCLUDED,
KRX_KOSDAQ,143240,143240,사람인,UNKNOWN,valid_id,EXACT_MATCH,INCLUDED,
KRX_KOSDAQ,466410,466410,사이냅소프트,UNKNOWN,valid_id,EXACT_MATCH,INCLUDED,
KRX_KOSDAQ,223310,223310,사토시홀딩스,UNKNOWN,valid_id,EXACT_MATCH,INCLUDED,
KRX_KOSDAQ,452430,452430,사피엔반도체,UNKNOWN,valid_id,EXACT_MATCH,INCLUDED,
KRX_KOSDAQ,419120,419120,산돌,UNKNOWN,valid_id,EXACT_MATCH,INCLUDED,
KRX_KOSDAQ,122350,122350,삼기,UNKNOWN,valid_id,EXACT_MATCH,INCLUDED,
KRX_KOSDAQ,419050,419050,삼기에너지솔루션즈,UNKNOWN,valid_id,EXACT_MATCH,INCLUDED,
KRX_KOSDAQ,014970,014970,삼륭물산,UNKNOWN,valid_id,EXACT_MATCH,INCLUDED,
KRX_KOSDAQ,018310,018310,삼목에스폼,UNKNOWN,valid_id,EXACT_MATCH,INCLUDED,
KRX_KOSDAQ,012210,012210,삼미금속,UNKNOWN,valid_id,EXACT_MATCH,INCLUDED,
KRX_KOSDAQ,053700,053700,삼보모터스,UNKNOWN,valid_id,EXACT_MATCH,INCLUDED,
KRX_KOSDAQ,009620,009620,삼보산업,UNKNOWN,valid_id,EXACT_MATCH,INCLUDED,
KRX_KOSDAQ,023600,023600,삼보판지,UNKNOWN,valid_id,EXACT_MATCH,INCLUDED,
KRX_KOSDAQ,0044K0,0044K0,삼성스팩10호,UNKNOWN,,NONE,EXCLUDED_WITH_REASON,EXCLUDED_SPAC
KRX_KOSDAQ,0071M0,0071M0,삼성스팩11호,UNKNOWN,,NONE,EXCLUDED_WITH_REASON,EXCLUDED_SPAC
KRX_KOSDAQ,0096B0,0096B0,삼성스팩12호,UNKNOWN,,NONE,EXCLUDED_WITH_REASON,EXCLUDED_SPAC
KRX_KOSDAQ,0115H0,0115H0,삼성스팩13호,UNKNOWN,,NONE,EXCLUDED_WITH_REASON,EXCLUDED_SPAC
KRX_KOSDAQ,009300,009300,삼아제약,UNKNOWN,valid_id,EXACT_MATCH,INCLUDED,
KRX_KOSDAQ,482630,482630,삼양엔씨켐,UNKNOWN,valid_id,EXACT_MATCH,INCLUDED,
KRX_KOSDAQ,484590,484590,삼양컴텍,UNKNOWN,valid_id,EXACT_MATCH,INCLUDED,
KRX_KOSDAQ,036670,036670,삼양케이씨아이,UNKNOWN,valid_id,EXACT_MATCH,INCLUDED,
KRX_KOSDAQ,060310,060310,3S,UNKNOWN,valid_id,EXACT_MATCH,INCLUDED,
KRX_KOSDAQ,361670,361670,삼영에스앤씨,UNKNOWN,valid_id,EXACT_MATCH,INCLUDED,
KRX_KOSDAQ,054540,054540,삼영엠텍,UNKNOWN,valid_id,EXACT_MATCH,INCLUDED,
KRX_KOSDAQ,065570,065570,삼영이엔씨,UNKNOWN,valid_id,EXACT_MATCH,INCLUDED,
KRX_KOSDAQ,014950,014950,삼익제약,UNKNOWN,valid_id,EXACT_MATCH,INCLUDED,
KRX_KOSDAQ,032280,032280,삼일,UNKNOWN,valid_id,EXACT_MATCH,INCLUDED,
KRX_KOSDAQ,002290,002290,삼일기업공사,UNKNOWN,valid_id,EXACT_MATCH,INCLUDED,
KRX_KOSDAQ,037460,037460,삼지전자,UNKNOWN,valid_id,EXACT_MATCH,INCLUDED,
KRX_KOSDAQ,032750,032750,삼진,UNKNOWN,valid_id,EXACT_MATCH,INCLUDED,
KRX_KOSDAQ,0013V0,0013V0,삼진식품,UNKNOWN,valid_id,EXACT_MATCH,INCLUDED,
KRX_KOSDAQ,054090,054090,삼진엘앤디,UNKNOWN,valid_id,EXACT_MATCH,INCLUDED,
KRX_KOSDAQ,000250,000250,삼천당제약,UNKNOWN,valid_id,EXACT_MATCH,INCLUDED,
KRX_KOSDAQ,024950,024950,삼천리자전거,UNKNOWN,valid_id,EXACT_MATCH,INCLUDED,
KRX_KOSDAQ,038500,038500,삼표시멘트,UNKNOWN,valid_id,EXACT_MATCH,INCLUDED,
KRX_KOSDAQ,437730,437730,삼현,UNKNOWN,valid_id,EXACT_MATCH,INCLUDED,
KRX_KOSDAQ,017480,017480,삼현철강,UNKNOWN,valid_id,EXACT_MATCH,INCLUDED,
KRX_KOSDAQ,046390,046390,삼화네트웍스,UNKNOWN,valid_id,EXACT_MATCH,INCLUDED,
KRX_KOSDAQ,027580,027580,상보,UNKNOWN,valid_id,EXACT_MATCH,INCLUDED,
KRX_KOSDAQ,038540,038540,상상인,UNKNOWN,valid_id,EXACT_MATCH,INCLUDED,
KRX_KOSDAQ,091580,091580,상신이디피,UNKNOWN,valid_id,EXACT_MATCH,INCLUDED,
KRX_KOSDAQ,263810,263810,상신전자,UNKNOWN,valid_id,EXACT_MATCH,INCLUDED,
KRX_KOSDAQ,089980,089980,상아프론테크,UNKNOWN,valid_id,EXACT_MATCH,INCLUDED,
KRX_KOSDAQ,042940,042940,상지건설,UNKNOWN,valid_id,EXACT_MATCH,INCLUDED,
KRX_KOSDAQ,042600,042600,새로닉스,UNKNOWN,valid_id,EXACT_MATCH,INCLUDED,
KRX_KOSDAQ,107600,107600,새빗켐,UNKNOWN,valid_id,EXACT_MATCH,INCLUDED,
KRX_KOSDAQ,411080,411080,샌즈랩,UNKNOWN,valid_id,EXACT_MATCH,INCLUDED,
KRX_KOSDAQ,252990,252990,샘씨엔에스,UNKNOWN,valid_id,EXACT_MATCH,INCLUDED,
KRX_KOSDAQ,378800,378800,샤페론,UNKNOWN,valid_id,EXACT_MATCH,INCLUDED,
KRX_KOSDAQ,294630,294630,서남,UNKNOWN,valid_id,EXACT_MATCH,INCLUDED,
KRX_KOSDAQ,038070,038070,서린바이오,UNKNOWN,valid_id,EXACT_MATCH,INCLUDED,
KRX_KOSDAQ,006730,006730,서부T&D,UNKNOWN,valid_id,EXACT_MATCH,INCLUDED,
KRX_KOSDAQ,079650,079650,서산,UNKNOWN,valid_id,EXACT_MATCH,INCLUDED,
KRX_KOSDAQ,100660,100660,서암기계공업,UNKNOWN,valid_id,EXACT_MATCH,INCLUDED,
KRX_KOSDAQ,019770,019770,서연탑메탈,UNKNOWN,valid_id,EXACT_MATCH,INCLUDED,
KRX_KOSDAQ,092190,092190,서울바이오시스,UNKNOWN,valid_id,EXACT_MATCH,INCLUDED,
KRX_KOSDAQ,046890,046890,서울반도체,UNKNOWN,valid_id,EXACT_MATCH,INCLUDED,
KRX_KOSDAQ,063170,063170,서울옥션,UNKNOWN,valid_id,EXACT_MATCH,INCLUDED,
KRX_KOSDAQ,027040,027040,서울전자통신,UNKNOWN,valid_id,EXACT_MATCH,INCLUDED,
KRX_KOSDAQ,018680,018680,서울제약,UNKNOWN,valid_id,EXACT_MATCH,INCLUDED,
KRX_KOSDAQ,036120,036120,서울평가정보,UNKNOWN,valid_id,EXACT_MATCH,INCLUDED,
KRX_KOSDAQ,093920,093920,서원인텍,UNKNOWN,valid_id,EXACT_MATCH,INCLUDED,
KRX_KOSDAQ,189860,189860,서전기전,UNKNOWN,valid_id,EXACT_MATCH,INCLUDED,
KRX_KOSDAQ,178320,178320,서진시스템,UNKNOWN,valid_id,EXACT_MATCH,INCLUDED,
KRX_KOSDAQ,122690,122690,서진오토모티브,UNKNOWN,valid_id,EXACT_MATCH,INCLUDED,
KRX_KOSDAQ,140070,140070,서플러스글로벌,UNKNOWN,valid_id,EXACT_MATCH,INCLUDED,
KRX_KOSDAQ,011370,011370,서한,UNKNOWN,valid_id,EXACT_MATCH,INCLUDED,
KRX_KOSDAQ,065710,065710,서호전기,UNKNOWN,valid_id,EXACT_MATCH,INCLUDED,
KRX_KOSDAQ,035890,035890,서희건설,UNKNOWN,valid_id,EXACT_MATCH,INCLUDED,
KRX_KOSDAQ,357550,357550,석경에이티,UNKNOWN,valid_id,EXACT_MATCH,INCLUDED,
KRX_KOSDAQ,003100,003100,선광,UNKNOWN,valid_id,EXACT_MATCH,INCLUDED,
KRX_KOSDAQ,067370,067370,선바이오,UNKNOWN,valid_id,EXACT_MATCH,INCLUDED,
KRX_KOSDAQ,171090,171090,선익시스템,UNKNOWN,valid_id,EXACT_MATCH,INCLUDED,
KRX_KOSDAQ,086710,086710,선진뷰티사이언스,UNKNOWN,valid_id,EXACT_MATCH,INCLUDED,
KRX_KOSDAQ,014620,014620,성광벤드,UNKNOWN,valid_id,EXACT_MATCH,INCLUDED,
KRX_KOSDAQ,037350,037350,성도이엔지,UNKNOWN,valid_id,EXACT_MATCH,INCLUDED,
KRX_KOSDAQ,458650,458650,성우,UNKNOWN,valid_id,EXACT_MATCH,INCLUDED,
KRX_KOSDAQ,081580,081580,성우전자,UNKNOWN,valid_id,EXACT_MATCH,INCLUDED,
KRX_KOSDAQ,045300,045300,성우테크론,UNKNOWN,valid_id,EXACT_MATCH,INCLUDED,
KRX_KOSDAQ,015750,015750,성우하이텍,UNKNOWN,valid_id,EXACT_MATCH,INCLUDED,
KRX_KOSDAQ,340930,340930,성원에너텍,UNKNOWN,valid_id,EXACT_MATCH,INCLUDED,
KRX_KOSDAQ,365340,365340,성일하이텍,UNKNOWN,valid_id,EXACT_MATCH,INCLUDED,
KRX_KOSDAQ,080470,080470,성창오토텍,UNKNOWN,valid_id,EXACT_MATCH,INCLUDED,
KRX_KOSDAQ,043260,043260,성호전자,UNKNOWN,valid_id,EXACT_MATCH,INCLUDED,
KRX_KOSDAQ,148150,148150,세경하이테크,UNKNOWN,valid_id,EXACT_MATCH,INCLUDED,
KRX_KOSDAQ,061090,061090,세나테크놀로지,UNKNOWN,valid_id,EXACT_MATCH,INCLUDED,
KRX_KOSDAQ,188260,188260,세니젠,UNKNOWN,valid_id,EXACT_MATCH,INCLUDED,
KRX_KOSDAQ,053060,053060,세동,UNKNOWN,valid_id,EXACT_MATCH,INCLUDED,
KRX_KOSDAQ,340440,340440,세림B&G,UNKNOWN,valid_id,EXACT_MATCH,INCLUDED,
KRX_KOSDAQ,017510,017510,세명전기,UNKNOWN,valid_id,EXACT_MATCH,INCLUDED,
KRX_KOSDAQ,0017J0,0017J0,세미티에스,UNKNOWN,valid_id,EXACT_MATCH,INCLUDED,
KRX_KOSDAQ,490470,490470,세미파이브,UNKNOWN,valid_id,EXACT_MATCH,INCLUDED,
KRX_KOSDAQ,011560,011560,세보엠이씨,UNKNOWN,valid_id,EXACT_MATCH,INCLUDED,
KRX_KOSDAQ,396300,396300,세아메카닉스,UNKNOWN,valid_id,EXACT_MATCH,INCLUDED,
KRX_KOSDAQ,100700,100700,세운메디칼,UNKNOWN,valid_id,EXACT_MATCH,INCLUDED,
KRX_KOSDAQ,024830,024830,세원물산,UNKNOWN,valid_id,EXACT_MATCH,INCLUDED,
KRX_KOSDAQ,258830,258830,세종메디칼,UNKNOWN,valid_id,EXACT_MATCH,INCLUDED,
KRX_KOSDAQ,036630,036630,세종텔레콤,UNKNOWN,valid_id,EXACT_MATCH,INCLUDED,
KRX_KOSDAQ,039310,039310,세중,UNKNOWN,valid_id,EXACT_MATCH,INCLUDED,
KRX_KOSDAQ,067770,067770,세진티에스,UNKNOWN,valid_id,EXACT_MATCH,INCLUDED,
KRX_KOSDAQ,053450,053450,세코닉스,UNKNOWN,valid_id,EXACT_MATCH,INCLUDED,
KRX_KOSDAQ,252500,252500,세화피앤씨,UNKNOWN,valid_id,EXACT_MATCH,INCLUDED,
KRX_KOSDAQ,321370,321370,센서뷰,UNKNOWN,valid_id,EXACT_MATCH,INCLUDED,
KRX_KOSDAQ,347000,347000,센코,UNKNOWN,valid_id,EXACT_MATCH,INCLUDED,
KRX_KOSDAQ,331920,331920,셀레믹스,UNKNOWN,valid_id,EXACT_MATCH,INCLUDED,
KRX_KOSDAQ,352770,352770,셀레스트라,UNKNOWN,valid_id,EXACT_MATCH,INCLUDED,
KRX_KOSDAQ,471820,471820,셀로맥스사이언스,UNKNOWN,valid_id,EXACT_MATCH,INCLUDED,
KRX_KOSDAQ,049180,049180,셀루메드,UNKNOWN,valid_id,EXACT_MATCH,INCLUDED,
KRX_KOSDAQ,299660,299660,셀리드,UNKNOWN,valid_id,EXACT_MATCH,INCLUDED,
KRX_KOSDAQ,108860,108860,셀바스AI,UNKNOWN,valid_id,EXACT_MATCH,INCLUDED,
KRX_KOSDAQ,208370,208370,셀바스헬스케어,UNKNOWN,valid_id,EXACT_MATCH,INCLUDED,
KRX_KOSDAQ,318160,318160,셀바이오휴먼텍,UNKNOWN,valid_id,EXACT_MATCH,INCLUDED,
KRX_KOSDAQ,308430,308430,셀비온,UNKNOWN,valid_id,EXACT_MATCH,INCLUDED,
KRX_KOSDAQ,068760,068760,셀트리온제약,UNKNOWN,valid_id,EXACT_MATCH,INCLUDED,
KRX_KOSDAQ,068940,068940,셀피글로벌,UNKNOWN,valid_id,EXACT_MATCH,INCLUDED,
KRX_KOSDAQ,007720,007720,소노스퀘어,UNKNOWN,valid_id,EXACT_MATCH,INCLUDED,
KRX_KOSDAQ,950200,950200,소마젠,UNKNOWN,,NONE,EXCLUDED_WITH_REASON,EXCLUDED_OTHER
KRX_KOSDAQ,032680,032680,소프트센,UNKNOWN,valid_id,EXACT_MATCH,INCLUDED,
KRX_KOSDAQ,032685,032685,소프트센우,UNKNOWN,valid_id,EXACT_MATCH,INCLUDED,
KRX_KOSDAQ,258790,258790,소프트캠프,UNKNOWN,valid_id,EXACT_MATCH,INCLUDED,
KRX_KOSDAQ,066910,066910,손오공,UNKNOWN,valid_id,EXACT_MATCH,INCLUDED,
KRX_KOSDAQ,215090,215090,솔디펜스,UNKNOWN,valid_id,EXACT_MATCH,INCLUDED,
KRX_KOSDAQ,035610,035610,솔본,UNKNOWN,valid_id,EXACT_MATCH,INCLUDED,
KRX_KOSDAQ,357780,357780,솔브레인,UNKNOWN,valid_id,EXACT_MATCH,INCLUDED,
KRX_KOSDAQ,036830,036830,솔브레인홀딩스,UNKNOWN,valid_id,EXACT_MATCH,INCLUDED,
KRX_KOSDAQ,304100,304100,솔트룩스,UNKNOWN,valid_id,EXACT_MATCH,INCLUDED,
KRX_KOSDAQ,328380,328380,솔트웨어,UNKNOWN,valid_id,EXACT_MATCH,INCLUDED,
KRX_KOSDAQ,086980,086980,쇼박스,UNKNOWN,valid_id,EXACT_MATCH,INCLUDED,
KRX_KOSDAQ,050960,050960,수산아이앤티,UNKNOWN,valid_id,EXACT_MATCH,INCLUDED,
KRX_KOSDAQ,084180,084180,수성웹툰,UNKNOWN,valid_id,EXACT_MATCH,INCLUDED,
KRX_KOSDAQ,253840,253840,수젠텍,UNKNOWN,valid_id,EXACT_MATCH,INCLUDED,
KRX_KOSDAQ,067160,067160,SOOP,UNKNOWN,valid_id,EXACT_MATCH,INCLUDED,
KRX_KOSDAQ,298830,298830,슈어소프트테크,UNKNOWN,valid_id,EXACT_MATCH,INCLUDED,
KRX_KOSDAQ,236200,236200,슈프리마,UNKNOWN,valid_id,EXACT_MATCH,INCLUDED,
KRX_KOSDAQ,094840,094840,슈프리마에이치큐,UNKNOWN,valid_id,EXACT_MATCH,INCLUDED,
KRX_KOSDAQ,192440,192440,슈피겐코리아,UNKNOWN,valid_id,EXACT_MATCH,INCLUDED,
KRX_KOSDAQ,424960,424960,스마트레이더시스템,UNKNOWN,valid_id,EXACT_MATCH,INCLUDED,
KRX_KOSDAQ,099440,099440,스맥,UNKNOWN,valid_id,EXACT_MATCH,INCLUDED,
KRX_KOSDAQ,066590,066590,스모트로닉,UNKNOWN,valid_id,EXACT_MATCH,INCLUDED,
KRX_KOSDAQ,357880,357880,SKAI,UNKNOWN,valid_id,EXACT_MATCH,INCLUDED,
KRX_KOSDAQ,276040,276040,스코넥,UNKNOWN,valid_id,EXACT_MATCH,INCLUDED,
KRX_KOSDAQ,115570,115570,스타플렉스,UNKNOWN,valid_id,EXACT_MATCH,INCLUDED,
KRX_KOSDAQ,330730,330730,스톤브릿지벤처스,UNKNOWN,valid_id,EXACT_MATCH,INCLUDED,
KRX_KOSDAQ,352090,352090,스톰테크,UNKNOWN,valid_id,EXACT_MATCH,INCLUDED,
KRX_KOSDAQ,253450,253450,스튜디오드래곤,UNKNOWN,valid_id,EXACT_MATCH,INCLUDED,
KRX_KOSDAQ,408900,408900,스튜디오미르,UNKNOWN,valid_id,EXACT_MATCH,INCLUDED,
KRX_KOSDAQ,415380,415380,스튜디오삼익,UNKNOWN,valid_id,EXACT_MATCH,INCLUDED,
KRX_KOSDAQ,475040,475040,스트라드비젼,UNKNOWN,valid_id,EXACT_MATCH,INCLUDED,
KRX_KOSDAQ,013810,013810,스페코,UNKNOWN,valid_id,EXACT_MATCH,INCLUDED,
KRX_KOSDAQ,347700,347700,스피어,UNKNOWN,valid_id,EXACT_MATCH,INCLUDED,
KRX_KOSDAQ,049830,049830,승일,UNKNOWN,valid_id,EXACT_MATCH,INCLUDED,
KRX_KOSDAQ,020710,020710,시공테크,UNKNOWN,valid_id,EXACT_MATCH,INCLUDED,
KRX_KOSDAQ,033170,033170,시그네틱스,UNKNOWN,valid_id,EXACT_MATCH,INCLUDED,
KRX_KOSDAQ,048870,048870,시너지이노베이션,UNKNOWN,valid_id,EXACT_MATCH,INCLUDED,
KRX_KOSDAQ,025320,025320,시노펙스,UNKNOWN,valid_id,EXACT_MATCH,INCLUDED,
KRX_KOSDAQ,340810,340810,시선AI,UNKNOWN,valid_id,EXACT_MATCH,INCLUDED,
KRX_KOSDAQ,269620,269620,시스웍,UNKNOWN,valid_id,EXACT_MATCH,INCLUDED,
KRX_KOSDAQ,056090,056090,시지메드텍,UNKNOWN,valid_id,EXACT_MATCH,INCLUDED,
KRX_KOSDAQ,429270,429270,시지트로닉스,UNKNOWN,valid_id,EXACT_MATCH,INCLUDED,
KRX_KOSDAQ,418250,418250,시큐레터,UNKNOWN,valid_id,EXACT_MATCH,INCLUDED,
KRX_KOSDAQ,131090,131090,시큐브,UNKNOWN,valid_id,EXACT_MATCH,INCLUDED,
KRX_KOSDAQ,290520,290520,신도기연,UNKNOWN,valid_id,EXACT_MATCH,INCLUDED,
KRX_KOSDAQ,001000,001000,신라섬유,UNKNOWN,valid_id,EXACT_MATCH,INCLUDED,
KRX_KOSDAQ,025870,025870,신라에스지,UNKNOWN,valid_id,EXACT_MATCH,INCLUDED,
KRX_KOSDAQ,215600,215600,신라젠,UNKNOWN,valid_id,EXACT_MATCH,INCLUDED,
KRX_KOSDAQ,065350,065350,신성델타테크,UNKNOWN,valid_id,EXACT_MATCH,INCLUDED,
KRX_KOSDAQ,416180,416180,신성에스티,UNKNOWN,valid_id,EXACT_MATCH,INCLUDED,
KRX_KOSDAQ,162300,162300,신스틸,UNKNOWN,valid_id,EXACT_MATCH,INCLUDED,
KRX_KOSDAQ,002800,002800,신신제약,UNKNOWN,valid_id,EXACT_MATCH,INCLUDED,
KRX_KOSDAQ,472220,472220,신영스팩10호,UNKNOWN,,NONE,EXCLUDED_WITH_REASON,EXCLUDED_SPAC
KRX_KOSDAQ,0091W0,0091W0,신영스팩11호,UNKNOWN,,NONE,EXCLUDED_WITH_REASON,EXCLUDED_SPAC
KRX_KOSDAQ,017000,017000,신원종합개발,UNKNOWN,valid_id,EXACT_MATCH,INCLUDED,
KRX_KOSDAQ,012790,012790,신일제약,UNKNOWN,valid_id,EXACT_MATCH,INCLUDED,
KRX_KOSDAQ,138070,138070,신진에스엠,UNKNOWN,valid_id,EXACT_MATCH,INCLUDED,
KRX_KOSDAQ,226330,226330,신테카바이오,UNKNOWN,valid_id,EXACT_MATCH,INCLUDED,
KRX_KOSDAQ,474660,474660,신한제12호스팩,UNKNOWN,,NONE,EXCLUDED_WITH_REASON,EXCLUDED_SPAC
KRX_KOSDAQ,474930,474930,신한제13호스팩,UNKNOWN,,NONE,EXCLUDED_WITH_REASON,EXCLUDED_SPAC
KRX_KOSDAQ,487360,487360,신한제14호스팩,UNKNOWN,,NONE,EXCLUDED_WITH_REASON,EXCLUDED_SPAC
KRX_KOSDAQ,487830,487830,신한제15호스팩,UNKNOWN,,NONE,EXCLUDED_WITH_REASON,EXCLUDED_SPAC
KRX_KOSDAQ,496070,496070,신한제16호스팩,UNKNOWN,,NONE,EXCLUDED_WITH_REASON,EXCLUDED_SPAC
KRX_KOSDAQ,0130D0,0130D0,신한제17호스팩,UNKNOWN,,NONE,EXCLUDED_WITH_REASON,EXCLUDED_SPAC
KRX_KOSDAQ,0129K0,0129K0,신한제18호스팩,UNKNOWN,,NONE,EXCLUDED_WITH_REASON,EXCLUDED_SPAC
KRX_KOSDAQ,056700,056700,신화인터텍,UNKNOWN,valid_id,EXACT_MATCH,INCLUDED,
KRX_KOSDAQ,187270,187270,신화콘텍,UNKNOWN,valid_id,EXACT_MATCH,INCLUDED,
KRX_KOSDAQ,095190,095190,신화프리텍,UNKNOWN,valid_id,EXACT_MATCH,INCLUDED,
KRX_KOSDAQ,243840,243840,신흥에스이씨,UNKNOWN,valid_id,EXACT_MATCH,INCLUDED,
KRX_KOSDAQ,257720,257720,실리콘투,UNKNOWN,valid_id,EXACT_MATCH,INCLUDED,
KRX_KOSDAQ,222800,222800,심텍,UNKNOWN,valid_id,EXACT_MATCH,INCLUDED,
KRX_KOSDAQ,036710,036710,심텍홀딩스,UNKNOWN,valid_id,EXACT_MATCH,INCLUDED,
KRX_KOSDAQ,444530,444530,심플랫폼,UNKNOWN,valid_id,EXACT_MATCH,INCLUDED,
KRX_KOSDAQ,234030,234030,싸이닉솔루션,UNKNOWN,valid_id,EXACT_MATCH,INCLUDED,
KRX_KOSDAQ,160980,160980,싸이맥스,UNKNOWN,valid_id,EXACT_MATCH,INCLUDED,
KRX_KOSDAQ,356890,356890,싸이버원,UNKNOWN,valid_id,EXACT_MATCH,INCLUDED,
KRX_KOSDAQ,217330,217330,싸이토젠,UNKNOWN,valid_id,EXACT_MATCH,INCLUDED,
KRX_KOSDAQ,208640,208640,썸에이지,UNKNOWN,valid_id,EXACT_MATCH,INCLUDED,
KRX_KOSDAQ,222420,222420,쎄노텍,UNKNOWN,valid_id,EXACT_MATCH,INCLUDED,
KRX_KOSDAQ,037760,037760,쎄니트,UNKNOWN,valid_id,EXACT_MATCH,INCLUDED,
KRX_KOSDAQ,081180,081180,쎄크,UNKNOWN,valid_id,EXACT_MATCH,INCLUDED,
KRX_KOSDAQ,099320,099320,쎄트렉아이,UNKNOWN,valid_id,EXACT_MATCH,INCLUDED,
KRX_KOSDAQ,049960,049960,쎌바이오텍,UNKNOWN,valid_id,EXACT_MATCH,INCLUDED,
KRX_KOSDAQ,088280,088280,쏘닉스,UNKNOWN,valid_id,EXACT_MATCH,INCLUDED,
KRX_KOSDAQ,050890,050890,쏠리드,UNKNOWN,valid_id,EXACT_MATCH,INCLUDED,
KRX_KOSDAQ,394800,394800,쓰리빌리언,UNKNOWN,valid_id,EXACT_MATCH,INCLUDED,
KRX_KOSDAQ,177900,177900,쓰리에이로직스,UNKNOWN,valid_id,EXACT_MATCH,INCLUDED,
KRX_KOSDAQ,475400,475400,씨메스로보틱스,UNKNOWN,valid_id,EXACT_MATCH,INCLUDED,
KRX_KOSDAQ,109670,109670,씨싸이트,UNKNOWN,valid_id,EXACT_MATCH,INCLUDED,
KRX_KOSDAQ,066790,066790,씨씨에스,UNKNOWN,valid_id,EXACT_MATCH,INCLUDED,
KRX_KOSDAQ,352480,352480,씨앤씨인터내셔널,UNKNOWN,valid_id,EXACT_MATCH,INCLUDED,
KRX_KOSDAQ,264660,264660,씨앤지하이테크,UNKNOWN,valid_id,EXACT_MATCH,INCLUDED,
KRX_KOSDAQ,352700,352700,씨앤투스,UNKNOWN,valid_id,EXACT_MATCH,INCLUDED,
KRX_KOSDAQ,056730,056730,CNT85,UNKNOWN,valid_id,EXACT_MATCH,INCLUDED,
KRX_KOSDAQ,458870,458870,씨어스,UNKNOWN,valid_id,EXACT_MATCH,INCLUDED,
KRX_KOSDAQ,065770,065770,CS,UNKNOWN,valid_id,EXACT_MATCH,INCLUDED,
KRX_KOSDAQ,297090,297090,씨에스베어링,UNKNOWN,valid_id,EXACT_MATCH,INCLUDED,
KRX_KOSDAQ,083660,083660,CSA 코스믹,UNKNOWN,valid_id,EXACT_MATCH,INCLUDED,
KRX_KOSDAQ,900120,900120,씨엑스아이,UNKNOWN,valid_id,EXACT_MATCH,INCLUDED,
KRX_KOSDAQ,359090,359090,씨엔알리서치,UNKNOWN,valid_id,EXACT_MATCH,INCLUDED,
KRX_KOSDAQ,115530,115530,씨엔플러스,UNKNOWN,valid_id,EXACT_MATCH,INCLUDED,
KRX_KOSDAQ,388210,388210,씨엠티엑스,UNKNOWN,valid_id,EXACT_MATCH,INCLUDED,
KRX_KOSDAQ,115480,115480,씨유메디칼,UNKNOWN,valid_id,EXACT_MATCH,INCLUDED,
KRX_KOSDAQ,376290,376290,씨유테크,UNKNOWN,valid_id,EXACT_MATCH,INCLUDED,
KRX_KOSDAQ,189330,189330,씨이랩,UNKNOWN,valid_id,EXACT_MATCH,INCLUDED,
KRX_KOSDAQ,311690,311690,CJ 바이오사이언스,UNKNOWN,valid_id,EXACT_MATCH,INCLUDED,
KRX_KOSDAQ,035760,035760,CJ ENM,UNKNOWN,valid_id,EXACT_MATCH,INCLUDED,
KRX_KOSDAQ,051500,051500,CJ프레시웨이,UNKNOWN,valid_id,EXACT_MATCH,INCLUDED,
KRX_KOSDAQ,096530,096530,씨젠,UNKNOWN,valid_id,EXACT_MATCH,INCLUDED,
KRX_KOSDAQ,083790,083790,CG인바이츠,UNKNOWN,valid_id,EXACT_MATCH,INCLUDED,
KRX_KOSDAQ,101240,101240,씨큐브,UNKNOWN,valid_id,EXACT_MATCH,INCLUDED,
KRX_KOSDAQ,060590,060590,씨티씨바이오,UNKNOWN,valid_id,EXACT_MATCH,INCLUDED,
KRX_KOSDAQ,260930,260930,씨티케이,UNKNOWN,valid_id,EXACT_MATCH,INCLUDED,
KRX_KOSDAQ,413630,413630,씨피시스템,UNKNOWN,valid_id,EXACT_MATCH,INCLUDED,
KRX_KOSDAQ,013990,013990,아가방컴퍼니,UNKNOWN,valid_id,EXACT_MATCH,INCLUDED,
KRX_KOSDAQ,175140,175140,아고스,UNKNOWN,valid_id,EXACT_MATCH,INCLUDED,
KRX_KOSDAQ,123860,123860,아나패스,UNKNOWN,valid_id,EXACT_MATCH,INCLUDED,
KRX_KOSDAQ,025980,025980,아난티,UNKNOWN,valid_id,EXACT_MATCH,INCLUDED,
KRX_KOSDAQ,0015N0,0015N0,아로마티카,UNKNOWN,valid_id,EXACT_MATCH,INCLUDED,
KRX_KOSDAQ,261780,261780,아리바이오랩,UNKNOWN,valid_id,EXACT_MATCH,INCLUDED,
KRX_KOSDAQ,290690,290690,아리바이오홀딩스,UNKNOWN,valid_id,EXACT_MATCH,INCLUDED,
KRX_KOSDAQ,125210,125210,아모그린텍,UNKNOWN,valid_id,EXACT_MATCH,INCLUDED,
KRX_KOSDAQ,052710,052710,아모텍,UNKNOWN,valid_id,EXACT_MATCH,INCLUDED,
KRX_KOSDAQ,074430,074430,아미노로직스,UNKNOWN,valid_id,EXACT_MATCH,INCLUDED,
KRX_KOSDAQ,092040,092040,아미코젠,UNKNOWN,valid_id,EXACT_MATCH,INCLUDED,
KRX_KOSDAQ,083930,083930,아바코,UNKNOWN,valid_id,EXACT_MATCH,INCLUDED,
KRX_KOSDAQ,149950,149950,아바텍,UNKNOWN,valid_id,EXACT_MATCH,INCLUDED,
KRX_KOSDAQ,036010,036010,아비코전자,UNKNOWN,valid_id,EXACT_MATCH,INCLUDED,
KRX_KOSDAQ,050860,050860,아세아텍,UNKNOWN,valid_id,EXACT_MATCH,INCLUDED,
KRX_KOSDAQ,136410,136410,아셈스,UNKNOWN,valid_id,EXACT_MATCH,INCLUDED,
KRX_KOSDAQ,246720,246720,아스타,UNKNOWN,valid_id,EXACT_MATCH,INCLUDED,
KRX_KOSDAQ,450950,450950,아스테라시스,UNKNOWN,valid_id,EXACT_MATCH,INCLUDED,
KRX_KOSDAQ,067390,067390,아스트,UNKNOWN,valid_id,EXACT_MATCH,INCLUDED,
KRX_KOSDAQ,159010,159010,아스플로,UNKNOWN,valid_id,EXACT_MATCH,INCLUDED,
KRX_KOSDAQ,127710,127710,아시아경제,UNKNOWN,valid_id,EXACT_MATCH,INCLUDED,
KRX_KOSDAQ,227610,227610,아우딘퓨쳐스,UNKNOWN,valid_id,EXACT_MATCH,INCLUDED,
KRX_KOSDAQ,331740,331740,아우토크립트,UNKNOWN,valid_id,EXACT_MATCH,INCLUDED,
KRX_KOSDAQ,143160,143160,아이디스,UNKNOWN,valid_id,EXACT_MATCH,INCLUDED,
KRX_KOSDAQ,054800,054800,아이디스홀딩스,UNKNOWN,valid_id,EXACT_MATCH,INCLUDED,
KRX_KOSDAQ,332370,332370,아이디피,UNKNOWN,valid_id,EXACT_MATCH,INCLUDED,
KRX_KOSDAQ,066430,066430,아이로보틱스,UNKNOWN,valid_id,EXACT_MATCH,INCLUDED,
KRX_KOSDAQ,339950,339950,아이비김영,UNKNOWN,valid_id,EXACT_MATCH,INCLUDED,
KRX_KOSDAQ,469750,469750,아이비젼웍스,UNKNOWN,valid_id,EXACT_MATCH,INCLUDED,
KRX_KOSDAQ,469480,469480,IBKS제24호스팩,UNKNOWN,,NONE,EXCLUDED_WITH_REASON,EXCLUDED_SPAC
KRX_KOSDAQ,0099X0,0099X0,IBKS제25호스팩,UNKNOWN,,NONE,EXCLUDED_WITH_REASON,EXCLUDED_SPAC
KRX_KOSDAQ,460470,460470,아이빔테크놀로지,UNKNOWN,valid_id,EXACT_MATCH,INCLUDED,
KRX_KOSDAQ,099190,099190,아이센스,UNKNOWN,valid_id,EXACT_MATCH,INCLUDED,
KRX_KOSDAQ,461300,461300,아이스크림미디어,UNKNOWN,valid_id,EXACT_MATCH,INCLUDED,
KRX_KOSDAQ,289010,289010,아이스크림에듀,UNKNOWN,valid_id,EXACT_MATCH,INCLUDED,
KRX_KOSDAQ,214430,214430,아이쓰리시스템,UNKNOWN,valid_id,EXACT_MATCH,INCLUDED,
KRX_KOSDAQ,040910,040910,아이씨디,UNKNOWN,valid_id,EXACT_MATCH,INCLUDED,
KRX_KOSDAQ,368600,368600,아이씨에이치,UNKNOWN,valid_id,EXACT_MATCH,INCLUDED,
KRX_KOSDAQ,456010,456010,아이씨티케이,UNKNOWN,valid_id,EXACT_MATCH,INCLUDED,
KRX_KOSDAQ,052860,052860,아이앤씨,UNKNOWN,valid_id,EXACT_MATCH,INCLUDED,
KRX_KOSDAQ,464500,464500,아이언디바이스,UNKNOWN,valid_id,EXACT_MATCH,INCLUDED,
KRX_KOSDAQ,095340,095340,ISC,UNKNOWN,valid_id,EXACT_MATCH,INCLUDED,
KRX_KOSDAQ,212710,212710,아이에스티이,UNKNOWN,valid_id,EXACT_MATCH,INCLUDED,
KRX_KOSDAQ,038880,038880,아이에이,UNKNOWN,valid_id,EXACT_MATCH,INCLUDED,
KRX_KOSDAQ,307180,307180,아이엘,UNKNOWN,valid_id,EXACT_MATCH,INCLUDED,
KRX_KOSDAQ,493280,493280,아이엠바이오로직스,UNKNOWN,valid_id,EXACT_MATCH,INCLUDED,
KRX_KOSDAQ,461030,461030,아이엠비디엑스,UNKNOWN,valid_id,EXACT_MATCH,INCLUDED,
KRX_KOSDAQ,052220,052220,iMBC,UNKNOWN,valid_id,EXACT_MATCH,INCLUDED,
KRX_KOSDAQ,451220,451220,아이엠티,UNKNOWN,valid_id,EXACT_MATCH,INCLUDED,
KRX_KOSDAQ,078860,078860,아이오케이이엔엠,UNKNOWN,valid_id,EXACT_MATCH,INCLUDED,
KRX_KOSDAQ,090150,090150,아이윈,UNKNOWN,valid_id,EXACT_MATCH,INCLUDED,
KRX_KOSDAQ,031310,031310,아이즈비전,UNKNOWN,valid_id,EXACT_MATCH,INCLUDED,
KRX_KOSDAQ,462980,462980,아이지넷,UNKNOWN,valid_id,EXACT_MATCH,INCLUDED,
KRX_KOSDAQ,185490,185490,아이진,UNKNOWN,valid_id,EXACT_MATCH,INCLUDED,
KRX_KOSDAQ,059100,059100,아이컴포넌트,UNKNOWN,valid_id,EXACT_MATCH,INCLUDED,
KRX_KOSDAQ,262840,262840,아이퀘스트,UNKNOWN,valid_id,EXACT_MATCH,INCLUDED,
KRX_KOSDAQ,175250,175250,아이큐어,UNKNOWN,valid_id,EXACT_MATCH,INCLUDED,
KRX_KOSDAQ,052460,052460,아이크래프트,UNKNOWN,valid_id,EXACT_MATCH,INCLUDED,
KRX_KOSDAQ,119830,119830,아이텍,UNKNOWN,valid_id,EXACT_MATCH,INCLUDED,
KRX_KOSDAQ,052770,052770,아이톡시,UNKNOWN,valid_id,EXACT_MATCH,INCLUDED,
KRX_KOSDAQ,124500,124500,아이티센글로벌,UNKNOWN,valid_id,EXACT_MATCH,INCLUDED,
KRX_KOSDAQ,010280,010280,아이티센엔텍,UNKNOWN,valid_id,EXACT_MATCH,INCLUDED,
KRX_KOSDAQ,232830,232830,아이티센피엔에스,UNKNOWN,valid_id,EXACT_MATCH,INCLUDED,
KRX_KOSDAQ,372800,372800,아이티아이즈,UNKNOWN,valid_id,EXACT_MATCH,INCLUDED,
KRX_KOSDAQ,084850,084850,아이티엠반도체,UNKNOWN,valid_id,EXACT_MATCH,INCLUDED,
KRX_KOSDAQ,309710,309710,아이티켐,UNKNOWN,valid_id,EXACT_MATCH,INCLUDED,
KRX_KOSDAQ,114840,114840,아이패밀리에스씨,UNKNOWN,valid_id,EXACT_MATCH,INCLUDED,
KRX_KOSDAQ,027360,027360,아주IB투자,UNKNOWN,valid_id,EXACT_MATCH,INCLUDED,
KRX_KOSDAQ,032080,032080,아즈텍WB,UNKNOWN,valid_id,EXACT_MATCH,INCLUDED,
KRX_KOSDAQ,013310,013310,아진산업,UNKNOWN,valid_id,EXACT_MATCH,INCLUDED,
KRX_KOSDAQ,059120,059120,아진엑스텍,UNKNOWN,valid_id,EXACT_MATCH,INCLUDED,
KRX_KOSDAQ,0007C0,0007C0,아크릴,UNKNOWN,valid_id,EXACT_MATCH,INCLUDED,
KRX_KOSDAQ,158430,158430,아톤,UNKNOWN,valid_id,EXACT_MATCH,INCLUDED,
KRX_KOSDAQ,297570,297570,아틀라스링크,UNKNOWN,valid_id,EXACT_MATCH,INCLUDED,
KRX_KOSDAQ,200350,200350,아티스트스튜디오,UNKNOWN,valid_id,EXACT_MATCH,INCLUDED,
KRX_KOSDAQ,321820,321820,아티스트컴퍼니,UNKNOWN,valid_id,EXACT_MATCH,INCLUDED,
KRX_KOSDAQ,001540,001540,안국약품,UNKNOWN,valid_id,EXACT_MATCH,INCLUDED,
KRX_KOSDAQ,053800,053800,안랩,UNKNOWN,valid_id,EXACT_MATCH,INCLUDED,
KRX_KOSDAQ,065660,065660,안트로젠,UNKNOWN,valid_id,EXACT_MATCH,INCLUDED,
KRX_KOSDAQ,260660,260660,알리코제약,UNKNOWN,valid_id,EXACT_MATCH,INCLUDED,
KRX_KOSDAQ,354320,354320,알멕,UNKNOWN,valid_id,EXACT_MATCH,INCLUDED,
KRX_KOSDAQ,361570,361570,알비더블유,UNKNOWN,valid_id,EXACT_MATCH,INCLUDED,
KRX_KOSDAQ,131370,131370,알서포트,UNKNOWN,valid_id,EXACT_MATCH,INCLUDED,
KRX_KOSDAQ,140670,140670,알에스오토메이션,UNKNOWN,valid_id,EXACT_MATCH,INCLUDED,
KRX_KOSDAQ,327260,327260,RF머트리얼즈,UNKNOWN,valid_id,EXACT_MATCH,INCLUDED,
KRX_KOSDAQ,096610,096610,알에프세미,UNKNOWN,valid_id,EXACT_MATCH,INCLUDED,
KRX_KOSDAQ,474610,474610,RF시스템즈,UNKNOWN,valid_id,EXACT_MATCH,INCLUDED,
KRX_KOSDAQ,218410,218410,RFHIC,UNKNOWN,valid_id,EXACT_MATCH,INCLUDED,
KRX_KOSDAQ,061040,061040,알에프텍,UNKNOWN,valid_id,EXACT_MATCH,INCLUDED,
KRX_KOSDAQ,148250,148250,알엔투테크놀로지,UNKNOWN,valid_id,EXACT_MATCH,INCLUDED,
KRX_KOSDAQ,123010,123010,알엔티엑스,UNKNOWN,valid_id,EXACT_MATCH,INCLUDED,
KRX_KOSDAQ,476830,476830,알지노믹스,UNKNOWN,valid_id,EXACT_MATCH,INCLUDED,
KRX_KOSDAQ,347860,347860,알체라,UNKNOWN,valid_id,EXACT_MATCH,INCLUDED,
KRX_KOSDAQ,196170,196170,알테오젠,UNKNOWN,valid_id,EXACT_MATCH,INCLUDED,
KRX_KOSDAQ,123750,123750,알톤,UNKNOWN,valid_id,EXACT_MATCH,INCLUDED,
KRX_KOSDAQ,459550,459550,알트,UNKNOWN,valid_id,EXACT_MATCH,INCLUDED,
KRX_KOSDAQ,085810,085810,알티캐스트,UNKNOWN,valid_id,EXACT_MATCH,INCLUDED,
KRX_KOSDAQ,043100,043100,알파AI,UNKNOWN,valid_id,EXACT_MATCH,INCLUDED,
KRX_KOSDAQ,117670,117670,알파칩스,UNKNOWN,valid_id,EXACT_MATCH,INCLUDED,
KRX_KOSDAQ,314140,314140,알피바이오,UNKNOWN,valid_id,EXACT_MATCH,INCLUDED,
KRX_KOSDAQ,293780,293780,압타바이오,UNKNOWN,valid_id,EXACT_MATCH,INCLUDED,
KRX_KOSDAQ,310200,310200,애니플러스,UNKNOWN,valid_id,EXACT_MATCH,INCLUDED,
KRX_KOSDAQ,179530,179530,애드바이오텍,UNKNOWN,valid_id,EXACT_MATCH,INCLUDED,
KRX_KOSDAQ,397810,397810,애드포러스,UNKNOWN,valid_id,EXACT_MATCH,INCLUDED,
KRX_KOSDAQ,0011A0,0011A0,액스비스,UNKNOWN,valid_id,EXACT_MATCH,INCLUDED,
KRX_KOSDAQ,052790,052790,액토즈소프트,UNKNOWN,valid_id,EXACT_MATCH,INCLUDED,
KRX_KOSDAQ,290740,290740,액트로,UNKNOWN,valid_id,EXACT_MATCH,INCLUDED,
KRX_KOSDAQ,238090,238090,앤디포스,UNKNOWN,valid_id,EXACT_MATCH,INCLUDED,
KRX_KOSDAQ,138360,138360,앤로보틱스,UNKNOWN,valid_id,EXACT_MATCH,INCLUDED,
KRX_KOSDAQ,092600,092600,앤씨앤,UNKNOWN,valid_id,EXACT_MATCH,INCLUDED,
KRX_KOSDAQ,129890,129890,앱코,UNKNOWN,valid_id,EXACT_MATCH,INCLUDED,
KRX_KOSDAQ,174900,174900,앱클론,UNKNOWN,valid_id,EXACT_MATCH,INCLUDED,
KRX_KOSDAQ,109960,109960,앱토크롬,UNKNOWN,valid_id,EXACT_MATCH,INCLUDED,
KRX_KOSDAQ,270520,270520,앱튼,UNKNOWN,valid_id,EXACT_MATCH,INCLUDED,
KRX_KOSDAQ,255440,255440,야스,UNKNOWN,valid_id,EXACT_MATCH,INCLUDED,
KRX_KOSDAQ,030960,030960,양지사,UNKNOWN,valid_id,EXACT_MATCH,INCLUDED,
KRX_KOSDAQ,102120,102120,어보브반도체,UNKNOWN,valid_id,EXACT_MATCH,INCLUDED,
KRX_KOSDAQ,238120,238120,얼라인드,UNKNOWN,valid_id,EXACT_MATCH,INCLUDED,
KRX_KOSDAQ,019990,019990,에너토크,UNKNOWN,valid_id,EXACT_MATCH,INCLUDED,
KRX_KOSDAQ,435570,435570,에르코스,UNKNOWN,valid_id,EXACT_MATCH,INCLUDED,
KRX_KOSDAQ,270660,270660,에브리봇,UNKNOWN,valid_id,EXACT_MATCH,INCLUDED,
KRX_KOSDAQ,038680,038680,에스넷,UNKNOWN,valid_id,EXACT_MATCH,INCLUDED,
KRX_KOSDAQ,217480,217480,에스디생명공학,UNKNOWN,valid_id,EXACT_MATCH,INCLUDED,
KRX_KOSDAQ,121890,121890,에스디시스템,UNKNOWN,valid_id,EXACT_MATCH,INCLUDED,
KRX_KOSDAQ,099220,099220,SDN,UNKNOWN,valid_id,EXACT_MATCH,INCLUDED,
KRX_KOSDAQ,304360,304360,에스바이오메딕스,UNKNOWN,valid_id,EXACT_MATCH,INCLUDED,
KRX_KOSDAQ,289080,289080,SV인베스트먼트,UNKNOWN,valid_id,EXACT_MATCH,INCLUDED,
KRX_KOSDAQ,389500,389500,에스비비테크,UNKNOWN,valid_id,EXACT_MATCH,INCLUDED,
KRX_KOSDAQ,019550,019550,SBI인베스트먼트,UNKNOWN,valid_id,EXACT_MATCH,INCLUDED,
KRX_KOSDAQ,042110,042110,에스씨디,UNKNOWN,valid_id,EXACT_MATCH,INCLUDED,
KRX_KOSDAQ,246960,246960,SCL사이언스,UNKNOWN,valid_id,EXACT_MATCH,INCLUDED,
KRX_KOSDAQ,065420,065420,에스아이리소스,UNKNOWN,valid_id,EXACT_MATCH,INCLUDED,
KRX_KOSDAQ,103230,103230,에스앤더블류,UNKNOWN,valid_id,EXACT_MATCH,INCLUDED,
KRX_KOSDAQ,260970,260970,에스앤디,UNKNOWN,valid_id,EXACT_MATCH,INCLUDED,
KRX_KOSDAQ,101490,101490,에스앤에스텍,UNKNOWN,valid_id,EXACT_MATCH,INCLUDED,
KRX_KOSDAQ,095910,095910,에스에너지,UNKNOWN,valid_id,EXACT_MATCH,INCLUDED,
KRX_KOSDAQ,275630,275630,에스에스알,UNKNOWN,valid_id,EXACT_MATCH,INCLUDED,
KRX_KOSDAQ,419530,419530,SAMG엔터,UNKNOWN,valid_id,EXACT_MATCH,INCLUDED,
KRX_KOSDAQ,031330,031330,에스에이엠티,UNKNOWN,valid_id,EXACT_MATCH,INCLUDED,
KRX_KOSDAQ,060540,060540,에스에이티,UNKNOWN,valid_id,EXACT_MATCH,INCLUDED,
KRX_KOSDAQ,056190,056190,SFA,UNKNOWN,valid_id,EXACT_MATCH,INCLUDED,
KRX_KOSDAQ,036540,036540,SFA반도체,UNKNOWN,valid_id,EXACT_MATCH,INCLUDED,
KRX_KOSDAQ,0008Z0,0008Z0,에스엔시스,UNKNOWN,valid_id,EXACT_MATCH,INCLUDED,
KRX_KOSDAQ,091340,091340,S&K폴리텍,UNKNOWN,valid_id,EXACT_MATCH,INCLUDED,
KRX_KOSDAQ,246250,246250,에스엘에스바이오,UNKNOWN,valid_id,EXACT_MATCH,INCLUDED,
KRX_KOSDAQ,063440,063440,SM Life Design,UNKNOWN,valid_id,EXACT_MATCH,INCLUDED,
KRX_KOSDAQ,460870,460870,에스엠씨지,UNKNOWN,valid_id,EXACT_MATCH,INCLUDED,
KRX_KOSDAQ,041510,041510,에스엠,UNKNOWN,valid_id,EXACT_MATCH,INCLUDED,
KRX_KOSDAQ,048550,048550,SM C&C,UNKNOWN,valid_id,EXACT_MATCH,INCLUDED,
KRX_KOSDAQ,464080,464080,에스오에스랩,UNKNOWN,valid_id,EXACT_MATCH,INCLUDED,
KRX_KOSDAQ,109610,109610,에스와이,UNKNOWN,valid_id,EXACT_MATCH,INCLUDED,
KRX_KOSDAQ,365330,365330,에스와이스틸텍,UNKNOWN,valid_id,EXACT_MATCH,INCLUDED,
KRX_KOSDAQ,306040,306040,에스제이그룹,UNKNOWN,valid_id,EXACT_MATCH,INCLUDED,
KRX_KOSDAQ,016250,016250,SGC E&C,UNKNOWN,valid_id,EXACT_MATCH,INCLUDED,
KRX_KOSDAQ,184230,184230,SGA솔루션즈,UNKNOWN,valid_id,EXACT_MATCH,INCLUDED,
KRX_KOSDAQ,040610,040610,SG&G,UNKNOWN,valid_id,EXACT_MATCH,INCLUDED,
KRX_KOSDAQ,255220,255220,SG,UNKNOWN,valid_id,EXACT_MATCH,INCLUDED,
KRX_KOSDAQ,398120,398120,에스지헬스케어,UNKNOWN,valid_id,EXACT_MATCH,INCLUDED,
KRX_KOSDAQ,472230,472230,에스케이증권제11호스팩,UNKNOWN,,NONE,EXCLUDED_WITH_REASON,EXCLUDED_SPAC
KRX_KOSDAQ,473000,473000,에스케이증권제12호스팩,UNKNOWN,,NONE,EXCLUDED_WITH_REASON,EXCLUDED_SPAC
KRX_KOSDAQ,473950,473950,에스케이증권제13호스팩,UNKNOWN,,NONE,EXCLUDED_WITH_REASON,EXCLUDED_SPAC
KRX_KOSDAQ,475660,475660,에스켐,UNKNOWN,valid_id,EXACT_MATCH,INCLUDED,
KRX_KOSDAQ,096630,096630,에스코넥,UNKNOWN,valid_id,EXACT_MATCH,INCLUDED,
KRX_KOSDAQ,069510,069510,에스텍,UNKNOWN,valid_id,EXACT_MATCH,INCLUDED,
KRX_KOSDAQ,488280,488280,에스투더블유,UNKNOWN,valid_id,EXACT_MATCH,INCLUDED,
KRX_KOSDAQ,234300,234300,에스트래픽,UNKNOWN,valid_id,EXACT_MATCH,INCLUDED,
KRX_KOSDAQ,039440,039440,에스티아이,UNKNOWN,valid_id,EXACT_MATCH,INCLUDED,
KRX_KOSDAQ,098660,098660,에스티오,UNKNOWN,valid_id,EXACT_MATCH,INCLUDED,
KRX_KOSDAQ,052020,052020,에스티큐브,UNKNOWN,valid_id,EXACT_MATCH,INCLUDED,
KRX_KOSDAQ,237690,237690,에스티팜,UNKNOWN,valid_id,EXACT_MATCH,INCLUDED,
KRX_KOSDAQ,458350,458350,에스팀,UNKNOWN,valid_id,EXACT_MATCH,INCLUDED,
KRX_KOSDAQ,050760,050760,에스폴리텍,UNKNOWN,valid_id,EXACT_MATCH,INCLUDED,
KRX_KOSDAQ,288620,288620,에스프리즘,UNKNOWN,valid_id,EXACT_MATCH,INCLUDED,
KRX_KOSDAQ,443670,443670,에스피소프트,UNKNOWN,valid_id,EXACT_MATCH,INCLUDED,
KRX_KOSDAQ,317830,317830,에스피시스템스,UNKNOWN,valid_id,EXACT_MATCH,INCLUDED,
KRX_KOSDAQ,058610,058610,에스피지,UNKNOWN,valid_id,EXACT_MATCH,INCLUDED,
KRX_KOSDAQ,043340,043340,에쎈테크,UNKNOWN,valid_id,EXACT_MATCH,INCLUDED,
KRX_KOSDAQ,163280,163280,에어레인,UNKNOWN,valid_id,EXACT_MATCH,INCLUDED,
KRX_KOSDAQ,200710,200710,에이디테크놀로지,UNKNOWN,valid_id,EXACT_MATCH,INCLUDED,
KRX_KOSDAQ,475580,475580,에이럭스,UNKNOWN,valid_id,EXACT_MATCH,INCLUDED,
KRX_KOSDAQ,096690,096690,에이루트,UNKNOWN,valid_id,EXACT_MATCH,INCLUDED,
KRX_KOSDAQ,298380,298380,에이비엘바이오,UNKNOWN,valid_id,EXACT_MATCH,INCLUDED,
KRX_KOSDAQ,203400,203400,에이비온,UNKNOWN,valid_id,EXACT_MATCH,INCLUDED,
KRX_KOSDAQ,003800,003800,에이스침대,UNKNOWN,valid_id,EXACT_MATCH,INCLUDED,
KRX_KOSDAQ,088800,088800,에이스테크,UNKNOWN,valid_id,EXACT_MATCH,INCLUDED,
KRX_KOSDAQ,241840,241840,에이스토리,UNKNOWN,valid_id,EXACT_MATCH,INCLUDED,
KRX_KOSDAQ,364950,364950,에이아이코리아,UNKNOWN,valid_id,EXACT_MATCH,INCLUDED,
KRX_KOSDAQ,453860,453860,에이에스텍,UNKNOWN,valid_id,EXACT_MATCH,INCLUDED,
KRX_KOSDAQ,312610,312610,에이에프더블류,UNKNOWN,valid_id,EXACT_MATCH,INCLUDED,
KRX_KOSDAQ,172670,172670,에이엘티,UNKNOWN,valid_id,EXACT_MATCH,INCLUDED,
KRX_KOSDAQ,481070,481070,에이유브랜즈,UNKNOWN,valid_id,EXACT_MATCH,INCLUDED,
KRX_KOSDAQ,060900,060900,에이전트AI,UNKNOWN,valid_id,EXACT_MATCH,INCLUDED,
KRX_KOSDAQ,445090,445090,에이직랜드,UNKNOWN,valid_id,EXACT_MATCH,INCLUDED,
KRX_KOSDAQ,295310,295310,에이치브이엠,UNKNOWN,valid_id,EXACT_MATCH,INCLUDED,
KRX_KOSDAQ,297890,297890,HB솔루션,UNKNOWN,valid_id,EXACT_MATCH,INCLUDED,
KRX_KOSDAQ,440290,440290,HB인베스트먼트,UNKNOWN,valid_id,EXACT_MATCH,INCLUDED,
KRX_KOSDAQ,078150,078150,HB테크놀러지,UNKNOWN,valid_id,EXACT_MATCH,INCLUDED,
KRX_KOSDAQ,072990,072990,에이치시티,UNKNOWN,valid_id,EXACT_MATCH,INCLUDED,
KRX_KOSDAQ,225530,225530,HC보광산업,UNKNOWN,valid_id,EXACT_MATCH,INCLUDED,
KRX_KOSDAQ,060560,060560,HC홈센타,UNKNOWN,valid_id,EXACT_MATCH,INCLUDED,
KRX_KOSDAQ,036640,036640,HRS,UNKNOWN,valid_id,EXACT_MATCH,INCLUDED,
KRX_KOSDAQ,044990,044990,에이치엔에스하이텍,UNKNOWN,valid_id,EXACT_MATCH,INCLUDED,
KRX_KOSDAQ,028300,028300,HLB,UNKNOWN,valid_id,EXACT_MATCH,INCLUDED,
KRX_KOSDAQ,278650,278650,HLB바이오스텝,UNKNOWN,valid_id,EXACT_MATCH,INCLUDED,
KRX_KOSDAQ,067630,067630,HLB생명과학,UNKNOWN,valid_id,EXACT_MATCH,INCLUDED,
KRX_KOSDAQ,187420,187420,HLB제넥스,UNKNOWN,valid_id,EXACT_MATCH,INCLUDED,
KRX_KOSDAQ,047920,047920,HLB제약,UNKNOWN,valid_id,EXACT_MATCH,INCLUDED,
KRX_KOSDAQ,115450,115450,HLB테라퓨틱스,UNKNOWN,valid_id,EXACT_MATCH,INCLUDED,
KRX_KOSDAQ,046210,046210,HLB파나진,UNKNOWN,valid_id,EXACT_MATCH,INCLUDED,
KRX_KOSDAQ,196300,196300,HLB펩,UNKNOWN,valid_id,EXACT_MATCH,INCLUDED,
KRX_KOSDAQ,239610,239610,에이치엘사이언스,UNKNOWN,valid_id,EXACT_MATCH,INCLUDED,
KRX_KOSDAQ,0156T0,0156T0,에이치엘지노믹스,UNKNOWN,valid_id,EXACT_MATCH,INCLUDED,
KRX_KOSDAQ,036170,036170,에이치엠넥스,UNKNOWN,valid_id,EXACT_MATCH,INCLUDED,
KRX_KOSDAQ,477340,477340,에이치엠씨제7호스팩,UNKNOWN,,NONE,EXCLUDED_WITH_REASON,EXCLUDED_SPAC
KRX_KOSDAQ,148930,148930,에이치와이티씨,UNKNOWN,valid_id,EXACT_MATCH,INCLUDED,
KRX_KOSDAQ,376270,376270,HEM파마,UNKNOWN,valid_id,EXACT_MATCH,INCLUDED,
KRX_KOSDAQ,044780,044780,에이치케이,UNKNOWN,valid_id,EXACT_MATCH,INCLUDED,
KRX_KOSDAQ,195940,195940,HK이노엔,UNKNOWN,valid_id,EXACT_MATCH,INCLUDED,
KRX_KOSDAQ,403870,403870,HPSP,UNKNOWN,valid_id,EXACT_MATCH,INCLUDED,
KRX_KOSDAQ,357230,357230,에이치피오,UNKNOWN,valid_id,EXACT_MATCH,INCLUDED,
KRX_KOSDAQ,355690,355690,에이텀,UNKNOWN,valid_id,EXACT_MATCH,INCLUDED,
KRX_KOSDAQ,071670,071670,에이테크솔루션,UNKNOWN,valid_id,EXACT_MATCH,INCLUDED,
KRX_KOSDAQ,045660,045660,에이텍,UNKNOWN,valid_id,EXACT_MATCH,INCLUDED,
KRX_KOSDAQ,224110,224110,에이텍모빌리티,UNKNOWN,valid_id,EXACT_MATCH,INCLUDED,
KRX_KOSDAQ,021080,021080,에이티넘인베스트,UNKNOWN,valid_id,EXACT_MATCH,INCLUDED,
KRX_KOSDAQ,200470,200470,에이팩트,UNKNOWN,valid_id,EXACT_MATCH,INCLUDED,
KRX_KOSDAQ,262260,262260,에이프로,UNKNOWN,valid_id,EXACT_MATCH,INCLUDED,
KRX_KOSDAQ,397030,397030,에이프릴바이오,UNKNOWN,valid_id,EXACT_MATCH,INCLUDED,
KRX_KOSDAQ,265520,265520,AP시스템,UNKNOWN,valid_id,EXACT_MATCH,INCLUDED,
KRX_KOSDAQ,054620,054620,APS,UNKNOWN,valid_id,EXACT_MATCH,INCLUDED,
KRX_KOSDAQ,211270,211270,AP위성,UNKNOWN,valid_id,EXACT_MATCH,INCLUDED,
KRX_KOSDAQ,0009K0,0009K0,에임드바이오,UNKNOWN,valid_id,EXACT_MATCH,INCLUDED,
KRX_KOSDAQ,230240,230240,에치에프알,UNKNOWN,valid_id,EXACT_MATCH,INCLUDED,
KRX_KOSDAQ,159910,159910,에코글로우,UNKNOWN,valid_id,EXACT_MATCH,INCLUDED,
KRX_KOSDAQ,097780,097780,에코볼트,UNKNOWN,valid_id,EXACT_MATCH,INCLUDED,
KRX_KOSDAQ,038870,038870,에코심플렉스,UNKNOWN,valid_id,EXACT_MATCH,INCLUDED,
KRX_KOSDAQ,448280,448280,에코아이,UNKNOWN,valid_id,EXACT_MATCH,INCLUDED,
KRX_KOSDAQ,101360,101360,에코앤드림,UNKNOWN,valid_id,EXACT_MATCH,INCLUDED,
KRX_KOSDAQ,128540,128540,에코캡,UNKNOWN,valid_id,EXACT_MATCH,INCLUDED,
KRX_KOSDAQ,086520,086520,에코프로,UNKNOWN,valid_id,EXACT_MATCH,INCLUDED,
KRX_KOSDAQ,247540,247540,에코프로비엠,UNKNOWN,valid_id,EXACT_MATCH,INCLUDED,
KRX_KOSDAQ,383310,383310,에코프로에이치엔,UNKNOWN,valid_id,EXACT_MATCH,INCLUDED,
KRX_KOSDAQ,038110,038110,에코플라스틱,UNKNOWN,valid_id,EXACT_MATCH,INCLUDED,
KRX_KOSDAQ,073540,073540,에프알텍,UNKNOWN,valid_id,EXACT_MATCH,INCLUDED,
KRX_KOSDAQ,064850,064850,에프앤가이드,UNKNOWN,valid_id,EXACT_MATCH,INCLUDED,
KRX_KOSDAQ,214270,214270,FSN,UNKNOWN,valid_id,EXACT_MATCH,INCLUDED,
KRX_KOSDAQ,036810,036810,에프에스티,UNKNOWN,valid_id,EXACT_MATCH,INCLUDED,
KRX_KOSDAQ,173940,173940,에프엔씨엔터,UNKNOWN,valid_id,EXACT_MATCH,INCLUDED,
KRX_KOSDAQ,083500,083500,에프엔에스테크,UNKNOWN,valid_id,EXACT_MATCH,INCLUDED,
KRX_KOSDAQ,317530,317530,에피소드컴퍼니,UNKNOWN,valid_id,EXACT_MATCH,INCLUDED,
KRX_KOSDAQ,054940,054940,엑사이엔씨,UNKNOWN,valid_id,EXACT_MATCH,INCLUDED,
KRX_KOSDAQ,950130,950130,엑세스바이오,UNKNOWN,,NONE,EXCLUDED_WITH_REASON,EXCLUDED_OTHER
KRX_KOSDAQ,373110,373110,엑셀세라퓨틱스,UNKNOWN,valid_id,EXACT_MATCH,INCLUDED,
KRX_KOSDAQ,205100,205100,엑셈,UNKNOWN,valid_id,EXACT_MATCH,INCLUDED,
KRX_KOSDAQ,356680,356680,엑스게이트,UNKNOWN,valid_id,EXACT_MATCH,INCLUDED,
KRX_KOSDAQ,317770,317770,엑스페릭스,UNKNOWN,valid_id,EXACT_MATCH,INCLUDED,
KRX_KOSDAQ,373200,373200,엑스플러스,UNKNOWN,valid_id,EXACT_MATCH,INCLUDED,
KRX_KOSDAQ,069920,069920,엑시온그룹,UNKNOWN,valid_id,EXACT_MATCH,INCLUDED,
KRX_KOSDAQ,092870,092870,엑시콘,UNKNOWN,valid_id,EXACT_MATCH,INCLUDED,
KRX_KOSDAQ,317870,317870,엔바이오니아,UNKNOWN,valid_id,EXACT_MATCH,INCLUDED,
KRX_KOSDAQ,067570,067570,엔브이에이치코리아,UNKNOWN,valid_id,EXACT_MATCH,INCLUDED,
KRX_KOSDAQ,0004V0,0004V0,엔비알모션,UNKNOWN,valid_id,EXACT_MATCH,INCLUDED,
KRX_KOSDAQ,236810,236810,엔비티,UNKNOWN,valid_id,EXACT_MATCH,INCLUDED,
KRX_KOSDAQ,333620,333620,엔시스,UNKNOWN,valid_id,EXACT_MATCH,INCLUDED,
KRX_KOSDAQ,101400,101400,엔시트론,UNKNOWN,valid_id,EXACT_MATCH,INCLUDED,
KRX_KOSDAQ,475230,475230,엔알비,UNKNOWN,valid_id,EXACT_MATCH,INCLUDED,
KRX_KOSDAQ,481890,481890,엔에이치스팩31호,UNKNOWN,,NONE,EXCLUDED_WITH_REASON,EXCLUDED_SPAC
KRX_KOSDAQ,0054V0,0054V0,엔에이치스팩32호,UNKNOWN,,NONE,EXCLUDED_WITH_REASON,EXCLUDED_SPAC
KRX_KOSDAQ,0130H0,0130H0,엔에이치스팩33호,UNKNOWN,,NONE,EXCLUDED_WITH_REASON,EXCLUDED_SPAC
KRX_KOSDAQ,104200,104200,NHN벅스,UNKNOWN,valid_id,EXACT_MATCH,INCLUDED,
KRX_KOSDAQ,060250,060250,NHN KCP,UNKNOWN,valid_id,EXACT_MATCH,INCLUDED,
KRX_KOSDAQ,265740,265740,엔에프씨,UNKNOWN,valid_id,EXACT_MATCH,INCLUDED,
KRX_KOSDAQ,053290,053290,NE능률,UNKNOWN,valid_id,EXACT_MATCH,INCLUDED,
KRX_KOSDAQ,354200,354200,엔젠바이오,UNKNOWN,valid_id,EXACT_MATCH,INCLUDED,
KRX_KOSDAQ,455900,455900,엔젤로보틱스,UNKNOWN,valid_id,EXACT_MATCH,INCLUDED,
KRX_KOSDAQ,419080,419080,엔젯,UNKNOWN,valid_id,EXACT_MATCH,INCLUDED,
KRX_KOSDAQ,183490,183490,엔지켐생명과학,UNKNOWN,valid_id,EXACT_MATCH,INCLUDED,
KRX_KOSDAQ,182400,182400,엔케이젠바이오텍코리아,UNKNOWN,valid_id,EXACT_MATCH,INCLUDED,
KRX_KOSDAQ,348370,348370,엔켐,UNKNOWN,valid_id,EXACT_MATCH,INCLUDED,
KRX_KOSDAQ,069410,069410,엔텔스,UNKNOWN,valid_id,EXACT_MATCH,INCLUDED,
KRX_KOSDAQ,227950,227950,엔투텍,UNKNOWN,valid_id,EXACT_MATCH,INCLUDED,
KRX_KOSDAQ,048830,048830,엔피케이,UNKNOWN,valid_id,EXACT_MATCH,INCLUDED,
KRX_KOSDAQ,096870,096870,엘디티,UNKNOWN,valid_id,EXACT_MATCH,INCLUDED,
KRX_KOSDAQ,061970,061970,LB세미콘,UNKNOWN,valid_id,EXACT_MATCH,INCLUDED,
KRX_KOSDAQ,309960,309960,LB인베스트먼트,UNKNOWN,valid_id,EXACT_MATCH,INCLUDED,
KRX_KOSDAQ,290650,290650,엘앤씨바이오,UNKNOWN,valid_id,EXACT_MATCH,INCLUDED,
KRX_KOSDAQ,156100,156100,엘앤케이바이오,UNKNOWN,valid_id,EXACT_MATCH,INCLUDED,
KRX_KOSDAQ,0041J0,0041J0,엘에스스팩1호,UNKNOWN,,NONE,EXCLUDED_WITH_REASON,EXCLUDED_SPAC
KRX_KOSDAQ,060370,060370,LS마린솔루션,UNKNOWN,valid_id,EXACT_MATCH,INCLUDED,
KRX_KOSDAQ,417200,417200,LS머트리얼즈,UNKNOWN,valid_id,EXACT_MATCH,INCLUDED,
KRX_KOSDAQ,078020,078020,LS증권,UNKNOWN,valid_id,EXACT_MATCH,INCLUDED,
KRX_KOSDAQ,322180,322180,LS티라유텍,UNKNOWN,valid_id,EXACT_MATCH,INCLUDED,
KRX_KOSDAQ,073110,073110,엘엠에스,UNKNOWN,valid_id,EXACT_MATCH,INCLUDED,
KRX_KOSDAQ,083310,083310,엘오티베큠,UNKNOWN,valid_id,EXACT_MATCH,INCLUDED,
KRX_KOSDAQ,037950,037950,엘컴텍,UNKNOWN,valid_id,EXACT_MATCH,INCLUDED,
KRX_KOSDAQ,225190,225190,LK삼양,UNKNOWN,valid_id,EXACT_MATCH,INCLUDED,
KRX_KOSDAQ,489500,489500,엘케이켐,UNKNOWN,valid_id,EXACT_MATCH,INCLUDED,
KRX_KOSDAQ,170920,170920,엘티씨,UNKNOWN,valid_id,EXACT_MATCH,INCLUDED,
KRX_KOSDAQ,476080,476080,M83,UNKNOWN,valid_id,EXACT_MATCH,INCLUDED,
KRX_KOSDAQ,058630,058630,엠게임,UNKNOWN,valid_id,EXACT_MATCH,INCLUDED,
KRX_KOSDAQ,226590,226590,엠디바이스,UNKNOWN,valid_id,EXACT_MATCH,INCLUDED,
KRX_KOSDAQ,058970,058970,엠로,UNKNOWN,valid_id,EXACT_MATCH,INCLUDED,
KRX_KOSDAQ,373170,373170,엠아이큐브솔루션,UNKNOWN,valid_id,EXACT_MATCH,INCLUDED,
KRX_KOSDAQ,179290,179290,엠아이텍,UNKNOWN,valid_id,EXACT_MATCH,INCLUDED,
KRX_KOSDAQ,009780,009780,엠에스씨,UNKNOWN,valid_id,EXACT_MATCH,INCLUDED,
KRX_KOSDAQ,123040,123040,엠에스오토텍,UNKNOWN,valid_id,EXACT_MATCH,INCLUDED,
KRX_KOSDAQ,432980,432980,엠에프씨,UNKNOWN,valid_id,EXACT_MATCH,INCLUDED,
KRX_KOSDAQ,007820,007820,엠엑스로보틱스,UNKNOWN,valid_id,EXACT_MATCH,INCLUDED,
KRX_KOSDAQ,347890,347890,엠엑스온,UNKNOWN,valid_id,EXACT_MATCH,INCLUDED,
KRX_KOSDAQ,413390,413390,엠오티,UNKNOWN,valid_id,EXACT_MATCH,INCLUDED,
KRX_KOSDAQ,032790,032790,엠젠솔루션,UNKNOWN,valid_id,EXACT_MATCH,INCLUDED,
KRX_KOSDAQ,033160,033160,엠케이전자,UNKNOWN,valid_id,EXACT_MATCH,INCLUDED,
KRX_KOSDAQ,033310,033310,엠투엔,UNKNOWN,valid_id,EXACT_MATCH,INCLUDED,
KRX_KOSDAQ,259630,259630,엠플러스,UNKNOWN,valid_id,EXACT_MATCH,INCLUDED,
KRX_KOSDAQ,105550,105550,엣지파운드리,UNKNOWN,valid_id,EXACT_MATCH,INCLUDED,
KRX_KOSDAQ,060850,060850,영림원소프트랩,UNKNOWN,valid_id,EXACT_MATCH,INCLUDED,
KRX_KOSDAQ,143540,143540,영우디에스피,UNKNOWN,valid_id,EXACT_MATCH,INCLUDED,
KRX_KOSDAQ,265560,265560,영화테크,UNKNOWN,valid_id,EXACT_MATCH,INCLUDED,
KRX_KOSDAQ,036000,036000,예림당,UNKNOWN,valid_id,EXACT_MATCH,INCLUDED,
KRX_KOSDAQ,250930,250930,예선테크,UNKNOWN,valid_id,EXACT_MATCH,INCLUDED,
KRX_KOSDAQ,053280,053280,예스24,UNKNOWN,valid_id,EXACT_MATCH,INCLUDED,
KRX_KOSDAQ,122640,122640,예스티,UNKNOWN,valid_id,EXACT_MATCH,INCLUDED,
KRX_KOSDAQ,476040,476040,오가노이드사이언스,UNKNOWN,valid_id,EXACT_MATCH,INCLUDED,
KRX_KOSDAQ,900300,900300,오가닉티코스메틱,UNKNOWN,valid_id,EXACT_MATCH,INCLUDED,
KRX_KOSDAQ,045060,045060,오공,UNKNOWN,valid_id,EXACT_MATCH,INCLUDED,
KRX_KOSDAQ,192410,192410,오늘이엔엠,UNKNOWN,valid_id,EXACT_MATCH,INCLUDED,
KRX_KOSDAQ,080520,080520,오디텍,UNKNOWN,valid_id,EXACT_MATCH,INCLUDED,
KRX_KOSDAQ,039830,039830,오로라,UNKNOWN,valid_id,EXACT_MATCH,INCLUDED,
KRX_KOSDAQ,322310,322310,오로스테크놀로지,UNKNOWN,valid_id,EXACT_MATCH,INCLUDED,
KRX_KOSDAQ,046120,046120,오르비텍,UNKNOWN,valid_id,EXACT_MATCH,INCLUDED,
KRX_KOSDAQ,475830,475830,오름테라퓨틱,UNKNOWN,valid_id,EXACT_MATCH,INCLUDED,
KRX_KOSDAQ,014940,014940,오리엔탈정공,UNKNOWN,valid_id,EXACT_MATCH,INCLUDED,
KRX_KOSDAQ,065500,065500,오리엔트정공,UNKNOWN,valid_id,EXACT_MATCH,INCLUDED,
KRX_KOSDAQ,010470,010470,오리콤,UNKNOWN,valid_id,EXACT_MATCH,INCLUDED,
KRX_KOSDAQ,417860,417860,오브젠,UNKNOWN,valid_id,EXACT_MATCH,INCLUDED,
KRX_KOSDAQ,352910,352910,오비고,UNKNOWN,valid_id,EXACT_MATCH,INCLUDED,
KRX_KOSDAQ,053980,053980,오상자이엘,UNKNOWN,valid_id,EXACT_MATCH,INCLUDED,
KRX_KOSDAQ,036220,036220,오상헬스케어,UNKNOWN,valid_id,EXACT_MATCH,INCLUDED,
KRX_KOSDAQ,052420,052420,오성첨단소재,UNKNOWN,valid_id,EXACT_MATCH,INCLUDED,
KRX_KOSDAQ,052300,052300,오션인더블유,UNKNOWN,valid_id,EXACT_MATCH,INCLUDED,
KRX_KOSDAQ,039200,039200,오스코텍,UNKNOWN,valid_id,EXACT_MATCH,INCLUDED,
KRX_KOSDAQ,031510,031510,오스템,UNKNOWN,valid_id,EXACT_MATCH,INCLUDED,
KRX_KOSDAQ,342870,342870,오아,UNKNOWN,valid_id,EXACT_MATCH,INCLUDED,
KRX_KOSDAQ,368970,368970,오에스피,UNKNOWN,valid_id,EXACT_MATCH,INCLUDED,
KRX_KOSDAQ,138080,138080,오이솔루션,UNKNOWN,valid_id,EXACT_MATCH,INCLUDED,
KRX_KOSDAQ,080580,080580,오킨스전자,UNKNOWN,valid_id,EXACT_MATCH,INCLUDED,
KRX_KOSDAQ,067170,067170,오텍,UNKNOWN,valid_id,EXACT_MATCH,INCLUDED,
KRX_KOSDAQ,353590,353590,오토앤,UNKNOWN,valid_id,EXACT_MATCH,INCLUDED,
KRX_KOSDAQ,173130,173130,오파스넷,UNKNOWN,valid_id,EXACT_MATCH,INCLUDED,
KRX_KOSDAQ,049480,049480,오픈베이스,UNKNOWN,valid_id,EXACT_MATCH,INCLUDED,
KRX_KOSDAQ,394280,394280,오픈엣지테크놀로지,UNKNOWN,valid_id,EXACT_MATCH,INCLUDED,
KRX_KOSDAQ,476060,476060,온코닉테라퓨틱스,UNKNOWN,valid_id,EXACT_MATCH,INCLUDED,
KRX_KOSDAQ,382150,382150,온코크로스,UNKNOWN,valid_id,EXACT_MATCH,INCLUDED,
KRX_KOSDAQ,244460,244460,올리패스,UNKNOWN,valid_id,EXACT_MATCH,INCLUDED,
KRX_KOSDAQ,226950,226950,올릭스,UNKNOWN,valid_id,EXACT_MATCH,INCLUDED,
KRX_KOSDAQ,057540,057540,옴니시스템,UNKNOWN,valid_id,EXACT_MATCH,INCLUDED,
KRX_KOSDAQ,131030,131030,옵투스제약,UNKNOWN,valid_id,EXACT_MATCH,INCLUDED,
KRX_KOSDAQ,082210,082210,옵트론텍,UNKNOWN,valid_id,EXACT_MATCH,INCLUDED,
KRX_KOSDAQ,109080,109080,옵티시스,UNKNOWN,valid_id,EXACT_MATCH,INCLUDED,
KRX_KOSDAQ,380540,380540,옵티코어,UNKNOWN,valid_id,EXACT_MATCH,INCLUDED,
KRX_KOSDAQ,153710,153710,옵티팜,UNKNOWN,valid_id,EXACT_MATCH,INCLUDED,
KRX_KOSDAQ,051390,051390,YW,UNKNOWN,valid_id,EXACT_MATCH,INCLUDED,
KRX_KOSDAQ,432430,432430,와이랩,UNKNOWN,valid_id,EXACT_MATCH,INCLUDED,
KRX_KOSDAQ,338840,338840,와이바이오로직스,UNKNOWN,valid_id,EXACT_MATCH,INCLUDED,
KRX_KOSDAQ,057030,057030,YBM넷,UNKNOWN,valid_id,EXACT_MATCH,INCLUDED,
KRX_KOSDAQ,122990,122990,와이솔,UNKNOWN,valid_id,EXACT_MATCH,INCLUDED,
KRX_KOSDAQ,232140,232140,와이씨,UNKNOWN,valid_id,EXACT_MATCH,INCLUDED,
KRX_KOSDAQ,112290,112290,와이씨켐,UNKNOWN,valid_id,EXACT_MATCH,INCLUDED,
KRX_KOSDAQ,065530,065530,와이어블,UNKNOWN,valid_id,EXACT_MATCH,INCLUDED,
KRX_KOSDAQ,067900,067900,와이엔텍,UNKNOWN,valid_id,EXACT_MATCH,INCLUDED,
KRX_KOSDAQ,007530,007530,와이엠,UNKNOWN,valid_id,EXACT_MATCH,INCLUDED,
KRX_KOSDAQ,155650,155650,와이엠씨,UNKNOWN,valid_id,EXACT_MATCH,INCLUDED,
KRX_KOSDAQ,273640,273640,와이엠텍,UNKNOWN,valid_id,EXACT_MATCH,INCLUDED,
KRX_KOSDAQ,251370,251370,와이엠티,UNKNOWN,valid_id,EXACT_MATCH,INCLUDED,
KRX_KOSDAQ,209640,209640,와이제이링크,UNKNOWN,valid_id,EXACT_MATCH,INCLUDED,
KRX_KOSDAQ,096250,096250,와이즈넛,UNKNOWN,valid_id,EXACT_MATCH,INCLUDED,
KRX_KOSDAQ,273060,273060,와이즈버즈,UNKNOWN,valid_id,EXACT_MATCH,INCLUDED,
KRX_KOSDAQ,019210,019210,와이지-원,UNKNOWN,valid_id,EXACT_MATCH,INCLUDED,
KRX_KOSDAQ,122870,122870,와이지엔터테인먼트,UNKNOWN,valid_id,EXACT_MATCH,INCLUDED,
KRX_KOSDAQ,040300,040300,YTN,UNKNOWN,valid_id,EXACT_MATCH,INCLUDED,
KRX_KOSDAQ,079000,079000,와토스코리아,UNKNOWN,valid_id,EXACT_MATCH,INCLUDED,
KRX_KOSDAQ,032820,032820,우리기술,UNKNOWN,valid_id,EXACT_MATCH,INCLUDED,
KRX_KOSDAQ,041190,041190,우리기술투자,UNKNOWN,valid_id,EXACT_MATCH,INCLUDED,
KRX_KOSDAQ,115440,115440,우리넷,UNKNOWN,valid_id,EXACT_MATCH,INCLUDED,
KRX_KOSDAQ,046970,046970,우리로,UNKNOWN,valid_id,EXACT_MATCH,INCLUDED,
KRX_KOSDAQ,082850,082850,우리바이오,UNKNOWN,valid_id,EXACT_MATCH,INCLUDED,
KRX_KOSDAQ,215360,215360,우리산업,UNKNOWN,valid_id,EXACT_MATCH,INCLUDED,
KRX_KOSDAQ,072470,072470,우리산업홀딩스,UNKNOWN,valid_id,EXACT_MATCH,INCLUDED,
KRX_KOSDAQ,073560,073560,우리손에프앤지,UNKNOWN,valid_id,EXACT_MATCH,INCLUDED,
KRX_KOSDAQ,037400,037400,우리엔터프라이즈,UNKNOWN,valid_id,EXACT_MATCH,INCLUDED,
KRX_KOSDAQ,153490,153490,우리이앤엘하루틴,UNKNOWN,valid_id,EXACT_MATCH,INCLUDED,
KRX_KOSDAQ,101170,101170,우림피티에스,UNKNOWN,valid_id,EXACT_MATCH,INCLUDED,
KRX_KOSDAQ,103840,103840,우양,UNKNOWN,valid_id,EXACT_MATCH,INCLUDED,
KRX_KOSDAQ,101970,101970,우양에이치씨,UNKNOWN,valid_id,EXACT_MATCH,INCLUDED,
KRX_KOSDAQ,046940,046940,우원개발,UNKNOWN,valid_id,EXACT_MATCH,INCLUDED,
KRX_KOSDAQ,065680,065680,우주일렉트로,UNKNOWN,valid_id,EXACT_MATCH,INCLUDED,
KRX_KOSDAQ,018620,018620,우진비앤지,UNKNOWN,valid_id,EXACT_MATCH,INCLUDED,
KRX_KOSDAQ,457550,457550,우진엔텍,UNKNOWN,valid_id,EXACT_MATCH,INCLUDED,
KRX_KOSDAQ,396470,396470,워트,UNKNOWN,valid_id,EXACT_MATCH,INCLUDED,
KRX_KOSDAQ,307280,307280,원바이오젠,UNKNOWN,valid_id,EXACT_MATCH,INCLUDED,
KRX_KOSDAQ,032940,032940,원익,UNKNOWN,valid_id,EXACT_MATCH,INCLUDED,
KRX_KOSDAQ,104830,104830,원익머트리얼즈,UNKNOWN,valid_id,EXACT_MATCH,INCLUDED,
KRX_KOSDAQ,240810,240810,원익IPS,UNKNOWN,valid_id,EXACT_MATCH,INCLUDED,
KRX_KOSDAQ,014190,014190,원익큐브,UNKNOWN,valid_id,EXACT_MATCH,INCLUDED,
KRX_KOSDAQ,074600,074600,원익QnC,UNKNOWN,valid_id,EXACT_MATCH,INCLUDED,
KRX_KOSDAQ,217820,217820,원익피앤이,UNKNOWN,valid_id,EXACT_MATCH,INCLUDED,
KRX_KOSDAQ,030530,030530,원익홀딩스,UNKNOWN,valid_id,EXACT_MATCH,INCLUDED,
KRX_KOSDAQ,012620,012620,원일특강,UNKNOWN,valid_id,EXACT_MATCH,INCLUDED,
KRX_KOSDAQ,136150,136150,원일티엔아이,UNKNOWN,valid_id,EXACT_MATCH,INCLUDED,
KRX_KOSDAQ,382840,382840,원준,UNKNOWN,valid_id,EXACT_MATCH,INCLUDED,
KRX_KOSDAQ,336570,336570,원텍,UNKNOWN,valid_id,EXACT_MATCH,INCLUDED,
KRX_KOSDAQ,376980,376980,원티드랩,UNKNOWN,valid_id,EXACT_MATCH,INCLUDED,
KRX_KOSDAQ,008370,008370,원풍,UNKNOWN,valid_id,EXACT_MATCH,INCLUDED,
KRX_KOSDAQ,008290,008290,원풍물산,UNKNOWN,valid_id,EXACT_MATCH,INCLUDED,
KRX_KOSDAQ,101160,101160,월덱스,UNKNOWN,valid_id,EXACT_MATCH,INCLUDED,
KRX_KOSDAQ,336060,336060,웨이버스,UNKNOWN,valid_id,EXACT_MATCH,INCLUDED,
KRX_KOSDAQ,095270,095270,웨이브일렉트로,UNKNOWN,valid_id,EXACT_MATCH,INCLUDED,
KRX_KOSDAQ,289930,289930,웨이비스,UNKNOWN,valid_id,EXACT_MATCH,INCLUDED,
KRX_KOSDAQ,065950,065950,웰크론,UNKNOWN,valid_id,EXACT_MATCH,INCLUDED,
KRX_KOSDAQ,076080,076080,웰크론한텍,UNKNOWN,valid_id,EXACT_MATCH,INCLUDED,
KRX_KOSDAQ,043590,043590,웰킵스하이텍,UNKNOWN,valid_id,EXACT_MATCH,INCLUDED,
KRX_KOSDAQ,196700,196700,웹스,UNKNOWN,valid_id,EXACT_MATCH,INCLUDED,
KRX_KOSDAQ,069080,069080,웹젠,UNKNOWN,valid_id,EXACT_MATCH,INCLUDED,
KRX_KOSDAQ,053580,053580,웹케시,UNKNOWN,valid_id,EXACT_MATCH,INCLUDED,
KRX_KOSDAQ,479960,479960,위너스일렉,UNKNOWN,valid_id,EXACT_MATCH,INCLUDED,
KRX_KOSDAQ,044340,044340,위닉스,UNKNOWN,valid_id,EXACT_MATCH,INCLUDED,
KRX_KOSDAQ,330350,330350,위더스제약,UNKNOWN,valid_id,EXACT_MATCH,INCLUDED,
KRX_KOSDAQ,348350,348350,위드텍,UNKNOWN,valid_id,EXACT_MATCH,INCLUDED,
KRX_KOSDAQ,112040,112040,위메이드,UNKNOWN,valid_id,EXACT_MATCH,INCLUDED,
KRX_KOSDAQ,101730,101730,위메이드맥스,UNKNOWN,valid_id,EXACT_MATCH,INCLUDED,
KRX_KOSDAQ,123420,123420,위메이드플레이,UNKNOWN,valid_id,EXACT_MATCH,INCLUDED,
KRX_KOSDAQ,065370,065370,위세아이텍,UNKNOWN,valid_id,EXACT_MATCH,INCLUDED,
KRX_KOSDAQ,038620,038620,위즈코프,UNKNOWN,valid_id,EXACT_MATCH,INCLUDED,
KRX_KOSDAQ,299900,299900,위지윅스튜디오,UNKNOWN,valid_id,EXACT_MATCH,INCLUDED,
KRX_KOSDAQ,036090,036090,위지트,UNKNOWN,valid_id,EXACT_MATCH,INCLUDED,
KRX_KOSDAQ,459100,459100,위츠,UNKNOWN,valid_id,EXACT_MATCH,INCLUDED,
KRX_KOSDAQ,136540,136540,윈스테크넷,UNKNOWN,valid_id,EXACT_MATCH,INCLUDED,
KRX_KOSDAQ,097800,097800,윈팩,UNKNOWN,valid_id,EXACT_MATCH,INCLUDED,
KRX_KOSDAQ,192390,192390,윈하이텍,UNKNOWN,valid_id,EXACT_MATCH,INCLUDED,
KRX_KOSDAQ,335870,335870,윙스풋,UNKNOWN,valid_id,EXACT_MATCH,INCLUDED,
KRX_KOSDAQ,900340,900340,윙입푸드,UNKNOWN,valid_id,EXACT_MATCH,INCLUDED,
KRX_KOSDAQ,036200,036200,유니셈,UNKNOWN,valid_id,EXACT_MATCH,INCLUDED,
KRX_KOSDAQ,018000,018000,유니슨,UNKNOWN,valid_id,EXACT_MATCH,INCLUDED,
KRX_KOSDAQ,203450,203450,유니온바이오메트릭스,UNKNOWN,valid_id,EXACT_MATCH,INCLUDED,
KRX_KOSDAQ,011320,011320,유니크,UNKNOWN,valid_id,EXACT_MATCH,INCLUDED,
KRX_KOSDAQ,086390,086390,유니테스트,UNKNOWN,valid_id,EXACT_MATCH,INCLUDED,
KRX_KOSDAQ,241690,241690,유니테크노,UNKNOWN,valid_id,EXACT_MATCH,INCLUDED,
KRX_KOSDAQ,142210,142210,유니트론텍,UNKNOWN,valid_id,EXACT_MATCH,INCLUDED,
KRX_KOSDAQ,389680,389680,유디엠텍,UNKNOWN,valid_id,EXACT_MATCH,INCLUDED,
KRX_KOSDAQ,088340,088340,유라클,UNKNOWN,valid_id,EXACT_MATCH,INCLUDED,
KRX_KOSDAQ,048430,048430,유라테크,UNKNOWN,valid_id,EXACT_MATCH,INCLUDED,
KRX_KOSDAQ,206650,206650,유바이오로직스,UNKNOWN,valid_id,EXACT_MATCH,INCLUDED,
KRX_KOSDAQ,089850,089850,유비벨록스,UNKNOWN,valid_id,EXACT_MATCH,INCLUDED,
KRX_KOSDAQ,084440,084440,유비온,UNKNOWN,valid_id,EXACT_MATCH,INCLUDED,
KRX_KOSDAQ,264450,264450,유비쿼스,UNKNOWN,valid_id,EXACT_MATCH,INCLUDED,
KRX_KOSDAQ,078070,078070,유비쿼스홀딩스,UNKNOWN,valid_id,EXACT_MATCH,INCLUDED,
KRX_KOSDAQ,024800,024800,유성티엔에스,UNKNOWN,valid_id,EXACT_MATCH,INCLUDED,
KRX_KOSDAQ,054930,054930,유신,UNKNOWN,valid_id,EXACT_MATCH,INCLUDED,
KRX_KOSDAQ,069330,069330,유아이디,UNKNOWN,valid_id,EXACT_MATCH,INCLUDED,
KRX_KOSDAQ,049520,049520,유아이엘,UNKNOWN,valid_id,EXACT_MATCH,INCLUDED,
KRX_KOSDAQ,473050,473050,유안타제15호스팩,UNKNOWN,,NONE,EXCLUDED_WITH_REASON,EXCLUDED_SPAC
KRX_KOSDAQ,474490,474490,유안타제16호스팩,UNKNOWN,,NONE,EXCLUDED_WITH_REASON,EXCLUDED_SPAC
KRX_KOSDAQ,493790,493790,유안타제17호스팩,UNKNOWN,,NONE,EXCLUDED_WITH_REASON,EXCLUDED_SPAC
KRX_KOSDAQ,263770,263770,유에스티,UNKNOWN,valid_id,EXACT_MATCH,INCLUDED,
KRX_KOSDAQ,388720,388720,유일로보틱스,UNKNOWN,valid_id,EXACT_MATCH,INCLUDED,
KRX_KOSDAQ,023410,023410,유진기업,UNKNOWN,valid_id,EXACT_MATCH,INCLUDED,
KRX_KOSDAQ,468760,468760,유진스팩10호,UNKNOWN,,NONE,EXCLUDED_WITH_REASON,EXCLUDED_SPAC
KRX_KOSDAQ,488060,488060,유진스팩11호,UNKNOWN,,NONE,EXCLUDED_WITH_REASON,EXCLUDED_SPAC
KRX_KOSDAQ,0105P0,0105P0,유진스팩12호,UNKNOWN,,NONE,EXCLUDED_WITH_REASON,EXCLUDED_SPAC
KRX_KOSDAQ,056080,056080,유진로봇,UNKNOWN,valid_id,EXACT_MATCH,INCLUDED,
KRX_KOSDAQ,084370,084370,유진테크,UNKNOWN,valid_id,EXACT_MATCH,INCLUDED,
KRX_KOSDAQ,240600,240600,유진테크놀로지,UNKNOWN,valid_id,EXACT_MATCH,INCLUDED,
KRX_KOSDAQ,179900,179900,유티아이,UNKNOWN,valid_id,EXACT_MATCH,INCLUDED,
KRX_KOSDAQ,263050,263050,유틸렉스,UNKNOWN,valid_id,EXACT_MATCH,INCLUDED,
KRX_KOSDAQ,191410,191410,육일씨엔에쓰,UNKNOWN,valid_id,EXACT_MATCH,INCLUDED,
KRX_KOSDAQ,372170,372170,윤성에프앤씨,UNKNOWN,valid_id,EXACT_MATCH,INCLUDED,
KRX_KOSDAQ,146060,146060,율촌,UNKNOWN,valid_id,EXACT_MATCH,INCLUDED,
KRX_KOSDAQ,039020,039020,이건홀딩스,UNKNOWN,valid_id,EXACT_MATCH,INCLUDED,
KRX_KOSDAQ,067920,067920,이글루,UNKNOWN,valid_id,EXACT_MATCH,INCLUDED,
KRX_KOSDAQ,044960,044960,이글벳,UNKNOWN,valid_id,EXACT_MATCH,INCLUDED,
KRX_KOSDAQ,303530,303530,이노뎁,UNKNOWN,valid_id,EXACT_MATCH,INCLUDED,
KRX_KOSDAQ,302430,302430,이노메트리,UNKNOWN,valid_id,EXACT_MATCH,INCLUDED,
KRX_KOSDAQ,462350,462350,이노스페이스,UNKNOWN,valid_id,EXACT_MATCH,INCLUDED,
KRX_KOSDAQ,274400,274400,이노시뮬레이션,UNKNOWN,valid_id,EXACT_MATCH,INCLUDED,
KRX_KOSDAQ,296640,296640,이노에이엑스,UNKNOWN,valid_id,EXACT_MATCH,INCLUDED,
KRX_KOSDAQ,215790,215790,이노인스트루먼트,UNKNOWN,valid_id,EXACT_MATCH,INCLUDED,
KRX_KOSDAQ,344860,344860,이노진,UNKNOWN,valid_id,EXACT_MATCH,INCLUDED,
KRX_KOSDAQ,333050,333050,이노테나,UNKNOWN,valid_id,EXACT_MATCH,INCLUDED,
KRX_KOSDAQ,469610,469610,이노테크,UNKNOWN,valid_id,EXACT_MATCH,INCLUDED,
KRX_KOSDAQ,088390,088390,이녹스,UNKNOWN,valid_id,EXACT_MATCH,INCLUDED,
KRX_KOSDAQ,272290,272290,이녹스첨단소재,UNKNOWN,valid_id,EXACT_MATCH,INCLUDED,
KRX_KOSDAQ,053350,053350,이니텍,UNKNOWN,valid_id,EXACT_MATCH,INCLUDED,
KRX_KOSDAQ,452400,452400,이닉스,UNKNOWN,valid_id,EXACT_MATCH,INCLUDED,
KRX_KOSDAQ,264850,264850,이랜시스,UNKNOWN,valid_id,EXACT_MATCH,INCLUDED,
KRX_KOSDAQ,054210,054210,이랜텍,UNKNOWN,valid_id,EXACT_MATCH,INCLUDED,
KRX_KOSDAQ,009730,009730,이렘,UNKNOWN,valid_id,EXACT_MATCH,INCLUDED,
KRX_KOSDAQ,065440,065440,이루온,UNKNOWN,valid_id,EXACT_MATCH,INCLUDED,
KRX_KOSDAQ,424870,424870,이뮨온시아,UNKNOWN,valid_id,EXACT_MATCH,INCLUDED,
KRX_KOSDAQ,115610,115610,이미지스,UNKNOWN,valid_id,EXACT_MATCH,INCLUDED,
KRX_KOSDAQ,478110,478110,이베스트스팩6호,UNKNOWN,,NONE,EXCLUDED_WITH_REASON,EXCLUDED_SPAC
KRX_KOSDAQ,131400,131400,이브이첨단소재,UNKNOWN,valid_id,EXACT_MATCH,INCLUDED,
KRX_KOSDAQ,351330,351330,이삭엔지니어링,UNKNOWN,valid_id,EXACT_MATCH,INCLUDED,
KRX_KOSDAQ,080010,080010,이상네트웍스,UNKNOWN,valid_id,EXACT_MATCH,INCLUDED,
KRX_KOSDAQ,086890,086890,이수앱지스,UNKNOWN,valid_id,EXACT_MATCH,INCLUDED,
KRX_KOSDAQ,047560,047560,이스트소프트,UNKNOWN,valid_id,EXACT_MATCH,INCLUDED,
KRX_KOSDAQ,239340,239340,이스트에이드,UNKNOWN,valid_id,EXACT_MATCH,INCLUDED,
KRX_KOSDAQ,067010,067010,이씨에스,UNKNOWN,valid_id,EXACT_MATCH,INCLUDED,
KRX_KOSDAQ,418620,418620,E8,UNKNOWN,valid_id,EXACT_MATCH,INCLUDED,
KRX_KOSDAQ,456070,456070,이엔셀,UNKNOWN,valid_id,EXACT_MATCH,INCLUDED,
KRX_KOSDAQ,102710,102710,이엔에프테크놀로지,UNKNOWN,valid_id,EXACT_MATCH,INCLUDED,
KRX_KOSDAQ,041520,041520,이엘씨,UNKNOWN,valid_id,EXACT_MATCH,INCLUDED,
KRX_KOSDAQ,063760,063760,이엘피,UNKNOWN,valid_id,EXACT_MATCH,INCLUDED,
KRX_KOSDAQ,123570,123570,이엠넷,UNKNOWN,valid_id,EXACT_MATCH,INCLUDED,
KRX_KOSDAQ,083470,083470,이엠앤아이,UNKNOWN,valid_id,EXACT_MATCH,INCLUDED,
KRX_KOSDAQ,091120,091120,이엠텍,UNKNOWN,valid_id,EXACT_MATCH,INCLUDED,
KRX_KOSDAQ,039030,039030,이오테크닉스,UNKNOWN,valid_id,EXACT_MATCH,INCLUDED,
KRX_KOSDAQ,294090,294090,이오플로우,UNKNOWN,valid_id,EXACT_MATCH,INCLUDED,
KRX_KOSDAQ,245620,245620,EDGC,UNKNOWN,valid_id,EXACT_MATCH,INCLUDED,
KRX_KOSDAQ,088290,088290,이원컴포텍,UNKNOWN,valid_id,EXACT_MATCH,INCLUDED,
KRX_KOSDAQ,037370,037370,EG,UNKNOWN,valid_id,EXACT_MATCH,INCLUDED,
KRX_KOSDAQ,353810,353810,이지바이오,UNKNOWN,valid_id,EXACT_MATCH,INCLUDED,
KRX_KOSDAQ,261520,261520,이지스,UNKNOWN,valid_id,EXACT_MATCH,INCLUDED,
KRX_KOSDAQ,099750,099750,이지케어텍,UNKNOWN,valid_id,EXACT_MATCH,INCLUDED,
KRX_KOSDAQ,377330,377330,이지트로닉스,UNKNOWN,valid_id,EXACT_MATCH,INCLUDED,
KRX_KOSDAQ,035810,035810,이지홀딩스,UNKNOWN,valid_id,EXACT_MATCH,INCLUDED,
KRX_KOSDAQ,092130,092130,이크레더블,UNKNOWN,valid_id,EXACT_MATCH,INCLUDED,
KRX_KOSDAQ,134060,134060,이퓨쳐,UNKNOWN,valid_id,EXACT_MATCH,INCLUDED,
KRX_KOSDAQ,001840,001840,이화공영,UNKNOWN,valid_id,EXACT_MATCH,INCLUDED,
KRX_KOSDAQ,041830,041830,인바디,UNKNOWN,valid_id,EXACT_MATCH,INCLUDED,
KRX_KOSDAQ,352940,352940,인바이오,UNKNOWN,valid_id,EXACT_MATCH,INCLUDED,
KRX_KOSDAQ,079950,079950,인베니아,UNKNOWN,valid_id,EXACT_MATCH,INCLUDED,
KRX_KOSDAQ,0007J0,0007J0,인벤테라,UNKNOWN,valid_id,EXACT_MATCH,INCLUDED,
KRX_KOSDAQ,389470,389470,인벤티지랩,UNKNOWN,valid_id,EXACT_MATCH,INCLUDED,
KRX_KOSDAQ,277410,277410,인산가,UNKNOWN,valid_id,EXACT_MATCH,INCLUDED,
KRX_KOSDAQ,060150,060150,인선이엔티,UNKNOWN,valid_id,EXACT_MATCH,INCLUDED,
KRX_KOSDAQ,033230,033230,인성정보,UNKNOWN,valid_id,EXACT_MATCH,INCLUDED,
KRX_KOSDAQ,450520,450520,인스웨이브,UNKNOWN,valid_id,EXACT_MATCH,INCLUDED,
KRX_KOSDAQ,465480,465480,인스피언,UNKNOWN,valid_id,EXACT_MATCH,INCLUDED,
KRX_KOSDAQ,037330,037330,인지디스플레,UNKNOWN,valid_id,EXACT_MATCH,INCLUDED,
KRX_KOSDAQ,100030,100030,인지소프트,UNKNOWN,valid_id,EXACT_MATCH,INCLUDED,
KRX_KOSDAQ,211050,211050,인카금융서비스,UNKNOWN,valid_id,EXACT_MATCH,INCLUDED,
KRX_KOSDAQ,083640,083640,인콘,UNKNOWN,valid_id,EXACT_MATCH,INCLUDED,
KRX_KOSDAQ,064090,064090,인크레더블버즈,UNKNOWN,valid_id,EXACT_MATCH,INCLUDED,
KRX_KOSDAQ,216050,216050,인크로스,UNKNOWN,valid_id,EXACT_MATCH,INCLUDED,
KRX_KOSDAQ,049070,049070,인탑스,UNKNOWN,valid_id,EXACT_MATCH,INCLUDED,
KRX_KOSDAQ,119610,119610,인터로조,UNKNOWN,valid_id,EXACT_MATCH,INCLUDED,
KRX_KOSDAQ,017250,017250,인터엠,UNKNOWN,valid_id,EXACT_MATCH,INCLUDED,
KRX_KOSDAQ,051370,051370,인터플렉스,UNKNOWN,valid_id,EXACT_MATCH,INCLUDED,
KRX_KOSDAQ,064290,064290,인텍플러스,UNKNOWN,valid_id,EXACT_MATCH,INCLUDED,
KRX_KOSDAQ,189300,189300,인텔리안테크,UNKNOWN,valid_id,EXACT_MATCH,INCLUDED,
KRX_KOSDAQ,287840,287840,인투셀,UNKNOWN,valid_id,EXACT_MATCH,INCLUDED,
KRX_KOSDAQ,048530,048530,인트론바이오,UNKNOWN,valid_id,EXACT_MATCH,INCLUDED,
KRX_KOSDAQ,070590,070590,인티큐브,UNKNOWN,valid_id,EXACT_MATCH,INCLUDED,
KRX_KOSDAQ,115310,115310,인포바인,UNKNOWN,valid_id,EXACT_MATCH,INCLUDED,
KRX_KOSDAQ,039290,039290,인포뱅크,UNKNOWN,valid_id,EXACT_MATCH,INCLUDED,
KRX_KOSDAQ,071200,071200,인피니트헬스케어,UNKNOWN,valid_id,EXACT_MATCH,INCLUDED,
KRX_KOSDAQ,101930,101930,인화정공,UNKNOWN,valid_id,EXACT_MATCH,INCLUDED,
KRX_KOSDAQ,333430,333430,일승,UNKNOWN,valid_id,EXACT_MATCH,INCLUDED,
KRX_KOSDAQ,068330,068330,일신바이오,UNKNOWN,valid_id,EXACT_MATCH,INCLUDED,
KRX_KOSDAQ,178780,178780,일월지엠엘,UNKNOWN,valid_id,EXACT_MATCH,INCLUDED,
KRX_KOSDAQ,019540,019540,일지테크,UNKNOWN,valid_id,EXACT_MATCH,INCLUDED,
KRX_KOSDAQ,094820,094820,일진파워,UNKNOWN,valid_id,EXACT_MATCH,INCLUDED,
KRX_KOSDAQ,950140,950140,잉글우드랩,UNKNOWN,,NONE,EXCLUDED_WITH_REASON,EXCLUDED_OTHER
KRX_KOSDAQ,049550,049550,잉크테크,UNKNOWN,valid_id,EXACT_MATCH,INCLUDED,
KRX_KOSDAQ,389020,389020,자람테크놀로지,UNKNOWN,valid_id,EXACT_MATCH,INCLUDED,
KRX_KOSDAQ,254120,254120,자비스,UNKNOWN,valid_id,EXACT_MATCH,INCLUDED,
KRX_KOSDAQ,043910,043910,자연과환경,UNKNOWN,valid_id,EXACT_MATCH,INCLUDED,
KRX_KOSDAQ,234920,234920,자이글,UNKNOWN,valid_id,EXACT_MATCH,INCLUDED,
KRX_KOSDAQ,289220,289220,자이언트스텝,UNKNOWN,valid_id,EXACT_MATCH,INCLUDED,
KRX_KOSDAQ,049630,049630,재영솔루텍,UNKNOWN,valid_id,EXACT_MATCH,INCLUDED,
KRX_KOSDAQ,417840,417840,저스템,UNKNOWN,valid_id,EXACT_MATCH,INCLUDED,
KRX_KOSDAQ,110020,110020,전진바이오팜,UNKNOWN,valid_id,EXACT_MATCH,INCLUDED,
KRX_KOSDAQ,208140,208140,정다운,UNKNOWN,valid_id,EXACT_MATCH,INCLUDED,
KRX_KOSDAQ,040420,040420,정상제이엘에스,UNKNOWN,valid_id,EXACT_MATCH,INCLUDED,
KRX_KOSDAQ,045510,045510,정원엔시스,UNKNOWN,valid_id,EXACT_MATCH,INCLUDED,
KRX_KOSDAQ,217190,217190,제너셈,UNKNOWN,valid_id,EXACT_MATCH,INCLUDED,
KRX_KOSDAQ,095700,095700,제넥신,UNKNOWN,valid_id,EXACT_MATCH,INCLUDED,
KRX_KOSDAQ,122310,122310,제노레이,UNKNOWN,valid_id,EXACT_MATCH,INCLUDED,
KRX_KOSDAQ,361390,361390,제노코,UNKNOWN,valid_id,EXACT_MATCH,INCLUDED,
KRX_KOSDAQ,225220,225220,제놀루션,UNKNOWN,valid_id,EXACT_MATCH,INCLUDED,
KRX_KOSDAQ,123330,123330,제닉,UNKNOWN,valid_id,EXACT_MATCH,INCLUDED,
KRX_KOSDAQ,381620,381620,제닉스로보틱스,UNKNOWN,valid_id,EXACT_MATCH,INCLUDED,
KRX_KOSDAQ,159580,159580,제로투세븐,UNKNOWN,valid_id,EXACT_MATCH,INCLUDED,
KRX_KOSDAQ,147830,147830,제룡산업,UNKNOWN,valid_id,EXACT_MATCH,INCLUDED,
KRX_KOSDAQ,033100,033100,제룡전기,UNKNOWN,valid_id,EXACT_MATCH,INCLUDED,
KRX_KOSDAQ,079370,079370,제우스,UNKNOWN,valid_id,EXACT_MATCH,INCLUDED,
KRX_KOSDAQ,067290,067290,JW신약,UNKNOWN,valid_id,EXACT_MATCH,INCLUDED,
KRX_KOSDAQ,054950,054950,제이브이엠,UNKNOWN,valid_id,EXACT_MATCH,INCLUDED,
KRX_KOSDAQ,090470,090470,제이스로보틱스,UNKNOWN,valid_id,EXACT_MATCH,INCLUDED,
KRX_KOSDAQ,023440,023440,제이스코홀딩스,UNKNOWN,valid_id,EXACT_MATCH,INCLUDED,
KRX_KOSDAQ,137950,137950,제이씨케미칼,UNKNOWN,valid_id,EXACT_MATCH,INCLUDED,
KRX_KOSDAQ,033320,033320,제이씨현시스템,UNKNOWN,valid_id,EXACT_MATCH,INCLUDED,
KRX_KOSDAQ,417500,417500,제이아이테크,UNKNOWN,valid_id,EXACT_MATCH,INCLUDED,
KRX_KOSDAQ,204270,204270,제이앤티씨,UNKNOWN,valid_id,EXACT_MATCH,INCLUDED,
KRX_KOSDAQ,127120,127120,제이에스링크,UNKNOWN,valid_id,EXACT_MATCH,INCLUDED,
KRX_KOSDAQ,026040,026040,제이에스티나,UNKNOWN,valid_id,EXACT_MATCH,INCLUDED,
KRX_KOSDAQ,452160,452160,제이엔비,UNKNOWN,valid_id,EXACT_MATCH,INCLUDED,
KRX_KOSDAQ,126880,126880,제이엔케이글로벌,UNKNOWN,valid_id,EXACT_MATCH,INCLUDED,
KRX_KOSDAQ,322510,322510,제이엘케이,UNKNOWN,valid_id,EXACT_MATCH,INCLUDED,
KRX_KOSDAQ,033050,033050,제이엠아이,UNKNOWN,valid_id,EXACT_MATCH,INCLUDED,
KRX_KOSDAQ,094970,094970,제이엠티,UNKNOWN,valid_id,EXACT_MATCH,INCLUDED,
KRX_KOSDAQ,418550,418550,제이오,UNKNOWN,valid_id,EXACT_MATCH,INCLUDED,
KRX_KOSDAQ,035900,035900,JYP Ent.,UNKNOWN,valid_id,EXACT_MATCH,INCLUDED,
KRX_KOSDAQ,060230,060230,제이케이시냅스,UNKNOWN,valid_id,EXACT_MATCH,INCLUDED,
KRX_KOSDAQ,420570,420570,제이투케이바이오,UNKNOWN,valid_id,EXACT_MATCH,INCLUDED,
KRX_KOSDAQ,089790,089790,제이티,UNKNOWN,valid_id,EXACT_MATCH,INCLUDED,
KRX_KOSDAQ,950170,950170,JTC,UNKNOWN,,NONE,EXCLUDED_WITH_REASON,EXCLUDED_OTHER
KRX_KOSDAQ,0010V0,0010V0,제이피아이헬스케어,UNKNOWN,valid_id,EXACT_MATCH,INCLUDED,
KRX_KOSDAQ,412540,412540,제일엠앤에스,UNKNOWN,valid_id,EXACT_MATCH,INCLUDED,
KRX_KOSDAQ,199820,199820,제일일렉트릭,UNKNOWN,valid_id,EXACT_MATCH,INCLUDED,
KRX_KOSDAQ,038010,038010,제일테크노스,UNKNOWN,valid_id,EXACT_MATCH,INCLUDED,
KRX_KOSDAQ,080220,080220,제주반도체,UNKNOWN,valid_id,EXACT_MATCH,INCLUDED,
KRX_KOSDAQ,216080,216080,제테마,UNKNOWN,valid_id,EXACT_MATCH,INCLUDED,
KRX_KOSDAQ,337930,337930,젝시믹스,UNKNOWN,valid_id,EXACT_MATCH,INCLUDED,
KRX_KOSDAQ,229000,229000,젠큐릭스,UNKNOWN,valid_id,EXACT_MATCH,INCLUDED,
KRX_KOSDAQ,082270,082270,젬백스,UNKNOWN,valid_id,EXACT_MATCH,INCLUDED,
KRX_KOSDAQ,153890,153890,져스텍,UNKNOWN,valid_id,EXACT_MATCH,INCLUDED,
KRX_KOSDAQ,034940,034940,조아제약,UNKNOWN,valid_id,EXACT_MATCH,INCLUDED,
KRX_KOSDAQ,067000,067000,조이시티,UNKNOWN,valid_id,EXACT_MATCH,INCLUDED,
KRX_KOSDAQ,309930,309930,조이웍스앤코,UNKNOWN,valid_id,EXACT_MATCH,INCLUDED,
KRX_KOSDAQ,018700,018700,졸스,UNKNOWN,valid_id,EXACT_MATCH,INCLUDED,
KRX_KOSDAQ,033340,033340,좋은사람들,UNKNOWN,valid_id,EXACT_MATCH,INCLUDED,
KRX_KOSDAQ,036930,036930,주성엔지니어링,UNKNOWN,valid_id,EXACT_MATCH,INCLUDED,
KRX_KOSDAQ,357580,357580,아모센스,UNKNOWN,valid_id,EXACT_MATCH,INCLUDED,
KRX_KOSDAQ,226400,226400,오스테오닉,UNKNOWN,valid_id,EXACT_MATCH,INCLUDED,
KRX_KOSDAQ,440320,440320,오픈놀,UNKNOWN,valid_id,EXACT_MATCH,INCLUDED,
KRX_KOSDAQ,348080,348080,큐라티스,UNKNOWN,valid_id,EXACT_MATCH,INCLUDED,
KRX_KOSDAQ,072020,072020,중앙백신,UNKNOWN,valid_id,EXACT_MATCH,INCLUDED,
KRX_KOSDAQ,000440,000440,중앙에너비스,UNKNOWN,valid_id,EXACT_MATCH,INCLUDED,
KRX_KOSDAQ,051980,051980,중앙첨단소재,UNKNOWN,valid_id,EXACT_MATCH,INCLUDED,
KRX_KOSDAQ,221800,221800,지구홀딩스,UNKNOWN,valid_id,EXACT_MATCH,INCLUDED,
KRX_KOSDAQ,228760,228760,지노믹트리,UNKNOWN,valid_id,EXACT_MATCH,INCLUDED,
KRX_KOSDAQ,314130,314130,지놈앤컴퍼니,UNKNOWN,valid_id,EXACT_MATCH,INCLUDED,
KRX_KOSDAQ,389030,389030,지니너스,UNKNOWN,valid_id,EXACT_MATCH,INCLUDED,
KRX_KOSDAQ,263860,263860,지니언스,UNKNOWN,valid_id,EXACT_MATCH,INCLUDED,
KRX_KOSDAQ,303030,303030,지니틱스,UNKNOWN,valid_id,EXACT_MATCH,INCLUDED,
KRX_KOSDAQ,208350,208350,지란지교시큐리티,UNKNOWN,valid_id,EXACT_MATCH,INCLUDED,
KRX_KOSDAQ,446840,446840,지슨,UNKNOWN,valid_id,EXACT_MATCH,INCLUDED,
KRX_KOSDAQ,144510,144510,지씨셀,UNKNOWN,valid_id,EXACT_MATCH,INCLUDED,
KRX_KOSDAQ,340450,340450,지씨지놈,UNKNOWN,valid_id,EXACT_MATCH,INCLUDED,
KRX_KOSDAQ,306620,306620,지아이에스,UNKNOWN,valid_id,EXACT_MATCH,INCLUDED,
KRX_KOSDAQ,358570,358570,지아이이노베이션,UNKNOWN,valid_id,EXACT_MATCH,INCLUDED,
KRX_KOSDAQ,382480,382480,지아이텍,UNKNOWN,valid_id,EXACT_MATCH,INCLUDED,
KRX_KOSDAQ,382800,382800,지앤비에스 에코,UNKNOWN,valid_id,EXACT_MATCH,INCLUDED,
KRX_KOSDAQ,051160,051160,지어소프트,UNKNOWN,valid_id,EXACT_MATCH,INCLUDED,
KRX_KOSDAQ,053050,053050,지에스이,UNKNOWN,valid_id,EXACT_MATCH,INCLUDED,
KRX_KOSDAQ,130500,130500,GH신소재,UNKNOWN,valid_id,EXACT_MATCH,INCLUDED,
KRX_KOSDAQ,388610,388610,지에프씨생명과학,UNKNOWN,valid_id,EXACT_MATCH,INCLUDED,
KRX_KOSDAQ,493330,493330,지에프아이,UNKNOWN,valid_id,EXACT_MATCH,INCLUDED,
KRX_KOSDAQ,119850,119850,지엔씨에너지,UNKNOWN,valid_id,EXACT_MATCH,INCLUDED,
KRX_KOSDAQ,065060,065060,지엔코,UNKNOWN,valid_id,EXACT_MATCH,INCLUDED,
KRX_KOSDAQ,204840,204840,지엘팜텍,UNKNOWN,valid_id,EXACT_MATCH,INCLUDED,
KRX_KOSDAQ,019570,019570,GMI벤처,UNKNOWN,valid_id,EXACT_MATCH,INCLUDED,
KRX_KOSDAQ,311320,311320,지오엘리먼트,UNKNOWN,valid_id,EXACT_MATCH,INCLUDED,
KRX_KOSDAQ,456160,456160,지투지바이오,UNKNOWN,valid_id,EXACT_MATCH,INCLUDED,
KRX_KOSDAQ,388050,388050,지투파워,UNKNOWN,valid_id,EXACT_MATCH,INCLUDED,
KRX_KOSDAQ,018120,018120,진로발효,UNKNOWN,valid_id,EXACT_MATCH,INCLUDED,
KRX_KOSDAQ,109820,109820,진매트릭스,UNKNOWN,valid_id,EXACT_MATCH,INCLUDED,
KRX_KOSDAQ,086060,086060,진바이오텍,UNKNOWN,valid_id,EXACT_MATCH,INCLUDED,
KRX_KOSDAQ,036890,036890,진성티이씨,UNKNOWN,valid_id,EXACT_MATCH,INCLUDED,
KRX_KOSDAQ,363250,363250,진시스템,UNKNOWN,valid_id,EXACT_MATCH,INCLUDED,
KRX_KOSDAQ,007370,007370,진양제약,UNKNOWN,valid_id,EXACT_MATCH,INCLUDED,
KRX_KOSDAQ,285800,285800,진영,UNKNOWN,valid_id,EXACT_MATCH,INCLUDED,
KRX_KOSDAQ,085660,085660,차바이오텍,UNKNOWN,valid_id,EXACT_MATCH,INCLUDED,
KRX_KOSDAQ,900250,900250,크리스탈신소재,UNKNOWN,valid_id,EXACT_MATCH,INCLUDED,
KRX_KOSDAQ,351870,351870,차이커뮤니케이션,UNKNOWN,valid_id,EXACT_MATCH,INCLUDED,
KRX_KOSDAQ,094850,094850,참좋은여행,UNKNOWN,valid_id,EXACT_MATCH,INCLUDED,
KRX_KOSDAQ,004650,004650,창해에탄올,UNKNOWN,valid_id,EXACT_MATCH,INCLUDED,
KRX_KOSDAQ,0011T0,0011T0,채비,UNKNOWN,valid_id,EXACT_MATCH,INCLUDED,
KRX_KOSDAQ,278280,278280,천보,UNKNOWN,valid_id,EXACT_MATCH,INCLUDED,
KRX_KOSDAQ,362320,362320,청담글로벌,UNKNOWN,valid_id,EXACT_MATCH,INCLUDED,
KRX_KOSDAQ,013720,013720,청보,UNKNOWN,valid_id,EXACT_MATCH,INCLUDED,
KRX_KOSDAQ,066360,066360,체리부로,UNKNOWN,valid_id,EXACT_MATCH,INCLUDED,
KRX_KOSDAQ,047820,047820,초록뱀미디어,UNKNOWN,valid_id,EXACT_MATCH,INCLUDED,
KRX_KOSDAQ,291650,291650,츌립앤사이언스,UNKNOWN,valid_id,EXACT_MATCH,INCLUDED,
KRX_KOSDAQ,094360,094360,칩스앤미디어,UNKNOWN,valid_id,EXACT_MATCH,INCLUDED,
KRX_KOSDAQ,0082N0,0082N0,카나프테라퓨틱스,UNKNOWN,valid_id,EXACT_MATCH,INCLUDED,
KRX_KOSDAQ,016920,016920,카스,UNKNOWN,valid_id,EXACT_MATCH,INCLUDED,
KRX_KOSDAQ,284620,284620,카이노스메드,UNKNOWN,valid_id,EXACT_MATCH,INCLUDED,
KRX_KOSDAQ,293490,293490,카카오게임즈,UNKNOWN,valid_id,EXACT_MATCH,INCLUDED,
KRX_KOSDAQ,140430,140430,카티스,UNKNOWN,valid_id,EXACT_MATCH,INCLUDED,
KRX_KOSDAQ,042000,042000,카페24,UNKNOWN,valid_id,EXACT_MATCH,INCLUDED,
KRX_KOSDAQ,313760,313760,캐리,UNKNOWN,valid_id,EXACT_MATCH,INCLUDED,
KRX_KOSDAQ,071850,071850,캐스텍코리아,UNKNOWN,valid_id,EXACT_MATCH,INCLUDED,
KRX_KOSDAQ,198080,198080,캐프,UNKNOWN,valid_id,EXACT_MATCH,INCLUDED,
KRX_KOSDAQ,210120,210120,캔버스엔,UNKNOWN,valid_id,EXACT_MATCH,INCLUDED,
KRX_KOSDAQ,050110,050110,캠시스,UNKNOWN,valid_id,EXACT_MATCH,INCLUDED,
KRX_KOSDAQ,452300,452300,캡스톤파트너스,UNKNOWN,valid_id,EXACT_MATCH,INCLUDED,
KRX_KOSDAQ,451760,451760,컨텍,UNKNOWN,valid_id,EXACT_MATCH,INCLUDED,
KRX_KOSDAQ,900310,900310,컬러레이,UNKNOWN,valid_id,EXACT_MATCH,INCLUDED,
KRX_KOSDAQ,078340,078340,컴투스,UNKNOWN,valid_id,EXACT_MATCH,INCLUDED,
KRX_KOSDAQ,291230,291230,컴투스엔,UNKNOWN,valid_id,EXACT_MATCH,INCLUDED,
KRX_KOSDAQ,063080,063080,컴투스홀딩스,UNKNOWN,valid_id,EXACT_MATCH,INCLUDED,
KRX_KOSDAQ,307930,307930,컴퍼니케이,UNKNOWN,valid_id,EXACT_MATCH,INCLUDED,
KRX_KOSDAQ,079190,079190,케스피온,UNKNOWN,valid_id,EXACT_MATCH,INCLUDED,
KRX_KOSDAQ,263700,263700,케어랩스,UNKNOWN,valid_id,EXACT_MATCH,INCLUDED,
KRX_KOSDAQ,214370,214370,케어젠,UNKNOWN,valid_id,EXACT_MATCH,INCLUDED,
KRX_KOSDAQ,221980,221980,케이디켐,UNKNOWN,valid_id,EXACT_MATCH,INCLUDED,
KRX_KOSDAQ,038530,038530,케이바이오랩스,UNKNOWN,valid_id,EXACT_MATCH,INCLUDED,
KRX_KOSDAQ,024840,024840,KBI메탈,UNKNOWN,valid_id,EXACT_MATCH,INCLUDED,
KRX_KOSDAQ,478390,478390,KB제29호스팩,UNKNOWN,,NONE,EXCLUDED_WITH_REASON,EXCLUDED_SPAC
KRX_KOSDAQ,486630,486630,KB제30호스팩,UNKNOWN,,NONE,EXCLUDED_WITH_REASON,EXCLUDED_SPAC
KRX_KOSDAQ,492220,492220,KB제31호스팩,UNKNOWN,,NONE,EXCLUDED_WITH_REASON,EXCLUDED_SPAC
KRX_KOSDAQ,0037T0,0037T0,KB제32호스팩,UNKNOWN,,NONE,EXCLUDED_WITH_REASON,EXCLUDED_SPAC
KRX_KOSDAQ,0072Z0,0072Z0,KB제33호스팩,UNKNOWN,,NONE,EXCLUDED_WITH_REASON,EXCLUDED_SPAC
KRX_KOSDAQ,318000,318000,KBG,UNKNOWN,valid_id,EXACT_MATCH,INCLUDED,
KRX_KOSDAQ,192250,192250,케이사인,UNKNOWN,valid_id,EXACT_MATCH,INCLUDED,
KRX_KOSDAQ,431190,431190,케이쓰리아이,UNKNOWN,valid_id,EXACT_MATCH,INCLUDED,
KRX_KOSDAQ,021320,021320,KCC건설,UNKNOWN,valid_id,EXACT_MATCH,INCLUDED,
KRX_KOSDAQ,115500,115500,케이씨에스,UNKNOWN,valid_id,EXACT_MATCH,INCLUDED,
KRX_KOSDAQ,089150,089150,케이씨티,UNKNOWN,valid_id,EXACT_MATCH,INCLUDED,
KRX_KOSDAQ,025880,025880,케이씨피드,UNKNOWN,valid_id,EXACT_MATCH,INCLUDED,
KRX_KOSDAQ,093320,093320,케이아이엔엑스,UNKNOWN,valid_id,EXACT_MATCH,INCLUDED,
KRX_KOSDAQ,093640,093640,케이알엠,UNKNOWN,valid_id,EXACT_MATCH,INCLUDED,
KRX_KOSDAQ,487400,487400,케이앤에스아이앤씨,UNKNOWN,valid_id,EXACT_MATCH,INCLUDED,
KRX_KOSDAQ,101000,101000,KS인더스트리,UNKNOWN,valid_id,EXACT_MATCH,INCLUDED,
KRX_KOSDAQ,073010,073010,케이에스피,UNKNOWN,valid_id,EXACT_MATCH,INCLUDED,
KRX_KOSDAQ,060720,060720,KH바텍,UNKNOWN,valid_id,EXACT_MATCH,INCLUDED,
KRX_KOSDAQ,122450,122450,KX,UNKNOWN,valid_id,EXACT_MATCH,INCLUDED,
KRX_KOSDAQ,052900,052900,KX하이텍,UNKNOWN,valid_id,EXACT_MATCH,INCLUDED,
KRX_KOSDAQ,105330,105330,케이엔더블유,UNKNOWN,valid_id,EXACT_MATCH,INCLUDED,
KRX_KOSDAQ,053080,053080,케이엔솔,UNKNOWN,valid_id,EXACT_MATCH,INCLUDED,
KRX_KOSDAQ,199430,199430,케이엔알시스템,UNKNOWN,valid_id,EXACT_MATCH,INCLUDED,
KRX_KOSDAQ,432470,432470,케이엔에스,UNKNOWN,valid_id,EXACT_MATCH,INCLUDED,
KRX_KOSDAQ,058400,058400,KNN,UNKNOWN,valid_id,EXACT_MATCH,INCLUDED,
KRX_KOSDAQ,272110,272110,케이엔제이,UNKNOWN,valid_id,EXACT_MATCH,INCLUDED,
KRX_KOSDAQ,039420,039420,케이엘넷,UNKNOWN,valid_id,EXACT_MATCH,INCLUDED,
KRX_KOSDAQ,083550,083550,케이엠,UNKNOWN,valid_id,EXACT_MATCH,INCLUDED,
KRX_KOSDAQ,032500,032500,케이엠더블유,UNKNOWN,valid_id,EXACT_MATCH,INCLUDED,
KRX_KOSDAQ,225430,225430,케이엠제약,UNKNOWN,valid_id,EXACT_MATCH,INCLUDED,
KRX_KOSDAQ,102370,102370,케이옥션,UNKNOWN,valid_id,EXACT_MATCH,INCLUDED,
KRX_KOSDAQ,068100,068100,케이웨더,UNKNOWN,valid_id,EXACT_MATCH,INCLUDED,
KRX_KOSDAQ,106080,106080,케이이엠텍,UNKNOWN,valid_id,EXACT_MATCH,INCLUDED,
KRX_KOSDAQ,036560,036560,KZ정밀,UNKNOWN,valid_id,EXACT_MATCH,INCLUDED,
KRX_KOSDAQ,455180,455180,케이지에이,UNKNOWN,valid_id,EXACT_MATCH,INCLUDED,
KRX_KOSDAQ,151860,151860,KG에코솔루션,UNKNOWN,valid_id,EXACT_MATCH,INCLUDED,
KRX_KOSDAQ,035600,035600,KG이니시스,UNKNOWN,valid_id,EXACT_MATCH,INCLUDED,
KRX_KOSDAQ,089600,089600,KT나스미디어,UNKNOWN,valid_id,EXACT_MATCH,INCLUDED,
KRX_KOSDAQ,418470,418470,KT밀리의서재,UNKNOWN,valid_id,EXACT_MATCH,INCLUDED,
KRX_KOSDAQ,036030,036030,케이티알파,UNKNOWN,valid_id,EXACT_MATCH,INCLUDED,
KRX_KOSDAQ,043610,043610,KT지니뮤직,UNKNOWN,valid_id,EXACT_MATCH,INCLUDED,
KRX_KOSDAQ,064820,064820,케이프,UNKNOWN,valid_id,EXACT_MATCH,INCLUDED,
KRX_KOSDAQ,024880,024880,케이피에프,UNKNOWN,valid_id,EXACT_MATCH,INCLUDED,
KRX_KOSDAQ,042040,042040,케이피엠테크,UNKNOWN,valid_id,EXACT_MATCH,INCLUDED,
KRX_KOSDAQ,054410,054410,케이피티유,UNKNOWN,valid_id,EXACT_MATCH,INCLUDED,
KRX_KOSDAQ,288180,288180,케이피항공산업,UNKNOWN,valid_id,EXACT_MATCH,INCLUDED,
KRX_KOSDAQ,258610,258610,케일럼,UNKNOWN,valid_id,EXACT_MATCH,INCLUDED,
KRX_KOSDAQ,274090,274090,켄코아에어로스페이스,UNKNOWN,valid_id,EXACT_MATCH,INCLUDED,
KRX_KOSDAQ,089010,089010,켐트로닉스,UNKNOWN,valid_id,EXACT_MATCH,INCLUDED,
KRX_KOSDAQ,220260,220260,켐트로스,UNKNOWN,valid_id,EXACT_MATCH,INCLUDED,
KRX_KOSDAQ,052400,052400,코나아이,UNKNOWN,valid_id,EXACT_MATCH,INCLUDED,
KRX_KOSDAQ,402030,402030,코난테크놀로지,UNKNOWN,valid_id,EXACT_MATCH,INCLUDED,
KRX_KOSDAQ,391710,391710,코닉오토메이션,UNKNOWN,valid_id,EXACT_MATCH,INCLUDED,
KRX_KOSDAQ,046070,046070,코다코,UNKNOWN,valid_id,EXACT_MATCH,INCLUDED,
KRX_KOSDAQ,047770,047770,코데즈컴바인,UNKNOWN,valid_id,EXACT_MATCH,INCLUDED,
KRX_KOSDAQ,080530,080530,코디,UNKNOWN,valid_id,EXACT_MATCH,INCLUDED,
KRX_KOSDAQ,104540,104540,코렌텍,UNKNOWN,valid_id,EXACT_MATCH,INCLUDED,
KRX_KOSDAQ,027050,027050,코리아나,UNKNOWN,valid_id,EXACT_MATCH,INCLUDED,
KRX_KOSDAQ,190650,190650,코리아에셋투자증권,UNKNOWN,valid_id,EXACT_MATCH,INCLUDED,
KRX_KOSDAQ,123410,123410,코리아에프티,UNKNOWN,valid_id,EXACT_MATCH,INCLUDED,
KRX_KOSDAQ,036690,036690,코맥스,UNKNOWN,valid_id,EXACT_MATCH,INCLUDED,
KRX_KOSDAQ,049430,049430,코메론,UNKNOWN,valid_id,EXACT_MATCH,INCLUDED,
KRX_KOSDAQ,183300,183300,코미코,UNKNOWN,valid_id,EXACT_MATCH,INCLUDED,
KRX_KOSDAQ,041960,041960,코미팜,UNKNOWN,valid_id,EXACT_MATCH,INCLUDED,
KRX_KOSDAQ,089890,089890,코세스,UNKNOWN,valid_id,EXACT_MATCH,INCLUDED,
KRX_KOSDAQ,360350,360350,코셈,UNKNOWN,valid_id,EXACT_MATCH,INCLUDED,
KRX_KOSDAQ,082660,082660,코스나인,UNKNOWN,valid_id,EXACT_MATCH,INCLUDED,
KRX_KOSDAQ,043710,043710,코스리거글로벌,UNKNOWN,valid_id,EXACT_MATCH,INCLUDED,
KRX_KOSDAQ,222040,222040,코스맥스엔비티,UNKNOWN,valid_id,EXACT_MATCH,INCLUDED,
KRX_KOSDAQ,241710,241710,코스메카코리아,UNKNOWN,valid_id,EXACT_MATCH,INCLUDED,
KRX_KOSDAQ,439960,439960,코스모로보틱스,UNKNOWN,valid_id,EXACT_MATCH,INCLUDED,
KRX_KOSDAQ,355150,355150,코스텍시스,UNKNOWN,valid_id,EXACT_MATCH,INCLUDED,
KRX_KOSDAQ,166480,166480,코아스템켐온,UNKNOWN,valid_id,EXACT_MATCH,INCLUDED,
KRX_KOSDAQ,045970,045970,코아시아,UNKNOWN,valid_id,EXACT_MATCH,INCLUDED,
KRX_KOSDAQ,196450,196450,코아시아씨엠,UNKNOWN,valid_id,EXACT_MATCH,INCLUDED,
KRX_KOSDAQ,384470,384470,코어라인소프트,UNKNOWN,valid_id,EXACT_MATCH,INCLUDED,
KRX_KOSDAQ,102940,102940,코오롱생명과학,UNKNOWN,valid_id,EXACT_MATCH,INCLUDED,
KRX_KOSDAQ,950160,950160,코오롱티슈진,UNKNOWN,,NONE,EXCLUDED_WITH_REASON,EXCLUDED_OTHER
KRX_KOSDAQ,056360,056360,코위버,UNKNOWN,valid_id,EXACT_MATCH,INCLUDED,
KRX_KOSDAQ,282880,282880,코윈테크,UNKNOWN,valid_id,EXACT_MATCH,INCLUDED,
KRX_KOSDAQ,121850,121850,코이즈,UNKNOWN,valid_id,EXACT_MATCH,INCLUDED,
KRX_KOSDAQ,448710,448710,코츠테크놀로지,UNKNOWN,valid_id,EXACT_MATCH,INCLUDED,
KRX_KOSDAQ,126730,126730,코칩,UNKNOWN,valid_id,EXACT_MATCH,INCLUDED,
KRX_KOSDAQ,015710,015710,코콤,UNKNOWN,valid_id,EXACT_MATCH,INCLUDED,
KRX_KOSDAQ,052330,052330,코텍,UNKNOWN,valid_id,EXACT_MATCH,INCLUDED,
KRX_KOSDAQ,322780,322780,코퍼스코리아,UNKNOWN,valid_id,EXACT_MATCH,INCLUDED,
KRX_KOSDAQ,215380,215380,콜마바이오텍,UNKNOWN,valid_id,EXACT_MATCH,INCLUDED,
KRX_KOSDAQ,200130,200130,콜마비앤에이치,UNKNOWN,valid_id,EXACT_MATCH,INCLUDED,
KRX_KOSDAQ,294570,294570,쿠콘,UNKNOWN,valid_id,EXACT_MATCH,INCLUDED,
KRX_KOSDAQ,464490,464490,쿼드메디슨,UNKNOWN,valid_id,EXACT_MATCH,INCLUDED,
KRX_KOSDAQ,317690,317690,퀀타매트릭스,UNKNOWN,valid_id,EXACT_MATCH,INCLUDED,
KRX_KOSDAQ,070300,070300,퀀텀레일,UNKNOWN,valid_id,EXACT_MATCH,INCLUDED,
KRX_KOSDAQ,432720,432720,퀄리타스반도체,UNKNOWN,valid_id,EXACT_MATCH,INCLUDED,
KRX_KOSDAQ,365270,365270,큐라클,UNKNOWN,valid_id,EXACT_MATCH,INCLUDED,
KRX_KOSDAQ,060280,060280,큐렉소,UNKNOWN,valid_id,EXACT_MATCH,INCLUDED,
KRX_KOSDAQ,372320,372320,큐로셀,UNKNOWN,valid_id,EXACT_MATCH,INCLUDED,
KRX_KOSDAQ,051780,051780,큐로홀딩스,UNKNOWN,valid_id,EXACT_MATCH,INCLUDED,
KRX_KOSDAQ,115180,115180,큐리언트,UNKNOWN,valid_id,EXACT_MATCH,INCLUDED,
KRX_KOSDAQ,494120,494120,큐리오시스,UNKNOWN,valid_id,EXACT_MATCH,INCLUDED,
KRX_KOSDAQ,445680,445680,큐리옥스바이오시스템즈,UNKNOWN,valid_id,EXACT_MATCH,INCLUDED,
KRX_KOSDAQ,182360,182360,큐브엔터,UNKNOWN,valid_id,EXACT_MATCH,INCLUDED,
KRX_KOSDAQ,405100,405100,큐알티,UNKNOWN,valid_id,EXACT_MATCH,INCLUDED,
KRX_KOSDAQ,066310,066310,큐에스아이,UNKNOWN,valid_id,EXACT_MATCH,INCLUDED,
KRX_KOSDAQ,377460,377460,큐에이드,UNKNOWN,valid_id,EXACT_MATCH,INCLUDED,
KRX_KOSDAQ,016600,016600,큐캐피탈,UNKNOWN,valid_id,EXACT_MATCH,INCLUDED,
KRX_KOSDAQ,355390,355390,크라우드웍스,UNKNOWN,valid_id,EXACT_MATCH,INCLUDED,
KRX_KOSDAQ,096240,096240,크레버스,UNKNOWN,valid_id,EXACT_MATCH,INCLUDED,
KRX_KOSDAQ,040350,040350,크레오에스지,UNKNOWN,valid_id,EXACT_MATCH,INCLUDED,
KRX_KOSDAQ,110790,110790,크리스에프앤씨,UNKNOWN,valid_id,EXACT_MATCH,INCLUDED,
KRX_KOSDAQ,045520,045520,크린앤사이언스,UNKNOWN,valid_id,EXACT_MATCH,INCLUDED,
KRX_KOSDAQ,214150,214150,클래시스,UNKNOWN,valid_id,EXACT_MATCH,INCLUDED,
KRX_KOSDAQ,466100,466100,클로봇,UNKNOWN,valid_id,EXACT_MATCH,INCLUDED,
KRX_KOSDAQ,237880,237880,클리오,UNKNOWN,valid_id,EXACT_MATCH,INCLUDED,
KRX_KOSDAQ,139670,139670,키네마스터,UNKNOWN,valid_id,EXACT_MATCH,INCLUDED,
KRX_KOSDAQ,475430,475430,키스트론,UNKNOWN,valid_id,EXACT_MATCH,INCLUDED,
KRX_KOSDAQ,487720,487720,키움제10호스팩,UNKNOWN,,NONE,EXCLUDED_WITH_REASON,EXCLUDED_SPAC
KRX_KOSDAQ,489480,489480,키움제11호스팩,UNKNOWN,,NONE,EXCLUDED_WITH_REASON,EXCLUDED_SPAC
KRX_KOSDAQ,466690,466690,키움히어로제1호스팩,UNKNOWN,,NONE,EXCLUDED_WITH_REASON,EXCLUDED_SPAC
KRX_KOSDAQ,0131D0,0131D0,키움히어로제2호스팩,UNKNOWN,,NONE,EXCLUDED_WITH_REASON,EXCLUDED_SPAC
KRX_KOSDAQ,054780,054780,키이스트,UNKNOWN,valid_id,EXACT_MATCH,INCLUDED,
KRX_KOSDAQ,256940,256940,킵스파마,UNKNOWN,valid_id,EXACT_MATCH,INCLUDED,
KRX_KOSDAQ,219130,219130,타이거일렉,UNKNOWN,valid_id,EXACT_MATCH,INCLUDED,
KRX_KOSDAQ,336680,336680,탑런토탈솔루션,UNKNOWN,valid_id,EXACT_MATCH,INCLUDED,
KRX_KOSDAQ,360070,360070,탑머티리얼,UNKNOWN,valid_id,EXACT_MATCH,INCLUDED,
KRX_KOSDAQ,065130,065130,탑엔지니어링,UNKNOWN,valid_id,EXACT_MATCH,INCLUDED,
KRX_KOSDAQ,134580,134580,탑코미디어,UNKNOWN,valid_id,EXACT_MATCH,INCLUDED,
KRX_KOSDAQ,023160,023160,태광,UNKNOWN,valid_id,EXACT_MATCH,INCLUDED,
KRX_KOSDAQ,323280,323280,태성,UNKNOWN,valid_id,EXACT_MATCH,INCLUDED,
KRX_KOSDAQ,053620,053620,태양,UNKNOWN,valid_id,EXACT_MATCH,INCLUDED,
KRX_KOSDAQ,044490,044490,태웅,UNKNOWN,valid_id,EXACT_MATCH,INCLUDED,
KRX_KOSDAQ,124560,124560,태웅로직스,UNKNOWN,valid_id,EXACT_MATCH,INCLUDED,
KRX_KOSDAQ,191420,191420,테고사이언스,UNKNOWN,valid_id,EXACT_MATCH,INCLUDED,
KRX_KOSDAQ,950250,950250,테라뷰,UNKNOWN,,NONE,EXCLUDED_WITH_REASON,EXCLUDED_OTHER
KRX_KOSDAQ,073640,073640,테라사이언스,UNKNOWN,valid_id,EXACT_MATCH,INCLUDED,
KRX_KOSDAQ,066700,066700,테라젠이텍스,UNKNOWN,valid_id,EXACT_MATCH,INCLUDED,
KRX_KOSDAQ,095610,095610,테스,UNKNOWN,valid_id,EXACT_MATCH,INCLUDED,
KRX_KOSDAQ,064520,064520,테크엘,UNKNOWN,valid_id,EXACT_MATCH,INCLUDED,
KRX_KOSDAQ,089030,089030,테크윙,UNKNOWN,valid_id,EXACT_MATCH,INCLUDED,
KRX_KOSDAQ,054450,054450,텔레칩스,UNKNOWN,valid_id,EXACT_MATCH,INCLUDED,
KRX_KOSDAQ,200230,200230,텔콘RF제약,UNKNOWN,valid_id,EXACT_MATCH,INCLUDED,
KRX_KOSDAQ,393210,393210,토마토시스템,UNKNOWN,valid_id,EXACT_MATCH,INCLUDED,
KRX_KOSDAQ,475960,475960,토모큐브,UNKNOWN,valid_id,EXACT_MATCH,INCLUDED,
KRX_KOSDAQ,215480,215480,토박스코리아,UNKNOWN,valid_id,EXACT_MATCH,INCLUDED,
KRX_KOSDAQ,051360,051360,토비스,UNKNOWN,valid_id,EXACT_MATCH,INCLUDED,
KRX_KOSDAQ,045340,045340,토탈소프트,UNKNOWN,valid_id,EXACT_MATCH,INCLUDED,
KRX_KOSDAQ,108230,108230,톱텍,UNKNOWN,valid_id,EXACT_MATCH,INCLUDED,
KRX_KOSDAQ,079970,079970,투비소프트,UNKNOWN,valid_id,EXACT_MATCH,INCLUDED,
KRX_KOSDAQ,199800,199800,툴젠,UNKNOWN,valid_id,EXACT_MATCH,INCLUDED,
KRX_KOSDAQ,417790,417790,트루엔,UNKNOWN,valid_id,EXACT_MATCH,INCLUDED,
KRX_KOSDAQ,290090,290090,트윔,UNKNOWN,valid_id,EXACT_MATCH,INCLUDED,
KRX_KOSDAQ,026150,026150,특수건설,UNKNOWN,valid_id,EXACT_MATCH,INCLUDED,
KRX_KOSDAQ,464280,464280,티디에스팜,UNKNOWN,valid_id,EXACT_MATCH,INCLUDED,
KRX_KOSDAQ,117730,117730,티로보틱스,UNKNOWN,valid_id,EXACT_MATCH,INCLUDED,
KRX_KOSDAQ,033830,033830,티비씨,UNKNOWN,valid_id,EXACT_MATCH,INCLUDED,
KRX_KOSDAQ,057680,057680,티사이언티픽,UNKNOWN,valid_id,EXACT_MATCH,INCLUDED,
KRX_KOSDAQ,204610,204610,티쓰리,UNKNOWN,valid_id,EXACT_MATCH,INCLUDED,
KRX_KOSDAQ,125020,125020,티씨머티리얼즈,UNKNOWN,valid_id,EXACT_MATCH,INCLUDED,
KRX_KOSDAQ,064760,064760,티씨케이,UNKNOWN,valid_id,EXACT_MATCH,INCLUDED,
KRX_KOSDAQ,246710,246710,티앤알바이오팹,UNKNOWN,valid_id,EXACT_MATCH,INCLUDED,
KRX_KOSDAQ,340570,340570,티앤엘,UNKNOWN,valid_id,EXACT_MATCH,INCLUDED,
KRX_KOSDAQ,043220,043220,티에스넥스젠,UNKNOWN,valid_id,EXACT_MATCH,INCLUDED,
KRX_KOSDAQ,277880,277880,티에스아이,UNKNOWN,valid_id,EXACT_MATCH,INCLUDED,
KRX_KOSDAQ,131290,131290,티에스이,UNKNOWN,valid_id,EXACT_MATCH,INCLUDED,
KRX_KOSDAQ,246690,246690,TS인베스트먼트,UNKNOWN,valid_id,EXACT_MATCH,INCLUDED,
KRX_KOSDAQ,317240,317240,TS트릴리온,UNKNOWN,valid_id,EXACT_MATCH,INCLUDED,
KRX_KOSDAQ,425420,425420,티에프이,UNKNOWN,valid_id,EXACT_MATCH,INCLUDED,
KRX_KOSDAQ,484810,484810,티엑스알로보틱스,UNKNOWN,valid_id,EXACT_MATCH,INCLUDED,
KRX_KOSDAQ,131100,131100,티엔엔터테인먼트,UNKNOWN,valid_id,EXACT_MATCH,INCLUDED,
KRX_KOSDAQ,356860,356860,티엘비,UNKNOWN,valid_id,EXACT_MATCH,INCLUDED,
KRX_KOSDAQ,321550,321550,티움바이오,UNKNOWN,valid_id,EXACT_MATCH,INCLUDED,
KRX_KOSDAQ,425040,425040,티이엠씨,UNKNOWN,valid_id,EXACT_MATCH,INCLUDED,
KRX_KOSDAQ,241790,241790,티이엠씨씨엔에스,UNKNOWN,valid_id,EXACT_MATCH,INCLUDED,
KRX_KOSDAQ,032540,032540,TJ미디어,UNKNOWN,valid_id,EXACT_MATCH,INCLUDED,
KRX_KOSDAQ,022220,022220,티케이지애강,UNKNOWN,valid_id,EXACT_MATCH,INCLUDED,
KRX_KOSDAQ,104480,104480,티케이케미칼,UNKNOWN,valid_id,EXACT_MATCH,INCLUDED,
KRX_KOSDAQ,081150,081150,티플랙스,UNKNOWN,valid_id,EXACT_MATCH,INCLUDED,
KRX_KOSDAQ,130740,130740,티피씨글로벌,UNKNOWN,valid_id,EXACT_MATCH,INCLUDED,
KRX_KOSDAQ,084730,084730,팅크웨어,UNKNOWN,valid_id,EXACT_MATCH,INCLUDED,
KRX_KOSDAQ,440110,440110,파두,UNKNOWN,valid_id,EXACT_MATCH,INCLUDED,
KRX_KOSDAQ,288330,288330,파라택시스코리아,UNKNOWN,valid_id,EXACT_MATCH,INCLUDED,
KRX_KOSDAQ,290560,290560,파라택시스이더리움,UNKNOWN,valid_id,EXACT_MATCH,INCLUDED,
KRX_KOSDAQ,033540,033540,파라텍,UNKNOWN,valid_id,EXACT_MATCH,INCLUDED,
KRX_KOSDAQ,388870,388870,파로스아이바이오,UNKNOWN,valid_id,EXACT_MATCH,INCLUDED,
KRX_KOSDAQ,043200,043200,파루,UNKNOWN,valid_id,EXACT_MATCH,INCLUDED,
KRX_KOSDAQ,214450,214450,파마리서치,UNKNOWN,valid_id,EXACT_MATCH,INCLUDED,
KRX_KOSDAQ,177830,177830,파버나인,UNKNOWN,valid_id,EXACT_MATCH,INCLUDED,
KRX_KOSDAQ,037070,037070,파세코,UNKNOWN,valid_id,EXACT_MATCH,INCLUDED,
KRX_KOSDAQ,150900,150900,파수AI,UNKNOWN,valid_id,EXACT_MATCH,INCLUDED,
KRX_KOSDAQ,037030,037030,파워넷,UNKNOWN,valid_id,EXACT_MATCH,INCLUDED,
KRX_KOSDAQ,047310,047310,파워로직스,UNKNOWN,valid_id,EXACT_MATCH,INCLUDED,
KRX_KOSDAQ,368770,368770,파이버프로,UNKNOWN,valid_id,EXACT_MATCH,INCLUDED,
KRX_KOSDAQ,170790,170790,파이오링크,UNKNOWN,valid_id,EXACT_MATCH,INCLUDED,
KRX_KOSDAQ,900100,900100,파이온엑스,UNKNOWN,valid_id,EXACT_MATCH,INCLUDED,
KRX_KOSDAQ,049120,049120,파인디앤씨,UNKNOWN,valid_id,EXACT_MATCH,INCLUDED,
KRX_KOSDAQ,038950,038950,파인디지털,UNKNOWN,valid_id,EXACT_MATCH,INCLUDED,
KRX_KOSDAQ,387570,387570,파인메딕스,UNKNOWN,valid_id,EXACT_MATCH,INCLUDED,
KRX_KOSDAQ,441270,441270,파인엠텍,UNKNOWN,valid_id,EXACT_MATCH,INCLUDED,
KRX_KOSDAQ,106240,106240,파인테크닉스,UNKNOWN,valid_id,EXACT_MATCH,INCLUDED,
KRX_KOSDAQ,131760,131760,파인텍,UNKNOWN,valid_id,EXACT_MATCH,INCLUDED,
KRX_KOSDAQ,065690,065690,파커스,UNKNOWN,valid_id,EXACT_MATCH,INCLUDED,
KRX_KOSDAQ,140860,140860,파크시스템스,UNKNOWN,valid_id,EXACT_MATCH,INCLUDED,
KRX_KOSDAQ,091700,091700,파트론,UNKNOWN,valid_id,EXACT_MATCH,INCLUDED,
KRX_KOSDAQ,032800,032800,판타지오,UNKNOWN,valid_id,EXACT_MATCH,INCLUDED,
KRX_KOSDAQ,318010,318010,팜스빌,UNKNOWN,valid_id,EXACT_MATCH,INCLUDED,
KRX_KOSDAQ,027710,027710,팜스토리,UNKNOWN,valid_id,EXACT_MATCH,INCLUDED,
KRX_KOSDAQ,225590,225590,패션플랫폼,UNKNOWN,valid_id,EXACT_MATCH,INCLUDED,
KRX_KOSDAQ,054300,054300,팬스타엔터프라이즈,UNKNOWN,valid_id,EXACT_MATCH,INCLUDED,
KRX_KOSDAQ,068050,068050,팬엔터테인먼트,UNKNOWN,valid_id,EXACT_MATCH,INCLUDED,
KRX_KOSDAQ,222110,222110,팬젠,UNKNOWN,valid_id,EXACT_MATCH,INCLUDED,
KRX_KOSDAQ,271830,271830,팸텍,UNKNOWN,valid_id,EXACT_MATCH,INCLUDED,
KRX_KOSDAQ,263750,263750,펄어비스,UNKNOWN,valid_id,EXACT_MATCH,INCLUDED,
KRX_KOSDAQ,251970,251970,펌텍코리아,UNKNOWN,valid_id,EXACT_MATCH,INCLUDED,
KRX_KOSDAQ,187660,187660,페니트리움바이오,UNKNOWN,valid_id,EXACT_MATCH,INCLUDED,
KRX_KOSDAQ,0015S0,0015S0,페스카로,UNKNOWN,valid_id,EXACT_MATCH,INCLUDED,
KRX_KOSDAQ,168360,168360,펨트론,UNKNOWN,valid_id,EXACT_MATCH,INCLUDED,
KRX_KOSDAQ,087010,087010,펩트론,UNKNOWN,valid_id,EXACT_MATCH,INCLUDED,
KRX_KOSDAQ,064800,064800,포니링크,UNKNOWN,valid_id,EXACT_MATCH,INCLUDED,
KRX_KOSDAQ,119500,119500,포메탈,UNKNOWN,valid_id,EXACT_MATCH,INCLUDED,
KRX_KOSDAQ,389140,389140,포바이포,UNKNOWN,valid_id,EXACT_MATCH,INCLUDED,
KRX_KOSDAQ,105760,105760,포스뱅크,UNKNOWN,valid_id,EXACT_MATCH,INCLUDED,
KRX_KOSDAQ,189690,189690,포시에스,UNKNOWN,valid_id,EXACT_MATCH,INCLUDED,
KRX_KOSDAQ,318020,318020,포인트모바일,UNKNOWN,valid_id,EXACT_MATCH,INCLUDED,
KRX_KOSDAQ,256630,256630,포인트엔지니어링,UNKNOWN,valid_id,EXACT_MATCH,INCLUDED,
KRX_KOSDAQ,331380,331380,포커스에이아이,UNKNOWN,valid_id,EXACT_MATCH,INCLUDED,
KRX_KOSDAQ,208710,208710,포톤,UNKNOWN,valid_id,EXACT_MATCH,INCLUDED,
KRX_KOSDAQ,472850,472850,폰드그룹,UNKNOWN,valid_id,EXACT_MATCH,INCLUDED,
KRX_KOSDAQ,220180,220180,폴라리스AI핸디,UNKNOWN,valid_id,EXACT_MATCH,INCLUDED,
KRX_KOSDAQ,234100,234100,폴라리스세원,UNKNOWN,valid_id,EXACT_MATCH,INCLUDED,
KRX_KOSDAQ,039980,039980,폴라리스AI,UNKNOWN,valid_id,EXACT_MATCH,INCLUDED,
KRX_KOSDAQ,041910,041910,폴라리스AI파마,UNKNOWN,valid_id,EXACT_MATCH,INCLUDED,
KRX_KOSDAQ,041020,041020,폴라리스오피스,UNKNOWN,valid_id,EXACT_MATCH,INCLUDED,
KRX_KOSDAQ,114630,114630,폴라리스우노,UNKNOWN,valid_id,EXACT_MATCH,INCLUDED,
KRX_KOSDAQ,487580,487580,폴레드,UNKNOWN,valid_id,EXACT_MATCH,INCLUDED,
KRX_KOSDAQ,290720,290720,푸드나무,UNKNOWN,valid_id,EXACT_MATCH,INCLUDED,
KRX_KOSDAQ,005670,005670,푸드웰,UNKNOWN,valid_id,EXACT_MATCH,INCLUDED,
KRX_KOSDAQ,094940,094940,푸른로보틱스,UNKNOWN,valid_id,EXACT_MATCH,INCLUDED,
KRX_KOSDAQ,007330,007330,푸른저축은행,UNKNOWN,valid_id,EXACT_MATCH,INCLUDED,
KRX_KOSDAQ,093380,093380,풍강,UNKNOWN,valid_id,EXACT_MATCH,INCLUDED,
KRX_KOSDAQ,023900,023900,풍국주정,UNKNOWN,valid_id,EXACT_MATCH,INCLUDED,
KRX_KOSDAQ,371950,371950,풍원정밀,UNKNOWN,valid_id,EXACT_MATCH,INCLUDED,
KRX_KOSDAQ,298060,298060,풍전약품,UNKNOWN,valid_id,EXACT_MATCH,INCLUDED,
KRX_KOSDAQ,370090,370090,퓨런티어,UNKNOWN,valid_id,EXACT_MATCH,INCLUDED,
KRX_KOSDAQ,445180,445180,퓨릿,UNKNOWN,valid_id,EXACT_MATCH,INCLUDED,
KRX_KOSDAQ,220100,220100,퓨쳐켐,UNKNOWN,valid_id,EXACT_MATCH,INCLUDED,
KRX_KOSDAQ,035200,035200,프럼파스트,UNKNOWN,valid_id,EXACT_MATCH,INCLUDED,
KRX_KOSDAQ,334970,334970,프레스티지바이오로직스,UNKNOWN,valid_id,EXACT_MATCH,INCLUDED,
KRX_KOSDAQ,321260,321260,프로이천,UNKNOWN,valid_id,EXACT_MATCH,INCLUDED,
KRX_KOSDAQ,053610,053610,프로텍,UNKNOWN,valid_id,EXACT_MATCH,INCLUDED,
KRX_KOSDAQ,468530,468530,프로티나,UNKNOWN,valid_id,EXACT_MATCH,INCLUDED,
KRX_KOSDAQ,303360,303360,프로티아,UNKNOWN,valid_id,EXACT_MATCH,INCLUDED,
KRX_KOSDAQ,377220,377220,프롬바이오,UNKNOWN,valid_id,EXACT_MATCH,INCLUDED,
KRX_KOSDAQ,335810,335810,프리시젼바이오,UNKNOWN,valid_id,EXACT_MATCH,INCLUDED,
KRX_KOSDAQ,053160,053160,프리엠스,UNKNOWN,valid_id,EXACT_MATCH,INCLUDED,
KRX_KOSDAQ,405000,405000,플라즈맵,UNKNOWN,valid_id,EXACT_MATCH,INCLUDED,
KRX_KOSDAQ,041590,041590,플래스크,UNKNOWN,valid_id,EXACT_MATCH,INCLUDED,
KRX_KOSDAQ,367000,367000,플래티어,UNKNOWN,valid_id,EXACT_MATCH,INCLUDED,
KRX_KOSDAQ,075130,075130,플랜티넷,UNKNOWN,valid_id,EXACT_MATCH,INCLUDED,
KRX_KOSDAQ,237820,237820,플레이디,UNKNOWN,valid_id,EXACT_MATCH,INCLUDED,
KRX_KOSDAQ,023770,023770,플레이위드,UNKNOWN,valid_id,EXACT_MATCH,INCLUDED,
KRX_KOSDAQ,300080,300080,플리토,UNKNOWN,valid_id,EXACT_MATCH,INCLUDED,
KRX_KOSDAQ,033790,033790,피노,UNKNOWN,valid_id,EXACT_MATCH,INCLUDED,
KRX_KOSDAQ,032580,032580,피델릭스,UNKNOWN,valid_id,EXACT_MATCH,INCLUDED,
KRX_KOSDAQ,0117P0,0117P0,피스피스스튜디오,UNKNOWN,valid_id,EXACT_MATCH,INCLUDED,
KRX_KOSDAQ,051380,051380,피씨디렉트,UNKNOWN,valid_id,EXACT_MATCH,INCLUDED,
KRX_KOSDAQ,241820,241820,피씨엘,UNKNOWN,valid_id,EXACT_MATCH,INCLUDED,
KRX_KOSDAQ,452450,452450,피아이이,UNKNOWN,valid_id,EXACT_MATCH,INCLUDED,
KRX_KOSDAQ,237750,237750,피앤씨테크,UNKNOWN,valid_id,EXACT_MATCH,INCLUDED,
KRX_KOSDAQ,460940,460940,피앤에스로보틱스,UNKNOWN,valid_id,EXACT_MATCH,INCLUDED,
KRX_KOSDAQ,332570,332570,PS일렉트로닉스,UNKNOWN,valid_id,EXACT_MATCH,INCLUDED,
KRX_KOSDAQ,319660,319660,피에스케이,UNKNOWN,valid_id,EXACT_MATCH,INCLUDED,
KRX_KOSDAQ,031980,031980,피에스케이홀딩스,UNKNOWN,valid_id,EXACT_MATCH,INCLUDED,
KRX_KOSDAQ,002230,002230,피에스텍,UNKNOWN,valid_id,EXACT_MATCH,INCLUDED,
KRX_KOSDAQ,043370,043370,피에이치에이,UNKNOWN,valid_id,EXACT_MATCH,INCLUDED,
KRX_KOSDAQ,239890,239890,피엔에이치테크,UNKNOWN,valid_id,EXACT_MATCH,INCLUDED,
KRX_KOSDAQ,347740,347740,피엔케이피부임상연구센타,UNKNOWN,valid_id,EXACT_MATCH,INCLUDED,
KRX_KOSDAQ,137400,137400,피엔티,UNKNOWN,valid_id,EXACT_MATCH,INCLUDED,
KRX_KOSDAQ,257370,257370,피엔티엠에스,UNKNOWN,valid_id,EXACT_MATCH,INCLUDED,
KRX_KOSDAQ,024940,024940,PN풍년,UNKNOWN,valid_id,EXACT_MATCH,INCLUDED,
KRX_KOSDAQ,147760,147760,피엠티,UNKNOWN,valid_id,EXACT_MATCH,INCLUDED,
KRX_KOSDAQ,128660,128660,피제이메탈,UNKNOWN,valid_id,EXACT_MATCH,INCLUDED,
KRX_KOSDAQ,006140,006140,피제이전자,UNKNOWN,valid_id,EXACT_MATCH,INCLUDED,
KRX_KOSDAQ,376180,376180,피코그램,UNKNOWN,valid_id,EXACT_MATCH,INCLUDED,
KRX_KOSDAQ,304840,304840,피플바이오,UNKNOWN,valid_id,EXACT_MATCH,INCLUDED,
KRX_KOSDAQ,087600,087600,픽셀플러스,UNKNOWN,valid_id,EXACT_MATCH,INCLUDED,
KRX_KOSDAQ,291810,291810,핀텔,UNKNOWN,valid_id,EXACT_MATCH,INCLUDED,
KRX_KOSDAQ,378340,378340,필에너지,UNKNOWN,valid_id,EXACT_MATCH,INCLUDED,
KRX_KOSDAQ,161580,161580,필옵틱스,UNKNOWN,valid_id,EXACT_MATCH,INCLUDED,
KRX_KOSDAQ,347770,347770,핌스,UNKNOWN,valid_id,EXACT_MATCH,INCLUDED,
KRX_KOSDAQ,163730,163730,핑거,UNKNOWN,valid_id,EXACT_MATCH,INCLUDED,
KRX_KOSDAQ,417180,417180,핑거스토리,UNKNOWN,valid_id,EXACT_MATCH,INCLUDED,
KRX_KOSDAQ,469900,469900,하나31호스팩,UNKNOWN,,NONE,EXCLUDED_WITH_REASON,EXCLUDED_SPAC
KRX_KOSDAQ,475240,475240,하나32호스팩,UNKNOWN,,NONE,EXCLUDED_WITH_REASON,EXCLUDED_SPAC
KRX_KOSDAQ,475250,475250,하나33호스팩,UNKNOWN,,NONE,EXCLUDED_WITH_REASON,EXCLUDED_SPAC
KRX_KOSDAQ,484130,484130,하나34호스팩,UNKNOWN,,NONE,EXCLUDED_WITH_REASON,EXCLUDED_SPAC
KRX_KOSDAQ,0041L0,0041L0,하나35호스팩,UNKNOWN,,NONE,EXCLUDED_WITH_REASON,EXCLUDED_SPAC
KRX_KOSDAQ,0101C0,0101C0,하나36호스팩,UNKNOWN,,NONE,EXCLUDED_WITH_REASON,EXCLUDED_SPAC
KRX_KOSDAQ,299030,299030,하나기술,UNKNOWN,valid_id,EXACT_MATCH,INCLUDED,
KRX_KOSDAQ,067310,067310,하나마이크론,UNKNOWN,valid_id,EXACT_MATCH,INCLUDED,
KRX_KOSDAQ,166090,166090,하나머티리얼즈,UNKNOWN,valid_id,EXACT_MATCH,INCLUDED,
KRX_KOSDAQ,136480,136480,하림,UNKNOWN,valid_id,EXACT_MATCH,INCLUDED,
KRX_KOSDAQ,003380,003380,하림지주,UNKNOWN,valid_id,EXACT_MATCH,INCLUDED,
KRX_KOSDAQ,450330,450330,하스,UNKNOWN,valid_id,EXACT_MATCH,INCLUDED,
KRX_KOSDAQ,101670,101670,하이드로리튬,UNKNOWN,valid_id,EXACT_MATCH,INCLUDED,
KRX_KOSDAQ,365590,365590,하이딥,UNKNOWN,valid_id,EXACT_MATCH,INCLUDED,
KRX_KOSDAQ,149980,149980,하이로닉,UNKNOWN,valid_id,EXACT_MATCH,INCLUDED,
KRX_KOSDAQ,013030,013030,하이록코리아,UNKNOWN,valid_id,EXACT_MATCH,INCLUDED,
KRX_KOSDAQ,126700,126700,하이비젼시스템,UNKNOWN,valid_id,EXACT_MATCH,INCLUDED,
KRX_KOSDAQ,160190,160190,하이젠알앤엠,UNKNOWN,valid_id,EXACT_MATCH,INCLUDED,
KRX_KOSDAQ,221840,221840,하이즈항공,UNKNOWN,valid_id,EXACT_MATCH,INCLUDED,
KRX_KOSDAQ,106190,106190,하이텍팜,UNKNOWN,valid_id,EXACT_MATCH,INCLUDED,
KRX_KOSDAQ,065650,065650,하이퍼코퍼레이션,UNKNOWN,valid_id,EXACT_MATCH,INCLUDED,
KRX_KOSDAQ,066130,066130,하츠,UNKNOWN,valid_id,EXACT_MATCH,INCLUDED,
KRX_KOSDAQ,004590,004590,한국가구,UNKNOWN,valid_id,EXACT_MATCH,INCLUDED,
KRX_KOSDAQ,039340,039340,한국경제TV,UNKNOWN,valid_id,EXACT_MATCH,INCLUDED,
KRX_KOSDAQ,034950,034950,한국기업평가,UNKNOWN,valid_id,EXACT_MATCH,INCLUDED,
KRX_KOSDAQ,222980,222980,한국맥널티,UNKNOWN,valid_id,EXACT_MATCH,INCLUDED,
KRX_KOSDAQ,256840,256840,한국비엔씨,UNKNOWN,valid_id,EXACT_MATCH,INCLUDED,
KRX_KOSDAQ,219750,219750,한국비티비,UNKNOWN,valid_id,EXACT_MATCH,INCLUDED,
KRX_KOSDAQ,025550,025550,한국선재,UNKNOWN,valid_id,EXACT_MATCH,INCLUDED,
KRX_KOSDAQ,017890,017890,한국알콜,UNKNOWN,valid_id,EXACT_MATCH,INCLUDED,
KRX_KOSDAQ,080720,080720,한국유니온제약,UNKNOWN,valid_id,EXACT_MATCH,INCLUDED,
KRX_KOSDAQ,041460,041460,한국전자인증,UNKNOWN,valid_id,EXACT_MATCH,INCLUDED,
KRX_KOSDAQ,101680,101680,한국정밀기계,UNKNOWN,valid_id,EXACT_MATCH,INCLUDED,
KRX_KOSDAQ,039740,039740,한국정보공학,UNKNOWN,valid_id,EXACT_MATCH,INCLUDED,
KRX_KOSDAQ,053300,053300,한국정보인증,UNKNOWN,valid_id,EXACT_MATCH,INCLUDED,
KRX_KOSDAQ,025770,025770,한국정보통신,UNKNOWN,valid_id,EXACT_MATCH,INCLUDED,
KRX_KOSDAQ,479880,479880,한국제15호스팩,UNKNOWN,,NONE,EXCLUDED_WITH_REASON,EXCLUDED_SPAC
KRX_KOSDAQ,0164H0,0164H0,한국제16호스팩,UNKNOWN,,NONE,EXCLUDED_WITH_REASON,EXCLUDED_SPAC
KRX_KOSDAQ,062970,062970,한국첨단소재,UNKNOWN,valid_id,EXACT_MATCH,INCLUDED,
KRX_KOSDAQ,023760,023760,한국캐피탈,UNKNOWN,valid_id,EXACT_MATCH,INCLUDED,
KRX_KOSDAQ,054040,054040,한국컴퓨터,UNKNOWN,valid_id,EXACT_MATCH,INCLUDED,
KRX_KOSDAQ,021650,021650,한국큐빅,UNKNOWN,valid_id,EXACT_MATCH,INCLUDED,
KRX_KOSDAQ,032300,032300,한국파마,UNKNOWN,valid_id,EXACT_MATCH,INCLUDED,
KRX_KOSDAQ,037230,037230,한국팩키지,UNKNOWN,valid_id,EXACT_MATCH,INCLUDED,
KRX_KOSDAQ,448900,448900,한국피아이엠,UNKNOWN,valid_id,EXACT_MATCH,INCLUDED,
KRX_KOSDAQ,052600,052600,한네트,UNKNOWN,valid_id,EXACT_MATCH,INCLUDED,
KRX_KOSDAQ,256150,256150,한독크린텍,UNKNOWN,valid_id,EXACT_MATCH,INCLUDED,
KRX_KOSDAQ,092460,092460,한라IMS,UNKNOWN,valid_id,EXACT_MATCH,INCLUDED,
KRX_KOSDAQ,125490,125490,한라캐스트,UNKNOWN,valid_id,EXACT_MATCH,INCLUDED,
KRX_KOSDAQ,452190,452190,한빛레이저,UNKNOWN,valid_id,EXACT_MATCH,INCLUDED,
KRX_KOSDAQ,047080,047080,한빛소프트,UNKNOWN,valid_id,EXACT_MATCH,INCLUDED,
KRX_KOSDAQ,452280,452280,한선엔지니어링,UNKNOWN,valid_id,EXACT_MATCH,INCLUDED,
KRX_KOSDAQ,066980,066980,한성크린텍,UNKNOWN,valid_id,EXACT_MATCH,INCLUDED,
KRX_KOSDAQ,114810,114810,한솔아이원스,UNKNOWN,valid_id,EXACT_MATCH,INCLUDED,
KRX_KOSDAQ,042520,042520,한스바이오메드,UNKNOWN,valid_id,EXACT_MATCH,INCLUDED,
KRX_KOSDAQ,430690,430690,한싹,UNKNOWN,valid_id,EXACT_MATCH,INCLUDED,
KRX_KOSDAQ,078350,078350,한양디지텍,UNKNOWN,valid_id,EXACT_MATCH,INCLUDED,
KRX_KOSDAQ,045100,045100,한양이엔지,UNKNOWN,valid_id,EXACT_MATCH,INCLUDED,
KRX_KOSDAQ,320000,320000,한울반도체,UNKNOWN,valid_id,EXACT_MATCH,INCLUDED,
KRX_KOSDAQ,091440,091440,한울소재과학,UNKNOWN,valid_id,EXACT_MATCH,INCLUDED,
KRX_KOSDAQ,276730,276730,한울앤제주,UNKNOWN,valid_id,EXACT_MATCH,INCLUDED,
KRX_KOSDAQ,024740,024740,한일단조,UNKNOWN,valid_id,EXACT_MATCH,INCLUDED,
KRX_KOSDAQ,005860,005860,한일사료,UNKNOWN,valid_id,EXACT_MATCH,INCLUDED,
KRX_KOSDAQ,007770,007770,한일화학,UNKNOWN,valid_id,EXACT_MATCH,INCLUDED,
KRX_KOSDAQ,198940,198940,한주라이트메탈,UNKNOWN,valid_id,EXACT_MATCH,INCLUDED,
KRX_KOSDAQ,058450,058450,한주에이알티,UNKNOWN,valid_id,EXACT_MATCH,INCLUDED,
KRX_KOSDAQ,107640,107640,한중엔시에스,UNKNOWN,valid_id,EXACT_MATCH,INCLUDED,
KRX_KOSDAQ,079170,079170,한창산업,UNKNOWN,valid_id,EXACT_MATCH,INCLUDED,
KRX_KOSDAQ,030520,030520,한컴,UNKNOWN,valid_id,EXACT_MATCH,INCLUDED,
KRX_KOSDAQ,054920,054920,한컴위드,UNKNOWN,valid_id,EXACT_MATCH,INCLUDED,
KRX_KOSDAQ,457370,457370,한켐,UNKNOWN,valid_id,EXACT_MATCH,INCLUDED,
KRX_KOSDAQ,002680,002680,한탑,UNKNOWN,valid_id,EXACT_MATCH,INCLUDED,
KRX_KOSDAQ,098070,098070,한텍,UNKNOWN,valid_id,EXACT_MATCH,INCLUDED,
KRX_KOSDAQ,408470,408470,한패스,UNKNOWN,valid_id,EXACT_MATCH,INCLUDED,
KRX_KOSDAQ,498390,498390,한화플러스제5호스팩,UNKNOWN,,NONE,EXCLUDED_WITH_REASON,EXCLUDED_SPAC
KRX_KOSDAQ,034810,034810,해성산업,UNKNOWN,valid_id,EXACT_MATCH,INCLUDED,
KRX_KOSDAQ,03481K,03481K,해성산업1우,UNKNOWN,valid_id,EXACT_MATCH,INCLUDED,
KRX_KOSDAQ,059270,059270,해성에어로보틱스,UNKNOWN,valid_id,EXACT_MATCH,INCLUDED,
KRX_KOSDAQ,076610,076610,해성옵틱스,UNKNOWN,valid_id,EXACT_MATCH,INCLUDED,
KRX_KOSDAQ,900270,900270,헝셩그룹,UNKNOWN,valid_id,EXACT_MATCH,INCLUDED,
KRX_KOSDAQ,214180,214180,헥토이노베이션,UNKNOWN,valid_id,EXACT_MATCH,INCLUDED,
KRX_KOSDAQ,234340,234340,헥토파이낸셜,UNKNOWN,valid_id,EXACT_MATCH,INCLUDED,
KRX_KOSDAQ,084990,084990,헬릭스미스,UNKNOWN,valid_id,EXACT_MATCH,INCLUDED,
KRX_KOSDAQ,170030,170030,현대공업,UNKNOWN,valid_id,EXACT_MATCH,INCLUDED,
KRX_KOSDAQ,319400,319400,현대무벡스,UNKNOWN,valid_id,EXACT_MATCH,INCLUDED,
KRX_KOSDAQ,052260,052260,현대바이오랜드,UNKNOWN,valid_id,EXACT_MATCH,INCLUDED,
KRX_KOSDAQ,048410,048410,현대바이오,UNKNOWN,valid_id,EXACT_MATCH,INCLUDED,
KRX_KOSDAQ,016790,016790,현대사료,UNKNOWN,valid_id,EXACT_MATCH,INCLUDED,
KRX_KOSDAQ,041440,041440,현대에버다임,UNKNOWN,valid_id,EXACT_MATCH,INCLUDED,
KRX_KOSDAQ,039010,039010,현대에이치티,UNKNOWN,valid_id,EXACT_MATCH,INCLUDED,
KRX_KOSDAQ,090850,090850,현대이지웰,UNKNOWN,valid_id,EXACT_MATCH,INCLUDED,
KRX_KOSDAQ,460930,460930,현대힘스,UNKNOWN,valid_id,EXACT_MATCH,INCLUDED,
KRX_KOSDAQ,092300,092300,현우산업,UNKNOWN,valid_id,EXACT_MATCH,INCLUDED,
KRX_KOSDAQ,308100,308100,형지글로벌,UNKNOWN,valid_id,EXACT_MATCH,INCLUDED,
KRX_KOSDAQ,011080,011080,형지I&C,UNKNOWN,valid_id,EXACT_MATCH,INCLUDED,
KRX_KOSDAQ,064240,064240,홈캐스트,UNKNOWN,valid_id,EXACT_MATCH,INCLUDED,
KRX_KOSDAQ,039610,039610,화성밸브,UNKNOWN,valid_id,EXACT_MATCH,INCLUDED,
KRX_KOSDAQ,126640,126640,화신정공,UNKNOWN,valid_id,EXACT_MATCH,INCLUDED,
KRX_KOSDAQ,127980,127980,화인써키트,UNKNOWN,valid_id,EXACT_MATCH,INCLUDED,
KRX_KOSDAQ,061250,061250,화일약품,UNKNOWN,valid_id,EXACT_MATCH,INCLUDED,
KRX_KOSDAQ,097870,097870,효성오앤비,UNKNOWN,valid_id,EXACT_MATCH,INCLUDED,
KRX_KOSDAQ,290270,290270,휴네시온,UNKNOWN,valid_id,EXACT_MATCH,INCLUDED,
KRX_KOSDAQ,353190,353190,휴럼,UNKNOWN,valid_id,EXACT_MATCH,INCLUDED,
KRX_KOSDAQ,090710,090710,휴림로봇,UNKNOWN,valid_id,EXACT_MATCH,INCLUDED,
KRX_KOSDAQ,078590,078590,휴림에이텍,UNKNOWN,valid_id,EXACT_MATCH,INCLUDED,
KRX_KOSDAQ,205470,205470,휴마시스,UNKNOWN,valid_id,EXACT_MATCH,INCLUDED,
KRX_KOSDAQ,115160,115160,휴맥스,UNKNOWN,valid_id,EXACT_MATCH,INCLUDED,
KRX_KOSDAQ,028080,028080,휴맥스홀딩스,UNKNOWN,valid_id,EXACT_MATCH,INCLUDED,
KRX_KOSDAQ,200670,200670,휴메딕스,UNKNOWN,valid_id,EXACT_MATCH,INCLUDED,
KRX_KOSDAQ,065510,065510,휴비츠,UNKNOWN,valid_id,EXACT_MATCH,INCLUDED,
KRX_KOSDAQ,263920,263920,휴엠앤씨,UNKNOWN,valid_id,EXACT_MATCH,INCLUDED,
KRX_KOSDAQ,243070,243070,휴온스,UNKNOWN,valid_id,EXACT_MATCH,INCLUDED,
KRX_KOSDAQ,084110,084110,휴온스글로벌,UNKNOWN,valid_id,EXACT_MATCH,INCLUDED,
KRX_KOSDAQ,145020,145020,휴젤,UNKNOWN,valid_id,EXACT_MATCH,INCLUDED,
KRX_KOSDAQ,024060,024060,흥구석유,UNKNOWN,valid_id,EXACT_MATCH,INCLUDED,
KRX_KOSDAQ,010240,010240,흥국,UNKNOWN,valid_id,EXACT_MATCH,INCLUDED,
KRX_KOSDAQ,189980,189980,흥국에프엔비,UNKNOWN,valid_id,EXACT_MATCH,INCLUDED,
KRX_KOSDAQ,037440,037440,희림,UNKNOWN,valid_id,EXACT_MATCH,INCLUDED,
KRX_KOSDAQ,238490,238490,힘스,UNKNOWN,valid_id,EXACT_MATCH,INCLUDED,