id,stock_code,isin_code,corp_code,instrument_name,instrument_name_en,primary_market_code,security_type,sector_code,industry_code,listing_date,delisting_date,listing_status,currency_code,is_active,source_id,source_updated_at,created_at,updated_at
17102,095570,,,AJ네트웍스,,KRX_KOSPI,COMMON,,,Fri Aug 21 2015 00:00:00 GMT+0900 (한국 표준시),,LISTED,KRW,true,3,,Tue Aug 18 2026 20:30:42 GMT+0900 (한국 표준시),Tue Aug 18 2026 20:30:42 GMT+0900 (한국 표준시)
17103,006840,,,AK홀딩스,,KRX_KOSPI,COMMON,,,Wed Aug 11 1999 00:00:00 GMT+0900 (한국 표준시),,LISTED,KRW,true,3,,Tue Aug 18 2026 20:30:42 GMT+0900 (한국 표준시),Tue Aug 18 2026 20:30:42 GMT+0900 (한국 표준시)
17104,282330,,,BGF리테일,,KRX_KOSPI,COMMON,,,Fri Dec 08 2017 00:00:00 GMT+0900 (한국 표준시),,LISTED,KRW,true,3,,Tue Aug 18 2026 20:30:42 GMT+0900 (한국 표준시),Tue Aug 18 2026 20:30:42 GMT+0900 (한국 표준시)
17105,027410,,,BGF,,KRX_KOSPI,COMMON,,,Mon May 19 2014 00:00:00 GMT+0900 (한국 표준시),,LISTED,KRW,true,3,,Tue Aug 18 2026 20:30:42 GMT+0900 (한국 표준시),Tue Aug 18 2026 20:30:42 GMT+0900 (한국 표준시)
17106,138930,,,BNK금융지주,,KRX_KOSPI,COMMON,,,Wed Mar 30 2011 00:00:00 GMT+0900 (한국 표준시),,LISTED,KRW,true,3,,Tue Aug 18 2026 20:30:42 GMT+0900 (한국 표준시),Tue Aug 18 2026 20:30:42 GMT+0900 (한국 표준시)
17107,001465,,,BYC우,,KRX_KOSPI,PREFERRED,,,Tue Sep 05 1989 00:00:00 GMT+0900 (한국 표준시),,LISTED,KRW,true,3,,Tue Aug 18 2026 20:30:42 GMT+0900 (한국 표준시),Tue Aug 18 2026 20:30:42 GMT+0900 (한국 표준시)
17108,001460,,,BYC,,KRX_KOSPI,COMMON,,,Mon Jun 02 1975 00:00:00 GMT+0900 (한국 표준시),,LISTED,KRW,true,3,,Tue Aug 18 2026 20:30:42 GMT+0900 (한국 표준시),Tue Aug 18 2026 20:30:42 GMT+0900 (한국 표준시)
17109,001045,,,CJ우,,KRX_KOSPI,PREFERRED,,,Fri Aug 18 1989 00:00:00 GMT+0900 (한국 표준시),,LISTED,KRW,true,3,,Tue Aug 18 2026 20:30:42 GMT+0900 (한국 표준시),Tue Aug 18 2026 20:30:42 GMT+0900 (한국 표준시)
17110,00104K,,,CJ4우(전환),,KRX_KOSPI,PREFERRED,,,Fri Aug 09 2019 00:00:00 GMT+0900 (한국 표준시),,LISTED,KRW,true,3,,Tue Aug 18 2026 20:30:42 GMT+0900 (한국 표준시),Tue Aug 18 2026 20:30:42 GMT+0900 (한국 표준시)
17111,001040,,,CJ,,KRX_KOSPI,COMMON,,,Fri Jun 29 1973 00:00:00 GMT+0900 (한국 표준시),,LISTED,KRW,true,3,,Tue Aug 18 2026 20:30:42 GMT+0900 (한국 표준시),Tue Aug 18 2026 20:30:42 GMT+0900 (한국 표준시)
17112,011155,,,CJ씨푸드1우,,KRX_KOSPI,PREFERRED,,,Sat Jan 13 1990 00:00:00 GMT+0900 (한국 표준시),,LISTED,KRW,true,3,,Tue Aug 18 2026 20:30:42 GMT+0900 (한국 표준시),Tue Aug 18 2026 20:30:42 GMT+0900 (한국 표준시)
17113,011150,,,CJ씨푸드,,KRX_KOSPI,COMMON,,,Sat Nov 26 1988 00:00:00 GMT+0900 (한국 표준시),,LISTED,KRW,true,3,,Tue Aug 18 2026 20:30:42 GMT+0900 (한국 표준시),Tue Aug 18 2026 20:30:42 GMT+0900 (한국 표준시)
17114,000590,,,CS홀딩스,,KRX_KOSPI,COMMON,,,Mon Dec 22 1975 00:00:00 GMT+0900 (한국 표준시),,LISTED,KRW,true,3,,Tue Aug 18 2026 20:30:42 GMT+0900 (한국 표준시),Tue Aug 18 2026 20:30:42 GMT+0900 (한국 표준시)
17115,012030,,,DB,,KRX_KOSPI,COMMON,,,Wed Jan 06 1993 00:00:00 GMT+0900 (한국 표준시),,LISTED,KRW,true,3,,Tue Aug 18 2026 20:30:42 GMT+0900 (한국 표준시),Tue Aug 18 2026 20:30:42 GMT+0900 (한국 표준시)
17116,005830,,,DB손해보험,,KRX_KOSPI,COMMON,,,Thu Jun 28 1973 00:00:00 GMT+0900 (한국 표준시),,LISTED,KRW,true,3,,Tue Aug 18 2026 20:30:42 GMT+0900 (한국 표준시),Tue Aug 18 2026 20:30:42 GMT+0900 (한국 표준시)
17117,016610,,,DB증권,,KRX_KOSPI,COMMON,,,Mon Jun 27 1988 00:00:00 GMT+1000 (한국 하계 표준시),,LISTED,KRW,true,3,,Tue Aug 18 2026 20:30:42 GMT+0900 (한국 표준시),Tue Aug 18 2026 20:30:42 GMT+0900 (한국 표준시)
17118,000990,,,DB하이텍,,KRX_KOSPI,COMMON,,,Fri Dec 12 1975 00:00:00 GMT+0900 (한국 표준시),,LISTED,KRW,true,3,,Tue Aug 18 2026 20:30:42 GMT+0900 (한국 표준시),Tue Aug 18 2026 20:30:42 GMT+0900 (한국 표준시)
17119,001530,,,DI동일,,KRX_KOSPI,COMMON,,,Sat Jan 04 1964 00:00:00 GMT+0900 (한국 표준시),,LISTED,KRW,true,3,,Tue Aug 18 2026 20:30:42 GMT+0900 (한국 표준시),Tue Aug 18 2026 20:30:42 GMT+0900 (한국 표준시)
17120,000215,,,DL우,,KRX_KOSPI,PREFERRED,,,Mon Aug 21 1989 00:00:00 GMT+0900 (한국 표준시),,LISTED,KRW,true,3,,Tue Aug 18 2026 20:30:42 GMT+0900 (한국 표준시),Tue Aug 18 2026 20:30:42 GMT+0900 (한국 표준시)
17121,000210,,,DL,,KRX_KOSPI,COMMON,,,Mon Feb 02 1976 00:00:00 GMT+0900 (한국 표준시),,LISTED,KRW,true,3,,Tue Aug 18 2026 20:30:42 GMT+0900 (한국 표준시),Tue Aug 18 2026 20:30:42 GMT+0900 (한국 표준시)
17122,37550K,,,DL이앤씨우,,KRX_KOSPI,PREFERRED,,,Mon Jan 25 2021 00:00:00 GMT+0900 (한국 표준시),,LISTED,KRW,true,3,,Tue Aug 18 2026 20:30:42 GMT+0900 (한국 표준시),Tue Aug 18 2026 20:30:42 GMT+0900 (한국 표준시)
17123,37550L,,,DL이앤씨2우(전환),,KRX_KOSPI,PREFERRED,,,Thu Apr 28 2022 00:00:00 GMT+0900 (한국 표준시),,LISTED,KRW,true,3,,Tue Aug 18 2026 20:30:42 GMT+0900 (한국 표준시),Tue Aug 18 2026 20:30:42 GMT+0900 (한국 표준시)
17124,375500,,,DL이앤씨,,KRX_KOSPI,COMMON,,,Mon Jan 25 2021 00:00:00 GMT+0900 (한국 표준시),,LISTED,KRW,true,3,,Tue Aug 18 2026 20:30:42 GMT+0900 (한국 표준시),Tue Aug 18 2026 20:30:42 GMT+0900 (한국 표준시)
17125,155660,,,DSR,,KRX_KOSPI,COMMON,,,Wed May 15 2013 00:00:00 GMT+0900 (한국 표준시),,LISTED,KRW,true,3,,Tue Aug 18 2026 20:30:42 GMT+0900 (한국 표준시),Tue Aug 18 2026 20:30:42 GMT+0900 (한국 표준시)
17126,069730,,,DSR제강,,KRX_KOSPI,COMMON,,,Tue Jan 28 2003 00:00:00 GMT+0900 (한국 표준시),,LISTED,KRW,true,3,,Tue Aug 18 2026 20:30:42 GMT+0900 (한국 표준시),Tue Aug 18 2026 20:30:42 GMT+0900 (한국 표준시)
17127,017860,,,DS단석,,KRX_KOSPI,COMMON,,,Fri Dec 22 2023 00:00:00 GMT+0900 (한국 표준시),,LISTED,KRW,true,3,,Tue Aug 18 2026 20:30:42 GMT+0900 (한국 표준시),Tue Aug 18 2026 20:30:42 GMT+0900 (한국 표준시)
17128,017940,,,E1,,KRX_KOSPI,COMMON,,,Wed Aug 27 1997 00:00:00 GMT+0900 (한국 표준시),,LISTED,KRW,true,3,,Tue Aug 18 2026 20:30:42 GMT+0900 (한국 표준시),Tue Aug 18 2026 20:30:42 GMT+0900 (한국 표준시)
17129,365550,,,ESR켄달스퀘어리츠,,KRX_KOSPI,COMMON,,,Wed Dec 23 2020 00:00:00 GMT+0900 (한국 표준시),,LISTED,KRW,true,3,,Tue Aug 18 2026 20:30:42 GMT+0900 (한국 표준시),Tue Aug 18 2026 20:30:42 GMT+0900 (한국 표준시)
17130,383220,,,F&F,,KRX_KOSPI,COMMON,,,Fri May 21 2021 00:00:00 GMT+0900 (한국 표준시),,LISTED,KRW,true,3,,Tue Aug 18 2026 20:30:42 GMT+0900 (한국 표준시),Tue Aug 18 2026 20:30:42 GMT+0900 (한국 표준시)
17131,007700,,,F&F홀딩스,,KRX_KOSPI,COMMON,,,Thu Oct 04 1984 00:00:00 GMT+0900 (한국 표준시),,LISTED,KRW,true,3,,Tue Aug 18 2026 20:30:42 GMT+0900 (한국 표준시),Tue Aug 18 2026 20:30:42 GMT+0900 (한국 표준시)
17132,078935,,,GS우,,KRX_KOSPI,PREFERRED,,,Thu Aug 05 2004 00:00:00 GMT+0900 (한국 표준시),,LISTED,KRW,true,3,,Tue Aug 18 2026 20:30:42 GMT+0900 (한국 표준시),Tue Aug 18 2026 20:30:42 GMT+0900 (한국 표준시)
17133,006360,,,GS건설,,KRX_KOSPI,COMMON,,,Mon Aug 03 1981 00:00:00 GMT+0900 (한국 표준시),,LISTED,KRW,true,3,,Tue Aug 18 2026 20:30:42 GMT+0900 (한국 표준시),Tue Aug 18 2026 20:30:42 GMT+0900 (한국 표준시)
17134,078930,,,GS,,KRX_KOSPI,COMMON,,,Thu Aug 05 2004 00:00:00 GMT+0900 (한국 표준시),,LISTED,KRW,true,3,,Tue Aug 18 2026 20:30:42 GMT+0900 (한국 표준시),Tue Aug 18 2026 20:30:42 GMT+0900 (한국 표준시)
17135,012630,,,HDC,,KRX_KOSPI,COMMON,,,Wed Oct 16 1996 00:00:00 GMT+0900 (한국 표준시),,LISTED,KRW,true,3,,Tue Aug 18 2026 20:30:42 GMT+0900 (한국 표준시),Tue Aug 18 2026 20:30:42 GMT+0900 (한국 표준시)
17136,097230,,,HJ중공업,,KRX_KOSPI,COMMON,,,Fri Aug 31 2007 00:00:00 GMT+0900 (한국 표준시),,LISTED,KRW,true,3,,Tue Aug 18 2026 20:30:42 GMT+0900 (한국 표준시),Tue Aug 18 2026 20:30:42 GMT+0900 (한국 표준시)
17137,014790,,,HL D&I,,KRX_KOSPI,COMMON,,,Fri Aug 12 1994 00:00:00 GMT+0900 (한국 표준시),,LISTED,KRW,true,3,,Tue Aug 18 2026 20:30:42 GMT+0900 (한국 표준시),Tue Aug 18 2026 20:30:42 GMT+0900 (한국 표준시)
17138,204320,,,HL만도,,KRX_KOSPI,COMMON,,,Mon Oct 06 2014 00:00:00 GMT+0900 (한국 표준시),,LISTED,KRW,true,3,,Tue Aug 18 2026 20:30:42 GMT+0900 (한국 표준시),Tue Aug 18 2026 20:30:42 GMT+0900 (한국 표준시)
17139,060980,,,HL홀딩스,,KRX_KOSPI,COMMON,,,Wed May 19 2010 00:00:00 GMT+0900 (한국 표준시),,LISTED,KRW,true,3,,Tue Aug 18 2026 20:30:42 GMT+0900 (한국 표준시),Tue Aug 18 2026 20:30:42 GMT+0900 (한국 표준시)
17140,035000,,,HS애드,,KRX_KOSPI,COMMON,,,Wed Aug 11 1999 00:00:00 GMT+0900 (한국 표준시),,LISTED,KRW,true,3,,Tue Aug 18 2026 20:30:42 GMT+0900 (한국 표준시),Tue Aug 18 2026 20:30:42 GMT+0900 (한국 표준시)
17141,015360,,,INVENI,,KRX_KOSPI,COMMON,,,Tue Dec 24 1996 00:00:00 GMT+0900 (한국 표준시),,LISTED,KRW,true,3,,Tue Aug 18 2026 20:30:42 GMT+0900 (한국 표준시),Tue Aug 18 2026 20:30:42 GMT+0900 (한국 표준시)
17142,175330,,,JB금융지주,,KRX_KOSPI,COMMON,,,Thu Jul 18 2013 00:00:00 GMT+0900 (한국 표준시),,LISTED,KRW,true,3,,Tue Aug 18 2026 20:30:42 GMT+0900 (한국 표준시),Tue Aug 18 2026 20:30:42 GMT+0900 (한국 표준시)
17143,234080,,,JW생명과학,,KRX_KOSPI,COMMON,,,Thu Oct 27 2016 00:00:00 GMT+0900 (한국 표준시),,LISTED,KRW,true,3,,Tue Aug 18 2026 20:30:42 GMT+0900 (한국 표준시),Tue Aug 18 2026 20:30:42 GMT+0900 (한국 표준시)
17144,001065,,,JW중외제약우,,KRX_KOSPI,PREFERRED,,,Fri Oct 21 1994 00:00:00 GMT+0900 (한국 표준시),,LISTED,KRW,true,3,,Tue Aug 18 2026 20:30:42 GMT+0900 (한국 표준시),Tue Aug 18 2026 20:30:42 GMT+0900 (한국 표준시)
17145,001067,,,JW중외제약2우B,,KRX_KOSPI,PREFERRED,,,Mon Apr 13 1998 00:00:00 GMT+0900 (한국 표준시),,LISTED,KRW,true,3,,Tue Aug 18 2026 20:30:42 GMT+0900 (한국 표준시),Tue Aug 18 2026 20:30:42 GMT+0900 (한국 표준시)
17146,001060,,,JW중외제약,,KRX_KOSPI,COMMON,,,Mon Jun 14 1976 00:00:00 GMT+0900 (한국 표준시),,LISTED,KRW,true,3,,Tue Aug 18 2026 20:30:42 GMT+0900 (한국 표준시),Tue Aug 18 2026 20:30:42 GMT+0900 (한국 표준시)
17147,096760,,,JW홀딩스,,KRX_KOSPI,COMMON,,,Tue Jul 31 2007 00:00:00 GMT+0900 (한국 표준시),,LISTED,KRW,true,3,,Tue Aug 18 2026 20:30:42 GMT+0900 (한국 표준시),Tue Aug 18 2026 20:30:42 GMT+0900 (한국 표준시)
17148,105560,,,KB금융,,KRX_KOSPI,COMMON,,,Fri Oct 10 2008 00:00:00 GMT+0900 (한국 표준시),,LISTED,KRW,true,3,,Tue Aug 18 2026 20:30:42 GMT+0900 (한국 표준시),Tue Aug 18 2026 20:30:42 GMT+0900 (한국 표준시)
17149,432320,,,KB스타리츠,,KRX_KOSPI,COMMON,,,Thu Oct 06 2022 00:00:00 GMT+0900 (한국 표준시),,LISTED,KRW,true,3,,Tue Aug 18 2026 20:30:42 GMT+0900 (한국 표준시),Tue Aug 18 2026 20:30:42 GMT+0900 (한국 표준시)
17150,009070,,,KCTC,,KRX_KOSPI,COMMON,,,Fri Sep 29 1978 00:00:00 GMT+0900 (한국 표준시),,LISTED,KRW,true,3,,Tue Aug 18 2026 20:30:42 GMT+0900 (한국 표준시),Tue Aug 18 2026 20:30:42 GMT+0900 (한국 표준시)
17151,003620,,,KG모빌리티,,KRX_KOSPI,COMMON,,,Thu May 29 1975 00:00:00 GMT+0900 (한국 표준시),,LISTED,KRW,true,3,,Tue Aug 18 2026 20:30:42 GMT+0900 (한국 표준시),Tue Aug 18 2026 20:30:42 GMT+0900 (한국 표준시)
17152,016380,,,KG스틸,,KRX_KOSPI,COMMON,,,Mon Feb 03 1986 00:00:00 GMT+0900 (한국 표준시),,LISTED,KRW,true,3,,Tue Aug 18 2026 20:30:42 GMT+0900 (한국 표준시),Tue Aug 18 2026 20:30:42 GMT+0900 (한국 표준시)
17153,001390,,,KG케미칼,,KRX_KOSPI,COMMON,,,Fri Aug 25 1989 00:00:00 GMT+0900 (한국 표준시),,LISTED,KRW,true,3,,Tue Aug 18 2026 20:30:42 GMT+0900 (한국 표준시),Tue Aug 18 2026 20:30:42 GMT+0900 (한국 표준시)
17154,001940,,,KISCO홀딩스,,KRX_KOSPI,COMMON,,,Mon Nov 13 1989 00:00:00 GMT+0900 (한국 표준시),,LISTED,KRW,true,3,,Tue Aug 18 2026 20:30:42 GMT+0900 (한국 표준시),Tue Aug 18 2026 20:30:42 GMT+0900 (한국 표준시)
17155,025000,,,KPX케미칼,,KRX_KOSPI,COMMON,,,Tue Dec 27 1994 00:00:00 GMT+0900 (한국 표준시),,LISTED,KRW,true,3,,Tue Aug 18 2026 20:30:42 GMT+0900 (한국 표준시),Tue Aug 18 2026 20:30:42 GMT+0900 (한국 표준시)
17156,092230,,,KPX홀딩스,,KRX_KOSPI,COMMON,,,Thu Oct 12 2006 00:00:00 GMT+0900 (한국 표준시),,LISTED,KRW,true,3,,Tue Aug 18 2026 20:30:42 GMT+0900 (한국 표준시),Tue Aug 18 2026 20:30:42 GMT+0900 (한국 표준시)
17157,000040,,,KR모터스,,KRX_KOSPI,COMMON,,,Tue May 25 1976 00:00:00 GMT+0900 (한국 표준시),,LISTED,KRW,true,3,,Tue Aug 18 2026 20:30:42 GMT+0900 (한국 표준시),Tue Aug 18 2026 20:30:42 GMT+0900 (한국 표준시)
17158,093050,,,LF,,KRX_KOSPI,COMMON,,,Fri Dec 01 2006 00:00:00 GMT+0900 (한국 표준시),,LISTED,KRW,true,3,,Tue Aug 18 2026 20:30:42 GMT+0900 (한국 표준시),Tue Aug 18 2026 20:30:42 GMT+0900 (한국 표준시)
17159,003555,,,LG우,,KRX_KOSPI,PREFERRED,,,Fri Nov 18 1988 00:00:00 GMT+0900 (한국 표준시),,LISTED,KRW,true,3,,Tue Aug 18 2026 20:30:42 GMT+0900 (한국 표준시),Tue Aug 18 2026 20:30:42 GMT+0900 (한국 표준시)
17160,034220,,,LG디스플레이,,KRX_KOSPI,COMMON,,,Fri Jul 23 2004 00:00:00 GMT+0900 (한국 표준시),,LISTED,KRW,true,3,,Tue Aug 18 2026 20:30:42 GMT+0900 (한국 표준시),Tue Aug 18 2026 20:30:42 GMT+0900 (한국 표준시)
17161,003550,,,LG,,KRX_KOSPI,COMMON,,,Fri Feb 13 1970 00:00:00 GMT+0900 (한국 표준시),,LISTED,KRW,true,3,,Tue Aug 18 2026 20:30:42 GMT+0900 (한국 표준시),Tue Aug 18 2026 20:30:42 GMT+0900 (한국 표준시)
17162,051905,,,LG생활건강우,,KRX_KOSPI,PREFERRED,,,Wed Apr 25 2001 00:00:00 GMT+0900 (한국 표준시),,LISTED,KRW,true,3,,Tue Aug 18 2026 20:30:42 GMT+0900 (한국 표준시),Tue Aug 18 2026 20:30:42 GMT+0900 (한국 표준시)
17163,051900,,,LG생활건강,,KRX_KOSPI,COMMON,,,Wed Apr 25 2001 00:00:00 GMT+0900 (한국 표준시),,LISTED,KRW,true,3,,Tue Aug 18 2026 20:30:42 GMT+0900 (한국 표준시),Tue Aug 18 2026 20:30:42 GMT+0900 (한국 표준시)
17164,373220,,,LG에너지솔루션,,KRX_KOSPI,COMMON,,,Thu Jan 27 2022 00:00:00 GMT+0900 (한국 표준시),,LISTED,KRW,true,3,,Tue Aug 18 2026 20:30:42 GMT+0900 (한국 표준시),Tue Aug 18 2026 20:30:42 GMT+0900 (한국 표준시)
17165,032640,,,LG유플러스,,KRX_KOSPI,COMMON,,,Mon Apr 21 2008 00:00:00 GMT+0900 (한국 표준시),,LISTED,KRW,true,3,,Tue Aug 18 2026 20:30:42 GMT+0900 (한국 표준시),Tue Aug 18 2026 20:30:42 GMT+0900 (한국 표준시)
17166,011070,,,LG이노텍,,KRX_KOSPI,COMMON,,,Thu Jul 24 2008 00:00:00 GMT+0900 (한국 표준시),,LISTED,KRW,true,3,,Tue Aug 18 2026 20:30:42 GMT+0900 (한국 표준시),Tue Aug 18 2026 20:30:42 GMT+0900 (한국 표준시)
17167,066575,,,LG전자우,,KRX_KOSPI,PREFERRED,,,Mon Apr 22 2002 00:00:00 GMT+0900 (한국 표준시),,LISTED,KRW,true,3,,Tue Aug 18 2026 20:30:42 GMT+0900 (한국 표준시),Tue Aug 18 2026 20:30:42 GMT+0900 (한국 표준시)
17168,066570,,,LG전자,,KRX_KOSPI,COMMON,,,Mon Apr 22 2002 00:00:00 GMT+0900 (한국 표준시),,LISTED,KRW,true,3,,Tue Aug 18 2026 20:30:42 GMT+0900 (한국 표준시),Tue Aug 18 2026 20:30:42 GMT+0900 (한국 표준시)
17169,051915,,,LG화학우,,KRX_KOSPI,PREFERRED,,,Wed Apr 25 2001 00:00:00 GMT+0900 (한국 표준시),,LISTED,KRW,true,3,,Tue Aug 18 2026 20:30:42 GMT+0900 (한국 표준시),Tue Aug 18 2026 20:30:42 GMT+0900 (한국 표준시)
17170,051910,,,LG화학,,KRX_KOSPI,COMMON,,,Wed Apr 25 2001 00:00:00 GMT+0900 (한국 표준시),,LISTED,KRW,true,3,,Tue Aug 18 2026 20:30:42 GMT+0900 (한국 표준시),Tue Aug 18 2026 20:30:42 GMT+0900 (한국 표준시)
17171,079550,,,LIG디펜스앤에어로스페이스,,KRX_KOSPI,COMMON,,,Fri Oct 02 2015 00:00:00 GMT+0900 (한국 표준시),,LISTED,KRW,true,3,,Tue Aug 18 2026 20:30:42 GMT+0900 (한국 표준시),Tue Aug 18 2026 20:30:42 GMT+0900 (한국 표준시)
17172,010120,,,LS ELECTRIC,,KRX_KOSPI,COMMON,,,Mon Jul 11 1994 00:00:00 GMT+0900 (한국 표준시),,LISTED,KRW,true,3,,Tue Aug 18 2026 20:30:42 GMT+0900 (한국 표준시),Tue Aug 18 2026 20:30:42 GMT+0900 (한국 표준시)
17173,000680,,,LS네트웍스,,KRX_KOSPI,COMMON,,,Thu Nov 15 1973 00:00:00 GMT+0900 (한국 표준시),,LISTED,KRW,true,3,,Tue Aug 18 2026 20:30:42 GMT+0900 (한국 표준시),Tue Aug 18 2026 20:30:42 GMT+0900 (한국 표준시)
17174,006260,,,LS,,KRX_KOSPI,COMMON,,,Thu Jun 30 1977 00:00:00 GMT+0900 (한국 표준시),,LISTED,KRW,true,3,,Tue Aug 18 2026 20:30:42 GMT+0900 (한국 표준시),Tue Aug 18 2026 20:30:42 GMT+0900 (한국 표준시)
17175,229640,,,LS에코에너지,,KRX_KOSPI,COMMON,,,Thu Sep 22 2016 00:00:00 GMT+0900 (한국 표준시),,LISTED,KRW,true,3,,Tue Aug 18 2026 20:30:42 GMT+0900 (한국 표준시),Tue Aug 18 2026 20:30:42 GMT+0900 (한국 표준시)
17176,108320,,,LX세미콘,,KRX_KOSPI,COMMON,,,Thu Nov 03 2022 00:00:00 GMT+0900 (한국 표준시),,LISTED,KRW,true,3,,Tue Aug 18 2026 20:30:42 GMT+0900 (한국 표준시),Tue Aug 18 2026 20:30:42 GMT+0900 (한국 표준시)
17177,001120,,,LX인터내셔널,,KRX_KOSPI,COMMON,,,Fri Jan 30 1976 00:00:00 GMT+0900 (한국 표준시),,LISTED,KRW,true,3,,Tue Aug 18 2026 20:30:42 GMT+0900 (한국 표준시),Tue Aug 18 2026 20:30:42 GMT+0900 (한국 표준시)
17178,023150,,,MH에탄올,,KRX_KOSPI,COMMON,,,Tue Dec 24 1996 00:00:00 GMT+0900 (한국 표준시),,LISTED,KRW,true,3,,Tue Aug 18 2026 20:30:42 GMT+0900 (한국 표준시),Tue Aug 18 2026 20:30:42 GMT+0900 (한국 표준시)
17179,035420,,,NAVER,,KRX_KOSPI,COMMON,,,Fri Nov 28 2008 00:00:00 GMT+0900 (한국 표준시),,LISTED,KRW,true,3,,Tue Aug 18 2026 20:30:42 GMT+0900 (한국 표준시),Tue Aug 18 2026 20:30:42 GMT+0900 (한국 표준시)
17180,181710,,,NHN,,KRX_KOSPI,COMMON,,,Thu Aug 29 2013 00:00:00 GMT+0900 (한국 표준시),,LISTED,KRW,true,3,,Tue Aug 18 2026 20:30:42 GMT+0900 (한국 표준시),Tue Aug 18 2026 20:30:42 GMT+0900 (한국 표준시)
17181,338100,,,NH프라임리츠,,KRX_KOSPI,COMMON,,,Thu Dec 05 2019 00:00:00 GMT+0900 (한국 표준시),,LISTED,KRW,true,3,,Tue Aug 18 2026 20:30:42 GMT+0900 (한국 표준시),Tue Aug 18 2026 20:30:42 GMT+0900 (한국 표준시)
17182,034310,,,NICE,,KRX_KOSPI,COMMON,,,Wed Feb 04 2004 00:00:00 GMT+0900 (한국 표준시),,LISTED,KRW,true,3,,Tue Aug 18 2026 20:30:42 GMT+0900 (한국 표준시),Tue Aug 18 2026 20:30:42 GMT+0900 (한국 표준시)
17183,008260,,,NI스틸,,KRX_KOSPI,COMMON,,,Sat Jun 28 1975 00:00:00 GMT+0900 (한국 표준시),,LISTED,KRW,true,3,,Tue Aug 18 2026 20:30:42 GMT+0900 (한국 표준시),Tue Aug 18 2026 20:30:42 GMT+0900 (한국 표준시)
17184,004255,,,NPC우,,KRX_KOSPI,PREFERRED,,,Mon Jan 15 1990 00:00:00 GMT+0900 (한국 표준시),,LISTED,KRW,true,3,,Tue Aug 18 2026 20:30:42 GMT+0900 (한국 표준시),Tue Aug 18 2026 20:30:42 GMT+0900 (한국 표준시)
17185,004250,,,NPC,,KRX_KOSPI,COMMON,,,Mon Sep 08 1969 00:00:00 GMT+0900 (한국 표준시),,LISTED,KRW,true,3,,Tue Aug 18 2026 20:30:42 GMT+0900 (한국 표준시),Tue Aug 18 2026 20:30:42 GMT+0900 (한국 표준시)
17186,456040,,,OCI,,KRX_KOSPI,COMMON,,,Tue May 30 2023 00:00:00 GMT+0900 (한국 표준시),,LISTED,KRW,true,3,,Tue Aug 18 2026 20:30:42 GMT+0900 (한국 표준시),Tue Aug 18 2026 20:30:42 GMT+0900 (한국 표준시)
17187,010955,,,S-Oil우,,KRX_KOSPI,PREFERRED,,,Thu May 28 1992 00:00:00 GMT+0900 (한국 표준시),,LISTED,KRW,true,3,,Tue Aug 18 2026 20:30:42 GMT+0900 (한국 표준시),Tue Aug 18 2026 20:30:42 GMT+0900 (한국 표준시)
17188,010950,,,S-Oil,,KRX_KOSPI,COMMON,,,Wed May 27 1987 00:00:00 GMT+1000 (한국 하계 표준시),,LISTED,KRW,true,3,,Tue Aug 18 2026 20:30:42 GMT+0900 (한국 표준시),Tue Aug 18 2026 20:30:42 GMT+0900 (한국 표준시)
17189,005090,,,SGC에너지,,KRX_KOSPI,COMMON,,,Wed Jan 06 1993 00:00:00 GMT+0900 (한국 표준시),,LISTED,KRW,true,3,,Tue Aug 18 2026 20:30:42 GMT+0900 (한국 표준시),Tue Aug 18 2026 20:30:42 GMT+0900 (한국 표준시)
17190,001380,,,SG글로벌,,KRX_KOSPI,COMMON,,,Tue Jun 29 1976 00:00:00 GMT+0900 (한국 표준시),,LISTED,KRW,true,3,,Tue Aug 18 2026 20:30:42 GMT+0900 (한국 표준시),Tue Aug 18 2026 20:30:42 GMT+0900 (한국 표준시)
17191,001770,,,SHD,,KRX_KOSPI,COMMON,,,Wed Nov 23 1988 00:00:00 GMT+0900 (한국 표준시),,LISTED,KRW,true,3,,Tue Aug 18 2026 20:30:42 GMT+0900 (한국 표준시),Tue Aug 18 2026 20:30:42 GMT+0900 (한국 표준시)
17192,002360,,,SH에너지화학,,KRX_KOSPI,COMMON,,,Mon Dec 23 1985 00:00:00 GMT+0900 (한국 표준시),,LISTED,KRW,true,3,,Tue Aug 18 2026 20:30:42 GMT+0900 (한국 표준시),Tue Aug 18 2026 20:30:42 GMT+0900 (한국 표준시)
17193,009160,,,SIMPAC,,KRX_KOSPI,COMMON,,,Sat Jul 29 1989 00:00:00 GMT+0900 (한국 표준시),,LISTED,KRW,true,3,,Tue Aug 18 2026 20:30:42 GMT+0900 (한국 표준시),Tue Aug 18 2026 20:30:42 GMT+0900 (한국 표준시)
17194,123700,,,SJM,,KRX_KOSPI,COMMON,,,Mon May 31 2010 00:00:00 GMT+0900 (한국 표준시),,LISTED,KRW,true,3,,Tue Aug 18 2026 20:30:42 GMT+0900 (한국 표준시),Tue Aug 18 2026 20:30:42 GMT+0900 (한국 표준시)
17195,025530,,,SJM홀딩스,,KRX_KOSPI,COMMON,,,Wed Feb 12 1997 00:00:00 GMT+0900 (한국 표준시),,LISTED,KRW,true,3,,Tue Aug 18 2026 20:30:42 GMT+0900 (한국 표준시),Tue Aug 18 2026 20:30:42 GMT+0900 (한국 표준시)
17196,03473K,,,SK우,,KRX_KOSPI,PREFERRED,,,Mon Aug 17 2015 00:00:00 GMT+0900 (한국 표준시),,LISTED,KRW,true,3,,Tue Aug 18 2026 20:30:42 GMT+0900 (한국 표준시),Tue Aug 18 2026 20:30:42 GMT+0900 (한국 표준시)
17197,011790,,,SKC,,KRX_KOSPI,COMMON,,,Fri Jul 18 1997 00:00:00 GMT+0900 (한국 표준시),,LISTED,KRW,true,3,,Tue Aug 18 2026 20:30:42 GMT+0900 (한국 표준시),Tue Aug 18 2026 20:30:42 GMT+0900 (한국 표준시)
17198,018670,,,SK가스,,KRX_KOSPI,COMMON,,,Wed Aug 27 1997 00:00:00 GMT+0900 (한국 표준시),,LISTED,KRW,true,3,,Tue Aug 18 2026 20:30:42 GMT+0900 (한국 표준시),Tue Aug 18 2026 20:30:42 GMT+0900 (한국 표준시)
17199,001740,,,SK네트웍스,,KRX_KOSPI,COMMON,,,Thu Jun 30 1977 00:00:00 GMT+0900 (한국 표준시),,LISTED,KRW,true,3,,Tue Aug 18 2026 20:30:42 GMT+0900 (한국 표준시),Tue Aug 18 2026 20:30:42 GMT+0900 (한국 표준시)
17200,210980,,,SK디앤디,,KRX_KOSPI,COMMON,,,Tue Jun 23 2015 00:00:00 GMT+0900 (한국 표준시),,LISTED,KRW,true,3,,Tue Aug 18 2026 20:30:42 GMT+0900 (한국 표준시),Tue Aug 18 2026 20:30:42 GMT+0900 (한국 표준시)
17201,395400,,,SK리츠,,KRX_KOSPI,COMMON,,,Tue Sep 14 2021 00:00:00 GMT+0900 (한국 표준시),,LISTED,KRW,true,3,,Tue Aug 18 2026 20:30:42 GMT+0900 (한국 표준시),Tue Aug 18 2026 20:30:42 GMT+0900 (한국 표준시)
17202,034730,,,SK,,KRX_KOSPI,COMMON,,,Wed Nov 11 2009 00:00:00 GMT+0900 (한국 표준시),,LISTED,KRW,true,3,,Tue Aug 18 2026 20:30:42 GMT+0900 (한국 표준시),Tue Aug 18 2026 20:30:42 GMT+0900 (한국 표준시)
17203,402340,,,SK스퀘어,,KRX_KOSPI,COMMON,,,Mon Nov 29 2021 00:00:00 GMT+0900 (한국 표준시),,LISTED,KRW,true,3,,Tue Aug 18 2026 20:30:42 GMT+0900 (한국 표준시),Tue Aug 18 2026 20:30:42 GMT+0900 (한국 표준시)
17204,361610,,,SK아이이테크놀로지,,KRX_KOSPI,COMMON,,,Tue May 11 2021 00:00:00 GMT+0900 (한국 표준시),,LISTED,KRW,true,3,,Tue Aug 18 2026 20:30:42 GMT+0900 (한국 표준시),Tue Aug 18 2026 20:30:42 GMT+0900 (한국 표준시)
17205,100090,,,SK오션플랜트,,KRX_KOSPI,COMMON,,,Wed Apr 19 2023 00:00:00 GMT+0900 (한국 표준시),,LISTED,KRW,true,3,,Tue Aug 18 2026 20:30:42 GMT+0900 (한국 표준시),Tue Aug 18 2026 20:30:42 GMT+0900 (한국 표준시)
17206,096775,,,SK이노베이션우,,KRX_KOSPI,PREFERRED,,,Wed Jul 25 2007 00:00:00 GMT+0900 (한국 표준시),,LISTED,KRW,true,3,,Tue Aug 18 2026 20:30:42 GMT+0900 (한국 표준시),Tue Aug 18 2026 20:30:42 GMT+0900 (한국 표준시)
17207,096770,,,SK이노베이션,,KRX_KOSPI,COMMON,,,Wed Jul 25 2007 00:00:00 GMT+0900 (한국 표준시),,LISTED,KRW,true,3,,Tue Aug 18 2026 20:30:42 GMT+0900 (한국 표준시),Tue Aug 18 2026 20:30:42 GMT+0900 (한국 표준시)
17208,001515,,,SK증권우,,KRX_KOSPI,PREFERRED,,,Tue Aug 29 1989 00:00:00 GMT+0900 (한국 표준시),,LISTED,KRW,true,3,,Tue Aug 18 2026 20:30:42 GMT+0900 (한국 표준시),Tue Aug 18 2026 20:30:42 GMT+0900 (한국 표준시)
17209,001510,,,SK증권,,KRX_KOSPI,COMMON,,,Sat Sep 20 1986 00:00:00 GMT+0900 (한국 표준시),,LISTED,KRW,true,3,,Tue Aug 18 2026 20:30:42 GMT+0900 (한국 표준시),Tue Aug 18 2026 20:30:42 GMT+0900 (한국 표준시)
17210,28513K,,,SK케미칼우,,KRX_KOSPI,PREFERRED,,,Fri Jan 05 2018 00:00:00 GMT+0900 (한국 표준시),,LISTED,KRW,true,3,,Tue Aug 18 2026 20:30:42 GMT+0900 (한국 표준시),Tue Aug 18 2026 20:30:42 GMT+0900 (한국 표준시)
17211,285130,,,SK케미칼,,KRX_KOSPI,COMMON,,,Fri Jan 05 2018 00:00:00 GMT+0900 (한국 표준시),,LISTED,KRW,true,3,,Tue Aug 18 2026 20:30:42 GMT+0900 (한국 표준시),Tue Aug 18 2026 20:30:42 GMT+0900 (한국 표준시)
17212,017670,,,SK텔레콤,,KRX_KOSPI,COMMON,,,Tue Nov 07 1989 00:00:00 GMT+0900 (한국 표준시),,LISTED,KRW,true,3,,Tue Aug 18 2026 20:30:42 GMT+0900 (한국 표준시),Tue Aug 18 2026 20:30:42 GMT+0900 (한국 표준시)
17213,003570,,,SNT다이내믹스,,KRX_KOSPI,COMMON,,,Thu Jul 08 1976 00:00:00 GMT+0900 (한국 표준시),,LISTED,KRW,true,3,,Tue Aug 18 2026 20:30:42 GMT+0900 (한국 표준시),Tue Aug 18 2026 20:30:42 GMT+0900 (한국 표준시)
17214,064960,,,SNT모티브,,KRX_KOSPI,COMMON,,,Mon Mar 11 2002 00:00:00 GMT+0900 (한국 표준시),,LISTED,KRW,true,3,,Tue Aug 18 2026 20:30:42 GMT+0900 (한국 표준시),Tue Aug 18 2026 20:30:42 GMT+0900 (한국 표준시)
17215,100840,,,SNT에너지,,KRX_KOSPI,COMMON,,,Fri Feb 22 2008 00:00:00 GMT+0900 (한국 표준시),,LISTED,KRW,true,3,,Tue Aug 18 2026 20:30:42 GMT+0900 (한국 표준시),Tue Aug 18 2026 20:30:42 GMT+0900 (한국 표준시)
17216,036530,,,SNT홀딩스,,KRX_KOSPI,COMMON,,,Tue Oct 22 2002 00:00:00 GMT+0900 (한국 표준시),,LISTED,KRW,true,3,,Tue Aug 18 2026 20:30:42 GMT+0900 (한국 표준시),Tue Aug 18 2026 20:30:42 GMT+0900 (한국 표준시)
17217,465770,,,STX그린로지스,,KRX_KOSPI,COMMON,,,Fri Sep 15 2023 00:00:00 GMT+0900 (한국 표준시),,LISTED,KRW,true,3,,Tue Aug 18 2026 20:30:42 GMT+0900 (한국 표준시),Tue Aug 18 2026 20:30:42 GMT+0900 (한국 표준시)
17218,011810,,,STX,,KRX_KOSPI,COMMON,,,Wed Sep 12 1990 00:00:00 GMT+0900 (한국 표준시),,LISTED,KRW,true,3,,Tue Aug 18 2026 20:30:42 GMT+0900 (한국 표준시),Tue Aug 18 2026 20:30:42 GMT+0900 (한국 표준시)
17219,077970,,,STX엔진,,KRX_KOSPI,COMMON,,,Mon May 10 2004 00:00:00 GMT+0900 (한국 표준시),,LISTED,KRW,true,3,,Tue Aug 18 2026 20:30:42 GMT+0900 (한국 표준시),Tue Aug 18 2026 20:30:42 GMT+0900 (한국 표준시)
17220,084870,,,TBH글로벌,,KRX_KOSPI,COMMON,,,Mon Dec 19 2005 00:00:00 GMT+0900 (한국 표준시),,LISTED,KRW,true,3,,Tue Aug 18 2026 20:30:42 GMT+0900 (한국 표준시),Tue Aug 18 2026 20:30:42 GMT+0900 (한국 표준시)
17221,002710,,,TCC스틸,,KRX_KOSPI,COMMON,,,Fri Dec 21 1984 00:00:00 GMT+0900 (한국 표준시),,LISTED,KRW,true,3,,Tue Aug 18 2026 20:30:42 GMT+0900 (한국 표준시),Tue Aug 18 2026 20:30:42 GMT+0900 (한국 표준시)
17222,024070,,,WISCOM,,KRX_KOSPI,COMMON,,,Fri Nov 22 1996 00:00:00 GMT+0900 (한국 표준시),,LISTED,KRW,true,3,,Tue Aug 18 2026 20:30:42 GMT+0900 (한국 표준시),Tue Aug 18 2026 20:30:42 GMT+0900 (한국 표준시)
17223,000500,,,가온전선,,KRX_KOSPI,COMMON,,,Mon Jun 08 1987 00:00:00 GMT+1000 (한국 하계 표준시),,LISTED,KRW,true,3,,Tue Aug 18 2026 20:30:42 GMT+0900 (한국 표준시),Tue Aug 18 2026 20:30:42 GMT+0900 (한국 표준시)
17224,000860,,,강남제비스코,,KRX_KOSPI,COMMON,,,Wed Nov 12 1975 00:00:00 GMT+0900 (한국 표준시),,LISTED,KRW,true,3,,Tue Aug 18 2026 20:30:42 GMT+0900 (한국 표준시),Tue Aug 18 2026 20:30:42 GMT+0900 (한국 표준시)
17225,035250,,,강원랜드,,KRX_KOSPI,COMMON,,,Thu Sep 04 2003 00:00:00 GMT+0900 (한국 표준시),,LISTED,KRW,true,3,,Tue Aug 18 2026 20:30:42 GMT+0900 (한국 표준시),Tue Aug 18 2026 20:30:42 GMT+0900 (한국 표준시)
17226,011420,,,갤럭시아에스엠,,KRX_KOSPI,COMMON,,,Tue Nov 14 1989 00:00:00 GMT+0900 (한국 표준시),,LISTED,KRW,true,3,,Tue Aug 18 2026 20:30:42 GMT+0900 (한국 표준시),Tue Aug 18 2026 20:30:42 GMT+0900 (한국 표준시)
17227,002100,,,경농,,KRX_KOSPI,COMMON,,,Thu Jun 30 1977 00:00:00 GMT+0900 (한국 표준시),,LISTED,KRW,true,3,,Tue Aug 18 2026 20:30:42 GMT+0900 (한국 표준시),Tue Aug 18 2026 20:30:42 GMT+0900 (한국 표준시)
17228,009450,,,경동나비엔,,KRX_KOSPI,COMMON,,,Tue Aug 31 1993 00:00:00 GMT+0900 (한국 표준시),,LISTED,KRW,true,3,,Tue Aug 18 2026 20:30:42 GMT+0900 (한국 표준시),Tue Aug 18 2026 20:30:42 GMT+0900 (한국 표준시)
17229,267290,,,경동도시가스,,KRX_KOSPI,COMMON,,,Fri May 12 2017 00:00:00 GMT+0900 (한국 표준시),,LISTED,KRW,true,3,,Tue Aug 18 2026 20:30:42 GMT+0900 (한국 표준시),Tue Aug 18 2026 20:30:42 GMT+0900 (한국 표준시)
17230,012320,,,경동인베스트,,KRX_KOSPI,COMMON,,,Fri Mar 07 1997 00:00:00 GMT+0900 (한국 표준시),,LISTED,KRW,true,3,,Tue Aug 18 2026 20:30:42 GMT+0900 (한국 표준시),Tue Aug 18 2026 20:30:42 GMT+0900 (한국 표준시)
17231,000050,,,경방,,KRX_KOSPI,COMMON,,,Sat Mar 03 1956 00:00:00 GMT+0830 (한국 표준시),,LISTED,KRW,true,3,,Tue Aug 18 2026 20:30:42 GMT+0900 (한국 표준시),Tue Aug 18 2026 20:30:42 GMT+0900 (한국 표준시)
17232,214390,,,경보제약,,KRX_KOSPI,COMMON,,,Mon Jun 29 2015 00:00:00 GMT+0900 (한국 표준시),,LISTED,KRW,true,3,,Tue Aug 18 2026 20:30:42 GMT+0900 (한국 표준시),Tue Aug 18 2026 20:30:42 GMT+0900 (한국 표준시)
17233,012610,,,경인양행,,KRX_KOSPI,COMMON,,,Thu Oct 05 1995 00:00:00 GMT+0900 (한국 표준시),,LISTED,KRW,true,3,,Tue Aug 18 2026 20:30:42 GMT+0900 (한국 표준시),Tue Aug 18 2026 20:30:42 GMT+0900 (한국 표준시)
17234,009140,,,경인전자,,KRX_KOSPI,COMMON,,,Tue Jun 20 1989 00:00:00 GMT+0900 (한국 표준시),,LISTED,KRW,true,3,,Tue Aug 18 2026 20:30:42 GMT+0900 (한국 표준시),Tue Aug 18 2026 20:30:42 GMT+0900 (한국 표준시)
17235,013580,,,계룡건설,,KRX_KOSPI,COMMON,,,Tue Jan 30 1996 00:00:00 GMT+0900 (한국 표준시),,LISTED,KRW,true,3,,Tue Aug 18 2026 20:30:42 GMT+0900 (한국 표준시),Tue Aug 18 2026 20:30:42 GMT+0900 (한국 표준시)
17236,012205,,,계양전기우,,KRX_KOSPI,PREFERRED,,,Wed Aug 02 1989 00:00:00 GMT+0900 (한국 표준시),,LISTED,KRW,true,3,,Tue Aug 18 2026 20:30:42 GMT+0900 (한국 표준시),Tue Aug 18 2026 20:30:42 GMT+0900 (한국 표준시)
17237,012200,,,계양전기,,KRX_KOSPI,COMMON,,,Wed Jul 06 1988 00:00:00 GMT+1000 (한국 하계 표준시),,LISTED,KRW,true,3,,Tue Aug 18 2026 20:30:42 GMT+0900 (한국 표준시),Tue Aug 18 2026 20:30:42 GMT+0900 (한국 표준시)
17238,002140,,,고려산업,,KRX_KOSPI,COMMON,,,Mon Jan 14 1991 00:00:00 GMT+0900 (한국 표준시),,LISTED,KRW,true,3,,Tue Aug 18 2026 20:30:42 GMT+0900 (한국 표준시),Tue Aug 18 2026 20:30:42 GMT+0900 (한국 표준시)
17239,010130,,,고려아연,,KRX_KOSPI,COMMON,,,Sat Jul 28 1990 00:00:00 GMT+0900 (한국 표준시),,LISTED,KRW,true,3,,Tue Aug 18 2026 20:30:42 GMT+0900 (한국 표준시),Tue Aug 18 2026 20:30:42 GMT+0900 (한국 표준시)
17240,002240,,,고려제강,,KRX_KOSPI,COMMON,,,Tue May 25 1976 00:00:00 GMT+0900 (한국 표준시),,LISTED,KRW,true,3,,Tue Aug 18 2026 20:30:42 GMT+0900 (한국 표준시),Tue Aug 18 2026 20:30:42 GMT+0900 (한국 표준시)
17241,009290,,,광동제약,,KRX_KOSPI,COMMON,,,Fri Nov 17 1989 00:00:00 GMT+0900 (한국 표준시),,LISTED,KRW,true,3,,Tue Aug 18 2026 20:30:42 GMT+0900 (한국 표준시),Tue Aug 18 2026 20:30:42 GMT+0900 (한국 표준시)
17242,017040,,,광명전기,,KRX_KOSPI,COMMON,,,Fri Sep 14 1990 00:00:00 GMT+0900 (한국 표준시),,LISTED,KRW,true,3,,Tue Aug 18 2026 20:30:42 GMT+0900 (한국 표준시),Tue Aug 18 2026 20:30:42 GMT+0900 (한국 표준시)
17243,017900,,,광전자,,KRX_KOSPI,COMMON,,,Wed Oct 16 1996 00:00:00 GMT+0900 (한국 표준시),,LISTED,KRW,true,3,,Tue Aug 18 2026 20:30:42 GMT+0900 (한국 표준시),Tue Aug 18 2026 20:30:42 GMT+0900 (한국 표준시)
17244,037710,,,광주신세계,,KRX_KOSPI,COMMON,,,Thu Feb 07 2002 00:00:00 GMT+0900 (한국 표준시),,LISTED,KRW,true,3,,Tue Aug 18 2026 20:30:42 GMT+0900 (한국 표준시),Tue Aug 18 2026 20:30:42 GMT+0900 (한국 표준시)
17245,030610,,,교보증권,,KRX_KOSPI,COMMON,,,Thu Jul 18 2002 00:00:00 GMT+0900 (한국 표준시),,LISTED,KRW,true,3,,Tue Aug 18 2026 20:30:42 GMT+0900 (한국 표준시),Tue Aug 18 2026 20:30:42 GMT+0900 (한국 표준시)
17246,339770,,,교촌에프앤비,,KRX_KOSPI,COMMON,,,Thu Nov 12 2020 00:00:00 GMT+0900 (한국 표준시),,LISTED,KRW,true,3,,Tue Aug 18 2026 20:30:42 GMT+0900 (한국 표준시),Tue Aug 18 2026 20:30:42 GMT+0900 (한국 표준시)
17247,007690,,,국도화학,,KRX_KOSPI,COMMON,,,Sat Aug 05 1989 00:00:00 GMT+0900 (한국 표준시),,LISTED,KRW,true,3,,Tue Aug 18 2026 20:30:42 GMT+0900 (한국 표준시),Tue Aug 18 2026 20:30:42 GMT+0900 (한국 표준시)
17248,002720,,,국제약품,,KRX_KOSPI,COMMON,,,Sat Dec 27 1975 00:00:00 GMT+0900 (한국 표준시),,LISTED,KRW,true,3,,Tue Aug 18 2026 20:30:42 GMT+0900 (한국 표준시),Tue Aug 18 2026 20:30:42 GMT+0900 (한국 표준시)
17249,114090,,,GKL,,KRX_KOSPI,COMMON,,,Thu Nov 19 2009 00:00:00 GMT+0900 (한국 표준시),,LISTED,KRW,true,3,,Tue Aug 18 2026 20:30:42 GMT+0900 (한국 표준시),Tue Aug 18 2026 20:30:42 GMT+0900 (한국 표준시)
17250,083420,,,그린케미칼,,KRX_KOSPI,COMMON,,,Thu Oct 20 2005 00:00:00 GMT+0900 (한국 표준시),,LISTED,KRW,true,3,,Tue Aug 18 2026 20:30:42 GMT+0900 (한국 표준시),Tue Aug 18 2026 20:30:42 GMT+0900 (한국 표준시)
17251,014530,,,극동유화,,KRX_KOSPI,COMMON,,,Thu Jan 31 1991 00:00:00 GMT+0900 (한국 표준시),,LISTED,KRW,true,3,,Tue Aug 18 2026 20:30:42 GMT+0900 (한국 표준시),Tue Aug 18 2026 20:30:42 GMT+0900 (한국 표준시)
17252,014285,,,금강공업우,,KRX_KOSPI,PREFERRED,,,Mon Jul 31 1989 00:00:00 GMT+0900 (한국 표준시),,LISTED,KRW,true,3,,Tue Aug 18 2026 20:30:42 GMT+0900 (한국 표준시),Tue Aug 18 2026 20:30:42 GMT+0900 (한국 표준시)
17253,014280,,,금강공업,,KRX_KOSPI,COMMON,,,Sat Sep 10 1988 00:00:00 GMT+1000 (한국 하계 표준시),,LISTED,KRW,true,3,,Tue Aug 18 2026 20:30:42 GMT+0900 (한국 표준시),Tue Aug 18 2026 20:30:42 GMT+0900 (한국 표준시)
17254,008870,,,금비,,KRX_KOSPI,COMMON,,,Fri Jun 08 1990 00:00:00 GMT+0900 (한국 표준시),,LISTED,KRW,true,3,,Tue Aug 18 2026 20:30:42 GMT+0900 (한국 표준시),Tue Aug 18 2026 20:30:42 GMT+0900 (한국 표준시)
17255,001570,,,금양,,KRX_KOSPI,COMMON,,,Fri Dec 17 1976 00:00:00 GMT+0900 (한국 표준시),,LISTED,KRW,true,3,,Tue Aug 18 2026 20:30:42 GMT+0900 (한국 표준시),Tue Aug 18 2026 20:30:42 GMT+0900 (한국 표준시)
17256,002995,,,금호건설우,,KRX_KOSPI,PREFERRED,,,Thu Oct 06 1988 00:00:00 GMT+1000 (한국 하계 표준시),,LISTED,KRW,true,3,,Tue Aug 18 2026 20:30:42 GMT+0900 (한국 표준시),Tue Aug 18 2026 20:30:42 GMT+0900 (한국 표준시)
17257,002990,,,금호건설,,KRX_KOSPI,COMMON,,,Sat Jun 26 1976 00:00:00 GMT+0900 (한국 표준시),,LISTED,KRW,true,3,,Tue Aug 18 2026 20:30:42 GMT+0900 (한국 표준시),Tue Aug 18 2026 20:30:42 GMT+0900 (한국 표준시)
17258,011785,,,금호석유화학우,,KRX_KOSPI,PREFERRED,,,Thu Oct 20 1988 00:00:00 GMT+0900 (한국 표준시),,LISTED,KRW,true,3,,Tue Aug 18 2026 20:30:42 GMT+0900 (한국 표준시),Tue Aug 18 2026 20:30:42 GMT+0900 (한국 표준시)
17259,011780,,,금호석유화학,,KRX_KOSPI,COMMON,,,Fri Jan 22 1988 00:00:00 GMT+0900 (한국 표준시),,LISTED,KRW,true,3,,Tue Aug 18 2026 20:30:42 GMT+0900 (한국 표준시),Tue Aug 18 2026 20:30:42 GMT+0900 (한국 표준시)
17260,214330,,,금호에이치티,,KRX_KOSPI,COMMON,,,Wed Nov 11 2015 00:00:00 GMT+0900 (한국 표준시),,LISTED,KRW,true,3,,Tue Aug 18 2026 20:30:42 GMT+0900 (한국 표준시),Tue Aug 18 2026 20:30:42 GMT+0900 (한국 표준시)
17261,001210,,,금호전기,,KRX_KOSPI,COMMON,,,Thu Nov 15 1973 00:00:00 GMT+0900 (한국 표준시),,LISTED,KRW,true,3,,Tue Aug 18 2026 20:30:42 GMT+0900 (한국 표준시),Tue Aug 18 2026 20:30:42 GMT+0900 (한국 표준시)
17262,073240,,,금호타이어,,KRX_KOSPI,COMMON,,,Thu Feb 17 2005 00:00:00 GMT+0900 (한국 표준시),,LISTED,KRW,true,3,,Tue Aug 18 2026 20:30:42 GMT+0900 (한국 표준시),Tue Aug 18 2026 20:30:42 GMT+0900 (한국 표준시)
17263,092440,,,기신정기,,KRX_KOSPI,COMMON,,,Tue Oct 30 2007 00:00:00 GMT+0900 (한국 표준시),,LISTED,KRW,true,3,,Tue Aug 18 2026 20:30:42 GMT+0900 (한국 표준시),Tue Aug 18 2026 20:30:42 GMT+0900 (한국 표준시)
17264,000270,,,기아,,KRX_KOSPI,COMMON,,,Sat Jul 21 1973 00:00:00 GMT+0900 (한국 표준시),,LISTED,KRW,true,3,,Tue Aug 18 2026 20:30:42 GMT+0900 (한국 표준시),Tue Aug 18 2026 20:30:42 GMT+0900 (한국 표준시)
17265,013700,,,까뮤이앤씨,,KRX_KOSPI,COMMON,,,Thu Nov 30 1989 00:00:00 GMT+0900 (한국 표준시),,LISTED,KRW,true,3,,Tue Aug 18 2026 20:30:42 GMT+0900 (한국 표준시),Tue Aug 18 2026 20:30:42 GMT+0900 (한국 표준시)
17266,004545,,,깨끗한나라우,,KRX_KOSPI,PREFERRED,,,Mon Nov 21 1988 00:00:00 GMT+0900 (한국 표준시),,LISTED,KRW,true,3,,Tue Aug 18 2026 20:30:42 GMT+0900 (한국 표준시),Tue Aug 18 2026 20:30:42 GMT+0900 (한국 표준시)
17267,004540,,,깨끗한나라,,KRX_KOSPI,COMMON,,,Wed Jun 25 1975 00:00:00 GMT+0900 (한국 표준시),,LISTED,KRW,true,3,,Tue Aug 18 2026 20:30:42 GMT+0900 (한국 표준시),Tue Aug 18 2026 20:30:42 GMT+0900 (한국 표준시)
17268,030190,,,NICE평가정보,,KRX_KOSPI,COMMON,,,Tue Aug 08 2023 00:00:00 GMT+0900 (한국 표준시),,LISTED,KRW,true,3,,Tue Aug 18 2026 20:30:42 GMT+0900 (한국 표준시),Tue Aug 18 2026 20:30:42 GMT+0900 (한국 표준시)
17269,001260,,,남광토건,,KRX_KOSPI,COMMON,,,Tue Dec 28 1976 00:00:00 GMT+0900 (한국 표준시),,LISTED,KRW,true,3,,Tue Aug 18 2026 20:30:42 GMT+0900 (한국 표준시),Tue Aug 18 2026 20:30:42 GMT+0900 (한국 표준시)
17270,008355,,,남선알미우,,KRX_KOSPI,PREFERRED,,,Sat Dec 23 1989 00:00:00 GMT+0900 (한국 표준시),,LISTED,KRW,true,3,,Tue Aug 18 2026 20:30:42 GMT+0900 (한국 표준시),Tue Aug 18 2026 20:30:42 GMT+0900 (한국 표준시)
17271,008350,,,남선알미늄,,KRX_KOSPI,COMMON,,,Mon May 22 1978 00:00:00 GMT+0900 (한국 표준시),,LISTED,KRW,true,3,,Tue Aug 18 2026 20:30:42 GMT+0900 (한국 표준시),Tue Aug 18 2026 20:30:42 GMT+0900 (한국 표준시)
17272,004270,,,남성,,KRX_KOSPI,COMMON,,,Tue Nov 14 1989 00:00:00 GMT+0900 (한국 표준시),,LISTED,KRW,true,3,,Tue Aug 18 2026 20:30:42 GMT+0900 (한국 표준시),Tue Aug 18 2026 20:30:42 GMT+0900 (한국 표준시)
17273,003925,,,남양유업우,,KRX_KOSPI,PREFERRED,,,Mon Jun 20 1988 00:00:00 GMT+1000 (한국 하계 표준시),,LISTED,KRW,true,3,,Tue Aug 18 2026 20:30:42 GMT+0900 (한국 표준시),Tue Aug 18 2026 20:30:42 GMT+0900 (한국 표준시)
17274,003920,,,남양유업,,KRX_KOSPI,COMMON,,,Sat Jun 24 1978 00:00:00 GMT+0900 (한국 표준시),,LISTED,KRW,true,3,,Tue Aug 18 2026 20:30:42 GMT+0900 (한국 표준시),Tue Aug 18 2026 20:30:42 GMT+0900 (한국 표준시)
17275,025860,,,남해화학,,KRX_KOSPI,COMMON,,,Fri Nov 10 1995 00:00:00 GMT+0900 (한국 표준시),,LISTED,KRW,true,3,,Tue Aug 18 2026 20:30:42 GMT+0900 (한국 표준시),Tue Aug 18 2026 20:30:42 GMT+0900 (한국 표준시)
17276,005725,,,넥센우,,KRX_KOSPI,PREFERRED,,,Sat Sep 23 1989 00:00:00 GMT+0900 (한국 표준시),,LISTED,KRW,true,3,,Tue Aug 18 2026 20:30:42 GMT+0900 (한국 표준시),Tue Aug 18 2026 20:30:42 GMT+0900 (한국 표준시)
17277,005720,,,넥센,,KRX_KOSPI,COMMON,,,Sat Dec 19 1987 00:00:00 GMT+0900 (한국 표준시),,LISTED,KRW,true,3,,Tue Aug 18 2026 20:30:42 GMT+0900 (한국 표준시),Tue Aug 18 2026 20:30:42 GMT+0900 (한국 표준시)
17278,002355,,,넥센타이어1우B,,KRX_KOSPI,PREFERRED,,,Tue Jun 08 1999 00:00:00 GMT+0900 (한국 표준시),,LISTED,KRW,true,3,,Tue Aug 18 2026 20:30:42 GMT+0900 (한국 표준시),Tue Aug 18 2026 20:30:42 GMT+0900 (한국 표준시)
17279,002350,,,넥센타이어,,KRX_KOSPI,COMMON,,,Wed May 19 1976 00:00:00 GMT+0900 (한국 표준시),,LISTED,KRW,true,3,,Tue Aug 18 2026 20:30:42 GMT+0900 (한국 표준시),Tue Aug 18 2026 20:30:42 GMT+0900 (한국 표준시)
17280,092790,,,넥스틸,,KRX_KOSPI,COMMON,,,Mon Aug 21 2023 00:00:00 GMT+0900 (한국 표준시),,LISTED,KRW,true,3,,Tue Aug 18 2026 20:30:42 GMT+0900 (한국 표준시),Tue Aug 18 2026 20:30:42 GMT+0900 (한국 표준시)
17281,251270,,,넷마블,,KRX_KOSPI,COMMON,,,Fri May 12 2017 00:00:00 GMT+0900 (한국 표준시),,LISTED,KRW,true,3,,Tue Aug 18 2026 20:30:42 GMT+0900 (한국 표준시),Tue Aug 18 2026 20:30:42 GMT+0900 (한국 표준시)
17282,090355,,,노루페인트우,,KRX_KOSPI,PREFERRED,,,Mon Jul 03 2006 00:00:00 GMT+0900 (한국 표준시),,LISTED,KRW,true,3,,Tue Aug 18 2026 20:30:42 GMT+0900 (한국 표준시),Tue Aug 18 2026 20:30:42 GMT+0900 (한국 표준시)
17283,090350,,,노루페인트,,KRX_KOSPI,COMMON,,,Mon Jul 03 2006 00:00:00 GMT+0900 (한국 표준시),,LISTED,KRW,true,3,,Tue Aug 18 2026 20:30:42 GMT+0900 (한국 표준시),Tue Aug 18 2026 20:30:42 GMT+0900 (한국 표준시)
17284,000325,,,노루홀딩스우,,KRX_KOSPI,PREFERRED,,,Sat Jan 21 1989 00:00:00 GMT+0900 (한국 표준시),,LISTED,KRW,true,3,,Tue Aug 18 2026 20:30:42 GMT+0900 (한국 표준시),Tue Aug 18 2026 20:30:42 GMT+0900 (한국 표준시)
17285,000320,,,노루홀딩스,,KRX_KOSPI,COMMON,,,Fri Aug 10 1973 00:00:00 GMT+0900 (한국 표준시),,LISTED,KRW,true,3,,Tue Aug 18 2026 20:30:42 GMT+0900 (한국 표준시),Tue Aug 18 2026 20:30:42 GMT+0900 (한국 표준시)
17286,006280,,,녹십자,,KRX_KOSPI,COMMON,,,Tue Aug 01 1989 00:00:00 GMT+0900 (한국 표준시),,LISTED,KRW,true,3,,Tue Aug 18 2026 20:30:42 GMT+0900 (한국 표준시),Tue Aug 18 2026 20:30:42 GMT+0900 (한국 표준시)
17287,005257,,,녹십자홀딩스2우,,KRX_KOSPI,PREFERRED,,,Wed Mar 19 1997 00:00:00 GMT+0900 (한국 표준시),,LISTED,KRW,true,3,,Tue Aug 18 2026 20:30:42 GMT+0900 (한국 표준시),Tue Aug 18 2026 20:30:42 GMT+0900 (한국 표준시)
17288,005250,,,녹십자홀딩스,,KRX_KOSPI,COMMON,,,Mon Aug 28 1978 00:00:00 GMT+0900 (한국 표준시),,LISTED,KRW,true,3,,Tue Aug 18 2026 20:30:42 GMT+0900 (한국 표준시),Tue Aug 18 2026 20:30:42 GMT+0900 (한국 표준시)
17289,004370,,,농심,,KRX_KOSPI,COMMON,,,Wed Jun 30 1976 00:00:00 GMT+0900 (한국 표준시),,LISTED,KRW,true,3,,Tue Aug 18 2026 20:30:42 GMT+0900 (한국 표준시),Tue Aug 18 2026 20:30:42 GMT+0900 (한국 표준시)
17290,072710,,,농심홀딩스,,KRX_KOSPI,COMMON,,,Wed Jul 30 2003 00:00:00 GMT+0900 (한국 표준시),,LISTED,KRW,true,3,,Tue Aug 18 2026 20:30:42 GMT+0900 (한국 표준시),Tue Aug 18 2026 20:30:42 GMT+0900 (한국 표준시)
17291,058730,,,다스코,,KRX_KOSPI,COMMON,,,Mon Aug 02 2004 00:00:00 GMT+0900 (한국 표준시),,LISTED,KRW,true,3,,Tue Aug 18 2026 20:30:42 GMT+0900 (한국 표준시),Tue Aug 18 2026 20:30:42 GMT+0900 (한국 표준시)
17292,030210,,,다올투자증권,,KRX_KOSPI,COMMON,,,Tue Nov 19 1996 00:00:00 GMT+0900 (한국 표준시),,LISTED,KRW,true,3,,Tue Aug 18 2026 20:30:42 GMT+0900 (한국 표준시),Tue Aug 18 2026 20:30:42 GMT+0900 (한국 표준시)
17293,023590,,,다우기술,,KRX_KOSPI,COMMON,,,Wed Aug 27 1997 00:00:00 GMT+0900 (한국 표준시),,LISTED,KRW,true,3,,Tue Aug 18 2026 20:30:42 GMT+0900 (한국 표준시),Tue Aug 18 2026 20:30:42 GMT+0900 (한국 표준시)
17294,145210,,,다이나믹디자인,,KRX_KOSPI,COMMON,,,Thu Mar 19 2015 00:00:00 GMT+0900 (한국 표준시),,LISTED,KRW,true,3,,Tue Aug 18 2026 20:30:42 GMT+0900 (한국 표준시),Tue Aug 18 2026 20:30:42 GMT+0900 (한국 표준시)
17295,483650,,,달바글로벌,,KRX_KOSPI,COMMON,,,Thu May 22 2025 00:00:00 GMT+0900 (한국 표준시),,LISTED,KRW,true,3,,Tue Aug 18 2026 20:30:42 GMT+0900 (한국 표준시),Tue Aug 18 2026 20:30:42 GMT+0900 (한국 표준시)
17296,019680,,,대교,,KRX_KOSPI,COMMON,,,Tue Feb 03 2004 00:00:00 GMT+0900 (한국 표준시),,LISTED,KRW,true,3,,Tue Aug 18 2026 20:30:42 GMT+0900 (한국 표준시),Tue Aug 18 2026 20:30:42 GMT+0900 (한국 표준시)
17297,019685,,,대교우B,,KRX_KOSPI,PREFERRED,,,Tue Feb 03 2004 00:00:00 GMT+0900 (한국 표준시),,LISTED,KRW,true,3,,Tue Aug 18 2026 20:30:42 GMT+0900 (한국 표준시),Tue Aug 18 2026 20:30:42 GMT+0900 (한국 표준시)
17298,006370,,,대구백화점,,KRX_KOSPI,COMMON,,,Mon Oct 10 1988 00:00:00 GMT+0900 (한국 표준시),,LISTED,KRW,true,3,,Tue Aug 18 2026 20:30:42 GMT+0900 (한국 표준시),Tue Aug 18 2026 20:30:42 GMT+0900 (한국 표준시)
17299,00806K,,,대덕1우,,KRX_KOSPI,PREFERRED,,,Wed Dec 19 2018 00:00:00 GMT+0900 (한국 표준시),,LISTED,KRW,true,3,,Tue Aug 18 2026 20:30:42 GMT+0900 (한국 표준시),Tue Aug 18 2026 20:30:42 GMT+0900 (한국 표준시)
17300,008060,,,대덕,,KRX_KOSPI,COMMON,,,Thu Jan 26 1989 00:00:00 GMT+0900 (한국 표준시),,LISTED,KRW,true,3,,Tue Aug 18 2026 20:30:42 GMT+0900 (한국 표준시),Tue Aug 18 2026 20:30:42 GMT+0900 (한국 표준시)
17301,353200,,,대덕전자,,KRX_KOSPI,COMMON,,,Thu May 21 2020 00:00:00 GMT+0900 (한국 표준시),,LISTED,KRW,true,3,,Tue Aug 18 2026 20:30:42 GMT+0900 (한국 표준시),Tue Aug 18 2026 20:30:42 GMT+0900 (한국 표준시)
17302,35320K,,,대덕전자1우,,KRX_KOSPI,PREFERRED,,,Thu May 21 2020 00:00:00 GMT+0900 (한국 표준시),,LISTED,KRW,true,3,,Tue Aug 18 2026 20:30:42 GMT+0900 (한국 표준시),Tue Aug 18 2026 20:30:42 GMT+0900 (한국 표준시)
17303,000490,,,대동,,KRX_KOSPI,COMMON,,,Fri Jun 27 1975 00:00:00 GMT+0900 (한국 표준시),,LISTED,KRW,true,3,,Tue Aug 18 2026 20:30:42 GMT+0900 (한국 표준시),Tue Aug 18 2026 20:30:42 GMT+0900 (한국 표준시)
17304,005750,,,대림바스,,KRX_KOSPI,COMMON,,,Wed Dec 23 1992 00:00:00 GMT+0900 (한국 표준시),,LISTED,KRW,true,3,,Tue Aug 18 2026 20:30:42 GMT+0900 (한국 표준시),Tue Aug 18 2026 20:30:42 GMT+0900 (한국 표준시)
17305,006570,,,대림통상,,KRX_KOSPI,COMMON,,,Thu Nov 20 1975 00:00:00 GMT+0900 (한국 표준시),,LISTED,KRW,true,3,,Tue Aug 18 2026 20:30:42 GMT+0900 (한국 표준시),Tue Aug 18 2026 20:30:42 GMT+0900 (한국 표준시)
17306,001685,,,대상우,,KRX_KOSPI,PREFERRED,,,Tue Nov 21 1989 00:00:00 GMT+0900 (한국 표준시),,LISTED,KRW,true,3,,Tue Aug 18 2026 20:30:42 GMT+0900 (한국 표준시),Tue Aug 18 2026 20:30:42 GMT+0900 (한국 표준시)
17307,001680,,,대상,,KRX_KOSPI,COMMON,,,Wed Apr 01 1970 00:00:00 GMT+0900 (한국 표준시),,LISTED,KRW,true,3,,Tue Aug 18 2026 20:30:42 GMT+0900 (한국 표준시),Tue Aug 18 2026 20:30:42 GMT+0900 (한국 표준시)
17308,084695,,,대상홀딩스우,,KRX_KOSPI,PREFERRED,,,Wed Aug 17 2005 00:00:00 GMT+0900 (한국 표준시),,LISTED,KRW,true,3,,Tue Aug 18 2026 20:30:42 GMT+0900 (한국 표준시),Tue Aug 18 2026 20:30:42 GMT+0900 (한국 표준시)
17309,084690,,,대상홀딩스,,KRX_KOSPI,COMMON,,,Wed Aug 17 2005 00:00:00 GMT+0900 (한국 표준시),,LISTED,KRW,true,3,,Tue Aug 18 2026 20:30:42 GMT+0900 (한국 표준시),Tue Aug 18 2026 20:30:42 GMT+0900 (한국 표준시)
17310,128820,,,대성산업,,KRX_KOSPI,COMMON,,,Fri Jul 30 2010 00:00:00 GMT+0900 (한국 표준시),,LISTED,KRW,true,3,,Tue Aug 18 2026 20:30:42 GMT+0900 (한국 표준시),Tue Aug 18 2026 20:30:42 GMT+0900 (한국 표준시)
17311,117580,,,대성에너지,,KRX_KOSPI,COMMON,,,Fri Dec 24 2010 00:00:00 GMT+0900 (한국 표준시),,LISTED,KRW,true,3,,Tue Aug 18 2026 20:30:42 GMT+0900 (한국 표준시),Tue Aug 18 2026 20:30:42 GMT+0900 (한국 표준시)
17312,016710,,,대성홀딩스,,KRX_KOSPI,COMMON,,,Wed Dec 22 1999 00:00:00 GMT+0900 (한국 표준시),,LISTED,KRW,true,3,,Tue Aug 18 2026 20:30:42 GMT+0900 (한국 표준시),Tue Aug 18 2026 20:30:42 GMT+0900 (한국 표준시)
17313,0030R0,,,대신밸류리츠,,KRX_KOSPI,COMMON,,,Thu Jul 10 2025 00:00:00 GMT+0900 (한국 표준시),,LISTED,KRW,true,3,,Tue Aug 18 2026 20:30:42 GMT+0900 (한국 표준시),Tue Aug 18 2026 20:30:42 GMT+0900 (한국 표준시)
17314,003545,,,대신증권우,,KRX_KOSPI,PREFERRED,,,Thu Sep 01 1988 00:00:00 GMT+1000 (한국 하계 표준시),,LISTED,KRW,true,3,,Tue Aug 18 2026 20:30:42 GMT+0900 (한국 표준시),Tue Aug 18 2026 20:30:42 GMT+0900 (한국 표준시)
17315,003547,,,대신증권2우B,,KRX_KOSPI,PREFERRED,,,Fri Nov 09 2007 00:00:00 GMT+0900 (한국 표준시),,LISTED,KRW,true,3,,Tue Aug 18 2026 20:30:42 GMT+0900 (한국 표준시),Tue Aug 18 2026 20:30:42 GMT+0900 (한국 표준시)
17316,003540,,,대신증권,,KRX_KOSPI,COMMON,,,Wed Oct 01 1975 00:00:00 GMT+0900 (한국 표준시),,LISTED,KRW,true,3,,Tue Aug 18 2026 20:30:42 GMT+0900 (한국 표준시),Tue Aug 18 2026 20:30:42 GMT+0900 (한국 표준시)
17317,009190,,,대양금속,,KRX_KOSPI,COMMON,,,Fri Apr 29 1994 00:00:00 GMT+0900 (한국 표준시),,LISTED,KRW,true,3,,Tue Aug 18 2026 20:30:42 GMT+0900 (한국 표준시),Tue Aug 18 2026 20:30:42 GMT+0900 (한국 표준시)
17318,014160,,,대영포장,,KRX_KOSPI,COMMON,,,Tue Mar 06 1990 00:00:00 GMT+0900 (한국 표준시),,LISTED,KRW,true,3,,Tue Aug 18 2026 20:30:42 GMT+0900 (한국 표준시),Tue Aug 18 2026 20:30:42 GMT+0900 (한국 표준시)
17319,047040,,,대우건설,,KRX_KOSPI,COMMON,,,Fri Mar 23 2001 00:00:00 GMT+0900 (한국 표준시),,LISTED,KRW,true,3,,Tue Aug 18 2026 20:30:42 GMT+0900 (한국 표준시),Tue Aug 18 2026 20:30:42 GMT+0900 (한국 표준시)
17320,003090,,,대웅,,KRX_KOSPI,COMMON,,,Tue Jun 26 1973 00:00:00 GMT+0900 (한국 표준시),,LISTED,KRW,true,3,,Tue Aug 18 2026 20:30:42 GMT+0900 (한국 표준시),Tue Aug 18 2026 20:30:42 GMT+0900 (한국 표준시)
17321,069620,,,대웅제약,,KRX_KOSPI,COMMON,,,Fri Nov 01 2002 00:00:00 GMT+0900 (한국 표준시),,LISTED,KRW,true,3,,Tue Aug 18 2026 20:30:42 GMT+0900 (한국 표준시),Tue Aug 18 2026 20:30:42 GMT+0900 (한국 표준시)
17322,000430,,,대원강업,,KRX_KOSPI,COMMON,,,Wed Jun 22 1977 00:00:00 GMT+0900 (한국 표준시),,LISTED,KRW,true,3,,Tue Aug 18 2026 20:30:42 GMT+0900 (한국 표준시),Tue Aug 18 2026 20:30:42 GMT+0900 (한국 표준시)
17323,006345,,,대원전선우,,KRX_KOSPI,PREFERRED,,,Wed Jun 21 1989 00:00:00 GMT+0900 (한국 표준시),,LISTED,KRW,true,3,,Tue Aug 18 2026 20:30:42 GMT+0900 (한국 표준시),Tue Aug 18 2026 20:30:42 GMT+0900 (한국 표준시)
17324,006340,,,대원전선,,KRX_KOSPI,COMMON,,,Wed May 04 1988 00:00:00 GMT+0900 (한국 표준시),,LISTED,KRW,true,3,,Tue Aug 18 2026 20:30:42 GMT+0900 (한국 표준시),Tue Aug 18 2026 20:30:42 GMT+0900 (한국 표준시)
17325,003220,,,대원제약,,KRX_KOSPI,COMMON,,,Wed Dec 15 1999 00:00:00 GMT+0900 (한국 표준시),,LISTED,KRW,true,3,,Tue Aug 18 2026 20:30:42 GMT+0900 (한국 표준시),Tue Aug 18 2026 20:30:42 GMT+0900 (한국 표준시)
17326,024890,,,대원화성,,KRX_KOSPI,COMMON,,,Tue Oct 28 1997 00:00:00 GMT+0900 (한국 표준시),,LISTED,KRW,true,3,,Tue Aug 18 2026 20:30:42 GMT+0900 (한국 표준시),Tue Aug 18 2026 20:30:42 GMT+0900 (한국 표준시)
17327,015230,,,대창단조,,KRX_KOSPI,COMMON,,,Tue Jul 25 1989 00:00:00 GMT+0900 (한국 표준시),,LISTED,KRW,true,3,,Tue Aug 18 2026 20:30:42 GMT+0900 (한국 표준시),Tue Aug 18 2026 20:30:42 GMT+0900 (한국 표준시)
17328,012800,,,대창,,KRX_KOSPI,COMMON,,,Tue Dec 05 1989 00:00:00 GMT+0900 (한국 표준시),,LISTED,KRW,true,3,,Tue Aug 18 2026 20:30:42 GMT+0900 (한국 표준시),Tue Aug 18 2026 20:30:42 GMT+0900 (한국 표준시)
17329,001070,,,대한방직,,KRX_KOSPI,COMMON,,,Fri Dec 28 1973 00:00:00 GMT+0900 (한국 표준시),,LISTED,KRW,true,3,,Tue Aug 18 2026 20:30:42 GMT+0900 (한국 표준시),Tue Aug 18 2026 20:30:42 GMT+0900 (한국 표준시)
17330,006650,,,대한유화,,KRX_KOSPI,COMMON,,,Wed Aug 11 1999 00:00:00 GMT+0900 (한국 표준시),,LISTED,KRW,true,3,,Tue Aug 18 2026 20:30:42 GMT+0900 (한국 표준시),Tue Aug 18 2026 20:30:42 GMT+0900 (한국 표준시)
17331,001440,,,대한전선,,KRX_KOSPI,COMMON,,,Fri Dec 27 1968 00:00:00 GMT+0900 (한국 표준시),,LISTED,KRW,true,3,,Tue Aug 18 2026 20:30:42 GMT+0900 (한국 표준시),Tue Aug 18 2026 20:30:42 GMT+0900 (한국 표준시)
17332,084010,,,대한제강,,KRX_KOSPI,COMMON,,,Mon Oct 31 2005 00:00:00 GMT+0900 (한국 표준시),,LISTED,KRW,true,3,,Tue Aug 18 2026 20:30:42 GMT+0900 (한국 표준시),Tue Aug 18 2026 20:30:42 GMT+0900 (한국 표준시)
17333,001795,,,대한제당우,,KRX_KOSPI,PREFERRED,,,Sat Jan 21 1995 00:00:00 GMT+0900 (한국 표준시),,LISTED,KRW,true,3,,Tue Aug 18 2026 20:30:42 GMT+0900 (한국 표준시),Tue Aug 18 2026 20:30:42 GMT+0900 (한국 표준시)
17334,001790,,,대한제당,,KRX_KOSPI,COMMON,,,Fri Dec 27 1968 00:00:00 GMT+0900 (한국 표준시),,LISTED,KRW,true,3,,Tue Aug 18 2026 20:30:42 GMT+0900 (한국 표준시),Tue Aug 18 2026 20:30:42 GMT+0900 (한국 표준시)
17335,001130,,,대한제분,,KRX_KOSPI,COMMON,,,Wed Nov 25 1970 00:00:00 GMT+0900 (한국 표준시),,LISTED,KRW,true,3,,Tue Aug 18 2026 20:30:42 GMT+0900 (한국 표준시),Tue Aug 18 2026 20:30:42 GMT+0900 (한국 표준시)
17336,439260,,,대한조선,,KRX_KOSPI,COMMON,,,Fri Aug 01 2025 00:00:00 GMT+0900 (한국 표준시),,LISTED,KRW,true,3,,Tue Aug 18 2026 20:30:42 GMT+0900 (한국 표준시),Tue Aug 18 2026 20:30:42 GMT+0900 (한국 표준시)
17337,003495,,,대한항공우,,KRX_KOSPI,PREFERRED,,,Sat Mar 31 1990 00:00:00 GMT+0900 (한국 표준시),,LISTED,KRW,true,3,,Tue Aug 18 2026 20:30:42 GMT+0900 (한국 표준시),Tue Aug 18 2026 20:30:42 GMT+0900 (한국 표준시)
17338,003490,,,대한항공,,KRX_KOSPI,COMMON,,,Fri Mar 18 1966 00:00:00 GMT+0900 (한국 표준시),,LISTED,KRW,true,3,,Tue Aug 18 2026 20:30:42 GMT+0900 (한국 표준시),Tue Aug 18 2026 20:30:42 GMT+0900 (한국 표준시)
17339,005880,,,대한해운,,KRX_KOSPI,COMMON,,,Thu Apr 23 1992 00:00:00 GMT+0900 (한국 표준시),,LISTED,KRW,true,3,,Tue Aug 18 2026 20:30:42 GMT+0900 (한국 표준시),Tue Aug 18 2026 20:30:42 GMT+0900 (한국 표준시)
17340,003830,,,대한화섬,,KRX_KOSPI,COMMON,,,Mon Dec 23 1985 00:00:00 GMT+0900 (한국 표준시),,LISTED,KRW,true,3,,Tue Aug 18 2026 20:30:42 GMT+0900 (한국 표준시),Tue Aug 18 2026 20:30:42 GMT+0900 (한국 표준시)
17341,016090,,,대현,,KRX_KOSPI,COMMON,,,Thu Sep 20 1990 00:00:00 GMT+0900 (한국 표준시),,LISTED,KRW,true,3,,Tue Aug 18 2026 20:30:42 GMT+0900 (한국 표준시),Tue Aug 18 2026 20:30:42 GMT+0900 (한국 표준시)
17342,069460,,,대호에이엘,,KRX_KOSPI,COMMON,,,Mon Nov 11 2002 00:00:00 GMT+0900 (한국 표준시),,LISTED,KRW,true,3,,Tue Aug 18 2026 20:30:42 GMT+0900 (한국 표준시),Tue Aug 18 2026 20:30:42 GMT+0900 (한국 표준시)
17343,475560,,,더본코리아,,KRX_KOSPI,COMMON,,,Wed Nov 06 2024 00:00:00 GMT+0900 (한국 표준시),,LISTED,KRW,true,3,,Tue Aug 18 2026 20:30:42 GMT+0900 (한국 표준시),Tue Aug 18 2026 20:30:42 GMT+0900 (한국 표준시)
17344,192080,,,더블유게임즈,,KRX_KOSPI,COMMON,,,Tue Mar 12 2019 00:00:00 GMT+0900 (한국 표준시),,LISTED,KRW,true,3,,Tue Aug 18 2026 20:30:42 GMT+0900 (한국 표준시),Tue Aug 18 2026 20:30:42 GMT+0900 (한국 표준시)
17345,004835,,,덕성우,,KRX_KOSPI,PREFERRED,,,Tue Dec 19 1989 00:00:00 GMT+0900 (한국 표준시),,LISTED,KRW,true,3,,Tue Aug 18 2026 20:30:42 GMT+0900 (한국 표준시),Tue Aug 18 2026 20:30:42 GMT+0900 (한국 표준시)
17346,004830,,,덕성,,KRX_KOSPI,COMMON,,,Fri Sep 25 1987 00:00:00 GMT+1000 (한국 하계 표준시),,LISTED,KRW,true,3,,Tue Aug 18 2026 20:30:42 GMT+0900 (한국 표준시),Tue Aug 18 2026 20:30:42 GMT+0900 (한국 표준시)
17347,145720,,,덴티움,,KRX_KOSPI,COMMON,,,Wed Mar 15 2017 00:00:00 GMT+0900 (한국 표준시),,LISTED,KRW,true,3,,Tue Aug 18 2026 20:30:42 GMT+0900 (한국 표준시),Tue Aug 18 2026 20:30:42 GMT+0900 (한국 표준시)
17348,002150,,,도화엔지니어링,,KRX_KOSPI,COMMON,,,Thu Aug 12 2010 00:00:00 GMT+0900 (한국 표준시),,LISTED,KRW,true,3,,Tue Aug 18 2026 20:30:42 GMT+0900 (한국 표준시),Tue Aug 18 2026 20:30:42 GMT+0900 (한국 표준시)
17349,460850,,,동국씨엠,,KRX_KOSPI,COMMON,,,Fri Jun 16 2023 00:00:00 GMT+0900 (한국 표준시),,LISTED,KRW,true,3,,Tue Aug 18 2026 20:30:42 GMT+0900 (한국 표준시),Tue Aug 18 2026 20:30:42 GMT+0900 (한국 표준시)
17350,460860,,,동국제강,,KRX_KOSPI,COMMON,,,Fri Jun 16 2023 00:00:00 GMT+0900 (한국 표준시),,LISTED,KRW,true,3,,Tue Aug 18 2026 20:30:42 GMT+0900 (한국 표준시),Tue Aug 18 2026 20:30:42 GMT+0900 (한국 표준시)
17351,001230,,,동국홀딩스,,KRX_KOSPI,COMMON,,,Mon May 09 1988 00:00:00 GMT+1000 (한국 하계 표준시),,LISTED,KRW,true,3,,Tue Aug 18 2026 20:30:42 GMT+0900 (한국 표준시),Tue Aug 18 2026 20:30:42 GMT+0900 (한국 표준시)
17352,004140,,,동방,,KRX_KOSPI,COMMON,,,Wed Aug 10 1988 00:00:00 GMT+1000 (한국 하계 표준시),,LISTED,KRW,true,3,,Tue Aug 18 2026 20:30:42 GMT+0900 (한국 표준시),Tue Aug 18 2026 20:30:42 GMT+0900 (한국 표준시)
17353,007590,,,동방아그로,,KRX_KOSPI,COMMON,,,Wed Jun 29 1977 00:00:00 GMT+0900 (한국 표준시),,LISTED,KRW,true,3,,Tue Aug 18 2026 20:30:42 GMT+0900 (한국 표준시),Tue Aug 18 2026 20:30:42 GMT+0900 (한국 표준시)
17354,005965,,,동부건설우,,KRX_KOSPI,PREFERRED,,,Thu Jun 21 1990 00:00:00 GMT+0900 (한국 표준시),,LISTED,KRW,true,3,,Tue Aug 18 2026 20:30:42 GMT+0900 (한국 표준시),Tue Aug 18 2026 20:30:42 GMT+0900 (한국 표준시)
17355,005960,,,동부건설,,KRX_KOSPI,COMMON,,,Mon Oct 30 1978 00:00:00 GMT+0900 (한국 표준시),,LISTED,KRW,true,3,,Tue Aug 18 2026 20:30:42 GMT+0900 (한국 표준시),Tue Aug 18 2026 20:30:42 GMT+0900 (한국 표준시)
17356,026960,,,동서,,KRX_KOSPI,COMMON,,,Fri Jul 15 2016 00:00:00 GMT+0900 (한국 표준시),,LISTED,KRW,true,3,,Tue Aug 18 2026 20:30:42 GMT+0900 (한국 표준시),Tue Aug 18 2026 20:30:42 GMT+0900 (한국 표준시)
17357,002210,,,동성제약,,KRX_KOSPI,COMMON,,,Fri Jan 19 1990 00:00:00 GMT+0900 (한국 표준시),,LISTED,KRW,true,3,,Tue Aug 18 2026 20:30:42 GMT+0900 (한국 표준시),Tue Aug 18 2026 20:30:42 GMT+0900 (한국 표준시)
17358,102260,,,동성케미컬,,KRX_KOSPI,COMMON,,,Mon Jun 23 2008 00:00:00 GMT+0900 (한국 표준시),,LISTED,KRW,true,3,,Tue Aug 18 2026 20:30:42 GMT+0900 (한국 표준시),Tue Aug 18 2026 20:30:42 GMT+0900 (한국 표준시)
17359,000640,,,동아쏘시오홀딩스,,KRX_KOSPI,COMMON,,,Tue Feb 10 1970 00:00:00 GMT+0900 (한국 표준시),,LISTED,KRW,true,3,,Tue Aug 18 2026 20:30:42 GMT+0900 (한국 표준시),Tue Aug 18 2026 20:30:42 GMT+0900 (한국 표준시)
17360,170900,,,동아에스티,,KRX_KOSPI,COMMON,,,Mon Apr 08 2013 00:00:00 GMT+0900 (한국 표준시),,LISTED,KRW,true,3,,Tue Aug 18 2026 20:30:42 GMT+0900 (한국 표준시),Tue Aug 18 2026 20:30:42 GMT+0900 (한국 표준시)
17361,028100,,,동아지질,,KRX_KOSPI,COMMON,,,Fri Jun 12 2009 00:00:00 GMT+0900 (한국 표준시),,LISTED,KRW,true,3,,Tue Aug 18 2026 20:30:42 GMT+0900 (한국 표준시),Tue Aug 18 2026 20:30:42 GMT+0900 (한국 표준시)
17362,001525,,,동양우,,KRX_KOSPI,PREFERRED,,,Sat Sep 30 1989 00:00:00 GMT+0900 (한국 표준시),,LISTED,KRW,true,3,,Tue Aug 18 2026 20:30:42 GMT+0900 (한국 표준시),Tue Aug 18 2026 20:30:42 GMT+0900 (한국 표준시)
17363,001527,,,동양2우B,,KRX_KOSPI,PREFERRED,,,Thu Jan 28 1999 00:00:00 GMT+0900 (한국 표준시),,LISTED,KRW,true,3,,Tue Aug 18 2026 20:30:42 GMT+0900 (한국 표준시),Tue Aug 18 2026 20:30:42 GMT+0900 (한국 표준시)
17364,084670,,,동양고속,,KRX_KOSPI,COMMON,,,Mon Jul 25 2005 00:00:00 GMT+0900 (한국 표준시),,LISTED,KRW,true,3,,Tue Aug 18 2026 20:30:42 GMT+0900 (한국 표준시),Tue Aug 18 2026 20:30:42 GMT+0900 (한국 표준시)
17365,001520,,,동양,,KRX_KOSPI,COMMON,,,Fri Jun 25 1976 00:00:00 GMT+0900 (한국 표준시),,LISTED,KRW,true,3,,Tue Aug 18 2026 20:30:42 GMT+0900 (한국 표준시),Tue Aug 18 2026 20:30:42 GMT+0900 (한국 표준시)
17366,082640,,,동양생명,,KRX_KOSPI,COMMON,,,Thu Oct 08 2009 00:00:00 GMT+0900 (한국 표준시),,LISTED,KRW,true,3,,Tue Aug 18 2026 20:30:42 GMT+0900 (한국 표준시),Tue Aug 18 2026 20:30:42 GMT+0900 (한국 표준시)
17367,018500,,,동원모빌리티,,KRX_KOSPI,COMMON,,,Fri Nov 10 1995 00:00:00 GMT+0900 (한국 표준시),,LISTED,KRW,true,3,,Tue Aug 18 2026 20:30:42 GMT+0900 (한국 표준시),Tue Aug 18 2026 20:30:42 GMT+0900 (한국 표준시)
17368,006040,,,동원산업,,KRX_KOSPI,COMMON,,,Tue Mar 07 1989 00:00:00 GMT+0900 (한국 표준시),,LISTED,KRW,true,3,,Tue Aug 18 2026 20:30:42 GMT+0900 (한국 표준시),Tue Aug 18 2026 20:30:42 GMT+0900 (한국 표준시)
17369,030720,,,동원수산,,KRX_KOSPI,COMMON,,,Fri Nov 22 1996 00:00:00 GMT+0900 (한국 표준시),,LISTED,KRW,true,3,,Tue Aug 18 2026 20:30:42 GMT+0900 (한국 표준시),Tue Aug 18 2026 20:30:42 GMT+0900 (한국 표준시)
17370,014825,,,동원시스템즈우,,KRX_KOSPI,PREFERRED,,,Sat Jan 21 1995 00:00:00 GMT+0900 (한국 표준시),,LISTED,KRW,true,3,,Tue Aug 18 2026 20:30:42 GMT+0900 (한국 표준시),Tue Aug 18 2026 20:30:42 GMT+0900 (한국 표준시)
17371,014820,,,동원시스템즈,,KRX_KOSPI,COMMON,,,Tue Mar 29 1994 00:00:00 GMT+0900 (한국 표준시),,LISTED,KRW,true,3,,Tue Aug 18 2026 20:30:42 GMT+0900 (한국 표준시),Tue Aug 18 2026 20:30:42 GMT+0900 (한국 표준시)
17372,111380,,,동인기연,,KRX_KOSPI,COMMON,,,Tue Nov 21 2023 00:00:00 GMT+0900 (한국 표준시),,LISTED,KRW,true,3,,Tue Aug 18 2026 20:30:42 GMT+0900 (한국 표준시),Tue Aug 18 2026 20:30:42 GMT+0900 (한국 표준시)
17373,163560,,,동일고무벨트,,KRX_KOSPI,COMMON,,,Fri Oct 19 2012 00:00:00 GMT+0900 (한국 표준시),,LISTED,KRW,true,3,,Tue Aug 18 2026 20:30:42 GMT+0900 (한국 표준시),Tue Aug 18 2026 20:30:42 GMT+0900 (한국 표준시)
17374,004890,,,동일산업,,KRX_KOSPI,COMMON,,,Thu Jun 30 2005 00:00:00 GMT+0900 (한국 표준시),,LISTED,KRW,true,3,,Tue Aug 18 2026 20:30:42 GMT+0900 (한국 표준시),Tue Aug 18 2026 20:30:42 GMT+0900 (한국 표준시)
17375,002690,,,동일제강,,KRX_KOSPI,COMMON,,,Thu Sep 24 2015 00:00:00 GMT+0900 (한국 표준시),,LISTED,KRW,true,3,,Tue Aug 18 2026 20:30:42 GMT+0900 (한국 표준시),Tue Aug 18 2026 20:30:42 GMT+0900 (한국 표준시)
17376,000020,,,동화약품,,KRX_KOSPI,COMMON,,,Wed Mar 24 1976 00:00:00 GMT+0900 (한국 표준시),,LISTED,KRW,true,3,,Tue Aug 18 2026 20:30:42 GMT+0900 (한국 표준시),Tue Aug 18 2026 20:30:42 GMT+0900 (한국 표준시)
17377,000155,,,두산우,,KRX_KOSPI,PREFERRED,,,Thu Jul 31 1986 00:00:00 GMT+0900 (한국 표준시),,LISTED,KRW,true,3,,Tue Aug 18 2026 20:30:42 GMT+0900 (한국 표준시),Tue Aug 18 2026 20:30:42 GMT+0900 (한국 표준시)
17378,000157,,,두산2우B,,KRX_KOSPI,PREFERRED,,,Fri Dec 03 1999 00:00:00 GMT+0900 (한국 표준시),,LISTED,KRW,true,3,,Tue Aug 18 2026 20:30:42 GMT+0900 (한국 표준시),Tue Aug 18 2026 20:30:42 GMT+0900 (한국 표준시)
17379,454910,,,두산로보틱스,,KRX_KOSPI,COMMON,,,Thu Oct 05 2023 00:00:00 GMT+0900 (한국 표준시),,LISTED,KRW,true,3,,Tue Aug 18 2026 20:30:42 GMT+0900 (한국 표준시),Tue Aug 18 2026 20:30:42 GMT+0900 (한국 표준시)
17380,241560,,,두산밥캣,,KRX_KOSPI,COMMON,,,Fri Nov 18 2016 00:00:00 GMT+0900 (한국 표준시),,LISTED,KRW,true,3,,Tue Aug 18 2026 20:30:42 GMT+0900 (한국 표준시),Tue Aug 18 2026 20:30:42 GMT+0900 (한국 표준시)
17381,000150,,,두산,,KRX_KOSPI,COMMON,,,Fri Jun 29 1973 00:00:00 GMT+0900 (한국 표준시),,LISTED,KRW,true,3,,Tue Aug 18 2026 20:30:42 GMT+0900 (한국 표준시),Tue Aug 18 2026 20:30:42 GMT+0900 (한국 표준시)
17382,034020,,,두산에너빌리티,,KRX_KOSPI,COMMON,,,Wed Oct 25 2000 00:00:00 GMT+0900 (한국 표준시),,LISTED,KRW,true,3,,Tue Aug 18 2026 20:30:42 GMT+0900 (한국 표준시),Tue Aug 18 2026 20:30:42 GMT+0900 (한국 표준시)
17383,33626K,,,두산퓨얼셀1우,,KRX_KOSPI,PREFERRED,,,Fri Oct 18 2019 00:00:00 GMT+0900 (한국 표준시),,LISTED,KRW,true,3,,Tue Aug 18 2026 20:30:42 GMT+0900 (한국 표준시),Tue Aug 18 2026 20:30:42 GMT+0900 (한국 표준시)
17384,33626L,,,두산퓨얼셀2우B,,KRX_KOSPI,PREFERRED,,,Fri Oct 18 2019 00:00:00 GMT+0900 (한국 표준시),,LISTED,KRW,true,3,,Tue Aug 18 2026 20:30:42 GMT+0900 (한국 표준시),Tue Aug 18 2026 20:30:42 GMT+0900 (한국 표준시)
17385,336260,,,두산퓨얼셀,,KRX_KOSPI,COMMON,,,Fri Oct 18 2019 00:00:00 GMT+0900 (한국 표준시),,LISTED,KRW,true,3,,Tue Aug 18 2026 20:30:42 GMT+0900 (한국 표준시),Tue Aug 18 2026 20:30:42 GMT+0900 (한국 표준시)
17386,016740,,,두올,,KRX_KOSPI,COMMON,,,Fri Jul 29 2016 00:00:00 GMT+0900 (한국 표준시),,LISTED,KRW,true,3,,Tue Aug 18 2026 20:30:42 GMT+0900 (한국 표준시),Tue Aug 18 2026 20:30:42 GMT+0900 (한국 표준시)
17387,192650,,,드림텍,,KRX_KOSPI,COMMON,,,Thu Mar 14 2019 00:00:00 GMT+0900 (한국 표준시),,LISTED,KRW,true,3,,Tue Aug 18 2026 20:30:42 GMT+0900 (한국 표준시),Tue Aug 18 2026 20:30:42 GMT+0900 (한국 표준시)
17388,024090,,,디씨엠,,KRX_KOSPI,COMMON,,,Wed Aug 18 1999 00:00:00 GMT+0900 (한국 표준시),,LISTED,KRW,true,3,,Tue Aug 18 2026 20:30:42 GMT+0900 (한국 표준시),Tue Aug 18 2026 20:30:42 GMT+0900 (한국 표준시)
17389,003160,,,디아이,,KRX_KOSPI,COMMON,,,Wed Jul 31 1996 00:00:00 GMT+0900 (한국 표준시),,LISTED,KRW,true,3,,Tue Aug 18 2026 20:30:42 GMT+0900 (한국 표준시),Tue Aug 18 2026 20:30:42 GMT+0900 (한국 표준시)
17390,092200,,,디아이씨,,KRX_KOSPI,COMMON,,,Thu Oct 18 2007 00:00:00 GMT+0900 (한국 표준시),,LISTED,KRW,true,3,,Tue Aug 18 2026 20:30:42 GMT+0900 (한국 표준시),Tue Aug 18 2026 20:30:42 GMT+0900 (한국 표준시)
17391,004840,,,DRB동일,,KRX_KOSPI,COMMON,,,Fri May 21 1976 00:00:00 GMT+0900 (한국 표준시),,LISTED,KRW,true,3,,Tue Aug 18 2026 20:30:42 GMT+0900 (한국 표준시),Tue Aug 18 2026 20:30:42 GMT+0900 (한국 표준시)
17392,377190,,,디앤디플랫폼리츠,,KRX_KOSPI,COMMON,,,Fri Aug 27 2021 00:00:00 GMT+0900 (한국 표준시),,LISTED,KRW,true,3,,Tue Aug 18 2026 20:30:42 GMT+0900 (한국 표준시),Tue Aug 18 2026 20:30:42 GMT+0900 (한국 표준시)
17393,000300,,,DH오토넥스,,KRX_KOSPI,COMMON,,,Mon Jun 09 1975 00:00:00 GMT+0900 (한국 표준시),,LISTED,KRW,true,3,,Tue Aug 18 2026 20:30:42 GMT+0900 (한국 표준시),Tue Aug 18 2026 20:30:42 GMT+0900 (한국 표준시)
17394,007340,,,DN오토모티브,,KRX_KOSPI,COMMON,,,Sat Sep 24 1988 00:00:00 GMT+1000 (한국 하계 표준시),,LISTED,KRW,true,3,,Tue Aug 18 2026 20:30:42 GMT+0900 (한국 표준시),Tue Aug 18 2026 20:30:42 GMT+0900 (한국 표준시)
17395,024900,,,디와이덕양,,KRX_KOSPI,COMMON,,,Mon Jun 23 1997 00:00:00 GMT+0900 (한국 표준시),,LISTED,KRW,true,3,,Tue Aug 18 2026 20:30:42 GMT+0900 (한국 표준시),Tue Aug 18 2026 20:30:42 GMT+0900 (한국 표준시)
17396,013570,,,디와이,,KRX_KOSPI,COMMON,,,Tue May 30 1989 00:00:00 GMT+0900 (한국 표준시),,LISTED,KRW,true,3,,Tue Aug 18 2026 20:30:42 GMT+0900 (한국 표준시),Tue Aug 18 2026 20:30:42 GMT+0900 (한국 표준시)
17397,002880,,,디와이에이,,KRX_KOSPI,COMMON,,,Fri Feb 18 1977 00:00:00 GMT+0900 (한국 표준시),,LISTED,KRW,true,3,,Tue Aug 18 2026 20:30:42 GMT+0900 (한국 표준시),Tue Aug 18 2026 20:30:42 GMT+0900 (한국 표준시)
17398,210540,,,디와이파워,,KRX_KOSPI,COMMON,,,Thu Jan 15 2015 00:00:00 GMT+0900 (한국 표준시),,LISTED,KRW,true,3,,Tue Aug 18 2026 20:30:42 GMT+0900 (한국 표준시),Tue Aug 18 2026 20:30:42 GMT+0900 (한국 표준시)
17399,092780,,,DYP,,KRX_KOSPI,COMMON,,,Fri Dec 08 2017 00:00:00 GMT+0900 (한국 표준시),,LISTED,KRW,true,3,,Tue Aug 18 2026 20:30:42 GMT+0900 (한국 표준시),Tue Aug 18 2026 20:30:42 GMT+0900 (한국 표준시)
17400,015590,,,DKME,,KRX_KOSPI,COMMON,,,Sat May 27 1989 00:00:00 GMT+0900 (한국 표준시),,LISTED,KRW,true,3,,Tue Aug 18 2026 20:30:42 GMT+0900 (한국 표준시),Tue Aug 18 2026 20:30:42 GMT+0900 (한국 표준시)
17401,032350,,,롯데관광개발,,KRX_KOSPI,COMMON,,,Thu Jun 08 2006 00:00:00 GMT+0900 (한국 표준시),,LISTED,KRW,true,3,,Tue Aug 18 2026 20:30:42 GMT+0900 (한국 표준시),Tue Aug 18 2026 20:30:42 GMT+0900 (한국 표준시)
17402,089860,,,롯데렌탈,,KRX_KOSPI,COMMON,,,Thu Aug 19 2021 00:00:00 GMT+0900 (한국 표준시),,LISTED,KRW,true,3,,Tue Aug 18 2026 20:30:42 GMT+0900 (한국 표준시),Tue Aug 18 2026 20:30:42 GMT+0900 (한국 표준시)
17403,330590,,,롯데리츠,,KRX_KOSPI,COMMON,,,Wed Oct 30 2019 00:00:00 GMT+0900 (한국 표준시),,LISTED,KRW,true,3,,Tue Aug 18 2026 20:30:42 GMT+0900 (한국 표준시),Tue Aug 18 2026 20:30:42 GMT+0900 (한국 표준시)
17404,000400,,,롯데손해보험,,KRX_KOSPI,COMMON,,,Fri Apr 16 1971 00:00:00 GMT+0900 (한국 표준시),,LISTED,KRW,true,3,,Tue Aug 18 2026 20:30:42 GMT+0900 (한국 표준시),Tue Aug 18 2026 20:30:42 GMT+0900 (한국 표준시)
17405,023530,,,롯데쇼핑,,KRX_KOSPI,COMMON,,,Thu Feb 09 2006 00:00:00 GMT+0900 (한국 표준시),,LISTED,KRW,true,3,,Tue Aug 18 2026 20:30:42 GMT+0900 (한국 표준시),Tue Aug 18 2026 20:30:42 GMT+0900 (한국 표준시)
17406,020150,,,롯데에너지머티리얼즈,,KRX_KOSPI,COMMON,,,Fri Mar 04 2011 00:00:00 GMT+0900 (한국 표준시),,LISTED,KRW,true,3,,Tue Aug 18 2026 20:30:42 GMT+0900 (한국 표준시),Tue Aug 18 2026 20:30:42 GMT+0900 (한국 표준시)
17407,280360,,,롯데웰푸드,,KRX_KOSPI,COMMON,,,Mon Oct 30 2017 00:00:00 GMT+0900 (한국 표준시),,LISTED,KRW,true,3,,Tue Aug 18 2026 20:30:42 GMT+0900 (한국 표준시),Tue Aug 18 2026 20:30:42 GMT+0900 (한국 표준시)
17408,286940,,,롯데이노베이트,,KRX_KOSPI,COMMON,,,Fri Jul 27 2018 00:00:00 GMT+0900 (한국 표준시),,LISTED,KRW,true,3,,Tue Aug 18 2026 20:30:42 GMT+0900 (한국 표준시),Tue Aug 18 2026 20:30:42 GMT+0900 (한국 표준시)
17409,004000,,,롯데정밀화학,,KRX_KOSPI,COMMON,,,Thu Apr 15 1976 00:00:00 GMT+0900 (한국 표준시),,LISTED,KRW,true,3,,Tue Aug 18 2026 20:30:42 GMT+0900 (한국 표준시),Tue Aug 18 2026 20:30:42 GMT+0900 (한국 표준시)
17410,00499K,,,롯데지주우,,KRX_KOSPI,PREFERRED,,,Mon Oct 30 2017 00:00:00 GMT+0900 (한국 표준시),,LISTED,KRW,true,3,,Tue Aug 18 2026 20:30:42 GMT+0900 (한국 표준시),Tue Aug 18 2026 20:30:42 GMT+0900 (한국 표준시)
17411,004990,,,롯데지주,,KRX_KOSPI,COMMON,,,Sat Feb 16 1974 00:00:00 GMT+0900 (한국 표준시),,LISTED,KRW,true,3,,Tue Aug 18 2026 20:30:42 GMT+0900 (한국 표준시),Tue Aug 18 2026 20:30:42 GMT+0900 (한국 표준시)
17412,005305,,,롯데칠성우,,KRX_KOSPI,PREFERRED,,,Thu Sep 21 1989 00:00:00 GMT+0900 (한국 표준시),,LISTED,KRW,true,3,,Tue Aug 18 2026 20:30:42 GMT+0900 (한국 표준시),Tue Aug 18 2026 20:30:42 GMT+0900 (한국 표준시)
17413,005300,,,롯데칠성,,KRX_KOSPI,COMMON,,,Thu Jun 21 1973 00:00:00 GMT+0900 (한국 표준시),,LISTED,KRW,true,3,,Tue Aug 18 2026 20:30:42 GMT+0900 (한국 표준시),Tue Aug 18 2026 20:30:42 GMT+0900 (한국 표준시)
17414,011170,,,롯데케미칼,,KRX_KOSPI,COMMON,,,Thu May 30 1991 00:00:00 GMT+0900 (한국 표준시),,LISTED,KRW,true,3,,Tue Aug 18 2026 20:30:42 GMT+0900 (한국 표준시),Tue Aug 18 2026 20:30:42 GMT+0900 (한국 표준시)
17415,071840,,,롯데하이마트,,KRX_KOSPI,COMMON,,,Wed Jun 29 2011 00:00:00 GMT+0900 (한국 표준시),,LISTED,KRW,true,3,,Tue Aug 18 2026 20:30:42 GMT+0900 (한국 표준시),Tue Aug 18 2026 20:30:42 GMT+0900 (한국 표준시)
17416,027740,,,마니커,,KRX_KOSPI,COMMON,,,Tue Oct 29 2002 00:00:00 GMT+0900 (한국 표준시),,LISTED,KRW,true,3,,Tue Aug 18 2026 20:30:42 GMT+0900 (한국 표준시),Tue Aug 18 2026 20:30:42 GMT+0900 (한국 표준시)
17417,357430,,,마스턴프리미어리츠,,KRX_KOSPI,COMMON,,,Tue May 31 2022 00:00:00 GMT+0900 (한국 표준시),,LISTED,KRW,true,3,,Tue Aug 18 2026 20:30:42 GMT+0900 (한국 표준시),Tue Aug 18 2026 20:30:42 GMT+0900 (한국 표준시)
17418,001080,,,만호제강,,KRX_KOSPI,COMMON,,,Sat Jun 18 1977 00:00:00 GMT+0900 (한국 표준시),,LISTED,KRW,true,3,,Tue Aug 18 2026 20:30:42 GMT+0900 (한국 표준시),Tue Aug 18 2026 20:30:42 GMT+0900 (한국 표준시)
17419,088980,,,맥쿼리인프라,,KRX_KOSPI,COMMON,,,Wed Mar 15 2006 00:00:00 GMT+0900 (한국 표준시),,LISTED,KRW,true,3,,Tue Aug 18 2026 20:30:42 GMT+0900 (한국 표준시),Tue Aug 18 2026 20:30:42 GMT+0900 (한국 표준시)
17420,138040,,,메리츠금융지주,,KRX_KOSPI,COMMON,,,Fri May 13 2011 00:00:00 GMT+0900 (한국 표준시),,LISTED,KRW,true,3,,Tue Aug 18 2026 20:30:42 GMT+0900 (한국 표준시),Tue Aug 18 2026 20:30:42 GMT+0900 (한국 표준시)
17421,090370,,,메타랩스,,KRX_KOSPI,COMMON,,,Tue Dec 26 2006 00:00:00 GMT+0900 (한국 표준시),,LISTED,KRW,true,3,,Tue Aug 18 2026 20:30:42 GMT+0900 (한국 표준시),Tue Aug 18 2026 20:30:42 GMT+0900 (한국 표준시)
17422,118000,,,메타케어,,KRX_KOSPI,COMMON,,,Wed Dec 30 2009 00:00:00 GMT+0900 (한국 표준시),,LISTED,KRW,true,3,,Tue Aug 18 2026 20:30:42 GMT+0900 (한국 표준시),Tue Aug 18 2026 20:30:42 GMT+0900 (한국 표준시)
17423,017180,,,명문제약,,KRX_KOSPI,COMMON,,,Thu Jul 10 2008 00:00:00 GMT+0900 (한국 표준시),,LISTED,KRW,true,3,,Tue Aug 18 2026 20:30:42 GMT+0900 (한국 표준시),Tue Aug 18 2026 20:30:42 GMT+0900 (한국 표준시)
17424,009900,,,명신산업,,KRX_KOSPI,COMMON,,,Mon Dec 07 2020 00:00:00 GMT+0900 (한국 표준시),,LISTED,KRW,true,3,,Tue Aug 18 2026 20:30:42 GMT+0900 (한국 표준시),Tue Aug 18 2026 20:30:42 GMT+0900 (한국 표준시)
17425,317450,,,명인제약,,KRX_KOSPI,COMMON,,,Wed Oct 01 2025 00:00:00 GMT+0900 (한국 표준시),,LISTED,KRW,true,3,,Tue Aug 18 2026 20:30:42 GMT+0900 (한국 표준시),Tue Aug 18 2026 20:30:42 GMT+0900 (한국 표준시)
17426,012690,,,모나리자,,KRX_KOSPI,COMMON,,,Fri Oct 14 1988 00:00:00 GMT+0900 (한국 표준시),,LISTED,KRW,true,3,,Tue Aug 18 2026 20:30:42 GMT+0900 (한국 표준시),Tue Aug 18 2026 20:30:42 GMT+0900 (한국 표준시)
17427,005360,,,모나미,,KRX_KOSPI,COMMON,,,Wed Jun 26 1974 00:00:00 GMT+0900 (한국 표준시),,LISTED,KRW,true,3,,Tue Aug 18 2026 20:30:42 GMT+0900 (한국 표준시),Tue Aug 18 2026 20:30:42 GMT+0900 (한국 표준시)
17428,070960,,,모나용평,,KRX_KOSPI,COMMON,,,Fri May 27 2016 00:00:00 GMT+0900 (한국 표준시),,LISTED,KRW,true,3,,Tue Aug 18 2026 20:30:42 GMT+0900 (한국 표준시),Tue Aug 18 2026 20:30:42 GMT+0900 (한국 표준시)
17429,009680,,,모토닉,,KRX_KOSPI,COMMON,,,Fri Jan 14 1994 00:00:00 GMT+0900 (한국 표준시),,LISTED,KRW,true,3,,Tue Aug 18 2026 20:30:42 GMT+0900 (한국 표준시),Tue Aug 18 2026 20:30:42 GMT+0900 (한국 표준시)
17430,009200,,,무림페이퍼,,KRX_KOSPI,COMMON,,,Sat Jun 09 1990 00:00:00 GMT+0900 (한국 표준시),,LISTED,KRW,true,3,,Tue Aug 18 2026 20:30:42 GMT+0900 (한국 표준시),Tue Aug 18 2026 20:30:42 GMT+0900 (한국 표준시)
17431,009580,,,무림P&P,,KRX_KOSPI,COMMON,,,Tue Jun 20 1989 00:00:00 GMT+0900 (한국 표준시),,LISTED,KRW,true,3,,Tue Aug 18 2026 20:30:42 GMT+0900 (한국 표준시),Tue Aug 18 2026 20:30:42 GMT+0900 (한국 표준시)
17432,033920,,,무학,,KRX_KOSPI,COMMON,,,Tue Jul 20 2010 00:00:00 GMT+0900 (한국 표준시),,LISTED,KRW,true,3,,Tue Aug 18 2026 20:30:42 GMT+0900 (한국 표준시),Tue Aug 18 2026 20:30:42 GMT+0900 (한국 표준시)
17433,008420,,,문배철강,,KRX_KOSPI,COMMON,,,Sat Nov 05 1994 00:00:00 GMT+0900 (한국 표준시),,LISTED,KRW,true,3,,Tue Aug 18 2026 20:30:42 GMT+0900 (한국 표준시),Tue Aug 18 2026 20:30:42 GMT+0900 (한국 표준시)
17434,025560,,,미래산업,,KRX_KOSPI,COMMON,,,Fri Nov 22 1996 00:00:00 GMT+0900 (한국 표준시),,LISTED,KRW,true,3,,Tue Aug 18 2026 20:30:42 GMT+0900 (한국 표준시),Tue Aug 18 2026 20:30:42 GMT+0900 (한국 표준시)
17435,007120,,,미래아이앤지,,KRX_KOSPI,COMMON,,,Fri Nov 26 1999 00:00:00 GMT+0900 (한국 표준시),,LISTED,KRW,true,3,,Tue Aug 18 2026 20:30:42 GMT+0900 (한국 표준시),Tue Aug 18 2026 20:30:42 GMT+0900 (한국 표준시)
17436,396690,,,미래에셋글로벌리츠,,KRX_KOSPI,COMMON,,,Fri Dec 03 2021 00:00:00 GMT+0900 (한국 표준시),,LISTED,KRW,true,3,,Tue Aug 18 2026 20:30:42 GMT+0900 (한국 표준시),Tue Aug 18 2026 20:30:42 GMT+0900 (한국 표준시)
17437,094800,,,맵스리얼티,,KRX_KOSPI,COMMON,,,Mon Apr 09 2007 00:00:00 GMT+0900 (한국 표준시),,LISTED,KRW,true,3,,Tue Aug 18 2026 20:30:42 GMT+0900 (한국 표준시),Tue Aug 18 2026 20:30:42 GMT+0900 (한국 표준시)
17438,357250,,,미래에셋맵스리츠,,KRX_KOSPI,COMMON,,,Wed Aug 05 2020 00:00:00 GMT+0900 (한국 표준시),,LISTED,KRW,true,3,,Tue Aug 18 2026 20:30:42 GMT+0900 (한국 표준시),Tue Aug 18 2026 20:30:42 GMT+0900 (한국 표준시)
17439,085620,,,미래에셋생명,,KRX_KOSPI,COMMON,,,Wed Jul 08 2015 00:00:00 GMT+0900 (한국 표준시),,LISTED,KRW,true,3,,Tue Aug 18 2026 20:30:42 GMT+0900 (한국 표준시),Tue Aug 18 2026 20:30:42 GMT+0900 (한국 표준시)
17440,006805,,,미래에셋증권우,,KRX_KOSPI,PREFERRED,,,Sat Apr 08 1989 00:00:00 GMT+0900 (한국 표준시),,LISTED,KRW,true,3,,Tue Aug 18 2026 20:30:42 GMT+0900 (한국 표준시),Tue Aug 18 2026 20:30:42 GMT+0900 (한국 표준시)
17441,00680K,,,미래에셋증권2우B,,KRX_KOSPI,PREFERRED,,,Wed Mar 14 2018 00:00:00 GMT+0900 (한국 표준시),,LISTED,KRW,true,3,,Tue Aug 18 2026 20:30:42 GMT+0900 (한국 표준시),Tue Aug 18 2026 20:30:42 GMT+0900 (한국 표준시)
17442,006800,,,미래에셋증권,,KRX_KOSPI,COMMON,,,Tue Sep 30 1975 00:00:00 GMT+0900 (한국 표준시),,LISTED,KRW,true,3,,Tue Aug 18 2026 20:30:42 GMT+0900 (한국 표준시),Tue Aug 18 2026 20:30:42 GMT+0900 (한국 표준시)
17443,081660,,,미스토홀딩스,,KRX_KOSPI,COMMON,,,Tue Sep 28 2010 00:00:00 GMT+0900 (한국 표준시),,LISTED,KRW,true,3,,Tue Aug 18 2026 20:30:42 GMT+0900 (한국 표준시),Tue Aug 18 2026 20:30:42 GMT+0900 (한국 표준시)
17444,002840,,,미원상사,,KRX_KOSPI,COMMON,,,Mon Sep 25 1989 00:00:00 GMT+0900 (한국 표준시),,LISTED,KRW,true,3,,Tue Aug 18 2026 20:30:42 GMT+0900 (한국 표준시),Tue Aug 18 2026 20:30:42 GMT+0900 (한국 표준시)
17445,268280,,,미원에스씨,,KRX_KOSPI,COMMON,,,Mon May 22 2017 00:00:00 GMT+0900 (한국 표준시),,LISTED,KRW,true,3,,Tue Aug 18 2026 20:30:42 GMT+0900 (한국 표준시),Tue Aug 18 2026 20:30:42 GMT+0900 (한국 표준시)
17446,107590,,,미원홀딩스,,KRX_KOSPI,COMMON,,,Mon Mar 02 2009 00:00:00 GMT+0900 (한국 표준시),,LISTED,KRW,true,3,,Tue Aug 18 2026 20:30:42 GMT+0900 (한국 표준시),Tue Aug 18 2026 20:30:42 GMT+0900 (한국 표준시)
17447,134380,,,미원화학,,KRX_KOSPI,COMMON,,,Tue Feb 15 2011 00:00:00 GMT+0900 (한국 표준시),,LISTED,KRW,true,3,,Tue Aug 18 2026 20:30:42 GMT+0900 (한국 표준시),Tue Aug 18 2026 20:30:42 GMT+0900 (한국 표준시)
17448,003650,,,미창석유,,KRX_KOSPI,COMMON,,,Wed Sep 27 1989 00:00:00 GMT+0900 (한국 표준시),,LISTED,KRW,true,3,,Tue Aug 18 2026 20:30:42 GMT+0900 (한국 표준시),Tue Aug 18 2026 20:30:42 GMT+0900 (한국 표준시)
17449,377740,,,바이오노트,,KRX_KOSPI,COMMON,,,Thu Dec 22 2022 00:00:00 GMT+0900 (한국 표준시),,LISTED,KRW,true,3,,Tue Aug 18 2026 20:30:42 GMT+0900 (한국 표준시),Tue Aug 18 2026 20:30:42 GMT+0900 (한국 표준시)
17450,003610,,,방림,,KRX_KOSPI,COMMON,,,Tue May 30 1989 00:00:00 GMT+0900 (한국 표준시),,LISTED,KRW,true,3,,Tue Aug 18 2026 20:30:42 GMT+0900 (한국 표준시),Tue Aug 18 2026 20:30:42 GMT+0900 (한국 표준시)
17451,035150,,,백산,,KRX_KOSPI,COMMON,,,Wed Aug 11 1999 00:00:00 GMT+0900 (한국 표준시),,LISTED,KRW,true,3,,Tue Aug 18 2026 20:30:42 GMT+0900 (한국 표준시),Tue Aug 18 2026 20:30:42 GMT+0900 (한국 표준시)
17452,002410,,,범양건영,,KRX_KOSPI,COMMON,,,Wed May 25 1988 00:00:00 GMT+1000 (한국 하계 표준시),,LISTED,KRW,true,3,,Tue Aug 18 2026 20:30:42 GMT+0900 (한국 표준시),Tue Aug 18 2026 20:30:42 GMT+0900 (한국 표준시)
17453,007210,,,벽산,,KRX_KOSPI,COMMON,,,Tue Jan 04 1972 00:00:00 GMT+0900 (한국 표준시),,LISTED,KRW,true,3,,Tue Aug 18 2026 20:30:42 GMT+0900 (한국 표준시),Tue Aug 18 2026 20:30:42 GMT+0900 (한국 표준시)
17454,002760,,,보락,,KRX_KOSPI,COMMON,,,Thu Nov 30 1989 00:00:00 GMT+0900 (한국 표준시),,LISTED,KRW,true,3,,Tue Aug 18 2026 20:30:42 GMT+0900 (한국 표준시),Tue Aug 18 2026 20:30:42 GMT+0900 (한국 표준시)
17455,003850,,,보령,,KRX_KOSPI,COMMON,,,Mon Oct 24 1988 00:00:00 GMT+0900 (한국 표준시),,LISTED,KRW,true,3,,Tue Aug 18 2026 20:30:42 GMT+0900 (한국 표준시),Tue Aug 18 2026 20:30:42 GMT+0900 (한국 표준시)
17456,000890,,,보해양조,,KRX_KOSPI,COMMON,,,Fri Sep 23 1988 00:00:00 GMT+1000 (한국 하계 표준시),,LISTED,KRW,true,3,,Tue Aug 18 2026 20:30:42 GMT+0900 (한국 표준시),Tue Aug 18 2026 20:30:42 GMT+0900 (한국 표준시)
17457,003000,,,부광약품,,KRX_KOSPI,COMMON,,,Fri Aug 05 1988 00:00:00 GMT+1000 (한국 하계 표준시),,LISTED,KRW,true,3,,Tue Aug 18 2026 20:30:42 GMT+0900 (한국 표준시),Tue Aug 18 2026 20:30:42 GMT+0900 (한국 표준시)
17458,001275,,,부국증권우,,KRX_KOSPI,PREFERRED,,,Fri Nov 10 1989 00:00:00 GMT+0900 (한국 표준시),,LISTED,KRW,true,3,,Tue Aug 18 2026 20:30:42 GMT+0900 (한국 표준시),Tue Aug 18 2026 20:30:42 GMT+0900 (한국 표준시)
17459,001270,,,부국증권,,KRX_KOSPI,COMMON,,,Tue Jul 19 1988 00:00:00 GMT+1000 (한국 하계 표준시),,LISTED,KRW,true,3,,Tue Aug 18 2026 20:30:42 GMT+0900 (한국 표준시),Tue Aug 18 2026 20:30:42 GMT+0900 (한국 표준시)
17460,026940,,,부국철강,,KRX_KOSPI,COMMON,,,Tue Oct 14 2008 00:00:00 GMT+0900 (한국 표준시),,LISTED,KRW,true,3,,Tue Aug 18 2026 20:30:42 GMT+0900 (한국 표준시),Tue Aug 18 2026 20:30:42 GMT+0900 (한국 표준시)
17461,011390,,,부산산업,,KRX_KOSPI,COMMON,,,Fri Sep 14 1990 00:00:00 GMT+0900 (한국 표준시),,LISTED,KRW,true,3,,Tue Aug 18 2026 20:30:42 GMT+0900 (한국 표준시),Tue Aug 18 2026 20:30:42 GMT+0900 (한국 표준시)
17462,005030,,,부산주공,,KRX_KOSPI,COMMON,,,Fri Dec 26 1975 00:00:00 GMT+0900 (한국 표준시),,LISTED,KRW,true,3,,Tue Aug 18 2026 20:30:42 GMT+0900 (한국 표준시),Tue Aug 18 2026 20:30:42 GMT+0900 (한국 표준시)
17463,006740,,,블루산업개발,,KRX_KOSPI,COMMON,,,Wed Jul 03 1996 00:00:00 GMT+0900 (한국 표준시),,LISTED,KRW,true,3,,Tue Aug 18 2026 20:30:42 GMT+0900 (한국 표준시),Tue Aug 18 2026 20:30:42 GMT+0900 (한국 표준시)
17464,002070,,,비비안,,KRX_KOSPI,COMMON,,,Tue Jul 13 1976 00:00:00 GMT+0900 (한국 표준시),,LISTED,KRW,true,3,,Tue Aug 18 2026 20:30:42 GMT+0900 (한국 표준시),Tue Aug 18 2026 20:30:42 GMT+0900 (한국 표준시)
17465,100220,,,비상교육,,KRX_KOSPI,COMMON,,,Mon Jun 30 2008 00:00:00 GMT+0900 (한국 표준시),,LISTED,KRW,true,3,,Tue Aug 18 2026 20:30:42 GMT+0900 (한국 표준시),Tue Aug 18 2026 20:30:42 GMT+0900 (한국 표준시)
17466,090460,,,비에이치,,KRX_KOSPI,COMMON,,,Tue Jun 20 2023 00:00:00 GMT+0900 (한국 표준시),,LISTED,KRW,true,3,,Tue Aug 18 2026 20:30:42 GMT+0900 (한국 표준시),Tue Aug 18 2026 20:30:42 GMT+0900 (한국 표준시)
17467,005180,,,빙그레,,KRX_KOSPI,COMMON,,,Thu Aug 31 1978 00:00:00 GMT+0900 (한국 표준시),,LISTED,KRW,true,3,,Tue Aug 18 2026 20:30:42 GMT+0900 (한국 표준시),Tue Aug 18 2026 20:30:42 GMT+0900 (한국 표준시)
17468,003960,,,사조대림,,KRX_KOSPI,COMMON,,,Thu Sep 16 1976 00:00:00 GMT+0900 (한국 표준시),,LISTED,KRW,true,3,,Tue Aug 18 2026 20:30:42 GMT+0900 (한국 표준시),Tue Aug 18 2026 20:30:42 GMT+0900 (한국 표준시)
17469,008040,,,사조동아원,,KRX_KOSPI,COMMON,,,Sat Jun 24 1989 00:00:00 GMT+0900 (한국 표준시),,LISTED,KRW,true,3,,Tue Aug 18 2026 20:30:42 GMT+0900 (한국 표준시),Tue Aug 18 2026 20:30:42 GMT+0900 (한국 표준시)
17470,007160,,,사조산업,,KRX_KOSPI,COMMON,,,Tue Jul 25 1989 00:00:00 GMT+0900 (한국 표준시),,LISTED,KRW,true,3,,Tue Aug 18 2026 20:30:42 GMT+0900 (한국 표준시),Tue Aug 18 2026 20:30:42 GMT+0900 (한국 표준시)
17471,014710,,,사조씨푸드,,KRX_KOSPI,COMMON,,,Fri Jun 29 2012 00:00:00 GMT+0900 (한국 표준시),,LISTED,KRW,true,3,,Tue Aug 18 2026 20:30:42 GMT+0900 (한국 표준시),Tue Aug 18 2026 20:30:42 GMT+0900 (한국 표준시)
17472,006090,,,사조오양,,KRX_KOSPI,COMMON,,,Wed Dec 24 1986 00:00:00 GMT+0900 (한국 표준시),,LISTED,KRW,true,3,,Tue Aug 18 2026 20:30:42 GMT+0900 (한국 표준시),Tue Aug 18 2026 20:30:42 GMT+0900 (한국 표준시)
17473,062040,,,산일전기,,KRX_KOSPI,COMMON,,,Mon Jul 29 2024 00:00:00 GMT+0900 (한국 표준시),,LISTED,KRW,true,3,,Tue Aug 18 2026 20:30:42 GMT+0900 (한국 표준시),Tue Aug 18 2026 20:30:42 GMT+0900 (한국 표준시)
17474,005610,,,삼립,,KRX_KOSPI,COMMON,,,Fri May 02 1975 00:00:00 GMT+0900 (한국 표준시),,LISTED,KRW,true,3,,Tue Aug 18 2026 20:30:42 GMT+0900 (한국 표준시),Tue Aug 18 2026 20:30:42 GMT+0900 (한국 표준시)
17475,001470,,,삼부토건,,KRX_KOSPI,COMMON,,,Sat Jun 26 1976 00:00:00 GMT+0900 (한국 표준시),,LISTED,KRW,true,3,,Tue Aug 18 2026 20:30:42 GMT+0900 (한국 표준시),Tue Aug 18 2026 20:30:42 GMT+0900 (한국 표준시)
17476,028050,,,삼성E&A,,KRX_KOSPI,COMMON,,,Tue Dec 24 1996 00:00:00 GMT+0900 (한국 표준시),,LISTED,KRW,true,3,,Tue Aug 18 2026 20:30:42 GMT+0900 (한국 표준시),Tue Aug 18 2026 20:30:42 GMT+0900 (한국 표준시)
17477,448730,,,삼성FN리츠,,KRX_KOSPI,COMMON,,,Mon Apr 10 2023 00:00:00 GMT+0900 (한국 표준시),,LISTED,KRW,true,3,,Tue Aug 18 2026 20:30:42 GMT+0900 (한국 표준시),Tue Aug 18 2026 20:30:42 GMT+0900 (한국 표준시)
17478,006405,,,삼성SDI우,,KRX_KOSPI,PREFERRED,,,Fri Nov 24 1989 00:00:00 GMT+0900 (한국 표준시),,LISTED,KRW,true,3,,Tue Aug 18 2026 20:30:42 GMT+0900 (한국 표준시),Tue Aug 18 2026 20:30:42 GMT+0900 (한국 표준시)
17479,006400,,,삼성SDI,,KRX_KOSPI,COMMON,,,Tue Feb 27 1979 00:00:00 GMT+0900 (한국 표준시),,LISTED,KRW,true,3,,Tue Aug 18 2026 20:30:42 GMT+0900 (한국 표준시),Tue Aug 18 2026 20:30:42 GMT+0900 (한국 표준시)
17480,006660,,,삼성공조,,KRX_KOSPI,COMMON,,,Sat Nov 28 1987 00:00:00 GMT+0900 (한국 표준시),,LISTED,KRW,true,3,,Tue Aug 18 2026 20:30:42 GMT+0900 (한국 표준시),Tue Aug 18 2026 20:30:42 GMT+0900 (한국 표준시)
17481,02826K,,,삼성물산우B,,KRX_KOSPI,PREFERRED,,,Tue Sep 15 2015 00:00:00 GMT+0900 (한국 표준시),,LISTED,KRW,true,3,,Tue Aug 18 2026 20:30:42 GMT+0900 (한국 표준시),Tue Aug 18 2026 20:30:42 GMT+0900 (한국 표준시)
17482,028260,,,삼성물산,,KRX_KOSPI,COMMON,,,Thu Dec 18 2014 00:00:00 GMT+0900 (한국 표준시),,LISTED,KRW,true,3,,Tue Aug 18 2026 20:30:42 GMT+0900 (한국 표준시),Tue Aug 18 2026 20:30:42 GMT+0900 (한국 표준시)
17483,207940,,,삼성바이오로직스,,KRX_KOSPI,COMMON,,,Thu Nov 10 2016 00:00:00 GMT+0900 (한국 표준시),,LISTED,KRW,true,3,,Tue Aug 18 2026 20:30:42 GMT+0900 (한국 표준시),Tue Aug 18 2026 20:30:42 GMT+0900 (한국 표준시)
17484,032830,,,삼성생명,,KRX_KOSPI,COMMON,,,Wed May 12 2010 00:00:00 GMT+0900 (한국 표준시),,LISTED,KRW,true,3,,Tue Aug 18 2026 20:30:42 GMT+0900 (한국 표준시),Tue Aug 18 2026 20:30:42 GMT+0900 (한국 표준시)
17485,018260,,,삼성에스디에스,,KRX_KOSPI,COMMON,,,Fri Nov 14 2014 00:00:00 GMT+0900 (한국 표준시),,LISTED,KRW,true,3,,Tue Aug 18 2026 20:30:42 GMT+0900 (한국 표준시),Tue Aug 18 2026 20:30:42 GMT+0900 (한국 표준시)
17486,0126Z0,,,삼성에피스홀딩스,,KRX_KOSPI,COMMON,,,Mon Nov 24 2025 00:00:00 GMT+0900 (한국 표준시),,LISTED,KRW,true,3,,Tue Aug 18 2026 20:30:42 GMT+0900 (한국 표준시),Tue Aug 18 2026 20:30:42 GMT+0900 (한국 표준시)
17487,009155,,,삼성전기우,,KRX_KOSPI,PREFERRED,,,Tue Oct 10 1989 00:00:00 GMT+0900 (한국 표준시),,LISTED,KRW,true,3,,Tue Aug 18 2026 20:30:42 GMT+0900 (한국 표준시),Tue Aug 18 2026 20:30:42 GMT+0900 (한국 표준시)
17488,009150,,,삼성전기,,KRX_KOSPI,COMMON,,,Tue Feb 27 1979 00:00:00 GMT+0900 (한국 표준시),,LISTED,KRW,true,3,,Tue Aug 18 2026 20:30:42 GMT+0900 (한국 표준시),Tue Aug 18 2026 20:30:42 GMT+0900 (한국 표준시)
17489,005935,,,삼성전자우,,KRX_KOSPI,PREFERRED,,,Mon Sep 25 1989 00:00:00 GMT+0900 (한국 표준시),,LISTED,KRW,true,3,,Tue Aug 18 2026 20:30:42 GMT+0900 (한국 표준시),Tue Aug 18 2026 20:30:42 GMT+0900 (한국 표준시)
17490,005930,,,삼성전자,,KRX_KOSPI,COMMON,,,Wed Jun 11 1975 00:00:00 GMT+0900 (한국 표준시),,LISTED,KRW,true,3,,Tue Aug 18 2026 20:30:42 GMT+0900 (한국 표준시),Tue Aug 18 2026 20:30:42 GMT+0900 (한국 표준시)
17491,001360,,,삼성제약,,KRX_KOSPI,COMMON,,,Fri Jul 04 1975 00:00:00 GMT+0900 (한국 표준시),,LISTED,KRW,true,3,,Tue Aug 18 2026 20:30:42 GMT+0900 (한국 표준시),Tue Aug 18 2026 20:30:42 GMT+0900 (한국 표준시)
17492,010140,,,삼성중공업,,KRX_KOSPI,COMMON,,,Fri Jan 28 1994 00:00:00 GMT+0900 (한국 표준시),,LISTED,KRW,true,3,,Tue Aug 18 2026 20:30:42 GMT+0900 (한국 표준시),Tue Aug 18 2026 20:30:42 GMT+0900 (한국 표준시)
17493,016360,,,삼성증권,,KRX_KOSPI,COMMON,,,Mon Mar 28 1988 00:00:00 GMT+0900 (한국 표준시),,LISTED,KRW,true,3,,Tue Aug 18 2026 20:30:42 GMT+0900 (한국 표준시),Tue Aug 18 2026 20:30:42 GMT+0900 (한국 표준시)
17494,068290,,,삼성출판사,,KRX_KOSPI,COMMON,,,Mon Aug 05 2002 00:00:00 GMT+0900 (한국 표준시),,LISTED,KRW,true,3,,Tue Aug 18 2026 20:30:42 GMT+0900 (한국 표준시),Tue Aug 18 2026 20:30:42 GMT+0900 (한국 표준시)
17495,029780,,,삼성카드,,KRX_KOSPI,COMMON,,,Wed Jun 27 2007 00:00:00 GMT+0900 (한국 표준시),,LISTED,KRW,true,3,,Tue Aug 18 2026 20:30:42 GMT+0900 (한국 표준시),Tue Aug 18 2026 20:30:42 GMT+0900 (한국 표준시)
17496,000815,,,삼성화재우,,KRX_KOSPI,PREFERRED,,,Tue Apr 10 1990 00:00:00 GMT+0900 (한국 표준시),,LISTED,KRW,true,3,,Tue Aug 18 2026 20:30:42 GMT+0900 (한국 표준시),Tue Aug 18 2026 20:30:42 GMT+0900 (한국 표준시)
17497,000810,,,삼성화재,,KRX_KOSPI,COMMON,,,Mon Jun 30 1975 00:00:00 GMT+0900 (한국 표준시),,LISTED,KRW,true,3,,Tue Aug 18 2026 20:30:42 GMT+0900 (한국 표준시),Tue Aug 18 2026 20:30:42 GMT+0900 (한국 표준시)
17498,006110,,,삼아알미늄,,KRX_KOSPI,COMMON,,,Fri Dec 05 1980 00:00:00 GMT+0900 (한국 표준시),,LISTED,KRW,true,3,,Tue Aug 18 2026 20:30:42 GMT+0900 (한국 표준시),Tue Aug 18 2026 20:30:42 GMT+0900 (한국 표준시)
17499,0120G0,,,삼양바이오팜,,KRX_KOSPI,COMMON,,,Mon Nov 24 2025 00:00:00 GMT+0900 (한국 표준시),,LISTED,KRW,true,3,,Tue Aug 18 2026 20:30:42 GMT+0900 (한국 표준시),Tue Aug 18 2026 20:30:42 GMT+0900 (한국 표준시)
17500,145995,,,삼양사우,,KRX_KOSPI,PREFERRED,,,Mon Dec 05 2011 00:00:00 GMT+0900 (한국 표준시),,LISTED,KRW,true,3,,Tue Aug 18 2026 20:30:42 GMT+0900 (한국 표준시),Tue Aug 18 2026 20:30:42 GMT+0900 (한국 표준시)
17501,145990,,,삼양사,,KRX_KOSPI,COMMON,,,Mon Dec 05 2011 00:00:00 GMT+0900 (한국 표준시),,LISTED,KRW,true,3,,Tue Aug 18 2026 20:30:42 GMT+0900 (한국 표준시),Tue Aug 18 2026 20:30:42 GMT+0900 (한국 표준시)
17502,003230,,,삼양식품,,KRX_KOSPI,COMMON,,,Mon Jun 30 1975 00:00:00 GMT+0900 (한국 표준시),,LISTED,KRW,true,3,,Tue Aug 18 2026 20:30:42 GMT+0900 (한국 표준시),Tue Aug 18 2026 20:30:42 GMT+0900 (한국 표준시)
17503,272550,,,삼양패키징,,KRX_KOSPI,COMMON,,,Wed Nov 29 2017 00:00:00 GMT+0900 (한국 표준시),,LISTED,KRW,true,3,,Tue Aug 18 2026 20:30:42 GMT+0900 (한국 표준시),Tue Aug 18 2026 20:30:42 GMT+0900 (한국 표준시)
17504,000070,,,삼양홀딩스,,KRX_KOSPI,COMMON,,,Fri Dec 27 1968 00:00:00 GMT+0900 (한국 표준시),,LISTED,KRW,true,3,,Tue Aug 18 2026 20:30:42 GMT+0900 (한국 표준시),Tue Aug 18 2026 20:30:42 GMT+0900 (한국 표준시)
17505,002810,,,삼영무역,,KRX_KOSPI,COMMON,,,Mon Mar 28 1988 00:00:00 GMT+0900 (한국 표준시),,LISTED,KRW,true,3,,Tue Aug 18 2026 20:30:42 GMT+0900 (한국 표준시),Tue Aug 18 2026 20:30:42 GMT+0900 (한국 표준시)
17506,003720,,,삼영,,KRX_KOSPI,COMMON,,,Wed Jun 30 1976 00:00:00 GMT+0900 (한국 표준시),,LISTED,KRW,true,3,,Tue Aug 18 2026 20:30:42 GMT+0900 (한국 표준시),Tue Aug 18 2026 20:30:42 GMT+0900 (한국 표준시)
17507,005680,,,삼영전자,,KRX_KOSPI,COMMON,,,Tue Dec 28 1976 00:00:00 GMT+0900 (한국 표준시),,LISTED,KRW,true,3,,Tue Aug 18 2026 20:30:42 GMT+0900 (한국 표준시),Tue Aug 18 2026 20:30:42 GMT+0900 (한국 표준시)
17508,023000,,,삼원강재,,KRX_KOSPI,COMMON,,,Fri Jul 22 2011 00:00:00 GMT+0900 (한국 표준시),,LISTED,KRW,true,3,,Tue Aug 18 2026 20:30:42 GMT+0900 (한국 표준시),Tue Aug 18 2026 20:30:42 GMT+0900 (한국 표준시)
17509,004380,,,삼익THK,,KRX_KOSPI,COMMON,,,Tue Sep 26 1989 00:00:00 GMT+0900 (한국 표준시),,LISTED,KRW,true,3,,Tue Aug 18 2026 20:30:42 GMT+0900 (한국 표준시),Tue Aug 18 2026 20:30:42 GMT+0900 (한국 표준시)
17510,002450,,,삼익악기,,KRX_KOSPI,COMMON,,,Fri Sep 30 1988 00:00:00 GMT+1000 (한국 하계 표준시),,LISTED,KRW,true,3,,Tue Aug 18 2026 20:30:42 GMT+0900 (한국 표준시),Tue Aug 18 2026 20:30:42 GMT+0900 (한국 표준시)
17511,004440,,,삼일씨엔에스,,KRX_KOSPI,COMMON,,,Wed Mar 30 2016 00:00:00 GMT+0900 (한국 표준시),,LISTED,KRW,true,3,,Tue Aug 18 2026 20:30:42 GMT+0900 (한국 표준시),Tue Aug 18 2026 20:30:42 GMT+0900 (한국 표준시)
17512,000520,,,삼일제약,,KRX_KOSPI,COMMON,,,Wed May 29 1985 00:00:00 GMT+0900 (한국 표준시),,LISTED,KRW,true,3,,Tue Aug 18 2026 20:30:42 GMT+0900 (한국 표준시),Tue Aug 18 2026 20:30:42 GMT+0900 (한국 표준시)
17513,009770,,,삼정펄프,,KRX_KOSPI,COMMON,,,Tue Oct 17 2006 00:00:00 GMT+0900 (한국 표준시),,LISTED,KRW,true,3,,Tue Aug 18 2026 20:30:42 GMT+0900 (한국 표준시),Tue Aug 18 2026 20:30:42 GMT+0900 (한국 표준시)
17514,005500,,,삼진제약,,KRX_KOSPI,COMMON,,,Sat Jun 18 1988 00:00:00 GMT+1000 (한국 하계 표준시),,LISTED,KRW,true,3,,Tue Aug 18 2026 20:30:42 GMT+0900 (한국 표준시),Tue Aug 18 2026 20:30:42 GMT+0900 (한국 표준시)
17515,004690,,,삼천리,,KRX_KOSPI,COMMON,,,Thu Dec 23 1976 00:00:00 GMT+0900 (한국 표준시),,LISTED,KRW,true,3,,Tue Aug 18 2026 20:30:42 GMT+0900 (한국 표준시),Tue Aug 18 2026 20:30:42 GMT+0900 (한국 표준시)
17516,010960,,,삼호개발,,KRX_KOSPI,COMMON,,,Thu May 12 2005 00:00:00 GMT+0900 (한국 표준시),,LISTED,KRW,true,3,,Tue Aug 18 2026 20:30:42 GMT+0900 (한국 표준시),Tue Aug 18 2026 20:30:42 GMT+0900 (한국 표준시)
17517,004450,,,삼화왕관,,KRX_KOSPI,COMMON,,,Fri May 28 1976 00:00:00 GMT+0900 (한국 표준시),,LISTED,KRW,true,3,,Tue Aug 18 2026 20:30:42 GMT+0900 (한국 표준시),Tue Aug 18 2026 20:30:42 GMT+0900 (한국 표준시)
17518,009470,,,삼화전기,,KRX_KOSPI,COMMON,,,Mon Nov 24 1986 00:00:00 GMT+0900 (한국 표준시),,LISTED,KRW,true,3,,Tue Aug 18 2026 20:30:42 GMT+0900 (한국 표준시),Tue Aug 18 2026 20:30:42 GMT+0900 (한국 표준시)
17519,011230,,,삼화전자,,KRX_KOSPI,COMMON,,,Mon May 25 1987 00:00:00 GMT+1000 (한국 하계 표준시),,LISTED,KRW,true,3,,Tue Aug 18 2026 20:30:42 GMT+0900 (한국 표준시),Tue Aug 18 2026 20:30:42 GMT+0900 (한국 표준시)
17520,001820,,,삼화콘덴서,,KRX_KOSPI,COMMON,,,Sat Jun 26 1976 00:00:00 GMT+0900 (한국 표준시),,LISTED,KRW,true,3,,Tue Aug 18 2026 20:30:42 GMT+0900 (한국 표준시),Tue Aug 18 2026 20:30:42 GMT+0900 (한국 표준시)
17521,001290,,,상상인증권,,KRX_KOSPI,COMMON,,,Fri Sep 23 1988 00:00:00 GMT+1000 (한국 하계 표준시),,LISTED,KRW,true,3,,Tue Aug 18 2026 20:30:42 GMT+0900 (한국 표준시),Tue Aug 18 2026 20:30:42 GMT+0900 (한국 표준시)
17522,041650,,,상신브레이크,,KRX_KOSPI,COMMON,,,Wed Oct 27 2004 00:00:00 GMT+0900 (한국 표준시),,LISTED,KRW,true,3,,Tue Aug 18 2026 20:30:42 GMT+0900 (한국 표준시),Tue Aug 18 2026 20:30:42 GMT+0900 (한국 표준시)
17523,075180,,,새론오토모티브,,KRX_KOSPI,COMMON,,,Fri Oct 21 2005 00:00:00 GMT+0900 (한국 표준시),,LISTED,KRW,true,3,,Tue Aug 18 2026 20:30:42 GMT+0900 (한국 표준시),Tue Aug 18 2026 20:30:42 GMT+0900 (한국 표준시)
17524,007540,,,샘표,,KRX_KOSPI,COMMON,,,Tue Jun 29 1976 00:00:00 GMT+0900 (한국 표준시),,LISTED,KRW,true,3,,Tue Aug 18 2026 20:30:42 GMT+0900 (한국 표준시),Tue Aug 18 2026 20:30:42 GMT+0900 (한국 표준시)
17525,248170,,,샘표식품,,KRX_KOSPI,COMMON,,,Tue Aug 09 2016 00:00:00 GMT+0900 (한국 표준시),,LISTED,KRW,true,3,,Tue Aug 18 2026 20:30:42 GMT+0900 (한국 표준시),Tue Aug 18 2026 20:30:42 GMT+0900 (한국 표준시)
17526,007860,,,서연,,KRX_KOSPI,COMMON,,,Sat Sep 09 1989 00:00:00 GMT+0900 (한국 표준시),,LISTED,KRW,true,3,,Tue Aug 18 2026 20:30:42 GMT+0900 (한국 표준시),Tue Aug 18 2026 20:30:42 GMT+0900 (한국 표준시)
17527,200880,,,서연이화,,KRX_KOSPI,COMMON,,,Fri Aug 08 2014 00:00:00 GMT+0900 (한국 표준시),,LISTED,KRW,true,3,,Tue Aug 18 2026 20:30:42 GMT+0900 (한국 표준시),Tue Aug 18 2026 20:30:42 GMT+0900 (한국 표준시)
17528,017390,,,서울가스,,KRX_KOSPI,COMMON,,,Fri Aug 18 1995 00:00:00 GMT+0900 (한국 표준시),,LISTED,KRW,true,3,,Tue Aug 18 2026 20:30:42 GMT+0900 (한국 표준시),Tue Aug 18 2026 20:30:42 GMT+0900 (한국 표준시)
17529,031210,,,서울보증보험,,KRX_KOSPI,COMMON,,,Fri Mar 14 2025 00:00:00 GMT+0900 (한국 표준시),,LISTED,KRW,true,3,,Tue Aug 18 2026 20:30:42 GMT+0900 (한국 표준시),Tue Aug 18 2026 20:30:42 GMT+0900 (한국 표준시)
17530,004415,,,서울식품우,,KRX_KOSPI,PREFERRED,,,Mon May 22 1989 00:00:00 GMT+0900 (한국 표준시),,LISTED,KRW,true,3,,Tue Aug 18 2026 20:30:42 GMT+0900 (한국 표준시),Tue Aug 18 2026 20:30:42 GMT+0900 (한국 표준시)
17531,004410,,,서울식품,,KRX_KOSPI,COMMON,,,Fri Dec 28 1973 00:00:00 GMT+0900 (한국 표준시),,LISTED,KRW,true,3,,Tue Aug 18 2026 20:30:42 GMT+0900 (한국 표준시),Tue Aug 18 2026 20:30:42 GMT+0900 (한국 표준시)
17532,021050,,,서원,,KRX_KOSPI,COMMON,,,Tue Jan 30 1996 00:00:00 GMT+0900 (한국 표준시),,LISTED,KRW,true,3,,Tue Aug 18 2026 20:30:42 GMT+0900 (한국 표준시),Tue Aug 18 2026 20:30:42 GMT+0900 (한국 표준시)
17533,008490,,,서흥,,KRX_KOSPI,COMMON,,,Tue Mar 27 1990 00:00:00 GMT+0900 (한국 표준시),,LISTED,KRW,true,3,,Tue Aug 18 2026 20:30:42 GMT+0900 (한국 표준시),Tue Aug 18 2026 20:30:42 GMT+0900 (한국 표준시)
17534,007610,,,선도전기,,KRX_KOSPI,COMMON,,,Thu Nov 30 1989 00:00:00 GMT+0900 (한국 표준시),,LISTED,KRW,true,3,,Tue Aug 18 2026 20:30:42 GMT+0900 (한국 표준시),Tue Aug 18 2026 20:30:42 GMT+0900 (한국 표준시)
17535,002820,,,SUN&L,,KRX_KOSPI,COMMON,,,Sat May 22 1976 00:00:00 GMT+0900 (한국 표준시),,LISTED,KRW,true,3,,Tue Aug 18 2026 20:30:42 GMT+0900 (한국 표준시),Tue Aug 18 2026 20:30:42 GMT+0900 (한국 표준시)
17536,136490,,,선진,,KRX_KOSPI,COMMON,,,Wed Feb 16 2011 00:00:00 GMT+0900 (한국 표준시),,LISTED,KRW,true,3,,Tue Aug 18 2026 20:30:42 GMT+0900 (한국 표준시),Tue Aug 18 2026 20:30:42 GMT+0900 (한국 표준시)
17537,014915,,,성문전자우,,KRX_KOSPI,PREFERRED,,,Sat Mar 24 1990 00:00:00 GMT+0900 (한국 표준시),,LISTED,KRW,true,3,,Tue Aug 18 2026 20:30:42 GMT+0900 (한국 표준시),Tue Aug 18 2026 20:30:42 GMT+0900 (한국 표준시)
17538,014910,,,성문전자,,KRX_KOSPI,COMMON,,,Sat Mar 24 1990 00:00:00 GMT+0900 (한국 표준시),,LISTED,KRW,true,3,,Tue Aug 18 2026 20:30:42 GMT+0900 (한국 표준시),Tue Aug 18 2026 20:30:42 GMT+0900 (한국 표준시)
17539,004985,,,성신양회우,,KRX_KOSPI,PREFERRED,,,Wed Dec 21 1988 00:00:00 GMT+0900 (한국 표준시),,LISTED,KRW,true,3,,Tue Aug 18 2026 20:30:42 GMT+0900 (한국 표준시),Tue Aug 18 2026 20:30:42 GMT+0900 (한국 표준시)
17540,004980,,,성신양회,,KRX_KOSPI,COMMON,,,Wed Jun 30 1976 00:00:00 GMT+0900 (한국 표준시),,LISTED,KRW,true,3,,Tue Aug 18 2026 20:30:42 GMT+0900 (한국 표준시),Tue Aug 18 2026 20:30:42 GMT+0900 (한국 표준시)
17541,000180,,,성창기업지주,,KRX_KOSPI,COMMON,,,Wed Jun 02 1976 00:00:00 GMT+0900 (한국 표준시),,LISTED,KRW,true,3,,Tue Aug 18 2026 20:30:42 GMT+0900 (한국 표준시),Tue Aug 18 2026 20:30:42 GMT+0900 (한국 표준시)
17542,002420,,,세기상사,,KRX_KOSPI,COMMON,,,Fri Dec 27 1968 00:00:00 GMT+0900 (한국 표준시),,LISTED,KRW,true,3,,Tue Aug 18 2026 20:30:42 GMT+0900 (한국 표준시),Tue Aug 18 2026 20:30:42 GMT+0900 (한국 표준시)
17543,004365,,,세방우,,KRX_KOSPI,PREFERRED,,,Sat Oct 21 1989 00:00:00 GMT+0900 (한국 표준시),,LISTED,KRW,true,3,,Tue Aug 18 2026 20:30:42 GMT+0900 (한국 표준시),Tue Aug 18 2026 20:30:42 GMT+0900 (한국 표준시)
17544,004360,,,세방,,KRX_KOSPI,COMMON,,,Thu May 19 1977 00:00:00 GMT+0900 (한국 표준시),,LISTED,KRW,true,3,,Tue Aug 18 2026 20:30:42 GMT+0900 (한국 표준시),Tue Aug 18 2026 20:30:42 GMT+0900 (한국 표준시)
17545,004490,,,세방전지,,KRX_KOSPI,COMMON,,,Sat Nov 28 1987 00:00:00 GMT+0900 (한국 표준시),,LISTED,KRW,true,3,,Tue Aug 18 2026 20:30:42 GMT+0900 (한국 표준시),Tue Aug 18 2026 20:30:42 GMT+0900 (한국 표준시)
17546,001430,,,세아베스틸지주,,KRX_KOSPI,COMMON,,,Tue Mar 12 1991 00:00:00 GMT+0900 (한국 표준시),,LISTED,KRW,true,3,,Tue Aug 18 2026 20:30:42 GMT+0900 (한국 표준시),Tue Aug 18 2026 20:30:42 GMT+0900 (한국 표준시)
17547,306200,,,세아제강,,KRX_KOSPI,COMMON,,,Fri Oct 05 2018 00:00:00 GMT+0900 (한국 표준시),,LISTED,KRW,true,3,,Tue Aug 18 2026 20:30:42 GMT+0900 (한국 표준시),Tue Aug 18 2026 20:30:42 GMT+0900 (한국 표준시)
17548,003030,,,세아제강지주,,KRX_KOSPI,COMMON,,,Tue May 13 1969 00:00:00 GMT+0900 (한국 표준시),,LISTED,KRW,true,3,,Tue Aug 18 2026 20:30:42 GMT+0900 (한국 표준시),Tue Aug 18 2026 20:30:42 GMT+0900 (한국 표준시)
17549,058650,,,세아홀딩스,,KRX_KOSPI,COMMON,,,Mon Jul 30 2001 00:00:00 GMT+0900 (한국 표준시),,LISTED,KRW,true,3,,Tue Aug 18 2026 20:30:42 GMT+0900 (한국 표준시),Tue Aug 18 2026 20:30:42 GMT+0900 (한국 표준시)
17550,013000,,,세우글로벌,,KRX_KOSPI,COMMON,,,Tue Sep 05 1989 00:00:00 GMT+0900 (한국 표준시),,LISTED,KRW,true,3,,Tue Aug 18 2026 20:30:42 GMT+0900 (한국 표준시),Tue Aug 18 2026 20:30:42 GMT+0900 (한국 표준시)
17551,021820,,,세원정공,,KRX_KOSPI,COMMON,,,Wed Jul 03 1996 00:00:00 GMT+0900 (한국 표준시),,LISTED,KRW,true,3,,Tue Aug 18 2026 20:30:42 GMT+0900 (한국 표준시),Tue Aug 18 2026 20:30:42 GMT+0900 (한국 표준시)
17552,067830,,,세이브존I&C,,KRX_KOSPI,COMMON,,,Thu Jul 25 2002 00:00:00 GMT+0900 (한국 표준시),,LISTED,KRW,true,3,,Tue Aug 18 2026 20:30:42 GMT+0900 (한국 표준시),Tue Aug 18 2026 20:30:42 GMT+0900 (한국 표준시)
17553,075580,,,세진중공업,,KRX_KOSPI,COMMON,,,Mon Nov 30 2015 00:00:00 GMT+0900 (한국 표준시),,LISTED,KRW,true,3,,Tue Aug 18 2026 20:30:42 GMT+0900 (한국 표준시),Tue Aug 18 2026 20:30:42 GMT+0900 (한국 표준시)
17554,068270,,,셀트리온,,KRX_KOSPI,COMMON,,,Fri Feb 09 2018 00:00:00 GMT+0900 (한국 표준시),,LISTED,KRW,true,3,,Tue Aug 18 2026 20:30:42 GMT+0900 (한국 표준시),Tue Aug 18 2026 20:30:42 GMT+0900 (한국 표준시)
17555,33637K,,,솔루스첨단소재1우,,KRX_KOSPI,PREFERRED,,,Fri Oct 18 2019 00:00:00 GMT+0900 (한국 표준시),,LISTED,KRW,true,3,,Tue Aug 18 2026 20:30:42 GMT+0900 (한국 표준시),Tue Aug 18 2026 20:30:42 GMT+0900 (한국 표준시)
17556,33637L,,,솔루스첨단소재2우B,,KRX_KOSPI,PREFERRED,,,Fri Oct 18 2019 00:00:00 GMT+0900 (한국 표준시),,LISTED,KRW,true,3,,Tue Aug 18 2026 20:30:42 GMT+0900 (한국 표준시),Tue Aug 18 2026 20:30:42 GMT+0900 (한국 표준시)
17557,336370,,,솔루스첨단소재,,KRX_KOSPI,COMMON,,,Fri Oct 18 2019 00:00:00 GMT+0900 (한국 표준시),,LISTED,KRW,true,3,,Tue Aug 18 2026 20:30:42 GMT+0900 (한국 표준시),Tue Aug 18 2026 20:30:42 GMT+0900 (한국 표준시)
17558,248070,,,솔루엠,,KRX_KOSPI,COMMON,,,Tue Feb 02 2021 00:00:00 GMT+0900 (한국 표준시),,LISTED,KRW,true,3,,Tue Aug 18 2026 20:30:42 GMT+0900 (한국 표준시),Tue Aug 18 2026 20:30:42 GMT+0900 (한국 표준시)
17559,004430,,,송원산업,,KRX_KOSPI,COMMON,,,Sat Jun 25 1977 00:00:00 GMT+0900 (한국 표준시),,LISTED,KRW,true,3,,Tue Aug 18 2026 20:30:42 GMT+0900 (한국 표준시),Tue Aug 18 2026 20:30:42 GMT+0900 (한국 표준시)
17560,017550,,,수산세보틱스,,KRX_KOSPI,COMMON,,,Fri Aug 30 1991 00:00:00 GMT+0900 (한국 표준시),,LISTED,KRW,true,3,,Tue Aug 18 2026 20:30:42 GMT+0900 (한국 표준시),Tue Aug 18 2026 20:30:42 GMT+0900 (한국 표준시)
17561,126720,,,수산인더스트리,,KRX_KOSPI,COMMON,,,Mon Aug 01 2022 00:00:00 GMT+0900 (한국 표준시),,LISTED,KRW,true,3,,Tue Aug 18 2026 20:30:42 GMT+0900 (한국 표준시),Tue Aug 18 2026 20:30:42 GMT+0900 (한국 표준시)
17562,026890,,,스틱인베스트먼트,,KRX_KOSPI,COMMON,,,Tue Nov 25 1997 00:00:00 GMT+0900 (한국 표준시),,LISTED,KRW,true,3,,Tue Aug 18 2026 20:30:42 GMT+0900 (한국 표준시),Tue Aug 18 2026 20:30:42 GMT+0900 (한국 표준시)
17563,134790,,,시디즈,,KRX_KOSPI,COMMON,,,Tue Jan 25 2011 00:00:00 GMT+0900 (한국 표준시),,LISTED,KRW,true,3,,Tue Aug 18 2026 20:30:42 GMT+0900 (한국 표준시),Tue Aug 18 2026 20:30:42 GMT+0900 (한국 표준시)
17564,000480,,,CR홀딩스,,KRX_KOSPI,COMMON,,,Fri Jun 30 1978 00:00:00 GMT+0900 (한국 표준시),,LISTED,KRW,true,3,,Tue Aug 18 2026 20:30:42 GMT+0900 (한국 표준시),Tue Aug 18 2026 20:30:42 GMT+0900 (한국 표준시)
17565,462870,,,시프트업,,KRX_KOSPI,COMMON,,,Thu Jul 11 2024 00:00:00 GMT+0900 (한국 표준시),,LISTED,KRW,true,3,,Tue Aug 18 2026 20:30:42 GMT+0900 (한국 표준시),Tue Aug 18 2026 20:30:42 GMT+0900 (한국 표준시)
17566,016590,,,신대양제지,,KRX_KOSPI,COMMON,,,Thu Dec 21 1995 00:00:00 GMT+0900 (한국 표준시),,LISTED,KRW,true,3,,Tue Aug 18 2026 20:30:42 GMT+0900 (한국 표준시),Tue Aug 18 2026 20:30:42 GMT+0900 (한국 표준시)
17567,029530,,,신도리코,,KRX_KOSPI,COMMON,,,Tue Dec 24 1996 00:00:00 GMT+0900 (한국 표준시),,LISTED,KRW,true,3,,Tue Aug 18 2026 20:30:42 GMT+0900 (한국 표준시),Tue Aug 18 2026 20:30:42 GMT+0900 (한국 표준시)
17568,004970,,,신라교역,,KRX_KOSPI,COMMON,,,Wed Jun 30 1976 00:00:00 GMT+0900 (한국 표준시),,LISTED,KRW,true,3,,Tue Aug 18 2026 20:30:42 GMT+0900 (한국 표준시),Tue Aug 18 2026 20:30:42 GMT+0900 (한국 표준시)
17569,011930,,,신성이엔지,,KRX_KOSPI,COMMON,,,Wed Jul 31 1996 00:00:00 GMT+0900 (한국 표준시),,LISTED,KRW,true,3,,Tue Aug 18 2026 20:30:42 GMT+0900 (한국 표준시),Tue Aug 18 2026 20:30:42 GMT+0900 (한국 표준시)
17570,004170,,,신세계,,KRX_KOSPI,COMMON,,,Mon Aug 19 1985 00:00:00 GMT+0900 (한국 표준시),,LISTED,KRW,true,3,,Tue Aug 18 2026 20:30:42 GMT+0900 (한국 표준시),Tue Aug 18 2026 20:30:42 GMT+0900 (한국 표준시)
17571,035510,,,신세계 I&C,,KRX_KOSPI,COMMON,,,Thu May 18 2006 00:00:00 GMT+0900 (한국 표준시),,LISTED,KRW,true,3,,Tue Aug 18 2026 20:30:42 GMT+0900 (한국 표준시),Tue Aug 18 2026 20:30:42 GMT+0900 (한국 표준시)
17572,031430,,,신세계인터내셔날,,KRX_KOSPI,COMMON,,,Thu Jul 14 2011 00:00:00 GMT+0900 (한국 표준시),,LISTED,KRW,true,3,,Tue Aug 18 2026 20:30:42 GMT+0900 (한국 표준시),Tue Aug 18 2026 20:30:42 GMT+0900 (한국 표준시)
17573,006880,,,신송홀딩스,,KRX_KOSPI,COMMON,,,Thu Nov 21 2013 00:00:00 GMT+0900 (한국 표준시),,LISTED,KRW,true,3,,Tue Aug 18 2026 20:30:42 GMT+0900 (한국 표준시),Tue Aug 18 2026 20:30:42 GMT+0900 (한국 표준시)
17574,005800,,,신영와코루,,KRX_KOSPI,COMMON,,,Tue Dec 28 1976 00:00:00 GMT+0900 (한국 표준시),,LISTED,KRW,true,3,,Tue Aug 18 2026 20:30:42 GMT+0900 (한국 표준시),Tue Aug 18 2026 20:30:42 GMT+0900 (한국 표준시)
17575,001720,,,신영증권,,KRX_KOSPI,COMMON,,,Mon Aug 24 1987 00:00:00 GMT+1000 (한국 하계 표준시),,LISTED,KRW,true,3,,Tue Aug 18 2026 20:30:42 GMT+0900 (한국 표준시),Tue Aug 18 2026 20:30:42 GMT+0900 (한국 표준시)
17576,009270,,,신원,,KRX_KOSPI,COMMON,,,Wed Aug 24 1988 00:00:00 GMT+1000 (한국 하계 표준시),,LISTED,KRW,true,3,,Tue Aug 18 2026 20:30:42 GMT+0900 (한국 표준시),Tue Aug 18 2026 20:30:42 GMT+0900 (한국 표준시)
17577,002700,,,신일전자,,KRX_KOSPI,COMMON,,,Tue Sep 30 1975 00:00:00 GMT+0900 (한국 표준시),,LISTED,KRW,true,3,,Tue Aug 18 2026 20:30:42 GMT+0900 (한국 표준시),Tue Aug 18 2026 20:30:42 GMT+0900 (한국 표준시)
17578,002870,,,신풍,,KRX_KOSPI,COMMON,,,Wed Jun 30 1976 00:00:00 GMT+0900 (한국 표준시),,LISTED,KRW,true,3,,Tue Aug 18 2026 20:30:42 GMT+0900 (한국 표준시),Tue Aug 18 2026 20:30:42 GMT+0900 (한국 표준시)
17579,019175,,,신풍제약우,,KRX_KOSPI,PREFERRED,,,Sat Jan 20 1990 00:00:00 GMT+0900 (한국 표준시),,LISTED,KRW,true,3,,Tue Aug 18 2026 20:30:42 GMT+0900 (한국 표준시),Tue Aug 18 2026 20:30:42 GMT+0900 (한국 표준시)
17580,019170,,,신풍제약,,KRX_KOSPI,COMMON,,,Sat Jan 20 1990 00:00:00 GMT+0900 (한국 표준시),,LISTED,KRW,true,3,,Tue Aug 18 2026 20:30:42 GMT+0900 (한국 표준시),Tue Aug 18 2026 20:30:42 GMT+0900 (한국 표준시)
17581,481850,,,신한글로벌액티브리츠,,KRX_KOSPI,COMMON,,,Mon Jul 01 2024 00:00:00 GMT+0900 (한국 표준시),,LISTED,KRW,true,3,,Tue Aug 18 2026 20:30:42 GMT+0900 (한국 표준시),Tue Aug 18 2026 20:30:42 GMT+0900 (한국 표준시)
17582,055550,,,신한지주,,KRX_KOSPI,COMMON,,,Mon Sep 10 2001 00:00:00 GMT+0900 (한국 표준시),,LISTED,KRW,true,3,,Tue Aug 18 2026 20:30:42 GMT+0900 (한국 표준시),Tue Aug 18 2026 20:30:42 GMT+0900 (한국 표준시)
17583,404990,,,신한서부티엔디리츠,,KRX_KOSPI,COMMON,,,Fri Dec 10 2021 00:00:00 GMT+0900 (한국 표준시),,LISTED,KRW,true,3,,Tue Aug 18 2026 20:30:42 GMT+0900 (한국 표준시),Tue Aug 18 2026 20:30:42 GMT+0900 (한국 표준시)
17584,293940,,,신한알파리츠,,KRX_KOSPI,COMMON,,,Wed Aug 08 2018 00:00:00 GMT+0900 (한국 표준시),,LISTED,KRW,true,3,,Tue Aug 18 2026 20:30:42 GMT+0900 (한국 표준시),Tue Aug 18 2026 20:30:42 GMT+0900 (한국 표준시)
17585,004080,,,신흥,,KRX_KOSPI,COMMON,,,Fri Feb 08 1991 00:00:00 GMT+0900 (한국 표준시),,LISTED,KRW,true,3,,Tue Aug 18 2026 20:30:42 GMT+0900 (한국 표준시),Tue Aug 18 2026 20:30:42 GMT+0900 (한국 표준시)
17586,004770,,,써니전자,,KRX_KOSPI,COMMON,,,Wed Apr 22 1987 00:00:00 GMT+0900 (한국 표준시),,LISTED,KRW,true,3,,Tue Aug 18 2026 20:30:42 GMT+0900 (한국 표준시),Tue Aug 18 2026 20:30:42 GMT+0900 (한국 표준시)
17587,403550,,,쏘카,,KRX_KOSPI,COMMON,,,Mon Aug 22 2022 00:00:00 GMT+0900 (한국 표준시),,LISTED,KRW,true,3,,Tue Aug 18 2026 20:30:42 GMT+0900 (한국 표준시),Tue Aug 18 2026 20:30:42 GMT+0900 (한국 표준시)
17588,004920,,,씨아이테크,,KRX_KOSPI,COMMON,,,Thu Nov 30 1989 00:00:00 GMT+0900 (한국 표준시),,LISTED,KRW,true,3,,Tue Aug 18 2026 20:30:42 GMT+0900 (한국 표준시),Tue Aug 18 2026 20:30:42 GMT+0900 (한국 표준시)
17589,112610,,,씨에스윈드,,KRX_KOSPI,COMMON,,,Thu Nov 27 2014 00:00:00 GMT+0900 (한국 표준시),,LISTED,KRW,true,3,,Tue Aug 18 2026 20:30:42 GMT+0900 (한국 표준시),Tue Aug 18 2026 20:30:42 GMT+0900 (한국 표준시)
17590,000120,,,CJ대한통운,,KRX_KOSPI,COMMON,,,Mon Jul 02 1956 00:00:00 GMT+0930 (한국 표준시),,LISTED,KRW,true,3,,Tue Aug 18 2026 20:30:42 GMT+0900 (한국 표준시),Tue Aug 18 2026 20:30:42 GMT+0900 (한국 표준시)
17591,079160,,,CJ CGV,,KRX_KOSPI,COMMON,,,Fri Dec 24 2004 00:00:00 GMT+0900 (한국 표준시),,LISTED,KRW,true,3,,Tue Aug 18 2026 20:30:42 GMT+0900 (한국 표준시),Tue Aug 18 2026 20:30:42 GMT+0900 (한국 표준시)
17592,097955,,,CJ제일제당 우,,KRX_KOSPI,PREFERRED,,,Fri Sep 28 2007 00:00:00 GMT+0900 (한국 표준시),,LISTED,KRW,true,3,,Tue Aug 18 2026 20:30:42 GMT+0900 (한국 표준시),Tue Aug 18 2026 20:30:42 GMT+0900 (한국 표준시)
17593,097950,,,CJ제일제당,,KRX_KOSPI,COMMON,,,Fri Sep 28 2007 00:00:00 GMT+0900 (한국 표준시),,LISTED,KRW,true,3,,Tue Aug 18 2026 20:30:42 GMT+0900 (한국 표준시),Tue Aug 18 2026 20:30:42 GMT+0900 (한국 표준시)
17594,480370,,,씨케이솔루션,,KRX_KOSPI,COMMON,,,Mon Mar 17 2025 00:00:00 GMT+0900 (한국 표준시),,LISTED,KRW,true,3,,Tue Aug 18 2026 20:30:42 GMT+0900 (한국 표준시),Tue Aug 18 2026 20:30:42 GMT+0900 (한국 표준시)
17595,308170,,,씨티알모빌리티,,KRX_KOSPI,COMMON,,,Mon Nov 25 2019 00:00:00 GMT+0900 (한국 표준시),,LISTED,KRW,true,3,,Tue Aug 18 2026 20:30:42 GMT+0900 (한국 표준시),Tue Aug 18 2026 20:30:42 GMT+0900 (한국 표준시)
17596,008700,,,아남전자,,KRX_KOSPI,COMMON,,,Sat Aug 11 1984 00:00:00 GMT+0900 (한국 표준시),,LISTED,KRW,true,3,,Tue Aug 18 2026 20:30:42 GMT+0900 (한국 표준시),Tue Aug 18 2026 20:30:42 GMT+0900 (한국 표준시)
17597,090435,,,아모레퍼시픽우,,KRX_KOSPI,PREFERRED,,,Thu Jun 29 2006 00:00:00 GMT+0900 (한국 표준시),,LISTED,KRW,true,3,,Tue Aug 18 2026 20:30:42 GMT+0900 (한국 표준시),Tue Aug 18 2026 20:30:42 GMT+0900 (한국 표준시)
17598,090430,,,아모레퍼시픽,,KRX_KOSPI,COMMON,,,Thu Jun 29 2006 00:00:00 GMT+0900 (한국 표준시),,LISTED,KRW,true,3,,Tue Aug 18 2026 20:30:42 GMT+0900 (한국 표준시),Tue Aug 18 2026 20:30:42 GMT+0900 (한국 표준시)
17599,002795,,,아모레퍼시픽홀딩스우,,KRX_KOSPI,PREFERRED,,,Fri Jun 30 1989 00:00:00 GMT+0900 (한국 표준시),,LISTED,KRW,true,3,,Tue Aug 18 2026 20:30:42 GMT+0900 (한국 표준시),Tue Aug 18 2026 20:30:42 GMT+0900 (한국 표준시)
17600,00279K,,,아모레퍼시픽홀딩스3우C,,KRX_KOSPI,PREFERRED,,,Thu Dec 26 2019 00:00:00 GMT+0900 (한국 표준시),,LISTED,KRW,true,3,,Tue Aug 18 2026 20:30:42 GMT+0900 (한국 표준시),Tue Aug 18 2026 20:30:42 GMT+0900 (한국 표준시)
17601,002790,,,아모레퍼시픽홀딩스,,KRX_KOSPI,COMMON,,,Mon Apr 30 1973 00:00:00 GMT+0900 (한국 표준시),,LISTED,KRW,true,3,,Tue Aug 18 2026 20:30:42 GMT+0900 (한국 표준시),Tue Aug 18 2026 20:30:42 GMT+0900 (한국 표준시)
17602,002030,,,아세아,,KRX_KOSPI,COMMON,,,Mon Jun 03 1974 00:00:00 GMT+0900 (한국 표준시),,LISTED,KRW,true,3,,Tue Aug 18 2026 20:30:42 GMT+0900 (한국 표준시),Tue Aug 18 2026 20:30:42 GMT+0900 (한국 표준시)
17603,183190,,,아세아시멘트,,KRX_KOSPI,COMMON,,,Wed Nov 06 2013 00:00:00 GMT+0900 (한국 표준시),,LISTED,KRW,true,3,,Tue Aug 18 2026 20:30:42 GMT+0900 (한국 표준시),Tue Aug 18 2026 20:30:42 GMT+0900 (한국 표준시)
17604,002310,,,아세아제지,,KRX_KOSPI,COMMON,,,Thu Dec 15 1988 00:00:00 GMT+0900 (한국 표준시),,LISTED,KRW,true,3,,Tue Aug 18 2026 20:30:42 GMT+0900 (한국 표준시),Tue Aug 18 2026 20:30:42 GMT+0900 (한국 표준시)
17605,012170,,,아센디오,,KRX_KOSPI,COMMON,,,Wed Dec 20 1989 00:00:00 GMT+0900 (한국 표준시),,LISTED,KRW,true,3,,Tue Aug 18 2026 20:30:42 GMT+0900 (한국 표준시),Tue Aug 18 2026 20:30:42 GMT+0900 (한국 표준시)
17606,267850,,,아시아나IDT,,KRX_KOSPI,COMMON,,,Fri Nov 23 2018 00:00:00 GMT+0900 (한국 표준시),,LISTED,KRW,true,3,,Tue Aug 18 2026 20:30:42 GMT+0900 (한국 표준시),Tue Aug 18 2026 20:30:42 GMT+0900 (한국 표준시)
17607,020560,,,아시아나항공,,KRX_KOSPI,COMMON,,,Fri Mar 28 2008 00:00:00 GMT+0900 (한국 표준시),,LISTED,KRW,true,3,,Tue Aug 18 2026 20:30:42 GMT+0900 (한국 표준시),Tue Aug 18 2026 20:30:42 GMT+0900 (한국 표준시)
17608,122900,,,아이마켓코리아,,KRX_KOSPI,COMMON,,,Fri Jul 30 2010 00:00:00 GMT+0900 (한국 표준시),,LISTED,KRW,true,3,,Tue Aug 18 2026 20:30:42 GMT+0900 (한국 표준시),Tue Aug 18 2026 20:30:42 GMT+0900 (한국 표준시)
17609,010780,,,아이에스동서,,KRX_KOSPI,COMMON,,,Mon Jan 27 1986 00:00:00 GMT+0900 (한국 표준시),,LISTED,KRW,true,3,,Tue Aug 18 2026 20:30:42 GMT+0900 (한국 표준시),Tue Aug 18 2026 20:30:42 GMT+0900 (한국 표준시)
17610,139130,,,iM금융지주,,KRX_KOSPI,COMMON,,,Tue Jun 07 2011 00:00:00 GMT+0900 (한국 표준시),,LISTED,KRW,true,3,,Tue Aug 18 2026 20:30:42 GMT+0900 (한국 표준시),Tue Aug 18 2026 20:30:42 GMT+0900 (한국 표준시)
17611,031820,,,아이티센씨티에스,,KRX_KOSPI,COMMON,,,Wed Feb 12 1997 00:00:00 GMT+0900 (한국 표준시),,LISTED,KRW,true,3,,Tue Aug 18 2026 20:30:42 GMT+0900 (한국 표준시),Tue Aug 18 2026 20:30:42 GMT+0900 (한국 표준시)
17612,294870,,,IPARK현대산업개발,,KRX_KOSPI,COMMON,,,Tue Jun 12 2018 00:00:00 GMT+0900 (한국 표준시),,LISTED,KRW,true,3,,Tue Aug 18 2026 20:30:42 GMT+0900 (한국 표준시),Tue Aug 18 2026 20:30:42 GMT+0900 (한국 표준시)
17613,139990,,,아주스틸,,KRX_KOSPI,COMMON,,,Fri Aug 20 2021 00:00:00 GMT+0900 (한국 표준시),,LISTED,KRW,true,3,,Tue Aug 18 2026 20:30:42 GMT+0900 (한국 표준시),Tue Aug 18 2026 20:30:42 GMT+0900 (한국 표준시)
17614,009320,,,아진전자부품,,KRX_KOSPI,COMMON,,,Fri Aug 25 1989 00:00:00 GMT+0900 (한국 표준시),,LISTED,KRW,true,3,,Tue Aug 18 2026 20:30:42 GMT+0900 (한국 표준시),Tue Aug 18 2026 20:30:42 GMT+0900 (한국 표준시)
17615,001780,,,알루코,,KRX_KOSPI,COMMON,,,Thu Jun 07 2007 00:00:00 GMT+0900 (한국 표준시),,LISTED,KRW,true,3,,Tue Aug 18 2026 20:30:42 GMT+0900 (한국 표준시),Tue Aug 18 2026 20:30:42 GMT+0900 (한국 표준시)
17616,018250,,,애경산업,,KRX_KOSPI,COMMON,,,Thu Mar 22 2018 00:00:00 GMT+0900 (한국 표준시),,LISTED,KRW,true,3,,Tue Aug 18 2026 20:30:42 GMT+0900 (한국 표준시),Tue Aug 18 2026 20:30:42 GMT+0900 (한국 표준시)
17617,161000,,,애경케미칼,,KRX_KOSPI,COMMON,,,Mon Sep 17 2012 00:00:00 GMT+0900 (한국 표준시),,LISTED,KRW,true,3,,Tue Aug 18 2026 20:30:42 GMT+0900 (한국 표준시),Tue Aug 18 2026 20:30:42 GMT+0900 (한국 표준시)
17618,011090,,,에넥스,,KRX_KOSPI,COMMON,,,Sat Jul 08 1995 00:00:00 GMT+0900 (한국 표준시),,LISTED,KRW,true,3,,Tue Aug 18 2026 20:30:42 GMT+0900 (한국 표준시),Tue Aug 18 2026 20:30:42 GMT+0900 (한국 표준시)
17619,137310,,,에스디바이오센서,,KRX_KOSPI,COMMON,,,Fri Jul 16 2021 00:00:00 GMT+0900 (한국 표준시),,LISTED,KRW,true,3,,Tue Aug 18 2026 20:30:42 GMT+0900 (한국 표준시),Tue Aug 18 2026 20:30:42 GMT+0900 (한국 표준시)
17620,003080,,,SB성보,,KRX_KOSPI,COMMON,,,Thu Dec 23 1976 00:00:00 GMT+0900 (한국 표준시),,LISTED,KRW,true,3,,Tue Aug 18 2026 20:30:42 GMT+0900 (한국 표준시),Tue Aug 18 2026 20:30:42 GMT+0900 (한국 표준시)
17621,034120,,,SBS,,KRX_KOSPI,COMMON,,,Wed Jun 25 2003 00:00:00 GMT+0900 (한국 표준시),,LISTED,KRW,true,3,,Tue Aug 18 2026 20:30:42 GMT+0900 (한국 표준시),Tue Aug 18 2026 20:30:42 GMT+0900 (한국 표준시)
17622,005850,,,에스엘,,KRX_KOSPI,COMMON,,,Tue Nov 08 1988 00:00:00 GMT+0900 (한국 표준시),,LISTED,KRW,true,3,,Tue Aug 18 2026 20:30:42 GMT+0900 (한국 표준시),Tue Aug 18 2026 20:30:42 GMT+0900 (한국 표준시)
17623,010580,,,에스엠벡셀,,KRX_KOSPI,COMMON,,,Tue Dec 27 1994 00:00:00 GMT+0900 (한국 표준시),,LISTED,KRW,true,3,,Tue Aug 18 2026 20:30:42 GMT+0900 (한국 표준시),Tue Aug 18 2026 20:30:42 GMT+0900 (한국 표준시)
17624,002170,,,SYTS,,KRX_KOSPI,COMMON,,,Fri Nov 10 1989 00:00:00 GMT+0900 (한국 표준시),,LISTED,KRW,true,3,,Tue Aug 18 2026 20:30:42 GMT+0900 (한국 표준시),Tue Aug 18 2026 20:30:42 GMT+0900 (한국 표준시)
17625,012750,,,에스원,,KRX_KOSPI,COMMON,,,Tue Jan 30 1996 00:00:00 GMT+0900 (한국 표준시),,LISTED,KRW,true,3,,Tue Aug 18 2026 20:30:42 GMT+0900 (한국 표준시),Tue Aug 18 2026 20:30:42 GMT+0900 (한국 표준시)
17626,033530,,,SJG세종,,KRX_KOSPI,COMMON,,,Wed Sep 25 2002 00:00:00 GMT+0900 (한국 표준시),,LISTED,KRW,true,3,,Tue Aug 18 2026 20:30:42 GMT+0900 (한국 표준시),Tue Aug 18 2026 20:30:42 GMT+0900 (한국 표준시)
17627,004060,,,SG세계물산,,KRX_KOSPI,COMMON,,,Mon Apr 19 1976 00:00:00 GMT+0900 (한국 표준시),,LISTED,KRW,true,3,,Tue Aug 18 2026 20:30:42 GMT+0900 (한국 표준시),Tue Aug 18 2026 20:30:42 GMT+0900 (한국 표준시)
17628,006125,,,SK디스커버리우,,KRX_KOSPI,PREFERRED,,,Fri Nov 24 1989 00:00:00 GMT+0900 (한국 표준시),,LISTED,KRW,true,3,,Tue Aug 18 2026 20:30:42 GMT+0900 (한국 표준시),Tue Aug 18 2026 20:30:42 GMT+0900 (한국 표준시)
17629,006120,,,SK디스커버리,,KRX_KOSPI,COMMON,,,Tue Jun 29 1976 00:00:00 GMT+0900 (한국 표준시),,LISTED,KRW,true,3,,Tue Aug 18 2026 20:30:42 GMT+0900 (한국 표준시),Tue Aug 18 2026 20:30:42 GMT+0900 (한국 표준시)
17630,302440,,,SK바이오사이언스,,KRX_KOSPI,COMMON,,,Thu Mar 18 2021 00:00:00 GMT+0900 (한국 표준시),,LISTED,KRW,true,3,,Tue Aug 18 2026 20:30:42 GMT+0900 (한국 표준시),Tue Aug 18 2026 20:30:42 GMT+0900 (한국 표준시)
17631,326030,,,SK바이오팜,,KRX_KOSPI,COMMON,,,Thu Jul 02 2020 00:00:00 GMT+0900 (한국 표준시),,LISTED,KRW,true,3,,Tue Aug 18 2026 20:30:42 GMT+0900 (한국 표준시),Tue Aug 18 2026 20:30:42 GMT+0900 (한국 표준시)
17632,475150,,,SK이터닉스,,KRX_KOSPI,COMMON,,,Fri Mar 29 2024 00:00:00 GMT+0900 (한국 표준시),,LISTED,KRW,true,3,,Tue Aug 18 2026 20:30:42 GMT+0900 (한국 표준시),Tue Aug 18 2026 20:30:42 GMT+0900 (한국 표준시)
17633,000660,,,SK하이닉스,,KRX_KOSPI,COMMON,,,Thu Dec 26 1996 00:00:00 GMT+0900 (한국 표준시),,LISTED,KRW,true,3,,Tue Aug 18 2026 20:30:42 GMT+0900 (한국 표준시),Tue Aug 18 2026 20:30:42 GMT+0900 (한국 표준시)
17634,000390,,,SP삼화,,KRX_KOSPI,COMMON,,,Fri Sep 10 1993 00:00:00 GMT+0900 (한국 표준시),,LISTED,KRW,true,3,,Tue Aug 18 2026 20:30:42 GMT+0900 (한국 표준시),Tue Aug 18 2026 20:30:42 GMT+0900 (한국 표준시)
17635,023960,,,에쓰씨엔지니어링,,KRX_KOSPI,COMMON,,,Mon Jun 23 1997 00:00:00 GMT+0900 (한국 표준시),,LISTED,KRW,true,3,,Tue Aug 18 2026 20:30:42 GMT+0900 (한국 표준시),Tue Aug 18 2026 20:30:42 GMT+0900 (한국 표준시)
17636,298690,,,에어부산,,KRX_KOSPI,COMMON,,,Thu Dec 27 2018 00:00:00 GMT+0900 (한국 표준시),,LISTED,KRW,true,3,,Tue Aug 18 2026 20:30:42 GMT+0900 (한국 표준시),Tue Aug 18 2026 20:30:42 GMT+0900 (한국 표준시)
17637,078520,,,에이블씨엔씨,,KRX_KOSPI,COMMON,,,Wed Sep 07 2011 00:00:00 GMT+0900 (한국 표준시),,LISTED,KRW,true,3,,Tue Aug 18 2026 20:30:42 GMT+0900 (한국 표준시),Tue Aug 18 2026 20:30:42 GMT+0900 (한국 표준시)
17638,015260,,,에이엔피,,KRX_KOSPI,COMMON,,,Mon Jan 18 1988 00:00:00 GMT+0900 (한국 표준시),,LISTED,KRW,true,3,,Tue Aug 18 2026 20:30:42 GMT+0900 (한국 표준시),Tue Aug 18 2026 20:30:42 GMT+0900 (한국 표준시)
17639,267270,,,HD건설기계,,KRX_KOSPI,COMMON,,,Wed May 10 2017 00:00:00 GMT+0900 (한국 표준시),,LISTED,KRW,true,3,,Tue Aug 18 2026 20:30:42 GMT+0900 (한국 표준시),Tue Aug 18 2026 20:30:42 GMT+0900 (한국 표준시)
17640,039570,,,HDC랩스,,KRX_KOSPI,COMMON,,,Thu Sep 24 2015 00:00:00 GMT+0900 (한국 표준시),,LISTED,KRW,true,3,,Tue Aug 18 2026 20:30:42 GMT+0900 (한국 표준시),Tue Aug 18 2026 20:30:42 GMT+0900 (한국 표준시)
17641,089470,,,HDC현대EP,,KRX_KOSPI,COMMON,,,Mon Sep 25 2006 00:00:00 GMT+0900 (한국 표준시),,LISTED,KRW,true,3,,Tue Aug 18 2026 20:30:42 GMT+0900 (한국 표준시),Tue Aug 18 2026 20:30:42 GMT+0900 (한국 표준시)
17642,009540,,,HD한국조선해양,,KRX_KOSPI,COMMON,,,Tue Aug 24 1999 00:00:00 GMT+0900 (한국 표준시),,LISTED,KRW,true,3,,Tue Aug 18 2026 20:30:42 GMT+0900 (한국 표준시),Tue Aug 18 2026 20:30:42 GMT+0900 (한국 표준시)
17643,443060,,,HD현대마린솔루션,,KRX_KOSPI,COMMON,,,Wed May 08 2024 00:00:00 GMT+0900 (한국 표준시),,LISTED,KRW,true,3,,Tue Aug 18 2026 20:30:42 GMT+0900 (한국 표준시),Tue Aug 18 2026 20:30:42 GMT+0900 (한국 표준시)
17644,071970,,,HD현대마린엔진,,KRX_KOSPI,COMMON,,,Fri May 15 2009 00:00:00 GMT+0900 (한국 표준시),,LISTED,KRW,true,3,,Tue Aug 18 2026 20:30:42 GMT+0900 (한국 표준시),Tue Aug 18 2026 20:30:42 GMT+0900 (한국 표준시)
17645,267250,,,HD현대,,KRX_KOSPI,COMMON,,,Wed May 10 2017 00:00:00 GMT+0900 (한국 표준시),,LISTED,KRW,true,3,,Tue Aug 18 2026 20:30:42 GMT+0900 (한국 표준시),Tue Aug 18 2026 20:30:42 GMT+0900 (한국 표준시)
17646,322000,,,HD현대에너지솔루션,,KRX_KOSPI,COMMON,,,Tue Nov 19 2019 00:00:00 GMT+0900 (한국 표준시),,LISTED,KRW,true,3,,Tue Aug 18 2026 20:30:42 GMT+0900 (한국 표준시),Tue Aug 18 2026 20:30:42 GMT+0900 (한국 표준시)
17647,267260,,,HD현대일렉트릭,,KRX_KOSPI,COMMON,,,Wed May 10 2017 00:00:00 GMT+0900 (한국 표준시),,LISTED,KRW,true,3,,Tue Aug 18 2026 20:30:42 GMT+0900 (한국 표준시),Tue Aug 18 2026 20:30:42 GMT+0900 (한국 표준시)
17648,329180,,,HD현대중공업,,KRX_KOSPI,COMMON,,,Fri Sep 17 2021 00:00:00 GMT+0900 (한국 표준시),,LISTED,KRW,true,3,,Tue Aug 18 2026 20:30:42 GMT+0900 (한국 표준시),Tue Aug 18 2026 20:30:42 GMT+0900 (한국 표준시)
17649,002460,,,HS화성,,KRX_KOSPI,COMMON,,,Thu Sep 29 1988 00:00:00 GMT+1000 (한국 하계 표준시),,LISTED,KRW,true,3,,Tue Aug 18 2026 20:30:42 GMT+0900 (한국 표준시),Tue Aug 18 2026 20:30:42 GMT+0900 (한국 표준시)
17650,487570,,,HS효성,,KRX_KOSPI,COMMON,,,Mon Jul 29 2024 00:00:00 GMT+0900 (한국 표준시),,LISTED,KRW,true,3,,Tue Aug 18 2026 20:30:42 GMT+0900 (한국 표준시),Tue Aug 18 2026 20:30:42 GMT+0900 (한국 표준시)
17651,298050,,,HS효성첨단소재,,KRX_KOSPI,COMMON,,,Fri Jul 13 2018 00:00:00 GMT+0900 (한국 표준시),,LISTED,KRW,true,3,,Tue Aug 18 2026 20:30:42 GMT+0900 (한국 표준시),Tue Aug 18 2026 20:30:42 GMT+0900 (한국 표준시)
17652,003580,,,HLB글로벌,,KRX_KOSPI,COMMON,,,Fri Mar 23 1990 00:00:00 GMT+0900 (한국 표준시),,LISTED,KRW,true,3,,Tue Aug 18 2026 20:30:42 GMT+0900 (한국 표준시),Tue Aug 18 2026 20:30:42 GMT+0900 (한국 표준시)
17653,011200,,,HMM,,KRX_KOSPI,COMMON,,,Thu Oct 05 1995 00:00:00 GMT+0900 (한국 표준시),,LISTED,KRW,true,3,,Tue Aug 18 2026 20:30:42 GMT+0900 (한국 표준시),Tue Aug 18 2026 20:30:42 GMT+0900 (한국 표준시)
17654,003060,,,에이프로젠바이오로직스,,KRX_KOSPI,COMMON,,,Fri Oct 19 1984 00:00:00 GMT+0900 (한국 표준시),,LISTED,KRW,true,3,,Tue Aug 18 2026 20:30:42 GMT+0900 (한국 표준시),Tue Aug 18 2026 20:30:42 GMT+0900 (한국 표준시)
17655,007460,,,에이프로젠,,KRX_KOSPI,COMMON,,,Sat Jul 08 1995 00:00:00 GMT+0900 (한국 표준시),,LISTED,KRW,true,3,,Tue Aug 18 2026 20:30:42 GMT+0900 (한국 표준시),Tue Aug 18 2026 20:30:42 GMT+0900 (한국 표준시)
17656,244920,,,에이플러스에셋,,KRX_KOSPI,COMMON,,,Fri Nov 20 2020 00:00:00 GMT+0900 (한국 표준시),,LISTED,KRW,true,3,,Tue Aug 18 2026 20:30:42 GMT+0900 (한국 표준시),Tue Aug 18 2026 20:30:42 GMT+0900 (한국 표준시)
17657,278470,,,에이피알,,KRX_KOSPI,COMMON,,,Tue Feb 27 2024 00:00:00 GMT+0900 (한국 표준시),,LISTED,KRW,true,3,,Tue Aug 18 2026 20:30:42 GMT+0900 (한국 표준시),Tue Aug 18 2026 20:30:42 GMT+0900 (한국 표준시)
17658,450080,,,에코프로머티,,KRX_KOSPI,COMMON,,,Fri Nov 17 2023 00:00:00 GMT+0900 (한국 표준시),,LISTED,KRW,true,3,,Tue Aug 18 2026 20:30:42 GMT+0900 (한국 표준시),Tue Aug 18 2026 20:30:42 GMT+0900 (한국 표준시)
17659,019490,,,엑시큐어하이트론,,KRX_KOSPI,COMMON,,,Wed Nov 04 1998 00:00:00 GMT+0900 (한국 표준시),,LISTED,KRW,true,3,,Tue Aug 18 2026 20:30:42 GMT+0900 (한국 표준시),Tue Aug 18 2026 20:30:42 GMT+0900 (한국 표준시)
17660,036570,,,NC,,KRX_KOSPI,COMMON,,,Thu May 22 2003 00:00:00 GMT+0900 (한국 표준시),,LISTED,KRW,true,3,,Tue Aug 18 2026 20:30:42 GMT+0900 (한국 표준시),Tue Aug 18 2026 20:30:42 GMT+0900 (한국 표준시)
17661,400760,,,NH올원리츠,,KRX_KOSPI,COMMON,,,Thu Nov 18 2021 00:00:00 GMT+0900 (한국 표준시),,LISTED,KRW,true,3,,Tue Aug 18 2026 20:30:42 GMT+0900 (한국 표준시),Tue Aug 18 2026 20:30:42 GMT+0900 (한국 표준시)
17662,005945,,,NH투자증권우,,KRX_KOSPI,PREFERRED,,,Tue Sep 13 1988 00:00:00 GMT+1000 (한국 하계 표준시),,LISTED,KRW,true,3,,Tue Aug 18 2026 20:30:42 GMT+0900 (한국 표준시),Tue Aug 18 2026 20:30:42 GMT+0900 (한국 표준시)
17663,005940,,,NH투자증권,,KRX_KOSPI,COMMON,,,Tue Sep 30 1975 00:00:00 GMT+0900 (한국 표준시),,LISTED,KRW,true,3,,Tue Aug 18 2026 20:30:42 GMT+0900 (한국 표준시),Tue Aug 18 2026 20:30:42 GMT+0900 (한국 표준시)
17664,085310,,,엔케이,,KRX_KOSPI,COMMON,,,Thu Jan 24 2008 00:00:00 GMT+0900 (한국 표준시),,LISTED,KRW,true,3,,Tue Aug 18 2026 20:30:42 GMT+0900 (한국 표준시),Tue Aug 18 2026 20:30:42 GMT+0900 (한국 표준시)
17665,900140,,,엘브이엠씨홀딩스,,KRX_KOSPI,COMMON,,,Tue Nov 30 2010 00:00:00 GMT+0900 (한국 표준시),,LISTED,KRW,true,3,,Tue Aug 18 2026 20:30:42 GMT+0900 (한국 표준시),Tue Aug 18 2026 20:30:42 GMT+0900 (한국 표준시)
17666,066970,,,엘앤에프,,KRX_KOSPI,COMMON,,,Mon Jan 29 2024 00:00:00 GMT+0900 (한국 표준시),,LISTED,KRW,true,3,,Tue Aug 18 2026 20:30:42 GMT+0900 (한국 표준시),Tue Aug 18 2026 20:30:42 GMT+0900 (한국 표준시)
17667,108675,,,LX하우시스우,,KRX_KOSPI,PREFERRED,,,Mon Apr 20 2009 00:00:00 GMT+0900 (한국 표준시),,LISTED,KRW,true,3,,Tue Aug 18 2026 20:30:42 GMT+0900 (한국 표준시),Tue Aug 18 2026 20:30:42 GMT+0900 (한국 표준시)
17668,108670,,,LX하우시스,,KRX_KOSPI,COMMON,,,Mon Apr 20 2009 00:00:00 GMT+0900 (한국 표준시),,LISTED,KRW,true,3,,Tue Aug 18 2026 20:30:42 GMT+0900 (한국 표준시),Tue Aug 18 2026 20:30:42 GMT+0900 (한국 표준시)
17669,38380K,,,LX홀딩스1우,,KRX_KOSPI,PREFERRED,,,Thu May 27 2021 00:00:00 GMT+0900 (한국 표준시),,LISTED,KRW,true,3,,Tue Aug 18 2026 20:30:42 GMT+0900 (한국 표준시),Tue Aug 18 2026 20:30:42 GMT+0900 (한국 표준시)
17670,383800,,,LX홀딩스,,KRX_KOSPI,COMMON,,,Thu May 27 2021 00:00:00 GMT+0900 (한국 표준시),,LISTED,KRW,true,3,,Tue Aug 18 2026 20:30:42 GMT+0900 (한국 표준시),Tue Aug 18 2026 20:30:42 GMT+0900 (한국 표준시)
17671,064400,,,LG씨엔에스,,KRX_KOSPI,COMMON,,,Wed Feb 05 2025 00:00:00 GMT+0900 (한국 표준시),,LISTED,KRW,true,3,,Tue Aug 18 2026 20:30:42 GMT+0900 (한국 표준시),Tue Aug 18 2026 20:30:42 GMT+0900 (한국 표준시)
17672,037560,,,LG헬로비전,,KRX_KOSPI,COMMON,,,Fri Nov 09 2012 00:00:00 GMT+0900 (한국 표준시),,LISTED,KRW,true,3,,Tue Aug 18 2026 20:30:42 GMT+0900 (한국 표준시),Tue Aug 18 2026 20:30:42 GMT+0900 (한국 표준시)
17673,097520,,,엠씨넥스,,KRX_KOSPI,COMMON,,,Tue Jul 06 2021 00:00:00 GMT+0900 (한국 표준시),,LISTED,KRW,true,3,,Tue Aug 18 2026 20:30:42 GMT+0900 (한국 표준시),Tue Aug 18 2026 20:30:42 GMT+0900 (한국 표준시)
17674,484870,,,엠앤씨솔루션,,KRX_KOSPI,COMMON,,,Mon Dec 16 2024 00:00:00 GMT+0900 (한국 표준시),,LISTED,KRW,true,3,,Tue Aug 18 2026 20:30:42 GMT+0900 (한국 표준시),Tue Aug 18 2026 20:30:42 GMT+0900 (한국 표준시)
17675,014440,,,영보화학,,KRX_KOSPI,COMMON,,,Wed Aug 27 1997 00:00:00 GMT+0900 (한국 표준시),,LISTED,KRW,true,3,,Tue Aug 18 2026 20:30:42 GMT+0900 (한국 표준시),Tue Aug 18 2026 20:30:42 GMT+0900 (한국 표준시)
17676,111770,,,영원무역,,KRX_KOSPI,COMMON,,,Thu Jul 30 2009 00:00:00 GMT+0900 (한국 표준시),,LISTED,KRW,true,3,,Tue Aug 18 2026 20:30:42 GMT+0900 (한국 표준시),Tue Aug 18 2026 20:30:42 GMT+0900 (한국 표준시)
17677,009970,,,영원무역홀딩스,,KRX_KOSPI,COMMON,,,Mon Nov 07 1988 00:00:00 GMT+0900 (한국 표준시),,LISTED,KRW,true,3,,Tue Aug 18 2026 20:30:42 GMT+0900 (한국 표준시),Tue Aug 18 2026 20:30:42 GMT+0900 (한국 표준시)
17678,003520,,,영진약품,,KRX_KOSPI,COMMON,,,Mon Jun 25 1973 00:00:00 GMT+0900 (한국 표준시),,LISTED,KRW,true,3,,Tue Aug 18 2026 20:30:42 GMT+0900 (한국 표준시),Tue Aug 18 2026 20:30:42 GMT+0900 (한국 표준시)
17679,000670,,,영풍,,KRX_KOSPI,COMMON,,,Sat Jun 12 1976 00:00:00 GMT+0900 (한국 표준시),,LISTED,KRW,true,3,,Tue Aug 18 2026 20:30:42 GMT+0900 (한국 표준시),Tue Aug 18 2026 20:30:42 GMT+0900 (한국 표준시)
17680,012280,,,영화금속,,KRX_KOSPI,COMMON,,,Thu Jan 25 1990 00:00:00 GMT+0900 (한국 표준시),,LISTED,KRW,true,3,,Tue Aug 18 2026 20:30:42 GMT+0900 (한국 표준시),Tue Aug 18 2026 20:30:42 GMT+0900 (한국 표준시)
17681,012160,,,영흥,,KRX_KOSPI,COMMON,,,Mon Jan 25 2010 00:00:00 GMT+0900 (한국 표준시),,LISTED,KRW,true,3,,Tue Aug 18 2026 20:30:42 GMT+0900 (한국 표준시),Tue Aug 18 2026 20:30:42 GMT+0900 (한국 표준시)
17682,007310,,,오뚜기,,KRX_KOSPI,COMMON,,,Fri Aug 12 1994 00:00:00 GMT+0900 (한국 표준시),,LISTED,KRW,true,3,,Tue Aug 18 2026 20:30:42 GMT+0900 (한국 표준시),Tue Aug 18 2026 20:30:42 GMT+0900 (한국 표준시)
17683,002630,,,오리엔트바이오,,KRX_KOSPI,COMMON,,,Tue Dec 28 1976 00:00:00 GMT+0900 (한국 표준시),,LISTED,KRW,true,3,,Tue Aug 18 2026 20:30:42 GMT+0900 (한국 표준시),Tue Aug 18 2026 20:30:42 GMT+0900 (한국 표준시)
17684,271560,,,오리온,,KRX_KOSPI,COMMON,,,Fri Jul 07 2017 00:00:00 GMT+0900 (한국 표준시),,LISTED,KRW,true,3,,Tue Aug 18 2026 20:30:42 GMT+0900 (한국 표준시),Tue Aug 18 2026 20:30:42 GMT+0900 (한국 표준시)
17685,001800,,,오리온홀딩스,,KRX_KOSPI,COMMON,,,Fri Jun 27 1975 00:00:00 GMT+0900 (한국 표준시),,LISTED,KRW,true,3,,Tue Aug 18 2026 20:30:42 GMT+0900 (한국 표준시),Tue Aug 18 2026 20:30:42 GMT+0900 (한국 표준시)
17686,010060,,,OCI홀딩스,,KRX_KOSPI,COMMON,,,Tue Jul 09 1985 00:00:00 GMT+0900 (한국 표준시),,LISTED,KRW,true,3,,Tue Aug 18 2026 20:30:42 GMT+0900 (한국 표준시),Tue Aug 18 2026 20:30:42 GMT+0900 (한국 표준시)
17687,005320,,,온타이드,,KRX_KOSPI,COMMON,,,Tue Dec 24 1996 00:00:00 GMT+0900 (한국 표준시),,LISTED,KRW,true,3,,Tue Aug 18 2026 20:30:42 GMT+0900 (한국 표준시),Tue Aug 18 2026 20:30:42 GMT+0900 (한국 표준시)
17688,037270,,,YG PLUS,,KRX_KOSPI,COMMON,,,Fri Aug 01 2003 00:00:00 GMT+0900 (한국 표준시),,LISTED,KRW,true,3,,Tue Aug 18 2026 20:30:42 GMT+0900 (한국 표준시),Tue Aug 18 2026 20:30:42 GMT+0900 (한국 표준시)
17689,011690,,,와이투솔루션,,KRX_KOSPI,COMMON,,,Thu Dec 21 1995 00:00:00 GMT+0900 (한국 표준시),,LISTED,KRW,true,3,,Tue Aug 18 2026 20:30:42 GMT+0900 (한국 표준시),Tue Aug 18 2026 20:30:42 GMT+0900 (한국 표준시)
17690,316140,,,우리금융지주,,KRX_KOSPI,COMMON,,,Wed Feb 13 2019 00:00:00 GMT+0900 (한국 표준시),,LISTED,KRW,true,3,,Tue Aug 18 2026 20:30:42 GMT+0900 (한국 표준시),Tue Aug 18 2026 20:30:42 GMT+0900 (한국 표준시)
17691,011300,,,우성머티리얼스,,KRX_KOSPI,COMMON,,,Fri Nov 10 1995 00:00:00 GMT+0900 (한국 표준시),,LISTED,KRW,true,3,,Tue Aug 18 2026 20:30:42 GMT+0900 (한국 표준시),Tue Aug 18 2026 20:30:42 GMT+0900 (한국 표준시)
17692,006980,,,우성,,KRX_KOSPI,COMMON,,,Mon Oct 10 1988 00:00:00 GMT+0900 (한국 표준시),,LISTED,KRW,true,3,,Tue Aug 18 2026 20:30:42 GMT+0900 (한국 표준시),Tue Aug 18 2026 20:30:42 GMT+0900 (한국 표준시)
17693,017370,,,우신시스템,,KRX_KOSPI,COMMON,,,Tue May 28 2002 00:00:00 GMT+0900 (한국 표준시),,LISTED,KRW,true,3,,Tue Aug 18 2026 20:30:42 GMT+0900 (한국 표준시),Tue Aug 18 2026 20:30:42 GMT+0900 (한국 표준시)
17694,105840,,,우진,,KRX_KOSPI,COMMON,,,Mon Jul 26 2010 00:00:00 GMT+0900 (한국 표준시),,LISTED,KRW,true,3,,Tue Aug 18 2026 20:30:42 GMT+0900 (한국 표준시),Tue Aug 18 2026 20:30:42 GMT+0900 (한국 표준시)
17695,010400,,,우진아이엔에스,,KRX_KOSPI,COMMON,,,Fri Sep 14 2018 00:00:00 GMT+0900 (한국 표준시),,LISTED,KRW,true,3,,Tue Aug 18 2026 20:30:42 GMT+0900 (한국 표준시),Tue Aug 18 2026 20:30:42 GMT+0900 (한국 표준시)
17696,049800,,,우진플라임,,KRX_KOSPI,COMMON,,,Wed May 24 2006 00:00:00 GMT+0900 (한국 표준시),,LISTED,KRW,true,3,,Tue Aug 18 2026 20:30:42 GMT+0900 (한국 표준시),Tue Aug 18 2026 20:30:42 GMT+0900 (한국 표준시)
17697,016880,,,웅진,,KRX_KOSPI,COMMON,,,Sat Nov 05 1994 00:00:00 GMT+0900 (한국 표준시),,LISTED,KRW,true,3,,Tue Aug 18 2026 20:30:42 GMT+0900 (한국 표준시),Tue Aug 18 2026 20:30:42 GMT+0900 (한국 표준시)
17698,095720,,,웅진씽크빅,,KRX_KOSPI,COMMON,,,Thu May 31 2007 00:00:00 GMT+0900 (한국 표준시),,LISTED,KRW,true,3,,Tue Aug 18 2026 20:30:42 GMT+0900 (한국 표준시),Tue Aug 18 2026 20:30:42 GMT+0900 (한국 표준시)
17699,005820,,,원림,,KRX_KOSPI,COMMON,,,Fri Apr 20 1990 00:00:00 GMT+0900 (한국 표준시),,LISTED,KRW,true,3,,Tue Aug 18 2026 20:30:42 GMT+0900 (한국 표준시),Tue Aug 18 2026 20:30:42 GMT+0900 (한국 표준시)
17700,008600,,,윌비스,,KRX_KOSPI,COMMON,,,Fri Jul 28 1989 00:00:00 GMT+0900 (한국 표준시),,LISTED,KRW,true,3,,Tue Aug 18 2026 20:30:42 GMT+0900 (한국 표준시),Tue Aug 18 2026 20:30:42 GMT+0900 (한국 표준시)
17701,014830,,,유니드,,KRX_KOSPI,COMMON,,,Fri Dec 03 2004 00:00:00 GMT+0900 (한국 표준시),,LISTED,KRW,true,3,,Tue Aug 18 2026 20:30:42 GMT+0900 (한국 표준시),Tue Aug 18 2026 20:30:42 GMT+0900 (한국 표준시)
17702,446070,,,유니드비티플러스,,KRX_KOSPI,COMMON,,,Mon Nov 28 2022 00:00:00 GMT+0900 (한국 표준시),,LISTED,KRW,true,3,,Tue Aug 18 2026 20:30:42 GMT+0900 (한국 표준시),Tue Aug 18 2026 20:30:42 GMT+0900 (한국 표준시)
17703,047400,,,유니온머티리얼,,KRX_KOSPI,COMMON,,,Tue Sep 29 2009 00:00:00 GMT+0900 (한국 표준시),,LISTED,KRW,true,3,,Tue Aug 18 2026 20:30:42 GMT+0900 (한국 표준시),Tue Aug 18 2026 20:30:42 GMT+0900 (한국 표준시)
17704,000910,,,유니온,,KRX_KOSPI,COMMON,,,Wed Jul 03 1996 00:00:00 GMT+0900 (한국 표준시),,LISTED,KRW,true,3,,Tue Aug 18 2026 20:30:42 GMT+0900 (한국 표준시),Tue Aug 18 2026 20:30:42 GMT+0900 (한국 표준시)
17705,011330,,,유니켐,,KRX_KOSPI,COMMON,,,Thu Dec 14 1989 00:00:00 GMT+0900 (한국 표준시),,LISTED,KRW,true,3,,Tue Aug 18 2026 20:30:42 GMT+0900 (한국 표준시),Tue Aug 18 2026 20:30:42 GMT+0900 (한국 표준시)
17706,077500,,,유니퀘스트,,KRX_KOSPI,COMMON,,,Thu Aug 05 2004 00:00:00 GMT+0900 (한국 표준시),,LISTED,KRW,true,3,,Tue Aug 18 2026 20:30:42 GMT+0900 (한국 표준시),Tue Aug 18 2026 20:30:42 GMT+0900 (한국 표준시)
17707,002920,,,유성기업,,KRX_KOSPI,COMMON,,,Mon Oct 10 1988 00:00:00 GMT+0900 (한국 표준시),,LISTED,KRW,true,3,,Tue Aug 18 2026 20:30:42 GMT+0900 (한국 표준시),Tue Aug 18 2026 20:30:42 GMT+0900 (한국 표준시)
17708,000700,,,유수홀딩스,,KRX_KOSPI,COMMON,,,Sat Mar 03 1956 00:00:00 GMT+0830 (한국 표준시),,LISTED,KRW,true,3,,Tue Aug 18 2026 20:30:42 GMT+0900 (한국 표준시),Tue Aug 18 2026 20:30:42 GMT+0900 (한국 표준시)
17709,003475,,,유안타증권우,,KRX_KOSPI,PREFERRED,,,Wed Mar 22 1989 00:00:00 GMT+0900 (한국 표준시),,LISTED,KRW,true,3,,Tue Aug 18 2026 20:30:42 GMT+0900 (한국 표준시),Tue Aug 18 2026 20:30:42 GMT+0900 (한국 표준시)
17710,003470,,,유안타증권,,KRX_KOSPI,COMMON,,,Thu Jan 21 1988 00:00:00 GMT+0900 (한국 표준시),,LISTED,KRW,true,3,,Tue Aug 18 2026 20:30:42 GMT+0900 (한국 표준시),Tue Aug 18 2026 20:30:42 GMT+0900 (한국 표준시)
17711,072130,,,유엔젤,,KRX_KOSPI,COMMON,,,Tue Jul 01 2003 00:00:00 GMT+0900 (한국 표준시),,LISTED,KRW,true,3,,Tue Aug 18 2026 20:30:42 GMT+0900 (한국 표준시),Tue Aug 18 2026 20:30:42 GMT+0900 (한국 표준시)
17712,000225,,,유유제약1우,,KRX_KOSPI,PREFERRED,,,Fri Jan 05 1990 00:00:00 GMT+0900 (한국 표준시),,LISTED,KRW,true,3,,Tue Aug 18 2026 20:30:42 GMT+0900 (한국 표준시),Tue Aug 18 2026 20:30:42 GMT+0900 (한국 표준시)
17713,000227,,,유유제약2우B,,KRX_KOSPI,PREFERRED,,,Tue Jun 20 2000 00:00:00 GMT+0900 (한국 표준시),,LISTED,KRW,true,3,,Tue Aug 18 2026 20:30:42 GMT+0900 (한국 표준시),Tue Aug 18 2026 20:30:42 GMT+0900 (한국 표준시)
17714,000220,,,유유제약,,KRX_KOSPI,COMMON,,,Tue Nov 18 1975 00:00:00 GMT+0900 (한국 표준시),,LISTED,KRW,true,3,,Tue Aug 18 2026 20:30:42 GMT+0900 (한국 표준시),Tue Aug 18 2026 20:30:42 GMT+0900 (한국 표준시)
17715,001200,,,유진투자증권,,KRX_KOSPI,COMMON,,,Mon Aug 24 1987 00:00:00 GMT+1000 (한국 하계 표준시),,LISTED,KRW,true,3,,Tue Aug 18 2026 20:30:42 GMT+0900 (한국 표준시),Tue Aug 18 2026 20:30:42 GMT+0900 (한국 표준시)
17716,000105,,,유한양행우,,KRX_KOSPI,PREFERRED,,,Tue Feb 21 1995 00:00:00 GMT+0900 (한국 표준시),,LISTED,KRW,true,3,,Tue Aug 18 2026 20:30:42 GMT+0900 (한국 표준시),Tue Aug 18 2026 20:30:42 GMT+0900 (한국 표준시)
17717,000100,,,유한양행,,KRX_KOSPI,COMMON,,,Thu Nov 01 1962 00:00:00 GMT+0900 (한국 표준시),,LISTED,KRW,true,3,,Tue Aug 18 2026 20:30:42 GMT+0900 (한국 표준시),Tue Aug 18 2026 20:30:42 GMT+0900 (한국 표준시)
17718,003465,,,유화증권우,,KRX_KOSPI,PREFERRED,,,Tue Feb 20 1990 00:00:00 GMT+0900 (한국 표준시),,LISTED,KRW,true,3,,Tue Aug 18 2026 20:30:42 GMT+0900 (한국 표준시),Tue Aug 18 2026 20:30:42 GMT+0900 (한국 표준시)
17719,003460,,,유화증권,,KRX_KOSPI,COMMON,,,Mon Aug 24 1987 00:00:00 GMT+1000 (한국 하계 표준시),,LISTED,KRW,true,3,,Tue Aug 18 2026 20:30:42 GMT+0900 (한국 표준시),Tue Aug 18 2026 20:30:42 GMT+0900 (한국 표준시)
17720,008730,,,율촌화학,,KRX_KOSPI,COMMON,,,Tue Aug 30 1988 00:00:00 GMT+1000 (한국 하계 표준시),,LISTED,KRW,true,3,,Tue Aug 18 2026 20:30:42 GMT+0900 (한국 표준시),Tue Aug 18 2026 20:30:42 GMT+0900 (한국 표준시)
17721,008250,,,이건산업,,KRX_KOSPI,COMMON,,,Fri Oct 21 1988 00:00:00 GMT+0900 (한국 표준시),,LISTED,KRW,true,3,,Tue Aug 18 2026 20:30:42 GMT+0900 (한국 표준시),Tue Aug 18 2026 20:30:42 GMT+0900 (한국 표준시)
17722,025820,,,이구산업,,KRX_KOSPI,COMMON,,,Fri Aug 18 1995 00:00:00 GMT+0900 (한국 표준시),,LISTED,KRW,true,3,,Tue Aug 18 2026 20:30:42 GMT+0900 (한국 표준시),Tue Aug 18 2026 20:30:42 GMT+0900 (한국 표준시)
17723,214320,,,이노션,,KRX_KOSPI,COMMON,,,Fri Jul 17 2015 00:00:00 GMT+0900 (한국 표준시),,LISTED,KRW,true,3,,Tue Aug 18 2026 20:30:42 GMT+0900 (한국 표준시),Tue Aug 18 2026 20:30:42 GMT+0900 (한국 표준시)
17724,088260,,,이리츠코크렙,,KRX_KOSPI,COMMON,,,Wed Jun 27 2018 00:00:00 GMT+0900 (한국 표준시),,LISTED,KRW,true,3,,Tue Aug 18 2026 20:30:42 GMT+0900 (한국 표준시),Tue Aug 18 2026 20:30:42 GMT+0900 (한국 표준시)
17725,139480,,,이마트,,KRX_KOSPI,COMMON,,,Fri Jun 10 2011 00:00:00 GMT+0900 (한국 표준시),,LISTED,KRW,true,3,,Tue Aug 18 2026 20:30:42 GMT+0900 (한국 표준시),Tue Aug 18 2026 20:30:42 GMT+0900 (한국 표준시)
17726,457190,,,이수스페셜티케미컬,,KRX_KOSPI,COMMON,,,Wed May 31 2023 00:00:00 GMT+0900 (한국 표준시),,LISTED,KRW,true,3,,Tue Aug 18 2026 20:30:42 GMT+0900 (한국 표준시),Tue Aug 18 2026 20:30:42 GMT+0900 (한국 표준시)
17727,007660,,,이수페타시스,,KRX_KOSPI,COMMON,,,Tue Oct 07 2003 00:00:00 GMT+0900 (한국 표준시),,LISTED,KRW,true,3,,Tue Aug 18 2026 20:30:42 GMT+0900 (한국 표준시),Tue Aug 18 2026 20:30:42 GMT+0900 (한국 표준시)
17728,005950,,,이수화학,,KRX_KOSPI,COMMON,,,Thu Apr 28 1988 00:00:00 GMT+0900 (한국 표준시),,LISTED,KRW,true,3,,Tue Aug 18 2026 20:30:42 GMT+0900 (한국 표준시),Tue Aug 18 2026 20:30:42 GMT+0900 (한국 표준시)
17729,015020,,,이스타코,,KRX_KOSPI,COMMON,,,Fri Dec 23 1988 00:00:00 GMT+0900 (한국 표준시),,LISTED,KRW,true,3,,Tue Aug 18 2026 20:30:42 GMT+0900 (한국 표준시),Tue Aug 18 2026 20:30:42 GMT+0900 (한국 표준시)
17730,074610,,,이엔플러스,,KRX_KOSPI,COMMON,,,Tue Dec 23 2003 00:00:00 GMT+0900 (한국 표준시),,LISTED,KRW,true,3,,Tue Aug 18 2026 20:30:42 GMT+0900 (한국 표준시),Tue Aug 18 2026 20:30:42 GMT+0900 (한국 표준시)
17731,102460,,,이연제약,,KRX_KOSPI,COMMON,,,Thu Jun 10 2010 00:00:00 GMT+0900 (한국 표준시),,LISTED,KRW,true,3,,Tue Aug 18 2026 20:30:42 GMT+0900 (한국 표준시),Tue Aug 18 2026 20:30:42 GMT+0900 (한국 표준시)
17732,084680,,,이월드,,KRX_KOSPI,COMMON,,,Tue Jul 26 2005 00:00:00 GMT+0900 (한국 표준시),,LISTED,KRW,true,3,,Tue Aug 18 2026 20:30:42 GMT+0900 (한국 표준시),Tue Aug 18 2026 20:30:42 GMT+0900 (한국 표준시)
17733,350520,,,이지스레지던스리츠,,KRX_KOSPI,COMMON,,,Wed Aug 05 2020 00:00:00 GMT+0900 (한국 표준시),,LISTED,KRW,true,3,,Tue Aug 18 2026 20:30:42 GMT+0900 (한국 표준시),Tue Aug 18 2026 20:30:42 GMT+0900 (한국 표준시)
17734,334890,,,이지스밸류플러스리츠,,KRX_KOSPI,COMMON,,,Thu Jul 16 2020 00:00:00 GMT+0900 (한국 표준시),,LISTED,KRW,true,3,,Tue Aug 18 2026 20:30:42 GMT+0900 (한국 표준시),Tue Aug 18 2026 20:30:42 GMT+0900 (한국 표준시)
17735,000760,,,이화산업,,KRX_KOSPI,COMMON,,,Fri Apr 29 1994 00:00:00 GMT+0900 (한국 표준시),,LISTED,KRW,true,3,,Tue Aug 18 2026 20:30:42 GMT+0900 (한국 표준시),Tue Aug 18 2026 20:30:42 GMT+0900 (한국 표준시)
17736,014990,,,인디에프,,KRX_KOSPI,COMMON,,,Tue Jun 20 1989 00:00:00 GMT+0900 (한국 표준시),,LISTED,KRW,true,3,,Tue Aug 18 2026 20:30:42 GMT+0900 (한국 표준시),Tue Aug 18 2026 20:30:42 GMT+0900 (한국 표준시)
17737,101140,,,인바이오젠,,KRX_KOSPI,COMMON,,,Wed Apr 02 2008 00:00:00 GMT+0900 (한국 표준시),,LISTED,KRW,true,3,,Tue Aug 18 2026 20:30:42 GMT+0900 (한국 표준시),Tue Aug 18 2026 20:30:42 GMT+0900 (한국 표준시)
17738,023800,,,인지컨트롤스,,KRX_KOSPI,COMMON,,,Mon Jun 23 1997 00:00:00 GMT+0900 (한국 표준시),,LISTED,KRW,true,3,,Tue Aug 18 2026 20:30:42 GMT+0900 (한국 표준시),Tue Aug 18 2026 20:30:42 GMT+0900 (한국 표준시)
17739,034590,,,인천도시가스,,KRX_KOSPI,COMMON,,,Tue Nov 07 2006 00:00:00 GMT+0900 (한국 표준시),,LISTED,KRW,true,3,,Tue Aug 18 2026 20:30:42 GMT+0900 (한국 표준시),Tue Aug 18 2026 20:30:42 GMT+0900 (한국 표준시)
17740,129260,,,인터지스,,KRX_KOSPI,COMMON,,,Fri Dec 16 2011 00:00:00 GMT+0900 (한국 표준시),,LISTED,KRW,true,3,,Tue Aug 18 2026 20:30:42 GMT+0900 (한국 표준시),Tue Aug 18 2026 20:30:42 GMT+0900 (한국 표준시)
17741,023810,,,인팩,,KRX_KOSPI,COMMON,,,Tue Sep 21 2004 00:00:00 GMT+0900 (한국 표준시),,LISTED,KRW,true,3,,Tue Aug 18 2026 20:30:42 GMT+0900 (한국 표준시),Tue Aug 18 2026 20:30:42 GMT+0900 (한국 표준시)
17742,249420,,,일동제약,,KRX_KOSPI,COMMON,,,Wed Aug 31 2016 00:00:00 GMT+0900 (한국 표준시),,LISTED,KRW,true,3,,Tue Aug 18 2026 20:30:42 GMT+0900 (한국 표준시),Tue Aug 18 2026 20:30:42 GMT+0900 (한국 표준시)
17743,000230,,,일동홀딩스,,KRX_KOSPI,COMMON,,,Sat Jun 28 1975 00:00:00 GMT+0900 (한국 표준시),,LISTED,KRW,true,3,,Tue Aug 18 2026 20:30:42 GMT+0900 (한국 표준시),Tue Aug 18 2026 20:30:42 GMT+0900 (한국 표준시)
17744,013360,,,일성건설,,KRX_KOSPI,COMMON,,,Sat Dec 02 1989 00:00:00 GMT+0900 (한국 표준시),,LISTED,KRW,true,3,,Tue Aug 18 2026 20:30:42 GMT+0900 (한국 표준시),Tue Aug 18 2026 20:30:42 GMT+0900 (한국 표준시)
17745,003120,,,일성아이에스,,KRX_KOSPI,COMMON,,,Mon Jan 14 1985 00:00:00 GMT+0900 (한국 표준시),,LISTED,KRW,true,3,,Tue Aug 18 2026 20:30:42 GMT+0900 (한국 표준시),Tue Aug 18 2026 20:30:42 GMT+0900 (한국 표준시)
17746,003200,,,일신방직,,KRX_KOSPI,COMMON,,,Wed May 23 1973 00:00:00 GMT+0900 (한국 표준시),,LISTED,KRW,true,3,,Tue Aug 18 2026 20:30:42 GMT+0900 (한국 표준시),Tue Aug 18 2026 20:30:42 GMT+0900 (한국 표준시)
17747,007110,,,일신석재,,KRX_KOSPI,COMMON,,,Tue Mar 04 1986 00:00:00 GMT+0900 (한국 표준시),,LISTED,KRW,true,3,,Tue Aug 18 2026 20:30:42 GMT+0900 (한국 표준시),Tue Aug 18 2026 20:30:42 GMT+0900 (한국 표준시)
17748,007575,,,일양약품우,,KRX_KOSPI,PREFERRED,,,Thu Dec 21 1989 00:00:00 GMT+0900 (한국 표준시),,LISTED,KRW,true,3,,Tue Aug 18 2026 20:30:42 GMT+0900 (한국 표준시),Tue Aug 18 2026 20:30:42 GMT+0900 (한국 표준시)
17749,007570,,,일양약품,,KRX_KOSPI,COMMON,,,Wed Aug 28 1974 00:00:00 GMT+0900 (한국 표준시),,LISTED,KRW,true,3,,Tue Aug 18 2026 20:30:42 GMT+0900 (한국 표준시),Tue Aug 18 2026 20:30:42 GMT+0900 (한국 표준시)
17750,081000,,,일진다이아,,KRX_KOSPI,COMMON,,,Wed Dec 22 2004 00:00:00 GMT+0900 (한국 표준시),,LISTED,KRW,true,3,,Tue Aug 18 2026 20:30:42 GMT+0900 (한국 표준시),Tue Aug 18 2026 20:30:42 GMT+0900 (한국 표준시)
17751,020760,,,일진디스플,,KRX_KOSPI,COMMON,,,Wed Jan 09 2002 00:00:00 GMT+0900 (한국 표준시),,LISTED,KRW,true,3,,Tue Aug 18 2026 20:30:42 GMT+0900 (한국 표준시),Tue Aug 18 2026 20:30:42 GMT+0900 (한국 표준시)
17752,103590,,,일진전기,,KRX_KOSPI,COMMON,,,Fri Aug 01 2008 00:00:00 GMT+0900 (한국 표준시),,LISTED,KRW,true,3,,Tue Aug 18 2026 20:30:42 GMT+0900 (한국 표준시),Tue Aug 18 2026 20:30:42 GMT+0900 (한국 표준시)
17753,271940,,,일진하이솔루스,,KRX_KOSPI,COMMON,,,Wed Sep 01 2021 00:00:00 GMT+0900 (한국 표준시),,LISTED,KRW,true,3,,Tue Aug 18 2026 20:30:42 GMT+0900 (한국 표준시),Tue Aug 18 2026 20:30:42 GMT+0900 (한국 표준시)
17754,015860,,,일진홀딩스,,KRX_KOSPI,COMMON,,,Thu Mar 22 1990 00:00:00 GMT+0900 (한국 표준시),,LISTED,KRW,true,3,,Tue Aug 18 2026 20:30:42 GMT+0900 (한국 표준시),Tue Aug 18 2026 20:30:42 GMT+0900 (한국 표준시)
17755,226320,,,잇츠한불,,KRX_KOSPI,COMMON,,,Mon Dec 28 2015 00:00:00 GMT+0900 (한국 표준시),,LISTED,KRW,true,3,,Tue Aug 18 2026 20:30:42 GMT+0900 (한국 표준시),Tue Aug 18 2026 20:30:42 GMT+0900 (한국 표준시)
17756,317400,,,자이에스앤디,,KRX_KOSPI,COMMON,,,Wed Nov 06 2019 00:00:00 GMT+0900 (한국 표준시),,LISTED,KRW,true,3,,Tue Aug 18 2026 20:30:42 GMT+0900 (한국 표준시),Tue Aug 18 2026 20:30:42 GMT+0900 (한국 표준시)
17757,033240,,,자화전자,,KRX_KOSPI,COMMON,,,Wed Jan 06 1999 00:00:00 GMT+0900 (한국 표준시),,LISTED,KRW,true,3,,Tue Aug 18 2026 20:30:42 GMT+0900 (한국 표준시),Tue Aug 18 2026 20:30:42 GMT+0900 (한국 표준시)
17758,000950,,,전방,,KRX_KOSPI,COMMON,,,Mon Oct 21 1968 00:00:00 GMT+0900 (한국 표준시),,LISTED,KRW,true,3,,Tue Aug 18 2026 20:30:42 GMT+0900 (한국 표준시),Tue Aug 18 2026 20:30:42 GMT+0900 (한국 표준시)
17759,079900,,,전진건설로봇,,KRX_KOSPI,COMMON,,,Mon Aug 19 2024 00:00:00 GMT+0900 (한국 표준시),,LISTED,KRW,true,3,,Tue Aug 18 2026 20:30:42 GMT+0900 (한국 표준시),Tue Aug 18 2026 20:30:42 GMT+0900 (한국 표준시)
17760,348950,,,제이알글로벌리츠,,KRX_KOSPI,COMMON,,,Fri Aug 07 2020 00:00:00 GMT+0900 (한국 표준시),,LISTED,KRW,true,3,,Tue Aug 18 2026 20:30:42 GMT+0900 (한국 표준시),Tue Aug 18 2026 20:30:42 GMT+0900 (한국 표준시)
17761,194370,,,제이에스코퍼레이션,,KRX_KOSPI,COMMON,,,Thu Feb 04 2016 00:00:00 GMT+0900 (한국 표준시),,LISTED,KRW,true,3,,Tue Aug 18 2026 20:30:42 GMT+0900 (한국 표준시),Tue Aug 18 2026 20:30:42 GMT+0900 (한국 표준시)
17762,030000,,,제일기획,,KRX_KOSPI,COMMON,,,Tue Mar 03 1998 00:00:00 GMT+0900 (한국 표준시),,LISTED,KRW,true,3,,Tue Aug 18 2026 20:30:42 GMT+0900 (한국 표준시),Tue Aug 18 2026 20:30:42 GMT+0900 (한국 표준시)
17763,271980,,,제일약품,,KRX_KOSPI,COMMON,,,Mon Jul 17 2017 00:00:00 GMT+0900 (한국 표준시),,LISTED,KRW,true,3,,Tue Aug 18 2026 20:30:42 GMT+0900 (한국 표준시),Tue Aug 18 2026 20:30:42 GMT+0900 (한국 표준시)
17764,001560,,,제일연마,,KRX_KOSPI,COMMON,,,Fri Dec 09 2005 00:00:00 GMT+0900 (한국 표준시),,LISTED,KRW,true,3,,Tue Aug 18 2026 20:30:42 GMT+0900 (한국 표준시),Tue Aug 18 2026 20:30:42 GMT+0900 (한국 표준시)
17765,002620,,,제일파마홀딩스,,KRX_KOSPI,COMMON,,,Wed Jan 20 1988 00:00:00 GMT+0900 (한국 표준시),,LISTED,KRW,true,3,,Tue Aug 18 2026 20:30:42 GMT+0900 (한국 표준시),Tue Aug 18 2026 20:30:42 GMT+0900 (한국 표준시)
17766,006220,,,제주은행,,KRX_KOSPI,COMMON,,,Thu Dec 28 1972 00:00:00 GMT+0900 (한국 표준시),,LISTED,KRW,true,3,,Tue Aug 18 2026 20:30:42 GMT+0900 (한국 표준시),Tue Aug 18 2026 20:30:42 GMT+0900 (한국 표준시)
17767,089590,,,제주항공,,KRX_KOSPI,COMMON,,,Fri Nov 06 2015 00:00:00 GMT+0900 (한국 표준시),,LISTED,KRW,true,3,,Tue Aug 18 2026 20:30:42 GMT+0900 (한국 표준시),Tue Aug 18 2026 20:30:42 GMT+0900 (한국 표준시)
17768,004910,,,조광페인트,,KRX_KOSPI,COMMON,,,Mon Dec 27 1976 00:00:00 GMT+0900 (한국 표준시),,LISTED,KRW,true,3,,Tue Aug 18 2026 20:30:42 GMT+0900 (한국 표준시),Tue Aug 18 2026 20:30:42 GMT+0900 (한국 표준시)
17769,004700,,,조광피혁,,KRX_KOSPI,COMMON,,,Fri May 27 1977 00:00:00 GMT+0900 (한국 표준시),,LISTED,KRW,true,3,,Tue Aug 18 2026 20:30:42 GMT+0900 (한국 표준시),Tue Aug 18 2026 20:30:42 GMT+0900 (한국 표준시)
17770,001550,,,조비,,KRX_KOSPI,COMMON,,,Tue Dec 28 1976 00:00:00 GMT+0900 (한국 표준시),,LISTED,KRW,true,3,,Tue Aug 18 2026 20:30:42 GMT+0900 (한국 표준시),Tue Aug 18 2026 20:30:42 GMT+0900 (한국 표준시)
17771,462520,,,조선내화,,KRX_KOSPI,COMMON,,,Fri Jul 28 2023 00:00:00 GMT+0900 (한국 표준시),,LISTED,KRW,true,3,,Tue Aug 18 2026 20:30:42 GMT+0900 (한국 표준시),Tue Aug 18 2026 20:30:42 GMT+0900 (한국 표준시)
17772,120030,,,조선선재,,KRX_KOSPI,COMMON,,,Fri Feb 19 2010 00:00:00 GMT+0900 (한국 표준시),,LISTED,KRW,true,3,,Tue Aug 18 2026 20:30:42 GMT+0900 (한국 표준시),Tue Aug 18 2026 20:30:42 GMT+0900 (한국 표준시)
17773,018470,,,조일알미늄,,KRX_KOSPI,COMMON,,,Tue Nov 22 1988 00:00:00 GMT+0900 (한국 표준시),,LISTED,KRW,true,3,,Tue Aug 18 2026 20:30:42 GMT+0900 (한국 표준시),Tue Aug 18 2026 20:30:42 GMT+0900 (한국 표준시)
17774,002600,,,조흥,,KRX_KOSPI,COMMON,,,Thu Dec 23 1976 00:00:00 GMT+0900 (한국 표준시),,LISTED,KRW,true,3,,Tue Aug 18 2026 20:30:42 GMT+0900 (한국 표준시),Tue Aug 18 2026 20:30:42 GMT+0900 (한국 표준시)
17775,063160,,,종근당바이오,,KRX_KOSPI,COMMON,,,Tue Dec 11 2001 00:00:00 GMT+0900 (한국 표준시),,LISTED,KRW,true,3,,Tue Aug 18 2026 20:30:42 GMT+0900 (한국 표준시),Tue Aug 18 2026 20:30:42 GMT+0900 (한국 표준시)
17776,185750,,,종근당,,KRX_KOSPI,COMMON,,,Fri Dec 06 2013 00:00:00 GMT+0900 (한국 표준시),,LISTED,KRW,true,3,,Tue Aug 18 2026 20:30:42 GMT+0900 (한국 표준시),Tue Aug 18 2026 20:30:42 GMT+0900 (한국 표준시)
17777,001630,,,종근당홀딩스,,KRX_KOSPI,COMMON,,,Wed Jun 30 1976 00:00:00 GMT+0900 (한국 표준시),,LISTED,KRW,true,3,,Tue Aug 18 2026 20:30:42 GMT+0900 (한국 표준시),Tue Aug 18 2026 20:30:42 GMT+0900 (한국 표준시)
17778,109070,,,주성코퍼레이션,,KRX_KOSPI,COMMON,,,Tue Mar 17 2009 00:00:00 GMT+0900 (한국 표준시),,LISTED,KRW,true,3,,Tue Aug 18 2026 20:30:42 GMT+0900 (한국 표준시),Tue Aug 18 2026 20:30:42 GMT+0900 (한국 표준시)
17779,023450,,,동남합성,,KRX_KOSPI,COMMON,,,Tue Dec 24 1996 00:00:00 GMT+0900 (한국 표준시),,LISTED,KRW,true,3,,Tue Aug 18 2026 20:30:42 GMT+0900 (한국 표준시),Tue Aug 18 2026 20:30:42 GMT+0900 (한국 표준시)
17780,002380,,,KCC,,KRX_KOSPI,COMMON,,,Mon Jun 25 1973 00:00:00 GMT+0900 (한국 표준시),,LISTED,KRW,true,3,,Tue Aug 18 2026 20:30:42 GMT+0900 (한국 표준시),Tue Aug 18 2026 20:30:42 GMT+0900 (한국 표준시)
17781,044380,,,주연테크,,KRX_KOSPI,COMMON,,,Wed Nov 15 2006 00:00:00 GMT+0900 (한국 표준시),,LISTED,KRW,true,3,,Tue Aug 18 2026 20:30:42 GMT+0900 (한국 표준시),Tue Aug 18 2026 20:30:42 GMT+0900 (한국 표준시)
17782,024110,,,기업은행,,KRX_KOSPI,COMMON,,,Wed Dec 24 2003 00:00:00 GMT+0900 (한국 표준시),,LISTED,KRW,true,3,,Tue Aug 18 2026 20:30:42 GMT+0900 (한국 표준시),Tue Aug 18 2026 20:30:42 GMT+0900 (한국 표준시)
17783,013890,,,지누스,,KRX_KOSPI,COMMON,,,Wed Oct 30 2019 00:00:00 GMT+0900 (한국 표준시),,LISTED,KRW,true,3,,Tue Aug 18 2026 20:30:42 GMT+0900 (한국 표준시),Tue Aug 18 2026 20:30:42 GMT+0900 (한국 표준시)
17784,001250,,,GS글로벌,,KRX_KOSPI,COMMON,,,Sat Jun 26 1976 00:00:00 GMT+0900 (한국 표준시),,LISTED,KRW,true,3,,Tue Aug 18 2026 20:30:42 GMT+0900 (한국 표준시),Tue Aug 18 2026 20:30:42 GMT+0900 (한국 표준시)
17785,007070,,,GS리테일,,KRX_KOSPI,COMMON,,,Fri Dec 23 2011 00:00:00 GMT+0900 (한국 표준시),,LISTED,KRW,true,3,,Tue Aug 18 2026 20:30:42 GMT+0900 (한국 표준시),Tue Aug 18 2026 20:30:42 GMT+0900 (한국 표준시)
17786,499790,,,GS피앤엘,,KRX_KOSPI,COMMON,,,Mon Dec 23 2024 00:00:00 GMT+0900 (한국 표준시),,LISTED,KRW,true,3,,Tue Aug 18 2026 20:30:42 GMT+0900 (한국 표준시),Tue Aug 18 2026 20:30:42 GMT+0900 (한국 표준시)
17787,013870,,,지엠비코리아,,KRX_KOSPI,COMMON,,,Tue Nov 20 2012 00:00:00 GMT+0900 (한국 표준시),,LISTED,KRW,true,3,,Tue Aug 18 2026 20:30:42 GMT+0900 (한국 표준시),Tue Aug 18 2026 20:30:42 GMT+0900 (한국 표준시)
17788,071320,,,지역난방공사,,KRX_KOSPI,COMMON,,,Fri Jan 29 2010 00:00:00 GMT+0900 (한국 표준시),,LISTED,KRW,true,3,,Tue Aug 18 2026 20:30:42 GMT+0900 (한국 표준시),Tue Aug 18 2026 20:30:42 GMT+0900 (한국 표준시)
17789,088790,,,진도,,KRX_KOSPI,COMMON,,,Tue Mar 28 2006 00:00:00 GMT+0900 (한국 표준시),,LISTED,KRW,true,3,,Tue Aug 18 2026 20:30:42 GMT+0900 (한국 표준시),Tue Aug 18 2026 20:30:42 GMT+0900 (한국 표준시)
17790,003780,,,진양산업,,KRX_KOSPI,COMMON,,,Tue Jun 26 1973 00:00:00 GMT+0900 (한국 표준시),,LISTED,KRW,true,3,,Tue Aug 18 2026 20:30:42 GMT+0900 (한국 표준시),Tue Aug 18 2026 20:30:42 GMT+0900 (한국 표준시)
17791,010640,,,진양폴리,,KRX_KOSPI,COMMON,,,Sat Sep 30 1989 00:00:00 GMT+0900 (한국 표준시),,LISTED,KRW,true,3,,Tue Aug 18 2026 20:30:42 GMT+0900 (한국 표준시),Tue Aug 18 2026 20:30:42 GMT+0900 (한국 표준시)
17792,100250,,,진양홀딩스,,KRX_KOSPI,COMMON,,,Fri Feb 15 2008 00:00:00 GMT+0900 (한국 표준시),,LISTED,KRW,true,3,,Tue Aug 18 2026 20:30:42 GMT+0900 (한국 표준시),Tue Aug 18 2026 20:30:42 GMT+0900 (한국 표준시)
17793,051630,,,진양화학,,KRX_KOSPI,COMMON,,,Mon Jan 29 2001 00:00:00 GMT+0900 (한국 표준시),,LISTED,KRW,true,3,,Tue Aug 18 2026 20:30:42 GMT+0900 (한국 표준시),Tue Aug 18 2026 20:30:42 GMT+0900 (한국 표준시)
17794,272450,,,진에어,,KRX_KOSPI,COMMON,,,Fri Dec 08 2017 00:00:00 GMT+0900 (한국 표준시),,LISTED,KRW,true,3,,Tue Aug 18 2026 20:30:42 GMT+0900 (한국 표준시),Tue Aug 18 2026 20:30:42 GMT+0900 (한국 표준시)
17795,011000,,,진원생명과학,,KRX_KOSPI,COMMON,,,Mon Nov 16 1987 00:00:00 GMT+0900 (한국 표준시),,LISTED,KRW,true,3,,Tue Aug 18 2026 20:30:42 GMT+0900 (한국 표준시),Tue Aug 18 2026 20:30:42 GMT+0900 (한국 표준시)
17796,002785,,,진흥기업우B,,KRX_KOSPI,PREFERRED,,,Mon Jun 16 2003 00:00:00 GMT+0900 (한국 표준시),,LISTED,KRW,true,3,,Tue Aug 18 2026 20:30:42 GMT+0900 (한국 표준시),Tue Aug 18 2026 20:30:42 GMT+0900 (한국 표준시)
17797,002787,,,진흥기업2우B,,KRX_KOSPI,PREFERRED,,,Tue Dec 05 2006 00:00:00 GMT+0900 (한국 표준시),,LISTED,KRW,true,3,,Tue Aug 18 2026 20:30:42 GMT+0900 (한국 표준시),Tue Aug 18 2026 20:30:42 GMT+0900 (한국 표준시)
17798,002780,,,진흥기업,,KRX_KOSPI,COMMON,,,Sat Jun 25 1977 00:00:00 GMT+0900 (한국 표준시),,LISTED,KRW,true,3,,Tue Aug 18 2026 20:30:42 GMT+0900 (한국 표준시),Tue Aug 18 2026 20:30:42 GMT+0900 (한국 표준시)
17799,025620,,,차AI헬스케어,,KRX_KOSPI,COMMON,,,Sat Jul 08 1995 00:00:00 GMT+0900 (한국 표준시),,LISTED,KRW,true,3,,Tue Aug 18 2026 20:30:42 GMT+0900 (한국 표준시),Tue Aug 18 2026 20:30:42 GMT+0900 (한국 표준시)
17800,009310,,,참엔지니어링,,KRX_KOSPI,COMMON,,,Thu Nov 12 1987 00:00:00 GMT+0900 (한국 표준시),,LISTED,KRW,true,3,,Tue Aug 18 2026 20:30:42 GMT+0900 (한국 표준시),Tue Aug 18 2026 20:30:42 GMT+0900 (한국 표준시)
17801,000650,,,천일고속,,KRX_KOSPI,COMMON,,,Thu Jun 23 1977 00:00:00 GMT+0900 (한국 표준시),,LISTED,KRW,true,3,,Tue Aug 18 2026 20:30:42 GMT+0900 (한국 표준시),Tue Aug 18 2026 20:30:42 GMT+0900 (한국 표준시)
17802,033250,,,체시스,,KRX_KOSPI,COMMON,,,Wed Aug 11 1999 00:00:00 GMT+0900 (한국 표준시),,LISTED,KRW,true,3,,Tue Aug 18 2026 20:30:42 GMT+0900 (한국 표준시),Tue Aug 18 2026 20:30:42 GMT+0900 (한국 표준시)
17803,323410,,,카카오뱅크,,KRX_KOSPI,COMMON,,,Fri Aug 06 2021 00:00:00 GMT+0900 (한국 표준시),,LISTED,KRW,true,3,,Tue Aug 18 2026 20:30:42 GMT+0900 (한국 표준시),Tue Aug 18 2026 20:30:42 GMT+0900 (한국 표준시)
17804,035720,,,카카오,,KRX_KOSPI,COMMON,,,Mon Jul 10 2017 00:00:00 GMT+0900 (한국 표준시),,LISTED,KRW,true,3,,Tue Aug 18 2026 20:30:42 GMT+0900 (한국 표준시),Tue Aug 18 2026 20:30:42 GMT+0900 (한국 표준시)
17805,377300,,,카카오페이,,KRX_KOSPI,COMMON,,,Wed Nov 03 2021 00:00:00 GMT+0900 (한국 표준시),,LISTED,KRW,true,3,,Tue Aug 18 2026 20:30:42 GMT+0900 (한국 표준시),Tue Aug 18 2026 20:30:42 GMT+0900 (한국 표준시)
17806,006380,,,카프로,,KRX_KOSPI,COMMON,,,Tue May 28 1974 00:00:00 GMT+0900 (한국 표준시),,LISTED,KRW,true,3,,Tue Aug 18 2026 20:30:42 GMT+0900 (한국 표준시),Tue Aug 18 2026 20:30:42 GMT+0900 (한국 표준시)
17807,279570,,,케이뱅크,,KRX_KOSPI,COMMON,,,Thu Mar 05 2026 00:00:00 GMT+0900 (한국 표준시),,LISTED,KRW,true,3,,Tue Aug 18 2026 20:30:42 GMT+0900 (한국 표준시),Tue Aug 18 2026 20:30:42 GMT+0900 (한국 표준시)
17808,415640,,,KB발해인프라,,KRX_KOSPI,COMMON,,,Fri Nov 29 2024 00:00:00 GMT+0900 (한국 표준시),,LISTED,KRW,true,3,,Tue Aug 18 2026 20:30:42 GMT+0900 (한국 표준시),Tue Aug 18 2026 20:30:42 GMT+0900 (한국 표준시)
17809,001620,,,케이비아이동국실업,,KRX_KOSPI,COMMON,,,Sat Sep 15 1990 00:00:00 GMT+0900 (한국 표준시),,LISTED,KRW,true,3,,Tue Aug 18 2026 20:30:42 GMT+0900 (한국 표준시),Tue Aug 18 2026 20:30:42 GMT+0900 (한국 표준시)
17810,008970,,,KBI동양철관,,KRX_KOSPI,COMMON,,,Sat Mar 05 1977 00:00:00 GMT+0900 (한국 표준시),,LISTED,KRW,true,3,,Tue Aug 18 2026 20:30:42 GMT+0900 (한국 표준시),Tue Aug 18 2026 20:30:42 GMT+0900 (한국 표준시)
17811,009440,,,KC그린홀딩스,,KRX_KOSPI,COMMON,,,Sat Nov 05 1994 00:00:00 GMT+0900 (한국 표준시),,LISTED,KRW,true,3,,Tue Aug 18 2026 20:30:42 GMT+0900 (한국 표준시),Tue Aug 18 2026 20:30:42 GMT+0900 (한국 표준시)
17812,029460,,,케이씨,,KRX_KOSPI,COMMON,,,Tue Nov 25 1997 00:00:00 GMT+0900 (한국 표준시),,LISTED,KRW,true,3,,Tue Aug 18 2026 20:30:42 GMT+0900 (한국 표준시),Tue Aug 18 2026 20:30:42 GMT+0900 (한국 표준시)
17813,344820,,,KCC글라스,,KRX_KOSPI,COMMON,,,Tue Jan 21 2020 00:00:00 GMT+0900 (한국 표준시),,LISTED,KRW,true,3,,Tue Aug 18 2026 20:30:42 GMT+0900 (한국 표준시),Tue Aug 18 2026 20:30:42 GMT+0900 (한국 표준시)
17814,119650,,,KC코트렐,,KRX_KOSPI,COMMON,,,Fri Jan 29 2010 00:00:00 GMT+0900 (한국 표준시),,LISTED,KRW,true,3,,Tue Aug 18 2026 20:30:42 GMT+0900 (한국 표준시),Tue Aug 18 2026 20:30:42 GMT+0900 (한국 표준시)
17815,281820,,,케이씨텍,,KRX_KOSPI,COMMON,,,Tue Dec 05 2017 00:00:00 GMT+0900 (한국 표준시),,LISTED,KRW,true,3,,Tue Aug 18 2026 20:30:42 GMT+0900 (한국 표준시),Tue Aug 18 2026 20:30:42 GMT+0900 (한국 표준시)
17816,044450,,,KSS해운,,KRX_KOSPI,COMMON,,,Fri Oct 26 2007 00:00:00 GMT+0900 (한국 표준시),,LISTED,KRW,true,3,,Tue Aug 18 2026 20:30:42 GMT+0900 (한국 표준시),Tue Aug 18 2026 20:30:42 GMT+0900 (한국 표준시)
17817,092220,,,KEC,,KRX_KOSPI,COMMON,,,Mon Oct 16 2006 00:00:00 GMT+0900 (한국 표준시),,LISTED,KRW,true,3,,Tue Aug 18 2026 20:30:42 GMT+0900 (한국 표준시),Tue Aug 18 2026 20:30:42 GMT+0900 (한국 표준시)
17818,381970,,,케이카,,KRX_KOSPI,COMMON,,,Wed Oct 13 2021 00:00:00 GMT+0900 (한국 표준시),,LISTED,KRW,true,3,,Tue Aug 18 2026 20:30:42 GMT+0900 (한국 표준시),Tue Aug 18 2026 20:30:42 GMT+0900 (한국 표준시)
17819,145270,,,케이탑리츠,,KRX_KOSPI,COMMON,,,Tue Jan 31 2012 00:00:00 GMT+0900 (한국 표준시),,LISTED,KRW,true,3,,Tue Aug 18 2026 20:30:42 GMT+0900 (한국 표준시),Tue Aug 18 2026 20:30:42 GMT+0900 (한국 표준시)
17820,030200,,,KT,,KRX_KOSPI,COMMON,,,Wed Dec 23 1998 00:00:00 GMT+0900 (한국 표준시),,LISTED,KRW,true,3,,Tue Aug 18 2026 20:30:42 GMT+0900 (한국 표준시),Tue Aug 18 2026 20:30:42 GMT+0900 (한국 표준시)
17821,053210,,,스카이라이프,,KRX_KOSPI,COMMON,,,Fri Jun 03 2011 00:00:00 GMT+0900 (한국 표준시),,LISTED,KRW,true,3,,Tue Aug 18 2026 20:30:42 GMT+0900 (한국 표준시),Tue Aug 18 2026 20:30:42 GMT+0900 (한국 표준시)
17822,058850,,,KTcs,,KRX_KOSPI,COMMON,,,Thu Sep 16 2010 00:00:00 GMT+0900 (한국 표준시),,LISTED,KRW,true,3,,Tue Aug 18 2026 20:30:42 GMT+0900 (한국 표준시),Tue Aug 18 2026 20:30:42 GMT+0900 (한국 표준시)
17823,058860,,,KTis,,KRX_KOSPI,COMMON,,,Fri Dec 17 2010 00:00:00 GMT+0900 (한국 표준시),,LISTED,KRW,true,3,,Tue Aug 18 2026 20:30:42 GMT+0900 (한국 표준시),Tue Aug 18 2026 20:30:42 GMT+0900 (한국 표준시)
17824,033780,,,KT&G,,KRX_KOSPI,COMMON,,,Fri Oct 08 1999 00:00:00 GMT+0900 (한국 표준시),,LISTED,KRW,true,3,,Tue Aug 18 2026 20:30:42 GMT+0900 (한국 표준시),Tue Aug 18 2026 20:30:42 GMT+0900 (한국 표준시)
17825,417310,,,코람코더원리츠,,KRX_KOSPI,COMMON,,,Mon Mar 28 2022 00:00:00 GMT+0900 (한국 표준시),,LISTED,KRW,true,3,,Tue Aug 18 2026 20:30:42 GMT+0900 (한국 표준시),Tue Aug 18 2026 20:30:42 GMT+0900 (한국 표준시)
17826,357120,,,코람코라이프인프라리츠,,KRX_KOSPI,COMMON,,,Mon Aug 31 2020 00:00:00 GMT+0900 (한국 표준시),,LISTED,KRW,true,3,,Tue Aug 18 2026 20:30:42 GMT+0900 (한국 표준시),Tue Aug 18 2026 20:30:42 GMT+0900 (한국 표준시)
17827,007815,,,코리아써우,,KRX_KOSPI,PREFERRED,,,Tue Jul 04 1989 00:00:00 GMT+0900 (한국 표준시),,LISTED,KRW,true,3,,Tue Aug 18 2026 20:30:42 GMT+0900 (한국 표준시),Tue Aug 18 2026 20:30:42 GMT+0900 (한국 표준시)
17828,00781K,,,코리아써키트2우B,,KRX_KOSPI,PREFERRED,,,Mon Jun 17 2013 00:00:00 GMT+0900 (한국 표준시),,LISTED,KRW,true,3,,Tue Aug 18 2026 20:30:42 GMT+0900 (한국 표준시),Tue Aug 18 2026 20:30:42 GMT+0900 (한국 표준시)
17829,007810,,,코리아써키트,,KRX_KOSPI,COMMON,,,Mon Sep 09 1985 00:00:00 GMT+0900 (한국 표준시),,LISTED,KRW,true,3,,Tue Aug 18 2026 20:30:42 GMT+0900 (한국 표준시),Tue Aug 18 2026 20:30:42 GMT+0900 (한국 표준시)
17830,003690,,,코리안리,,KRX_KOSPI,COMMON,,,Mon Dec 22 1969 00:00:00 GMT+0900 (한국 표준시),,LISTED,KRW,true,3,,Tue Aug 18 2026 20:30:42 GMT+0900 (한국 표준시),Tue Aug 18 2026 20:30:42 GMT+0900 (한국 표준시)
17831,192820,,,코스맥스,,KRX_KOSPI,COMMON,,,Mon Apr 07 2014 00:00:00 GMT+0900 (한국 표준시),,LISTED,KRW,true,3,,Tue Aug 18 2026 20:30:42 GMT+0900 (한국 표준시),Tue Aug 18 2026 20:30:42 GMT+0900 (한국 표준시)
17832,044820,,,코스맥스비티아이,,KRX_KOSPI,COMMON,,,Mon Nov 13 2006 00:00:00 GMT+0900 (한국 표준시),,LISTED,KRW,true,3,,Tue Aug 18 2026 20:30:42 GMT+0900 (한국 표준시),Tue Aug 18 2026 20:30:42 GMT+0900 (한국 표준시)
17833,005070,,,코스모신소재,,KRX_KOSPI,COMMON,,,Mon Sep 28 1987 00:00:00 GMT+1000 (한국 하계 표준시),,LISTED,KRW,true,3,,Tue Aug 18 2026 20:30:42 GMT+0900 (한국 표준시),Tue Aug 18 2026 20:30:42 GMT+0900 (한국 표준시)
17834,005420,,,코스모화학,,KRX_KOSPI,COMMON,,,Thu Jul 23 1987 00:00:00 GMT+1000 (한국 하계 표준시),,LISTED,KRW,true,3,,Tue Aug 18 2026 20:30:42 GMT+0900 (한국 표준시),Tue Aug 18 2026 20:30:42 GMT+0900 (한국 표준시)
17835,071950,,,코아스,,KRX_KOSPI,COMMON,,,Thu Aug 04 2005 00:00:00 GMT+0900 (한국 표준시),,LISTED,KRW,true,3,,Tue Aug 18 2026 20:30:42 GMT+0900 (한국 표준시),Tue Aug 18 2026 20:30:42 GMT+0900 (한국 표준시)
17836,002025,,,코오롱우,,KRX_KOSPI,PREFERRED,,,Tue Aug 22 1989 00:00:00 GMT+0900 (한국 표준시),,LISTED,KRW,true,3,,Tue Aug 18 2026 20:30:42 GMT+0900 (한국 표준시),Tue Aug 18 2026 20:30:42 GMT+0900 (한국 표준시)
17837,003075,,,코오롱글로벌우,,KRX_KOSPI,PREFERRED,,,Mon Dec 11 1989 00:00:00 GMT+0900 (한국 표준시),,LISTED,KRW,true,3,,Tue Aug 18 2026 20:30:42 GMT+0900 (한국 표준시),Tue Aug 18 2026 20:30:42 GMT+0900 (한국 표준시)
17838,003070,,,코오롱글로벌,,KRX_KOSPI,COMMON,,,Fri Sep 15 1978 00:00:00 GMT+0900 (한국 표준시),,LISTED,KRW,true,3,,Tue Aug 18 2026 20:30:42 GMT+0900 (한국 표준시),Tue Aug 18 2026 20:30:42 GMT+0900 (한국 표준시)
17839,002020,,,코오롱,,KRX_KOSPI,COMMON,,,Mon Jun 23 1975 00:00:00 GMT+0900 (한국 표준시),,LISTED,KRW,true,3,,Tue Aug 18 2026 20:30:42 GMT+0900 (한국 표준시),Tue Aug 18 2026 20:30:42 GMT+0900 (한국 표준시)
17840,120115,,,코오롱인더우,,KRX_KOSPI,PREFERRED,,,Mon Feb 01 2010 00:00:00 GMT+0900 (한국 표준시),,LISTED,KRW,true,3,,Tue Aug 18 2026 20:30:42 GMT+0900 (한국 표준시),Tue Aug 18 2026 20:30:42 GMT+0900 (한국 표준시)
17841,120110,,,코오롱인더,,KRX_KOSPI,COMMON,,,Mon Feb 01 2010 00:00:00 GMT+0900 (한국 표준시),,LISTED,KRW,true,3,,Tue Aug 18 2026 20:30:42 GMT+0900 (한국 표준시),Tue Aug 18 2026 20:30:42 GMT+0900 (한국 표준시)
17842,021240,,,코웨이,,KRX_KOSPI,COMMON,,,Tue Aug 07 2001 00:00:00 GMT+0900 (한국 표준시),,LISTED,KRW,true,3,,Tue Aug 18 2026 20:30:42 GMT+0900 (한국 표준시),Tue Aug 18 2026 20:30:42 GMT+0900 (한국 표준시)
17843,036420,,,콘텐트리중앙,,KRX_KOSPI,COMMON,,,Fri Oct 18 2019 00:00:00 GMT+0900 (한국 표준시),,LISTED,KRW,true,3,,Tue Aug 18 2026 20:30:42 GMT+0900 (한국 표준시),Tue Aug 18 2026 20:30:42 GMT+0900 (한국 표준시)
17844,024720,,,콜마홀딩스,,KRX_KOSPI,COMMON,,,Tue Apr 09 2002 00:00:00 GMT+0900 (한국 표준시),,LISTED,KRW,true,3,,Tue Aug 18 2026 20:30:42 GMT+0900 (한국 표준시),Tue Aug 18 2026 20:30:42 GMT+0900 (한국 표준시)
17845,192400,,,쿠쿠홀딩스,,KRX_KOSPI,COMMON,,,Wed Aug 06 2014 00:00:00 GMT+0900 (한국 표준시),,LISTED,KRW,true,3,,Tue Aug 18 2026 20:30:42 GMT+0900 (한국 표준시),Tue Aug 18 2026 20:30:42 GMT+0900 (한국 표준시)
17846,284740,,,쿠쿠홈시스,,KRX_KOSPI,COMMON,,,Thu Jan 11 2018 00:00:00 GMT+0900 (한국 표준시),,LISTED,KRW,true,3,,Tue Aug 18 2026 20:30:42 GMT+0900 (한국 표준시),Tue Aug 18 2026 20:30:42 GMT+0900 (한국 표준시)
17847,26490K,,,크라운제과우,,KRX_KOSPI,PREFERRED,,,Tue Apr 11 2017 00:00:00 GMT+0900 (한국 표준시),,LISTED,KRW,true,3,,Tue Aug 18 2026 20:30:42 GMT+0900 (한국 표준시),Tue Aug 18 2026 20:30:42 GMT+0900 (한국 표준시)
17848,264900,,,크라운제과,,KRX_KOSPI,COMMON,,,Tue Apr 11 2017 00:00:00 GMT+0900 (한국 표준시),,LISTED,KRW,true,3,,Tue Aug 18 2026 20:30:42 GMT+0900 (한국 표준시),Tue Aug 18 2026 20:30:42 GMT+0900 (한국 표준시)
17849,005745,,,크라운해태홀딩스우,,KRX_KOSPI,PREFERRED,,,Tue Nov 22 1994 00:00:00 GMT+0900 (한국 표준시),,LISTED,KRW,true,3,,Tue Aug 18 2026 20:30:42 GMT+0900 (한국 표준시),Tue Aug 18 2026 20:30:42 GMT+0900 (한국 표준시)
17850,005740,,,크라운해태홀딩스,,KRX_KOSPI,COMMON,,,Wed Jun 30 1976 00:00:00 GMT+0900 (한국 표준시),,LISTED,KRW,true,3,,Tue Aug 18 2026 20:30:42 GMT+0900 (한국 표준시),Tue Aug 18 2026 20:30:42 GMT+0900 (한국 표준시)
17851,259960,,,크래프톤,,KRX_KOSPI,COMMON,,,Tue Aug 10 2021 00:00:00 GMT+0900 (한국 표준시),,LISTED,KRW,true,3,,Tue Aug 18 2026 20:30:42 GMT+0900 (한국 표준시),Tue Aug 18 2026 20:30:42 GMT+0900 (한국 표준시)
17852,020120,,,키다리스튜디오,,KRX_KOSPI,COMMON,,,Wed Jul 03 1996 00:00:00 GMT+0900 (한국 표준시),,LISTED,KRW,true,3,,Tue Aug 18 2026 20:30:42 GMT+0900 (한국 표준시),Tue Aug 18 2026 20:30:42 GMT+0900 (한국 표준시)
17853,039490,,,키움증권,,KRX_KOSPI,COMMON,,,Mon Aug 03 2009 00:00:00 GMT+0900 (한국 표준시),,LISTED,KRW,true,3,,Tue Aug 18 2026 20:30:42 GMT+0900 (한국 표준시),Tue Aug 18 2026 20:30:42 GMT+0900 (한국 표준시)
17854,014580,,,태경비케이,,KRX_KOSPI,COMMON,,,Thu Mar 07 1991 00:00:00 GMT+0900 (한국 표준시),,LISTED,KRW,true,3,,Tue Aug 18 2026 20:30:42 GMT+0900 (한국 표준시),Tue Aug 18 2026 20:30:42 GMT+0900 (한국 표준시)
17855,015890,,,태경산업,,KRX_KOSPI,COMMON,,,Tue Jan 30 1996 00:00:00 GMT+0900 (한국 표준시),,LISTED,KRW,true,3,,Tue Aug 18 2026 20:30:42 GMT+0900 (한국 표준시),Tue Aug 18 2026 20:30:42 GMT+0900 (한국 표준시)
17856,006890,,,태경케미컬,,KRX_KOSPI,COMMON,,,Tue Jan 28 2003 00:00:00 GMT+0900 (한국 표준시),,LISTED,KRW,true,3,,Tue Aug 18 2026 20:30:42 GMT+0900 (한국 표준시),Tue Aug 18 2026 20:30:42 GMT+0900 (한국 표준시)
17857,003240,,,태광산업,,KRX_KOSPI,COMMON,,,Sat Dec 27 1975 00:00:00 GMT+0900 (한국 표준시),,LISTED,KRW,true,3,,Tue Aug 18 2026 20:30:42 GMT+0900 (한국 표준시),Tue Aug 18 2026 20:30:42 GMT+0900 (한국 표준시)
17858,011280,,,태림포장,,KRX_KOSPI,COMMON,,,Tue Dec 20 1988 00:00:00 GMT+0900 (한국 표준시),,LISTED,KRW,true,3,,Tue Aug 18 2026 20:30:42 GMT+0900 (한국 표준시),Tue Aug 18 2026 20:30:42 GMT+0900 (한국 표준시)
17859,004105,,,태양금속우,,KRX_KOSPI,PREFERRED,,,Mon Jan 08 1990 00:00:00 GMT+0900 (한국 표준시),,LISTED,KRW,true,3,,Tue Aug 18 2026 20:30:42 GMT+0900 (한국 표준시),Tue Aug 18 2026 20:30:42 GMT+0900 (한국 표준시)
17860,004100,,,태양금속,,KRX_KOSPI,COMMON,,,Tue May 25 1976 00:00:00 GMT+0900 (한국 표준시),,LISTED,KRW,true,3,,Tue Aug 18 2026 20:30:42 GMT+0900 (한국 표준시),Tue Aug 18 2026 20:30:42 GMT+0900 (한국 표준시)
17861,009410,,,태영건설,,KRX_KOSPI,COMMON,,,Mon Nov 13 1989 00:00:00 GMT+0900 (한국 표준시),,LISTED,KRW,true,3,,Tue Aug 18 2026 20:30:42 GMT+0900 (한국 표준시),Tue Aug 18 2026 20:30:42 GMT+0900 (한국 표준시)
17862,009415,,,태영건설우,,KRX_KOSPI,PREFERRED,,,Tue Nov 22 1994 00:00:00 GMT+0900 (한국 표준시),,LISTED,KRW,true,3,,Tue Aug 18 2026 20:30:42 GMT+0900 (한국 표준시),Tue Aug 18 2026 20:30:42 GMT+0900 (한국 표준시)
17863,001420,,,태원물산,,KRX_KOSPI,COMMON,,,Tue Jun 24 1975 00:00:00 GMT+0900 (한국 표준시),,LISTED,KRW,true,3,,Tue Aug 18 2026 20:30:42 GMT+0900 (한국 표준시),Tue Aug 18 2026 20:30:42 GMT+0900 (한국 표준시)
17864,055490,,,테이팩스,,KRX_KOSPI,COMMON,,,Tue Oct 31 2017 00:00:00 GMT+0900 (한국 표준시),,LISTED,KRW,true,3,,Tue Aug 18 2026 20:30:42 GMT+0900 (한국 표준시),Tue Aug 18 2026 20:30:42 GMT+0900 (한국 표준시)
17865,078000,,,텔코웨어,,KRX_KOSPI,COMMON,,,Tue Jul 20 2004 00:00:00 GMT+0900 (한국 표준시),,LISTED,KRW,true,3,,Tue Aug 18 2026 20:30:42 GMT+0900 (한국 표준시),Tue Aug 18 2026 20:30:42 GMT+0900 (한국 표준시)
17866,214420,,,토니모리,,KRX_KOSPI,COMMON,,,Fri Jul 10 2015 00:00:00 GMT+0900 (한국 표준시),,LISTED,KRW,true,3,,Tue Aug 18 2026 20:30:42 GMT+0900 (한국 표준시),Tue Aug 18 2026 20:30:42 GMT+0900 (한국 표준시)
17867,091810,,,트리니티항공,,KRX_KOSPI,COMMON,,,Wed Aug 01 2018 00:00:00 GMT+0900 (한국 표준시),,LISTED,KRW,true,3,,Tue Aug 18 2026 20:30:42 GMT+0900 (한국 표준시),Tue Aug 18 2026 20:30:42 GMT+0900 (한국 표준시)
17868,019180,,,티에이치엔,,KRX_KOSPI,COMMON,,,Wed Jul 31 1996 00:00:00 GMT+0900 (한국 표준시),,LISTED,KRW,true,3,,Tue Aug 18 2026 20:30:42 GMT+0900 (한국 표준시),Tue Aug 18 2026 20:30:42 GMT+0900 (한국 표준시)
17869,217590,,,티엠씨,,KRX_KOSPI,COMMON,,,Mon Dec 15 2025 00:00:00 GMT+0900 (한국 표준시),,LISTED,KRW,true,3,,Tue Aug 18 2026 20:30:42 GMT+0900 (한국 표준시),Tue Aug 18 2026 20:30:42 GMT+0900 (한국 표준시)
17870,002900,,,TYM,,KRX_KOSPI,COMMON,,,Tue Jun 26 1973 00:00:00 GMT+0900 (한국 표준시),,LISTED,KRW,true,3,,Tue Aug 18 2026 20:30:42 GMT+0900 (한국 표준시),Tue Aug 18 2026 20:30:42 GMT+0900 (한국 표준시)
17871,36328K,,,티와이홀딩스우,,KRX_KOSPI,PREFERRED,,,Tue Sep 22 2020 00:00:00 GMT+0900 (한국 표준시),,LISTED,KRW,true,3,,Tue Aug 18 2026 20:30:42 GMT+0900 (한국 표준시),Tue Aug 18 2026 20:30:42 GMT+0900 (한국 표준시)
17872,363280,,,티와이홀딩스,,KRX_KOSPI,COMMON,,,Tue Sep 22 2020 00:00:00 GMT+0900 (한국 표준시),,LISTED,KRW,true,3,,Tue Aug 18 2026 20:30:42 GMT+0900 (한국 표준시),Tue Aug 18 2026 20:30:42 GMT+0900 (한국 표준시)
17873,004870,,,티웨이홀딩스,,KRX_KOSPI,COMMON,,,Thu Jun 30 1977 00:00:00 GMT+0900 (한국 표준시),,LISTED,KRW,true,3,,Tue Aug 18 2026 20:30:42 GMT+0900 (한국 표준시),Tue Aug 18 2026 20:30:42 GMT+0900 (한국 표준시)
17874,069260,,,TKG휴켐스,,KRX_KOSPI,COMMON,,,Mon Oct 07 2002 00:00:00 GMT+0900 (한국 표준시),,LISTED,KRW,true,3,,Tue Aug 18 2026 20:30:42 GMT+0900 (한국 표준시),Tue Aug 18 2026 20:30:42 GMT+0900 (한국 표준시)
17875,007980,,,TP,,KRX_KOSPI,COMMON,,,Tue Dec 27 1994 00:00:00 GMT+0900 (한국 표준시),,LISTED,KRW,true,3,,Tue Aug 18 2026 20:30:42 GMT+0900 (한국 표준시),Tue Aug 18 2026 20:30:42 GMT+0900 (한국 표준시)
17876,034230,,,파라다이스,,KRX_KOSPI,COMMON,,,Mon Jun 24 2024 00:00:00 GMT+0900 (한국 표준시),,LISTED,KRW,true,3,,Tue Aug 18 2026 20:30:42 GMT+0900 (한국 표준시),Tue Aug 18 2026 20:30:42 GMT+0900 (한국 표준시)
17877,005690,,,파미셀,,KRX_KOSPI,COMMON,,,Fri May 20 1988 00:00:00 GMT+1000 (한국 하계 표준시),,LISTED,KRW,true,3,,Tue Aug 18 2026 20:30:42 GMT+0900 (한국 표준시),Tue Aug 18 2026 20:30:42 GMT+0900 (한국 표준시)
17878,036580,,,팜스코,,KRX_KOSPI,COMMON,,,Mon Oct 25 1999 00:00:00 GMT+0900 (한국 표준시),,LISTED,KRW,true,3,,Tue Aug 18 2026 20:30:42 GMT+0900 (한국 표준시),Tue Aug 18 2026 20:30:42 GMT+0900 (한국 표준시)
17879,004720,,,팜젠사이언스,,KRX_KOSPI,COMMON,,,Fri Jun 15 1990 00:00:00 GMT+0900 (한국 표준시),,LISTED,KRW,true,3,,Tue Aug 18 2026 20:30:42 GMT+0900 (한국 표준시),Tue Aug 18 2026 20:30:42 GMT+0900 (한국 표준시)
17880,028670,,,팬오션,,KRX_KOSPI,COMMON,,,Fri Sep 21 2007 00:00:00 GMT+0900 (한국 표준시),,LISTED,KRW,true,3,,Tue Aug 18 2026 20:30:42 GMT+0900 (한국 표준시),Tue Aug 18 2026 20:30:42 GMT+0900 (한국 표준시)
17881,010820,,,퍼스텍,,KRX_KOSPI,COMMON,,,Wed May 10 1989 00:00:00 GMT+0900 (한국 표준시),,LISTED,KRW,true,3,,Tue Aug 18 2026 20:30:42 GMT+0900 (한국 표준시),Tue Aug 18 2026 20:30:42 GMT+0900 (한국 표준시)
17882,016800,,,퍼시스,,KRX_KOSPI,COMMON,,,Tue Dec 24 1996 00:00:00 GMT+0900 (한국 표준시),,LISTED,KRW,true,3,,Tue Aug 18 2026 20:30:42 GMT+0900 (한국 표준시),Tue Aug 18 2026 20:30:42 GMT+0900 (한국 표준시)
17883,001020,,,페이퍼코리아,,KRX_KOSPI,COMMON,,,Sat Jun 26 1976 00:00:00 GMT+0900 (한국 표준시),,LISTED,KRW,true,3,,Tue Aug 18 2026 20:30:42 GMT+0900 (한국 표준시),Tue Aug 18 2026 20:30:42 GMT+0900 (한국 표준시)
17884,090080,,,평화산업,,KRX_KOSPI,COMMON,,,Fri Jun 02 2006 00:00:00 GMT+0900 (한국 표준시),,LISTED,KRW,true,3,,Tue Aug 18 2026 20:30:42 GMT+0900 (한국 표준시),Tue Aug 18 2026 20:30:42 GMT+0900 (한국 표준시)
17885,010770,,,평화홀딩스,,KRX_KOSPI,COMMON,,,Mon Mar 31 1986 00:00:00 GMT+0900 (한국 표준시),,LISTED,KRW,true,3,,Tue Aug 18 2026 20:30:42 GMT+0900 (한국 표준시),Tue Aug 18 2026 20:30:42 GMT+0900 (한국 표준시)
17886,022100,,,포스코DX,,KRX_KOSPI,COMMON,,,Tue Jan 02 2024 00:00:00 GMT+0900 (한국 표준시),,LISTED,KRW,true,3,,Tue Aug 18 2026 20:30:42 GMT+0900 (한국 표준시),Tue Aug 18 2026 20:30:42 GMT+0900 (한국 표준시)
17887,058430,,,포스코스틸리온,,KRX_KOSPI,COMMON,,,Fri Aug 16 2002 00:00:00 GMT+0900 (한국 표준시),,LISTED,KRW,true,3,,Tue Aug 18 2026 20:30:42 GMT+0900 (한국 표준시),Tue Aug 18 2026 20:30:42 GMT+0900 (한국 표준시)
17888,047050,,,포스코인터내셔널,,KRX_KOSPI,COMMON,,,Fri Mar 23 2001 00:00:00 GMT+0900 (한국 표준시),,LISTED,KRW,true,3,,Tue Aug 18 2026 20:30:42 GMT+0900 (한국 표준시),Tue Aug 18 2026 20:30:42 GMT+0900 (한국 표준시)
17889,003670,,,포스코퓨처엠,,KRX_KOSPI,COMMON,,,Wed May 29 2019 00:00:00 GMT+0900 (한국 표준시),,LISTED,KRW,true,3,,Tue Aug 18 2026 20:30:42 GMT+0900 (한국 표준시),Tue Aug 18 2026 20:30:42 GMT+0900 (한국 표준시)
17890,005490,,,POSCO홀딩스,,KRX_KOSPI,COMMON,,,Fri Jun 10 1988 00:00:00 GMT+1000 (한국 하계 표준시),,LISTED,KRW,true,3,,Tue Aug 18 2026 20:30:42 GMT+0900 (한국 표준시),Tue Aug 18 2026 20:30:42 GMT+0900 (한국 표준시)
17891,017810,,,풀무원,,KRX_KOSPI,COMMON,,,Thu Oct 05 1995 00:00:00 GMT+0900 (한국 표준시),,LISTED,KRW,true,3,,Tue Aug 18 2026 20:30:42 GMT+0900 (한국 표준시),Tue Aug 18 2026 20:30:42 GMT+0900 (한국 표준시)
17892,103140,,,풍산,,KRX_KOSPI,COMMON,,,Wed Jul 30 2008 00:00:00 GMT+0900 (한국 표준시),,LISTED,KRW,true,3,,Tue Aug 18 2026 20:30:42 GMT+0900 (한국 표준시),Tue Aug 18 2026 20:30:42 GMT+0900 (한국 표준시)
17893,005810,,,풍산홀딩스,,KRX_KOSPI,COMMON,,,Thu Jul 28 1988 00:00:00 GMT+1000 (한국 하계 표준시),,LISTED,KRW,true,3,,Tue Aug 18 2026 20:30:42 GMT+0900 (한국 표준시),Tue Aug 18 2026 20:30:42 GMT+0900 (한국 표준시)
17894,950210,,,프레스티지바이오파마,,KRX_KOSPI,COMMON,,,Fri Feb 05 2021 00:00:00 GMT+0900 (한국 표준시),,LISTED,KRW,true,3,,Tue Aug 18 2026 20:30:42 GMT+0900 (한국 표준시),Tue Aug 18 2026 20:30:42 GMT+0900 (한국 표준시)
17895,006490,,,프리티,,KRX_KOSPI,COMMON,,,Thu Jan 17 1985 00:00:00 GMT+0900 (한국 표준시),,LISTED,KRW,true,3,,Tue Aug 18 2026 20:30:42 GMT+0900 (한국 표준시),Tue Aug 18 2026 20:30:42 GMT+0900 (한국 표준시)
17896,009810,,,플레이그램,,KRX_KOSPI,COMMON,,,Wed Aug 31 1988 00:00:00 GMT+1000 (한국 하계 표준시),,LISTED,KRW,true,3,,Tue Aug 18 2026 20:30:42 GMT+0900 (한국 표준시),Tue Aug 18 2026 20:30:42 GMT+0900 (한국 표준시)
17897,178920,,,PI첨단소재,,KRX_KOSPI,COMMON,,,Mon Aug 09 2021 00:00:00 GMT+0900 (한국 표준시),,LISTED,KRW,true,3,,Tue Aug 18 2026 20:30:42 GMT+0900 (한국 표준시),Tue Aug 18 2026 20:30:42 GMT+0900 (한국 표준시)
17898,001340,,,PKC,,KRX_KOSPI,COMMON,,,Thu Jun 10 1976 00:00:00 GMT+0900 (한국 표준시),,LISTED,KRW,true,3,,Tue Aug 18 2026 20:30:42 GMT+0900 (한국 표준시),Tue Aug 18 2026 20:30:42 GMT+0900 (한국 표준시)
17899,086790,,,하나금융지주,,KRX_KOSPI,COMMON,,,Mon Dec 12 2005 00:00:00 GMT+0900 (한국 표준시),,LISTED,KRW,true,3,,Tue Aug 18 2026 20:30:42 GMT+0900 (한국 표준시),Tue Aug 18 2026 20:30:42 GMT+0900 (한국 표준시)
17900,293480,,,하나제약,,KRX_KOSPI,COMMON,,,Tue Oct 02 2018 00:00:00 GMT+0900 (한국 표준시),,LISTED,KRW,true,3,,Tue Aug 18 2026 20:30:42 GMT+0900 (한국 표준시),Tue Aug 18 2026 20:30:42 GMT+0900 (한국 표준시)
17901,039130,,,하나투어,,KRX_KOSPI,COMMON,,,Tue Nov 01 2011 00:00:00 GMT+0900 (한국 표준시),,LISTED,KRW,true,3,,Tue Aug 18 2026 20:30:42 GMT+0900 (한국 표준시),Tue Aug 18 2026 20:30:42 GMT+0900 (한국 표준시)
17902,352820,,,하이브,,KRX_KOSPI,COMMON,,,Thu Oct 15 2020 00:00:00 GMT+0900 (한국 표준시),,LISTED,KRW,true,3,,Tue Aug 18 2026 20:30:42 GMT+0900 (한국 표준시),Tue Aug 18 2026 20:30:42 GMT+0900 (한국 표준시)
17903,071090,,,하이스틸,,KRX_KOSPI,COMMON,,,Mon Feb 17 2003 00:00:00 GMT+0900 (한국 표준시),,LISTED,KRW,true,3,,Tue Aug 18 2026 20:30:42 GMT+0900 (한국 표준시),Tue Aug 18 2026 20:30:42 GMT+0900 (한국 표준시)
17904,000087,,,하이트진로2우B,,KRX_KOSPI,PREFERRED,,,Mon Sep 26 2011 00:00:00 GMT+0900 (한국 표준시),,LISTED,KRW,true,3,,Tue Aug 18 2026 20:30:42 GMT+0900 (한국 표준시),Tue Aug 18 2026 20:30:42 GMT+0900 (한국 표준시)
17905,000080,,,하이트진로,,KRX_KOSPI,COMMON,,,Mon Oct 19 2009 00:00:00 GMT+0900 (한국 표준시),,LISTED,KRW,true,3,,Tue Aug 18 2026 20:30:42 GMT+0900 (한국 표준시),Tue Aug 18 2026 20:30:42 GMT+0900 (한국 표준시)
17906,000145,,,하이트진로홀딩스우,,KRX_KOSPI,PREFERRED,,,Tue Sep 29 1987 00:00:00 GMT+1000 (한국 하계 표준시),,LISTED,KRW,true,3,,Tue Aug 18 2026 20:30:42 GMT+0900 (한국 표준시),Tue Aug 18 2026 20:30:42 GMT+0900 (한국 표준시)
17907,000140,,,하이트진로홀딩스,,KRX_KOSPI,COMMON,,,Wed Sep 19 1973 00:00:00 GMT+0900 (한국 표준시),,LISTED,KRW,true,3,,Tue Aug 18 2026 20:30:42 GMT+0900 (한국 표준시),Tue Aug 18 2026 20:30:42 GMT+0900 (한국 표준시)
17908,036460,,,한국가스공사,,KRX_KOSPI,COMMON,,,Wed Dec 15 1999 00:00:00 GMT+0900 (한국 표준시),,LISTED,KRW,true,3,,Tue Aug 18 2026 20:30:42 GMT+0900 (한국 표준시),Tue Aug 18 2026 20:30:42 GMT+0900 (한국 표준시)
17909,005430,,,한국공항,,KRX_KOSPI,COMMON,,,Tue Dec 28 1976 00:00:00 GMT+0900 (한국 표준시),,LISTED,KRW,true,3,,Tue Aug 18 2026 20:30:42 GMT+0900 (한국 표준시),Tue Aug 18 2026 20:30:42 GMT+0900 (한국 표준시)
17910,010040,,,한국내화,,KRX_KOSPI,COMMON,,,Mon Oct 16 2000 00:00:00 GMT+0900 (한국 표준시),,LISTED,KRW,true,3,,Tue Aug 18 2026 20:30:42 GMT+0900 (한국 표준시),Tue Aug 18 2026 20:30:42 GMT+0900 (한국 표준시)
17911,025540,,,한국단자,,KRX_KOSPI,COMMON,,,Wed Oct 16 1996 00:00:00 GMT+0900 (한국 표준시),,LISTED,KRW,true,3,,Tue Aug 18 2026 20:30:42 GMT+0900 (한국 표준시),Tue Aug 18 2026 20:30:42 GMT+0900 (한국 표준시)
17912,010100,,,한국무브넥스,,KRX_KOSPI,COMMON,,,Fri Oct 02 1987 00:00:00 GMT+1000 (한국 하계 표준시),,LISTED,KRW,true,3,,Tue Aug 18 2026 20:30:42 GMT+0900 (한국 표준시),Tue Aug 18 2026 20:30:42 GMT+0900 (한국 표준시)
17913,004090,,,한국석유,,KRX_KOSPI,COMMON,,,Sat Jun 25 1977 00:00:00 GMT+0900 (한국 표준시),,LISTED,KRW,true,3,,Tue Aug 18 2026 20:30:42 GMT+0900 (한국 표준시),Tue Aug 18 2026 20:30:42 GMT+0900 (한국 표준시)
17914,002200,,,한국수출포장,,KRX_KOSPI,COMMON,,,Fri Jun 28 1974 00:00:00 GMT+0900 (한국 표준시),,LISTED,KRW,true,3,,Tue Aug 18 2026 20:30:42 GMT+0900 (한국 표준시),Tue Aug 18 2026 20:30:42 GMT+0900 (한국 표준시)
17915,002960,,,한국쉘석유,,KRX_KOSPI,COMMON,,,Wed Aug 10 1988 00:00:00 GMT+1000 (한국 하계 표준시),,LISTED,KRW,true,3,,Tue Aug 18 2026 20:30:42 GMT+0900 (한국 표준시),Tue Aug 18 2026 20:30:42 GMT+0900 (한국 표준시)
17916,000240,,,한국앤컴퍼니,,KRX_KOSPI,COMMON,,,Fri Dec 27 1968 00:00:00 GMT+0900 (한국 표준시),,LISTED,KRW,true,3,,Tue Aug 18 2026 20:30:42 GMT+0900 (한국 표준시),Tue Aug 18 2026 20:30:42 GMT+0900 (한국 표준시)
17917,033270,,,유나이티드제약,,KRX_KOSPI,COMMON,,,Tue Oct 23 2007 00:00:00 GMT+0900 (한국 표준시),,LISTED,KRW,true,3,,Tue Aug 18 2026 20:30:42 GMT+0900 (한국 표준시),Tue Aug 18 2026 20:30:42 GMT+0900 (한국 표준시)
17918,123890,,,한국자산신탁,,KRX_KOSPI,COMMON,,,Wed Jul 13 2016 00:00:00 GMT+0900 (한국 표준시),,LISTED,KRW,true,3,,Tue Aug 18 2026 20:30:42 GMT+0900 (한국 표준시),Tue Aug 18 2026 20:30:42 GMT+0900 (한국 표준시)
17919,015760,,,한국전력,,KRX_KOSPI,COMMON,,,Thu Aug 10 1989 00:00:00 GMT+0900 (한국 표준시),,LISTED,KRW,true,3,,Tue Aug 18 2026 20:30:42 GMT+0900 (한국 표준시),Tue Aug 18 2026 20:30:42 GMT+0900 (한국 표준시)
17920,052690,,,한전기술,,KRX_KOSPI,COMMON,,,Mon Dec 14 2009 00:00:00 GMT+0900 (한국 표준시),,LISTED,KRW,true,3,,Tue Aug 18 2026 20:30:42 GMT+0900 (한국 표준시),Tue Aug 18 2026 20:30:42 GMT+0900 (한국 표준시)
17921,006200,,,한국전자홀딩스,,KRX_KOSPI,COMMON,,,Fri Nov 30 1979 00:00:00 GMT+0900 (한국 표준시),,LISTED,KRW,true,3,,Tue Aug 18 2026 20:30:42 GMT+0900 (한국 표준시),Tue Aug 18 2026 20:30:42 GMT+0900 (한국 표준시)
17922,027970,,,한국제지,,KRX_KOSPI,COMMON,,,Wed Jul 03 1996 00:00:00 GMT+0900 (한국 표준시),,LISTED,KRW,true,3,,Tue Aug 18 2026 20:30:42 GMT+0900 (한국 표준시),Tue Aug 18 2026 20:30:42 GMT+0900 (한국 표준시)
17923,023350,,,한국종합기술,,KRX_KOSPI,COMMON,,,Thu Apr 28 2011 00:00:00 GMT+0900 (한국 표준시),,LISTED,KRW,true,3,,Tue Aug 18 2026 20:30:42 GMT+0900 (한국 표준시),Tue Aug 18 2026 20:30:42 GMT+0900 (한국 표준시)
17924,025890,,,한국주강,,KRX_KOSPI,COMMON,,,Fri Jul 18 1997 00:00:00 GMT+0900 (한국 표준시),,LISTED,KRW,true,3,,Tue Aug 18 2026 20:30:42 GMT+0900 (한국 표준시),Tue Aug 18 2026 20:30:42 GMT+0900 (한국 표준시)
17925,000970,,,한국주철관,,KRX_KOSPI,COMMON,,,Fri Dec 12 1969 00:00:00 GMT+0900 (한국 표준시),,LISTED,KRW,true,3,,Tue Aug 18 2026 20:30:42 GMT+0900 (한국 표준시),Tue Aug 18 2026 20:30:42 GMT+0900 (한국 표준시)
17926,104700,,,한국철강,,KRX_KOSPI,COMMON,,,Mon Sep 29 2008 00:00:00 GMT+0900 (한국 표준시),,LISTED,KRW,true,3,,Tue Aug 18 2026 20:30:42 GMT+0900 (한국 표준시),Tue Aug 18 2026 20:30:42 GMT+0900 (한국 표준시)
17927,017960,,,한국카본,,KRX_KOSPI,COMMON,,,Sat Jul 08 1995 00:00:00 GMT+0900 (한국 표준시),,LISTED,KRW,true,3,,Tue Aug 18 2026 20:30:42 GMT+0900 (한국 표준시),Tue Aug 18 2026 20:30:42 GMT+0900 (한국 표준시)
17928,161890,,,한국콜마,,KRX_KOSPI,COMMON,,,Fri Oct 19 2012 00:00:00 GMT+0900 (한국 표준시),,LISTED,KRW,true,3,,Tue Aug 18 2026 20:30:42 GMT+0900 (한국 표준시),Tue Aug 18 2026 20:30:42 GMT+0900 (한국 표준시)
17929,161390,,,한국타이어앤테크놀로지,,KRX_KOSPI,COMMON,,,Thu Oct 04 2012 00:00:00 GMT+0900 (한국 표준시),,LISTED,KRW,true,3,,Tue Aug 18 2026 20:30:42 GMT+0900 (한국 표준시),Tue Aug 18 2026 20:30:42 GMT+0900 (한국 표준시)
17930,034830,,,한국토지신탁,,KRX_KOSPI,COMMON,,,Mon Jul 11 2016 00:00:00 GMT+0900 (한국 표준시),,LISTED,KRW,true,3,,Tue Aug 18 2026 20:30:42 GMT+0900 (한국 표준시),Tue Aug 18 2026 20:30:42 GMT+0900 (한국 표준시)
17931,071055,,,한국금융지주우,,KRX_KOSPI,PREFERRED,,,Mon Jul 21 2003 00:00:00 GMT+0900 (한국 표준시),,LISTED,KRW,true,3,,Tue Aug 18 2026 20:30:42 GMT+0900 (한국 표준시),Tue Aug 18 2026 20:30:42 GMT+0900 (한국 표준시)
17932,071050,,,한국금융지주,,KRX_KOSPI,COMMON,,,Mon Jul 21 2003 00:00:00 GMT+0900 (한국 표준시),,LISTED,KRW,true,3,,Tue Aug 18 2026 20:30:42 GMT+0900 (한국 표준시),Tue Aug 18 2026 20:30:42 GMT+0900 (한국 표준시)
17933,007280,,,한국특강,,KRX_KOSPI,COMMON,,,Mon Nov 13 1989 00:00:00 GMT+0900 (한국 표준시),,LISTED,KRW,true,3,,Tue Aug 18 2026 20:30:42 GMT+0900 (한국 표준시),Tue Aug 18 2026 20:30:42 GMT+0900 (한국 표준시)
17934,047810,,,한국항공우주,,KRX_KOSPI,COMMON,,,Thu Jun 30 2011 00:00:00 GMT+0900 (한국 표준시),,LISTED,KRW,true,3,,Tue Aug 18 2026 20:30:42 GMT+0900 (한국 표준시),Tue Aug 18 2026 20:30:42 GMT+0900 (한국 표준시)
17935,123690,,,한국화장품,,KRX_KOSPI,COMMON,,,Tue Jun 01 2010 00:00:00 GMT+0900 (한국 표준시),,LISTED,KRW,true,3,,Tue Aug 18 2026 20:30:42 GMT+0900 (한국 표준시),Tue Aug 18 2026 20:30:42 GMT+0900 (한국 표준시)
17936,003350,,,한국화장품제조,,KRX_KOSPI,COMMON,,,Mon Feb 06 1978 00:00:00 GMT+0900 (한국 표준시),,LISTED,KRW,true,3,,Tue Aug 18 2026 20:30:42 GMT+0900 (한국 표준시),Tue Aug 18 2026 20:30:42 GMT+0900 (한국 표준시)
17937,011500,,,한농화성,,KRX_KOSPI,COMMON,,,Thu Jan 09 2003 00:00:00 GMT+0900 (한국 표준시),,LISTED,KRW,true,3,,Tue Aug 18 2026 20:30:42 GMT+0900 (한국 표준시),Tue Aug 18 2026 20:30:42 GMT+0900 (한국 표준시)
17938,002390,,,한독,,KRX_KOSPI,COMMON,,,Wed Jun 30 1976 00:00:00 GMT+0900 (한국 표준시),,LISTED,KRW,true,3,,Tue Aug 18 2026 20:30:42 GMT+0900 (한국 표준시),Tue Aug 18 2026 20:30:42 GMT+0900 (한국 표준시)
17939,053690,,,한미글로벌,,KRX_KOSPI,COMMON,,,Tue Jun 23 2009 00:00:00 GMT+0900 (한국 표준시),,LISTED,KRW,true,3,,Tue Aug 18 2026 20:30:42 GMT+0900 (한국 표준시),Tue Aug 18 2026 20:30:42 GMT+0900 (한국 표준시)
17940,042700,,,한미반도체,,KRX_KOSPI,COMMON,,,Fri Jul 22 2005 00:00:00 GMT+0900 (한국 표준시),,LISTED,KRW,true,3,,Tue Aug 18 2026 20:30:42 GMT+0900 (한국 표준시),Tue Aug 18 2026 20:30:42 GMT+0900 (한국 표준시)
17941,008930,,,한미사이언스,,KRX_KOSPI,COMMON,,,Mon Jun 20 1988 00:00:00 GMT+1000 (한국 하계 표준시),,LISTED,KRW,true,3,,Tue Aug 18 2026 20:30:42 GMT+0900 (한국 표준시),Tue Aug 18 2026 20:30:42 GMT+0900 (한국 표준시)
17942,128940,,,한미약품,,KRX_KOSPI,COMMON,,,Fri Jul 30 2010 00:00:00 GMT+0900 (한국 표준시),,LISTED,KRW,true,3,,Tue Aug 18 2026 20:30:42 GMT+0900 (한국 표준시),Tue Aug 18 2026 20:30:42 GMT+0900 (한국 표준시)
17943,009240,,,한샘,,KRX_KOSPI,COMMON,,,Tue Jul 16 2002 00:00:00 GMT+0900 (한국 표준시),,LISTED,KRW,true,3,,Tue Aug 18 2026 20:30:42 GMT+0900 (한국 표준시),Tue Aug 18 2026 20:30:42 GMT+0900 (한국 표준시)
17944,020000,,,한섬,,KRX_KOSPI,COMMON,,,Wed Jul 03 1996 00:00:00 GMT+0900 (한국 표준시),,LISTED,KRW,true,3,,Tue Aug 18 2026 20:30:42 GMT+0900 (한국 표준시),Tue Aug 18 2026 20:30:42 GMT+0900 (한국 표준시)
17945,003680,,,한성기업,,KRX_KOSPI,COMMON,,,Thu Jan 26 1989 00:00:00 GMT+0900 (한국 표준시),,LISTED,KRW,true,3,,Tue Aug 18 2026 20:30:42 GMT+0900 (한국 표준시),Tue Aug 18 2026 20:30:42 GMT+0900 (한국 표준시)
17946,105630,,,한세실업,,KRX_KOSPI,COMMON,,,Fri Mar 20 2009 00:00:00 GMT+0900 (한국 표준시),,LISTED,KRW,true,3,,Tue Aug 18 2026 20:30:42 GMT+0900 (한국 표준시),Tue Aug 18 2026 20:30:42 GMT+0900 (한국 표준시)
17947,069640,,,한세엠케이,,KRX_KOSPI,COMMON,,,Tue Jun 21 2011 00:00:00 GMT+0900 (한국 표준시),,LISTED,KRW,true,3,,Tue Aug 18 2026 20:30:42 GMT+0900 (한국 표준시),Tue Aug 18 2026 20:30:42 GMT+0900 (한국 표준시)
17948,016450,,,한세예스24홀딩스,,KRX_KOSPI,COMMON,,,Thu Jan 06 2000 00:00:00 GMT+0900 (한국 표준시),,LISTED,KRW,true,3,,Tue Aug 18 2026 20:30:42 GMT+0900 (한국 표준시),Tue Aug 18 2026 20:30:42 GMT+0900 (한국 표준시)
17949,009180,,,한솔로지스틱스,,KRX_KOSPI,COMMON,,,Mon Nov 13 1989 00:00:00 GMT+0900 (한국 표준시),,LISTED,KRW,true,3,,Tue Aug 18 2026 20:30:42 GMT+0900 (한국 표준시),Tue Aug 18 2026 20:30:42 GMT+0900 (한국 표준시)
17950,213500,,,한솔제지,,KRX_KOSPI,COMMON,,,Mon Jan 26 2015 00:00:00 GMT+0900 (한국 표준시),,LISTED,KRW,true,3,,Tue Aug 18 2026 20:30:42 GMT+0900 (한국 표준시),Tue Aug 18 2026 20:30:42 GMT+0900 (한국 표준시)
17951,014680,,,한솔케미칼,,KRX_KOSPI,COMMON,,,Sat May 20 1989 00:00:00 GMT+0900 (한국 표준시),,LISTED,KRW,true,3,,Tue Aug 18 2026 20:30:42 GMT+0900 (한국 표준시),Tue Aug 18 2026 20:30:42 GMT+0900 (한국 표준시)
17952,004710,,,한솔테크닉스,,KRX_KOSPI,COMMON,,,Wed Jul 06 1988 00:00:00 GMT+1000 (한국 하계 표준시),,LISTED,KRW,true,3,,Tue Aug 18 2026 20:30:42 GMT+0900 (한국 표준시),Tue Aug 18 2026 20:30:42 GMT+0900 (한국 표준시)
17953,004150,,,한솔홀딩스,,KRX_KOSPI,COMMON,,,Wed May 17 1972 00:00:00 GMT+0900 (한국 표준시),,LISTED,KRW,true,3,,Tue Aug 18 2026 20:30:42 GMT+0900 (한국 표준시),Tue Aug 18 2026 20:30:42 GMT+0900 (한국 표준시)
17954,025750,,,한솔홈데코,,KRX_KOSPI,COMMON,,,Tue Nov 04 2003 00:00:00 GMT+0900 (한국 표준시),,LISTED,KRW,true,3,,Tue Aug 18 2026 20:30:42 GMT+0900 (한국 표준시),Tue Aug 18 2026 20:30:42 GMT+0900 (한국 표준시)
17955,004960,,,한신공영,,KRX_KOSPI,COMMON,,,Wed Jul 07 1976 00:00:00 GMT+0900 (한국 표준시),,LISTED,KRW,true,3,,Tue Aug 18 2026 20:30:42 GMT+0900 (한국 표준시),Tue Aug 18 2026 20:30:42 GMT+0900 (한국 표준시)
17956,011700,,,한신기계,,KRX_KOSPI,COMMON,,,Fri Jul 24 1987 00:00:00 GMT+1000 (한국 하계 표준시),,LISTED,KRW,true,3,,Tue Aug 18 2026 20:30:42 GMT+0900 (한국 표준시),Tue Aug 18 2026 20:30:42 GMT+0900 (한국 표준시)
17957,001755,,,한양증권우,,KRX_KOSPI,PREFERRED,,,Tue Oct 24 1989 00:00:00 GMT+0900 (한국 표준시),,LISTED,KRW,true,3,,Tue Aug 18 2026 20:30:42 GMT+0900 (한국 표준시),Tue Aug 18 2026 20:30:42 GMT+0900 (한국 표준시)
17958,001750,,,한양증권,,KRX_KOSPI,COMMON,,,Fri Mar 04 1988 00:00:00 GMT+0900 (한국 표준시),,LISTED,KRW,true,3,,Tue Aug 18 2026 20:30:42 GMT+0900 (한국 표준시),Tue Aug 18 2026 20:30:42 GMT+0900 (한국 표준시)
17959,018880,,,한온시스템,,KRX_KOSPI,COMMON,,,Wed Jul 31 1996 00:00:00 GMT+0900 (한국 표준시),,LISTED,KRW,true,3,,Tue Aug 18 2026 20:30:42 GMT+0900 (한국 표준시),Tue Aug 18 2026 20:30:42 GMT+0900 (한국 표준시)
17960,009420,,,한올바이오파마,,KRX_KOSPI,COMMON,,,Mon Dec 18 1989 00:00:00 GMT+0900 (한국 표준시),,LISTED,KRW,true,3,,Tue Aug 18 2026 20:30:42 GMT+0900 (한국 표준시),Tue Aug 18 2026 20:30:42 GMT+0900 (한국 표준시)
17961,014130,,,한익스프레스,,KRX_KOSPI,COMMON,,,Tue Jul 25 1989 00:00:00 GMT+0900 (한국 표준시),,LISTED,KRW,true,3,,Tue Aug 18 2026 20:30:42 GMT+0900 (한국 표준시),Tue Aug 18 2026 20:30:42 GMT+0900 (한국 표준시)
17962,300720,,,한일시멘트,,KRX_KOSPI,COMMON,,,Mon Aug 06 2018 00:00:00 GMT+0900 (한국 표준시),,LISTED,KRW,true,3,,Tue Aug 18 2026 20:30:42 GMT+0900 (한국 표준시),Tue Aug 18 2026 20:30:42 GMT+0900 (한국 표준시)
17963,002220,,,한일철강,,KRX_KOSPI,COMMON,,,Fri Oct 07 1988 00:00:00 GMT+1000 (한국 하계 표준시),,LISTED,KRW,true,3,,Tue Aug 18 2026 20:30:42 GMT+0900 (한국 표준시),Tue Aug 18 2026 20:30:42 GMT+0900 (한국 표준시)
17964,003300,,,한일홀딩스,,KRX_KOSPI,COMMON,,,Thu Nov 20 1969 00:00:00 GMT+0900 (한국 표준시),,LISTED,KRW,true,3,,Tue Aug 18 2026 20:30:42 GMT+0900 (한국 표준시),Tue Aug 18 2026 20:30:42 GMT+0900 (한국 표준시)
17965,051600,,,한전KPS,,KRX_KOSPI,COMMON,,,Fri Dec 14 2007 00:00:00 GMT+0900 (한국 표준시),,LISTED,KRW,true,3,,Tue Aug 18 2026 20:30:42 GMT+0900 (한국 표준시),Tue Aug 18 2026 20:30:42 GMT+0900 (한국 표준시)
17966,130660,,,한전산업,,KRX_KOSPI,COMMON,,,Thu Dec 16 2010 00:00:00 GMT+0900 (한국 표준시),,LISTED,KRW,true,3,,Tue Aug 18 2026 20:30:42 GMT+0900 (한국 표준시),Tue Aug 18 2026 20:30:42 GMT+0900 (한국 표준시)
17967,002320,,,한진,,KRX_KOSPI,COMMON,,,Mon Aug 12 1974 00:00:00 GMT+0900 (한국 표준시),,LISTED,KRW,true,3,,Tue Aug 18 2026 20:30:42 GMT+0900 (한국 표준시),Tue Aug 18 2026 20:30:42 GMT+0900 (한국 표준시)
17968,003480,,,한진중공업홀딩스,,KRX_KOSPI,COMMON,,,Sat Mar 03 1956 00:00:00 GMT+0830 (한국 표준시),,LISTED,KRW,true,3,,Tue Aug 18 2026 20:30:42 GMT+0900 (한국 표준시),Tue Aug 18 2026 20:30:42 GMT+0900 (한국 표준시)
17969,18064K,,,한진칼우,,KRX_KOSPI,PREFERRED,,,Mon Sep 16 2013 00:00:00 GMT+0900 (한국 표준시),,LISTED,KRW,true,3,,Tue Aug 18 2026 20:30:42 GMT+0900 (한국 표준시),Tue Aug 18 2026 20:30:42 GMT+0900 (한국 표준시)
17970,180640,,,한진칼,,KRX_KOSPI,COMMON,,,Mon Sep 16 2013 00:00:00 GMT+0900 (한국 표준시),,LISTED,KRW,true,3,,Tue Aug 18 2026 20:30:42 GMT+0900 (한국 표준시),Tue Aug 18 2026 20:30:42 GMT+0900 (한국 표준시)
17971,005110,,,한창,,KRX_KOSPI,COMMON,,,Tue Jun 01 1976 00:00:00 GMT+0900 (한국 표준시),,LISTED,KRW,true,3,,Tue Aug 18 2026 20:30:42 GMT+0900 (한국 표준시),Tue Aug 18 2026 20:30:42 GMT+0900 (한국 표준시)
17972,009460,,,한창제지,,KRX_KOSPI,COMMON,,,Wed Dec 23 1987 00:00:00 GMT+0900 (한국 표준시),,LISTED,KRW,true,3,,Tue Aug 18 2026 20:30:42 GMT+0900 (한국 표준시),Tue Aug 18 2026 20:30:42 GMT+0900 (한국 표준시)
17973,372910,,,한컴라이프케어,,KRX_KOSPI,COMMON,,,Tue Aug 17 2021 00:00:00 GMT+0900 (한국 표준시),,LISTED,KRW,true,3,,Tue Aug 18 2026 20:30:42 GMT+0900 (한국 표준시),Tue Aug 18 2026 20:30:42 GMT+0900 (한국 표준시)
17974,00088K,,,한화3우B,,KRX_KOSPI,PREFERRED,,,Wed Oct 19 2016 00:00:00 GMT+0900 (한국 표준시),,LISTED,KRW,true,3,,Tue Aug 18 2026 20:30:42 GMT+0900 (한국 표준시),Tue Aug 18 2026 20:30:42 GMT+0900 (한국 표준시)
17975,45226K,,,한화갤러리아우,,KRX_KOSPI,PREFERRED,,,Fri Mar 31 2023 00:00:00 GMT+0900 (한국 표준시),,LISTED,KRW,true,3,,Tue Aug 18 2026 20:30:42 GMT+0900 (한국 표준시),Tue Aug 18 2026 20:30:42 GMT+0900 (한국 표준시)
17976,452260,,,한화갤러리아,,KRX_KOSPI,COMMON,,,Fri Mar 31 2023 00:00:00 GMT+0900 (한국 표준시),,LISTED,KRW,true,3,,Tue Aug 18 2026 20:30:42 GMT+0900 (한국 표준시),Tue Aug 18 2026 20:30:42 GMT+0900 (한국 표준시)
17977,451800,,,한화리츠,,KRX_KOSPI,COMMON,,,Mon Mar 27 2023 00:00:00 GMT+0900 (한국 표준시),,LISTED,KRW,true,3,,Tue Aug 18 2026 20:30:42 GMT+0900 (한국 표준시),Tue Aug 18 2026 20:30:42 GMT+0900 (한국 표준시)
17978,000880,,,한화,,KRX_KOSPI,COMMON,,,Thu Jun 24 1976 00:00:00 GMT+0900 (한국 표준시),,LISTED,KRW,true,3,,Tue Aug 18 2026 20:30:42 GMT+0900 (한국 표준시),Tue Aug 18 2026 20:30:42 GMT+0900 (한국 표준시)
17979,489790,,,한화비전,,KRX_KOSPI,COMMON,,,Fri Sep 27 2024 00:00:00 GMT+0900 (한국 표준시),,LISTED,KRW,true,3,,Tue Aug 18 2026 20:30:42 GMT+0900 (한국 표준시),Tue Aug 18 2026 20:30:42 GMT+0900 (한국 표준시)
17980,088350,,,한화생명,,KRX_KOSPI,COMMON,,,Wed Mar 17 2010 00:00:00 GMT+0900 (한국 표준시),,LISTED,KRW,true,3,,Tue Aug 18 2026 20:30:42 GMT+0900 (한국 표준시),Tue Aug 18 2026 20:30:42 GMT+0900 (한국 표준시)
17981,000370,,,한화손해보험,,KRX_KOSPI,COMMON,,,Mon Jun 30 1975 00:00:00 GMT+0900 (한국 표준시),,LISTED,KRW,true,3,,Tue Aug 18 2026 20:30:42 GMT+0900 (한국 표준시),Tue Aug 18 2026 20:30:42 GMT+0900 (한국 표준시)
17982,009835,,,한화솔루션우,,KRX_KOSPI,PREFERRED,,,Tue Nov 21 1989 00:00:00 GMT+0900 (한국 표준시),,LISTED,KRW,true,3,,Tue Aug 18 2026 20:30:42 GMT+0900 (한국 표준시),Tue Aug 18 2026 20:30:42 GMT+0900 (한국 표준시)
17983,009830,,,한화솔루션,,KRX_KOSPI,COMMON,,,Wed Jun 19 1974 00:00:00 GMT+0900 (한국 표준시),,LISTED,KRW,true,3,,Tue Aug 18 2026 20:30:42 GMT+0900 (한국 표준시),Tue Aug 18 2026 20:30:42 GMT+0900 (한국 표준시)
17984,272210,,,한화시스템,,KRX_KOSPI,COMMON,,,Wed Nov 13 2019 00:00:00 GMT+0900 (한국 표준시),,LISTED,KRW,true,3,,Tue Aug 18 2026 20:30:42 GMT+0900 (한국 표준시),Tue Aug 18 2026 20:30:42 GMT+0900 (한국 표준시)
17985,012450,,,한화에어로스페이스,,KRX_KOSPI,COMMON,,,Wed May 27 1987 00:00:00 GMT+1000 (한국 하계 표준시),,LISTED,KRW,true,3,,Tue Aug 18 2026 20:30:42 GMT+0900 (한국 표준시),Tue Aug 18 2026 20:30:42 GMT+0900 (한국 표준시)
17986,082740,,,한화엔진,,KRX_KOSPI,COMMON,,,Tue Jan 04 2011 00:00:00 GMT+0900 (한국 표준시),,LISTED,KRW,true,3,,Tue Aug 18 2026 20:30:42 GMT+0900 (한국 표준시),Tue Aug 18 2026 20:30:42 GMT+0900 (한국 표준시)
17987,042660,,,한화오션,,KRX_KOSPI,COMMON,,,Fri Feb 02 2001 00:00:00 GMT+0900 (한국 표준시),,LISTED,KRW,true,3,,Tue Aug 18 2026 20:30:42 GMT+0900 (한국 표준시),Tue Aug 18 2026 20:30:42 GMT+0900 (한국 표준시)
17988,003535,,,한화투자증권우,,KRX_KOSPI,PREFERRED,,,Sat May 06 1989 00:00:00 GMT+0900 (한국 표준시),,LISTED,KRW,true,3,,Tue Aug 18 2026 20:30:42 GMT+0900 (한국 표준시),Tue Aug 18 2026 20:30:42 GMT+0900 (한국 표준시)
17989,003530,,,한화투자증권,,KRX_KOSPI,COMMON,,,Tue Nov 25 1986 00:00:00 GMT+0900 (한국 표준시),,LISTED,KRW,true,3,,Tue Aug 18 2026 20:30:42 GMT+0900 (한국 표준시),Tue Aug 18 2026 20:30:42 GMT+0900 (한국 표준시)
17990,195870,,,해성디에스,,KRX_KOSPI,COMMON,,,Fri Jun 24 2016 00:00:00 GMT+0900 (한국 표준시),,LISTED,KRW,true,3,,Tue Aug 18 2026 20:30:42 GMT+0900 (한국 표준시),Tue Aug 18 2026 20:30:42 GMT+0900 (한국 표준시)
17991,101530,,,해태제과식품,,KRX_KOSPI,COMMON,,,Wed May 11 2016 00:00:00 GMT+0900 (한국 표준시),,LISTED,KRW,true,3,,Tue Aug 18 2026 20:30:42 GMT+0900 (한국 표준시),Tue Aug 18 2026 20:30:42 GMT+0900 (한국 표준시)
17992,143210,,,핸즈코퍼레이션,,KRX_KOSPI,COMMON,,,Fri Dec 02 2016 00:00:00 GMT+0900 (한국 표준시),,LISTED,KRW,true,3,,Tue Aug 18 2026 20:30:42 GMT+0900 (한국 표준시),Tue Aug 18 2026 20:30:42 GMT+0900 (한국 표준시)
17993,000725,,,현대건설우,,KRX_KOSPI,PREFERRED,,,Thu Sep 21 1989 00:00:00 GMT+0900 (한국 표준시),,LISTED,KRW,true,3,,Tue Aug 18 2026 20:30:42 GMT+0900 (한국 표준시),Tue Aug 18 2026 20:30:42 GMT+0900 (한국 표준시)
17994,000720,,,현대건설,,KRX_KOSPI,COMMON,,,Sat Dec 22 1984 00:00:00 GMT+0900 (한국 표준시),,LISTED,KRW,true,3,,Tue Aug 18 2026 20:30:42 GMT+0900 (한국 표준시),Tue Aug 18 2026 20:30:42 GMT+0900 (한국 표준시)
17995,453340,,,현대그린푸드,,KRX_KOSPI,COMMON,,,Mon Apr 10 2023 00:00:00 GMT+0900 (한국 표준시),,LISTED,KRW,true,3,,Tue Aug 18 2026 20:30:42 GMT+0900 (한국 표준시),Tue Aug 18 2026 20:30:42 GMT+0900 (한국 표준시)
17996,086280,,,현대글로비스,,KRX_KOSPI,COMMON,,,Mon Dec 26 2005 00:00:00 GMT+0900 (한국 표준시),,LISTED,KRW,true,3,,Tue Aug 18 2026 20:30:42 GMT+0900 (한국 표준시),Tue Aug 18 2026 20:30:42 GMT+0900 (한국 표준시)
17997,064350,,,현대로템,,KRX_KOSPI,COMMON,,,Wed Oct 30 2013 00:00:00 GMT+0900 (한국 표준시),,LISTED,KRW,true,3,,Tue Aug 18 2026 20:30:42 GMT+0900 (한국 표준시),Tue Aug 18 2026 20:30:42 GMT+0900 (한국 표준시)
17998,079430,,,현대리바트,,KRX_KOSPI,COMMON,,,Tue Nov 22 2005 00:00:00 GMT+0900 (한국 표준시),,LISTED,KRW,true,3,,Tue Aug 18 2026 20:30:42 GMT+0900 (한국 표준시),Tue Aug 18 2026 20:30:42 GMT+0900 (한국 표준시)
17999,012330,,,현대모비스,,KRX_KOSPI,COMMON,,,Tue Sep 05 1989 00:00:00 GMT+0900 (한국 표준시),,LISTED,KRW,true,3,,Tue Aug 18 2026 20:30:42 GMT+0900 (한국 표준시),Tue Aug 18 2026 20:30:42 GMT+0900 (한국 표준시)
18000,069960,,,현대백화점,,KRX_KOSPI,COMMON,,,Mon Nov 25 2002 00:00:00 GMT+0900 (한국 표준시),,LISTED,KRW,true,3,,Tue Aug 18 2026 20:30:42 GMT+0900 (한국 표준시),Tue Aug 18 2026 20:30:42 GMT+0900 (한국 표준시)
18001,004560,,,현대비앤지스틸,,KRX_KOSPI,COMMON,,,Tue Mar 24 1987 00:00:00 GMT+0900 (한국 표준시),,LISTED,KRW,true,3,,Tue Aug 18 2026 20:30:42 GMT+0900 (한국 표준시),Tue Aug 18 2026 20:30:42 GMT+0900 (한국 표준시)
18002,004310,,,현대약품,,KRX_KOSPI,COMMON,,,Wed Jun 28 1978 00:00:00 GMT+0900 (한국 표준시),,LISTED,KRW,true,3,,Tue Aug 18 2026 20:30:42 GMT+0900 (한국 표준시),Tue Aug 18 2026 20:30:42 GMT+0900 (한국 표준시)
18003,017800,,,현대엘리베이터,,KRX_KOSPI,COMMON,,,Wed Jul 03 1996 00:00:00 GMT+0900 (한국 표준시),,LISTED,KRW,true,3,,Tue Aug 18 2026 20:30:42 GMT+0900 (한국 표준시),Tue Aug 18 2026 20:30:42 GMT+0900 (한국 표준시)
18004,307950,,,현대오토에버,,KRX_KOSPI,COMMON,,,Thu Mar 28 2019 00:00:00 GMT+0900 (한국 표준시),,LISTED,KRW,true,3,,Tue Aug 18 2026 20:30:42 GMT+0900 (한국 표준시),Tue Aug 18 2026 20:30:42 GMT+0900 (한국 표준시)
18005,011210,,,현대위아,,KRX_KOSPI,COMMON,,,Mon Feb 21 2011 00:00:00 GMT+0900 (한국 표준시),,LISTED,KRW,true,3,,Tue Aug 18 2026 20:30:42 GMT+0900 (한국 표준시),Tue Aug 18 2026 20:30:42 GMT+0900 (한국 표준시)
18006,005385,,,현대차우,,KRX_KOSPI,PREFERRED,,,Mon Sep 11 1989 00:00:00 GMT+0900 (한국 표준시),,LISTED,KRW,true,3,,Tue Aug 18 2026 20:30:42 GMT+0900 (한국 표준시),Tue Aug 18 2026 20:30:42 GMT+0900 (한국 표준시)
18007,005387,,,현대차2우B,,KRX_KOSPI,PREFERRED,,,Wed Dec 02 1998 00:00:00 GMT+0900 (한국 표준시),,LISTED,KRW,true,3,,Tue Aug 18 2026 20:30:42 GMT+0900 (한국 표준시),Tue Aug 18 2026 20:30:42 GMT+0900 (한국 표준시)
18008,005389,,,현대차3우B,,KRX_KOSPI,PREFERRED,,,Thu Apr 15 1999 00:00:00 GMT+0900 (한국 표준시),,LISTED,KRW,true,3,,Tue Aug 18 2026 20:30:42 GMT+0900 (한국 표준시),Tue Aug 18 2026 20:30:42 GMT+0900 (한국 표준시)
18009,005380,,,현대차,,KRX_KOSPI,COMMON,,,Fri Jun 28 1974 00:00:00 GMT+0900 (한국 표준시),,LISTED,KRW,true,3,,Tue Aug 18 2026 20:30:42 GMT+0900 (한국 표준시),Tue Aug 18 2026 20:30:42 GMT+0900 (한국 표준시)
18010,004020,,,현대제철,,KRX_KOSPI,COMMON,,,Sat May 23 1987 00:00:00 GMT+1000 (한국 하계 표준시),,LISTED,KRW,true,3,,Tue Aug 18 2026 20:30:42 GMT+0900 (한국 표준시),Tue Aug 18 2026 20:30:42 GMT+0900 (한국 표준시)
18011,005440,,,현대지에프홀딩스,,KRX_KOSPI,COMMON,,,Tue Aug 22 1989 00:00:00 GMT+0900 (한국 표준시),,LISTED,KRW,true,3,,Tue Aug 18 2026 20:30:42 GMT+0900 (한국 표준시),Tue Aug 18 2026 20:30:42 GMT+0900 (한국 표준시)
18012,001500,,,현대차증권,,KRX_KOSPI,COMMON,,,Sat Jun 09 1990 00:00:00 GMT+0900 (한국 표준시),,LISTED,KRW,true,3,,Tue Aug 18 2026 20:30:42 GMT+0900 (한국 표준시),Tue Aug 18 2026 20:30:42 GMT+0900 (한국 표준시)
18013,011760,,,현대코퍼레이션,,KRX_KOSPI,COMMON,,,Thu Dec 01 1977 00:00:00 GMT+0900 (한국 표준시),,LISTED,KRW,true,3,,Tue Aug 18 2026 20:30:42 GMT+0900 (한국 표준시),Tue Aug 18 2026 20:30:42 GMT+0900 (한국 표준시)
18014,227840,,,현대코퍼레이션홀딩스,,KRX_KOSPI,COMMON,,,Fri Oct 23 2015 00:00:00 GMT+0900 (한국 표준시),,LISTED,KRW,true,3,,Tue Aug 18 2026 20:30:42 GMT+0900 (한국 표준시),Tue Aug 18 2026 20:30:42 GMT+0900 (한국 표준시)
18015,126560,,,현대퓨처넷,,KRX_KOSPI,COMMON,,,Thu Dec 23 2010 00:00:00 GMT+0900 (한국 표준시),,LISTED,KRW,true,3,,Tue Aug 18 2026 20:30:42 GMT+0900 (한국 표준시),Tue Aug 18 2026 20:30:42 GMT+0900 (한국 표준시)
18016,001450,,,현대해상,,KRX_KOSPI,COMMON,,,Fri Aug 25 1989 00:00:00 GMT+0900 (한국 표준시),,LISTED,KRW,true,3,,Tue Aug 18 2026 20:30:42 GMT+0900 (한국 표준시),Tue Aug 18 2026 20:30:42 GMT+0900 (한국 표준시)
18017,093240,,,형지엘리트,,KRX_KOSPI,COMMON,,,Mon Sep 28 2009 00:00:00 GMT+0900 (한국 표준시),,LISTED,KRW,true,3,,Tue Aug 18 2026 20:30:42 GMT+0900 (한국 표준시),Tue Aug 18 2026 20:30:42 GMT+0900 (한국 표준시)
18018,003010,,,혜인,,KRX_KOSPI,COMMON,,,Tue Sep 20 1988 00:00:00 GMT+1000 (한국 하계 표준시),,LISTED,KRW,true,3,,Tue Aug 18 2026 20:30:42 GMT+0900 (한국 표준시),Tue Aug 18 2026 20:30:42 GMT+0900 (한국 표준시)
18019,111110,,,호전실업,,KRX_KOSPI,COMMON,,,Thu Feb 02 2017 00:00:00 GMT+0900 (한국 표준시),,LISTED,KRW,true,3,,Tue Aug 18 2026 20:30:42 GMT+0900 (한국 표준시),Tue Aug 18 2026 20:30:42 GMT+0900 (한국 표준시)
18020,008775,,,호텔신라우,,KRX_KOSPI,PREFERRED,,,Fri Aug 09 1991 00:00:00 GMT+0900 (한국 표준시),,LISTED,KRW,true,3,,Tue Aug 18 2026 20:30:42 GMT+0900 (한국 표준시),Tue Aug 18 2026 20:30:42 GMT+0900 (한국 표준시)
18021,008770,,,호텔신라,,KRX_KOSPI,COMMON,,,Tue Mar 12 1991 00:00:00 GMT+0900 (한국 표준시),,LISTED,KRW,true,3,,Tue Aug 18 2026 20:30:42 GMT+0900 (한국 표준시),Tue Aug 18 2026 20:30:42 GMT+0900 (한국 표준시)
18022,378850,,,화승알앤에이,,KRX_KOSPI,COMMON,,,Mon Mar 15 2021 00:00:00 GMT+0900 (한국 표준시),,LISTED,KRW,true,3,,Tue Aug 18 2026 20:30:42 GMT+0900 (한국 표준시),Tue Aug 18 2026 20:30:42 GMT+0900 (한국 표준시)
18023,241590,,,화승엔터프라이즈,,KRX_KOSPI,COMMON,,,Tue Oct 04 2016 00:00:00 GMT+0900 (한국 표준시),,LISTED,KRW,true,3,,Tue Aug 18 2026 20:30:42 GMT+0900 (한국 표준시),Tue Aug 18 2026 20:30:42 GMT+0900 (한국 표준시)
18024,006060,,,화승인더,,KRX_KOSPI,COMMON,,,Mon Feb 04 1991 00:00:00 GMT+0900 (한국 표준시),,LISTED,KRW,true,3,,Tue Aug 18 2026 20:30:42 GMT+0900 (한국 표준시),Tue Aug 18 2026 20:30:42 GMT+0900 (한국 표준시)
18025,013520,,,화승코퍼레이션,,KRX_KOSPI,COMMON,,,Fri Feb 22 1991 00:00:00 GMT+0900 (한국 표준시),,LISTED,KRW,true,3,,Tue Aug 18 2026 20:30:42 GMT+0900 (한국 표준시),Tue Aug 18 2026 20:30:42 GMT+0900 (한국 표준시)
18026,010690,,,화신,,KRX_KOSPI,COMMON,,,Fri Jan 14 1994 00:00:00 GMT+0900 (한국 표준시),,LISTED,KRW,true,3,,Tue Aug 18 2026 20:30:42 GMT+0900 (한국 표준시),Tue Aug 18 2026 20:30:42 GMT+0900 (한국 표준시)
18027,133820,,,화인베스틸,,KRX_KOSPI,COMMON,,,Tue Jul 22 2014 00:00:00 GMT+0900 (한국 표준시),,LISTED,KRW,true,3,,Tue Aug 18 2026 20:30:42 GMT+0900 (한국 표준시),Tue Aug 18 2026 20:30:42 GMT+0900 (한국 표준시)
18028,010660,,,화천기계,,KRX_KOSPI,COMMON,,,Mon Dec 12 1988 00:00:00 GMT+0900 (한국 표준시),,LISTED,KRW,true,3,,Tue Aug 18 2026 20:30:42 GMT+0900 (한국 표준시),Tue Aug 18 2026 20:30:42 GMT+0900 (한국 표준시)
18029,000850,,,화천기공,,KRX_KOSPI,COMMON,,,Thu Nov 18 1999 00:00:00 GMT+0900 (한국 표준시),,LISTED,KRW,true,3,,Tue Aug 18 2026 20:30:42 GMT+0900 (한국 표준시),Tue Aug 18 2026 20:30:42 GMT+0900 (한국 표준시)
18030,016580,,,환인제약,,KRX_KOSPI,COMMON,,,Wed Jul 03 1996 00:00:00 GMT+0900 (한국 표준시),,LISTED,KRW,true,3,,Tue Aug 18 2026 20:30:42 GMT+0900 (한국 표준시),Tue Aug 18 2026 20:30:42 GMT+0900 (한국 표준시)
18031,032560,,,황금에스티,,KRX_KOSPI,COMMON,,,Thu Oct 29 2009 00:00:00 GMT+0900 (한국 표준시),,LISTED,KRW,true,3,,Tue Aug 18 2026 20:30:42 GMT+0900 (한국 표준시),Tue Aug 18 2026 20:30:42 GMT+0900 (한국 표준시)
18032,004800,,,효성,,KRX_KOSPI,COMMON,,,Sat Jun 30 1973 00:00:00 GMT+0900 (한국 표준시),,LISTED,KRW,true,3,,Tue Aug 18 2026 20:30:42 GMT+0900 (한국 표준시),Tue Aug 18 2026 20:30:42 GMT+0900 (한국 표준시)
18033,094280,,,효성ITX,,KRX_KOSPI,COMMON,,,Thu Oct 25 2007 00:00:00 GMT+0900 (한국 표준시),,LISTED,KRW,true,3,,Tue Aug 18 2026 20:30:42 GMT+0900 (한국 표준시),Tue Aug 18 2026 20:30:42 GMT+0900 (한국 표준시)
18034,298040,,,효성중공업,,KRX_KOSPI,COMMON,,,Fri Jul 13 2018 00:00:00 GMT+0900 (한국 표준시),,LISTED,KRW,true,3,,Tue Aug 18 2026 20:30:42 GMT+0900 (한국 표준시),Tue Aug 18 2026 20:30:42 GMT+0900 (한국 표준시)
18035,298020,,,효성티앤씨,,KRX_KOSPI,COMMON,,,Fri Jul 13 2018 00:00:00 GMT+0900 (한국 표준시),,LISTED,KRW,true,3,,Tue Aug 18 2026 20:30:42 GMT+0900 (한국 표준시),Tue Aug 18 2026 20:30:42 GMT+0900 (한국 표준시)
18036,298000,,,효성화학,,KRX_KOSPI,COMMON,,,Fri Jul 13 2018 00:00:00 GMT+0900 (한국 표준시),,LISTED,KRW,true,3,,Tue Aug 18 2026 20:30:42 GMT+0900 (한국 표준시),Tue Aug 18 2026 20:30:42 GMT+0900 (한국 표준시)
18037,093370,,,후성,,KRX_KOSPI,COMMON,,,Fri Dec 22 2006 00:00:00 GMT+0900 (한국 표준시),,LISTED,KRW,true,3,,Tue Aug 18 2026 20:30:42 GMT+0900 (한국 표준시),Tue Aug 18 2026 20:30:42 GMT+0900 (한국 표준시)
18038,005870,,,휴니드,,KRX_KOSPI,COMMON,,,Tue Sep 03 1991 00:00:00 GMT+0900 (한국 표준시),,LISTED,KRW,true,3,,Tue Aug 18 2026 20:30:42 GMT+0900 (한국 표준시),Tue Aug 18 2026 20:30:42 GMT+0900 (한국 표준시)
18039,079980,,,휴비스,,KRX_KOSPI,COMMON,,,Thu Feb 23 2012 00:00:00 GMT+0900 (한국 표준시),,LISTED,KRW,true,3,,Tue Aug 18 2026 20:30:42 GMT+0900 (한국 표준시),Tue Aug 18 2026 20:30:42 GMT+0900 (한국 표준시)
18040,005010,,,휴스틸,,KRX_KOSPI,COMMON,,,Fri Jun 29 1973 00:00:00 GMT+0900 (한국 표준시),,LISTED,KRW,true,3,,Tue Aug 18 2026 20:30:42 GMT+0900 (한국 표준시),Tue Aug 18 2026 20:30:42 GMT+0900 (한국 표준시)
18041,000545,,,흥국화재우,,KRX_KOSPI,PREFERRED,,,Tue Mar 20 1990 00:00:00 GMT+0900 (한국 표준시),,LISTED,KRW,true,3,,Tue Aug 18 2026 20:30:42 GMT+0900 (한국 표준시),Tue Aug 18 2026 20:30:42 GMT+0900 (한국 표준시)
18042,000540,,,흥국화재,,KRX_KOSPI,COMMON,,,Thu Dec 05 1974 00:00:00 GMT+0900 (한국 표준시),,LISTED,KRW,true,3,,Tue Aug 18 2026 20:30:42 GMT+0900 (한국 표준시),Tue Aug 18 2026 20:30:42 GMT+0900 (한국 표준시)
18043,003280,,,흥아해운,,KRX_KOSPI,COMMON,,,Tue Jun 29 1976 00:00:00 GMT+0900 (한국 표준시),,LISTED,KRW,true,3,,Tue Aug 18 2026 20:30:42 GMT+0900 (한국 표준시),Tue Aug 18 2026 20:30:42 GMT+0900 (한국 표준시)
18044,098120,,,마이크로컨텍솔,,KRX_KOSDAQ,COMMON,,,Tue Sep 23 2008 00:00:00 GMT+0900 (한국 표준시),,LISTED,KRW,true,3,,Tue Aug 18 2026 20:30:42 GMT+0900 (한국 표준시),Tue Aug 18 2026 20:30:42 GMT+0900 (한국 표준시)
18045,009520,,,포스코엠텍,,KRX_KOSDAQ,COMMON,,,Mon Nov 10 1997 00:00:00 GMT+0900 (한국 표준시),,LISTED,KRW,true,3,,Tue Aug 18 2026 20:30:42 GMT+0900 (한국 표준시),Tue Aug 18 2026 20:30:42 GMT+0900 (한국 표준시)
18046,079810,,,APS이노베이션,,KRX_KOSDAQ,COMMON,,,Wed Jan 26 2005 00:00:00 GMT+0900 (한국 표준시),,LISTED,KRW,true,3,,Tue Aug 18 2026 20:30:42 GMT+0900 (한국 표준시),Tue Aug 18 2026 20:30:42 GMT+0900 (한국 표준시)
18047,058820,,,CMG제약,,KRX_KOSDAQ,COMMON,,,Fri Aug 31 2001 00:00:00 GMT+0900 (한국 표준시),,LISTED,KRW,true,3,,Tue Aug 18 2026 20:30:42 GMT+0900 (한국 표준시),Tue Aug 18 2026 20:30:42 GMT+0900 (한국 표준시)
18048,050120,,,ES큐브,,KRX_KOSDAQ,COMMON,,,Thu Apr 25 2002 00:00:00 GMT+0900 (한국 표준시),,LISTED,KRW,true,3,,Tue Aug 18 2026 20:30:42 GMT+0900 (한국 표준시),Tue Aug 18 2026 20:30:42 GMT+0900 (한국 표준시)
18049,032620,,,GC메디아이,,KRX_KOSDAQ,COMMON,,,Fri May 02 1997 00:00:00 GMT+0900 (한국 표준시),,LISTED,KRW,true,3,,Tue Aug 18 2026 20:30:42 GMT+0900 (한국 표준시),Tue Aug 18 2026 20:30:42 GMT+0900 (한국 표준시)
18050,024850,,,HLB이노베이션,,KRX_KOSDAQ,COMMON,,,Thu Jan 18 2001 00:00:00 GMT+0900 (한국 표준시),,LISTED,KRW,true,3,,Tue Aug 18 2026 20:30:42 GMT+0900 (한국 표준시),Tue Aug 18 2026 20:30:42 GMT+0900 (한국 표준시)
18051,024120,,,KB오토시스,,KRX_KOSDAQ,COMMON,,,Wed Dec 07 1994 00:00:00 GMT+0900 (한국 표준시),,LISTED,KRW,true,3,,Tue Aug 18 2026 20:30:42 GMT+0900 (한국 표준시),Tue Aug 18 2026 20:30:42 GMT+0900 (한국 표준시)
18052,044180,,,KD,,KRX_KOSDAQ,COMMON,,,Thu Nov 16 2000 00:00:00 GMT+0900 (한국 표준시),,LISTED,KRW,true,3,,Tue Aug 18 2026 20:30:42 GMT+0900 (한국 표준시),Tue Aug 18 2026 20:30:42 GMT+0900 (한국 표준시)
18053,046440,,,KG파이낸셜,,KRX_KOSDAQ,COMMON,,,Tue Dec 14 2004 00:00:00 GMT+0900 (한국 표준시),,LISTED,KRW,true,3,,Tue Aug 18 2026 20:30:42 GMT+0900 (한국 표준시),Tue Aug 18 2026 20:30:42 GMT+0900 (한국 표준시)
18054,073490,,,LIG아큐버,,KRX_KOSDAQ,COMMON,,,Fri Feb 04 2005 00:00:00 GMT+0900 (한국 표준시),,LISTED,KRW,true,3,,Tue Aug 18 2026 20:30:42 GMT+0900 (한국 표준시),Tue Aug 18 2026 20:30:42 GMT+0900 (한국 표준시)
18055,091970,,,LSK아이로봇,,KRX_KOSDAQ,COMMON,,,Tue Jan 30 2007 00:00:00 GMT+0900 (한국 표준시),,LISTED,KRW,true,3,,Tue Aug 18 2026 20:30:42 GMT+0900 (한국 표준시),Tue Aug 18 2026 20:30:42 GMT+0900 (한국 표준시)
18056,086960,,,MDS테크,,KRX_KOSDAQ,COMMON,,,Tue Sep 26 2006 00:00:00 GMT+0900 (한국 표준시),,LISTED,KRW,true,3,,Tue Aug 18 2026 20:30:42 GMT+0900 (한국 표준시),Tue Aug 18 2026 20:30:42 GMT+0900 (한국 표준시)
18057,054050,,,NH농우바이오,,KRX_KOSDAQ,COMMON,,,Tue Apr 02 2002 00:00:00 GMT+0900 (한국 표준시),,LISTED,KRW,true,3,,Tue Aug 18 2026 20:30:42 GMT+0900 (한국 표준시),Tue Aug 18 2026 20:30:42 GMT+0900 (한국 표준시)
18058,063570,,,NICE인프라,,KRX_KOSDAQ,COMMON,,,Fri Jul 14 2006 00:00:00 GMT+0900 (한국 표준시),,LISTED,KRW,true,3,,Tue Aug 18 2026 20:30:42 GMT+0900 (한국 표준시),Tue Aug 18 2026 20:30:42 GMT+0900 (한국 표준시)
18059,222080,,,SFA넥셀,,KRX_KOSDAQ,COMMON,,,Wed Sep 02 2015 00:00:00 GMT+0900 (한국 표준시),,LISTED,KRW,true,3,,Tue Aug 18 2026 20:30:42 GMT+0900 (한국 표준시),Tue Aug 18 2026 20:30:42 GMT+0900 (한국 표준시)
18060,041930,,,SY동아,,KRX_KOSDAQ,COMMON,,,Wed Dec 26 2001 00:00:00 GMT+0900 (한국 표준시),,LISTED,KRW,true,3,,Tue Aug 18 2026 20:30:42 GMT+0900 (한국 표준시),Tue Aug 18 2026 20:30:42 GMT+0900 (한국 표준시)
18061,048770,,,TPC로보틱스,,KRX_KOSDAQ,COMMON,,,Tue Jan 16 2001 00:00:00 GMT+0900 (한국 표준시),,LISTED,KRW,true,3,,Tue Aug 18 2026 20:30:42 GMT+0900 (한국 표준시),Tue Aug 18 2026 20:30:42 GMT+0900 (한국 표준시)
18062,079940,,,가비아,,KRX_KOSDAQ,COMMON,,,Wed Oct 19 2005 00:00:00 GMT+0900 (한국 표준시),,LISTED,KRW,true,3,,Tue Aug 18 2026 20:30:42 GMT+0900 (한국 표준시),Tue Aug 18 2026 20:30:42 GMT+0900 (한국 표준시)
18063,078890,,,가온그룹,,KRX_KOSDAQ,COMMON,,,Tue Jul 12 2005 00:00:00 GMT+0900 (한국 표준시),,LISTED,KRW,true,3,,Tue Aug 18 2026 20:30:42 GMT+0900 (한국 표준시),Tue Aug 18 2026 20:30:42 GMT+0900 (한국 표준시)
18064,399720,,,가온칩스,,KRX_KOSDAQ,COMMON,,,Fri May 20 2022 00:00:00 GMT+0900 (한국 표준시),,LISTED,KRW,true,3,,Tue Aug 18 2026 20:30:42 GMT+0900 (한국 표준시),Tue Aug 18 2026 20:30:42 GMT+0900 (한국 표준시)
18065,036620,,,감성코퍼레이션,,KRX_KOSDAQ,COMMON,,,Tue Jan 11 2000 00:00:00 GMT+0900 (한국 표준시),,LISTED,KRW,true,3,,Tue Aug 18 2026 20:30:42 GMT+0900 (한국 표준시),Tue Aug 18 2026 20:30:42 GMT+0900 (한국 표준시)
18066,198440,,,강동씨앤엘,,KRX_KOSDAQ,COMMON,,,Wed Aug 13 2014 00:00:00 GMT+0900 (한국 표준시),,LISTED,KRW,true,3,,Tue Aug 18 2026 20:30:42 GMT+0900 (한국 표준시),Tue Aug 18 2026 20:30:42 GMT+0900 (한국 표준시)
18067,217730,,,강스템바이오텍,,KRX_KOSDAQ,COMMON,,,Mon Dec 21 2015 00:00:00 GMT+0900 (한국 표준시),,LISTED,KRW,true,3,,Tue Aug 18 2026 20:30:42 GMT+0900 (한국 표준시),Tue Aug 18 2026 20:30:42 GMT+0900 (한국 표준시)
18068,114190,,,강원에너지,,KRX_KOSDAQ,COMMON,,,Fri Nov 20 2009 00:00:00 GMT+0900 (한국 표준시),,LISTED,KRW,true,3,,Tue Aug 18 2026 20:30:42 GMT+0900 (한국 표준시),Tue Aug 18 2026 20:30:42 GMT+0900 (한국 표준시)
18069,094480,,,갤럭시아머니트리,,KRX_KOSDAQ,COMMON,,,Fri Jul 20 2007 00:00:00 GMT+0900 (한국 표준시),,LISTED,KRW,true,3,,Tue Aug 18 2026 20:30:42 GMT+0900 (한국 표준시),Tue Aug 18 2026 20:30:42 GMT+0900 (한국 표준시)
18070,039240,,,경남스틸,,KRX_KOSDAQ,COMMON,,,Tue Mar 07 2000 00:00:00 GMT+0900 (한국 표준시),,LISTED,KRW,true,3,,Tue Aug 18 2026 20:30:42 GMT+0900 (한국 표준시),Tue Aug 18 2026 20:30:42 GMT+0900 (한국 표준시)
18071,053950,,,경남제약,,KRX_KOSDAQ,COMMON,,,Tue Nov 06 2001 00:00:00 GMT+0900 (한국 표준시),,LISTED,KRW,true,3,,Tue Aug 18 2026 20:30:42 GMT+0900 (한국 표준시),Tue Aug 18 2026 20:30:42 GMT+0900 (한국 표준시)
18072,011040,,,경동제약,,KRX_KOSDAQ,COMMON,,,Fri Dec 18 1992 00:00:00 GMT+0900 (한국 표준시),,LISTED,KRW,true,3,,Tue Aug 18 2026 20:30:42 GMT+0900 (한국 표준시),Tue Aug 18 2026 20:30:42 GMT+0900 (한국 표준시)
18073,024910,,,경창산업,,KRX_KOSDAQ,COMMON,,,Thu Dec 29 1994 00:00:00 GMT+0900 (한국 표준시),,LISTED,KRW,true,3,,Tue Aug 18 2026 20:30:42 GMT+0900 (한국 표준시),Tue Aug 18 2026 20:30:42 GMT+0900 (한국 표준시)
18074,049720,,,고려신용정보,,KRX_KOSDAQ,COMMON,,,Thu Jan 31 2002 00:00:00 GMT+0900 (한국 표준시),,LISTED,KRW,true,3,,Tue Aug 18 2026 20:30:42 GMT+0900 (한국 표준시),Tue Aug 18 2026 20:30:42 GMT+0900 (한국 표준시)
18075,014570,,,고려제약,,KRX_KOSDAQ,COMMON,,,Thu Dec 07 2000 00:00:00 GMT+0900 (한국 표준시),,LISTED,KRW,true,3,,Tue Aug 18 2026 20:30:42 GMT+0900 (한국 표준시),Tue Aug 18 2026 20:30:42 GMT+0900 (한국 표준시)
18076,348150,,,고바이오랩,,KRX_KOSDAQ,COMMON,,,Wed Nov 18 2020 00:00:00 GMT+0900 (한국 표준시),,LISTED,KRW,true,3,,Tue Aug 18 2026 20:30:42 GMT+0900 (한국 표준시),Tue Aug 18 2026 20:30:42 GMT+0900 (한국 표준시)
18077,950190,,,고스트스튜디오,,KRX_KOSDAQ,COMMON,,,Tue Aug 18 2020 00:00:00 GMT+0900 (한국 표준시),,LISTED,KRW,true,3,,Tue Aug 18 2026 20:30:42 GMT+0900 (한국 표준시),Tue Aug 18 2026 20:30:42 GMT+0900 (한국 표준시)
18078,098460,,,고영,,KRX_KOSDAQ,COMMON,,,Tue Jun 03 2008 00:00:00 GMT+0900 (한국 표준시),,LISTED,KRW,true,3,,Tue Aug 18 2026 20:30:42 GMT+0900 (한국 표준시),Tue Aug 18 2026 20:30:42 GMT+0900 (한국 표준시)
18079,035290,,,골드앤에스,,KRX_KOSDAQ,COMMON,,,Tue Dec 07 1999 00:00:00 GMT+0900 (한국 표준시),,LISTED,KRW,true,3,,Tue Aug 18 2026 20:30:42 GMT+0900 (한국 표준시),Tue Aug 18 2026 20:30:42 GMT+0900 (한국 표준시)
18080,215000,,,골프존,,KRX_KOSDAQ,COMMON,,,Fri Apr 03 2015 00:00:00 GMT+0900 (한국 표준시),,LISTED,KRW,true,3,,Tue Aug 18 2026 20:30:42 GMT+0900 (한국 표준시),Tue Aug 18 2026 20:30:42 GMT+0900 (한국 표준시)
18081,121440,,,골프존홀딩스,,KRX_KOSDAQ,COMMON,,,Fri May 20 2011 00:00:00 GMT+0900 (한국 표준시),,LISTED,KRW,true,3,,Tue Aug 18 2026 20:30:42 GMT+0900 (한국 표준시),Tue Aug 18 2026 20:30:42 GMT+0900 (한국 표준시)
18082,029480,,,광무,,KRX_KOSDAQ,COMMON,,,Tue Aug 27 1996 00:00:00 GMT+0900 (한국 표준시),,LISTED,KRW,true,3,,Tue Aug 18 2026 20:30:42 GMT+0900 (한국 표준시),Tue Aug 18 2026 20:30:42 GMT+0900 (한국 표준시)
18083,026910,,,광진실업,,KRX_KOSDAQ,COMMON,,,Wed Jan 03 1996 00:00:00 GMT+0900 (한국 표준시),,LISTED,KRW,true,3,,Tue Aug 18 2026 20:30:42 GMT+0900 (한국 표준시),Tue Aug 18 2026 20:30:42 GMT+0900 (한국 표준시)
18084,465320,,,교보15호스팩,,KRX_KOSDAQ,COMMON,,,Tue Dec 05 2023 00:00:00 GMT+0900 (한국 표준시),,LISTED,KRW,true,3,,Tue Aug 18 2026 20:30:42 GMT+0900 (한국 표준시),Tue Aug 18 2026 20:30:42 GMT+0900 (한국 표준시)
18085,482520,,,교보16호스팩,,KRX_KOSDAQ,COMMON,,,Tue Aug 13 2024 00:00:00 GMT+0900 (한국 표준시),,LISTED,KRW,true,3,,Tue Aug 18 2026 20:30:42 GMT+0900 (한국 표준시),Tue Aug 18 2026 20:30:42 GMT+0900 (한국 표준시)
18086,489210,,,교보17호스팩,,KRX_KOSDAQ,COMMON,,,Thu Nov 21 2024 00:00:00 GMT+0900 (한국 표준시),,LISTED,KRW,true,3,,Tue Aug 18 2026 20:30:42 GMT+0900 (한국 표준시),Tue Aug 18 2026 20:30:42 GMT+0900 (한국 표준시)
18087,0041B0,,,교보18호스팩,,KRX_KOSDAQ,COMMON,,,Thu Aug 14 2025 00:00:00 GMT+0900 (한국 표준시),,LISTED,KRW,true,3,,Tue Aug 18 2026 20:30:42 GMT+0900 (한국 표준시),Tue Aug 18 2026 20:30:42 GMT+0900 (한국 표준시)
18088,0098T0,,,교보19호스팩,,KRX_KOSDAQ,COMMON,,,Fri Dec 12 2025 00:00:00 GMT+0900 (한국 표준시),,LISTED,KRW,true,3,,Tue Aug 18 2026 20:30:42 GMT+0900 (한국 표준시),Tue Aug 18 2026 20:30:42 GMT+0900 (한국 표준시)
18089,0132G0,,,교보20호스팩,,KRX_KOSDAQ,COMMON,,,Thu Apr 02 2026 00:00:00 GMT+0900 (한국 표준시),,LISTED,KRW,true,3,,Tue Aug 18 2026 20:30:42 GMT+0900 (한국 표준시),Tue Aug 18 2026 20:30:42 GMT+0900 (한국 표준시)
18090,053270,,,구영테크,,KRX_KOSDAQ,COMMON,,,Thu Feb 07 2002 00:00:00 GMT+0900 (한국 표준시),,LISTED,KRW,true,3,,Tue Aug 18 2026 20:30:42 GMT+0900 (한국 표준시),Tue Aug 18 2026 20:30:42 GMT+0900 (한국 표준시)
18091,066620,,,국보디자인,,KRX_KOSDAQ,COMMON,,,Thu Sep 05 2002 00:00:00 GMT+0900 (한국 표준시),,LISTED,KRW,true,3,,Tue Aug 18 2026 20:30:42 GMT+0900 (한국 표준시),Tue Aug 18 2026 20:30:42 GMT+0900 (한국 표준시)
18092,043650,,,국순당,,KRX_KOSDAQ,COMMON,,,Thu Aug 24 2000 00:00:00 GMT+0900 (한국 표준시),,LISTED,KRW,true,3,,Tue Aug 18 2026 20:30:42 GMT+0900 (한국 표준시),Tue Aug 18 2026 20:30:42 GMT+0900 (한국 표준시)
18093,006050,,,국영지앤엠,,KRX_KOSDAQ,COMMON,,,Fri Oct 07 1994 00:00:00 GMT+0900 (한국 표준시),,LISTED,KRW,true,3,,Tue Aug 18 2026 20:30:42 GMT+0900 (한국 표준시),Tue Aug 18 2026 20:30:42 GMT+0900 (한국 표준시)
18094,060480,,,국일신동,,KRX_KOSDAQ,COMMON,,,Mon Dec 29 2014 00:00:00 GMT+0900 (한국 표준시),,LISTED,KRW,true,3,,Tue Aug 18 2026 20:30:42 GMT+0900 (한국 표준시),Tue Aug 18 2026 20:30:42 GMT+0900 (한국 표준시)
18095,078130,,,국일제지,,KRX_KOSDAQ,COMMON,,,Fri Oct 22 2004 00:00:00 GMT+0900 (한국 표준시),,LISTED,KRW,true,3,,Tue Aug 18 2026 20:30:42 GMT+0900 (한국 표준시),Tue Aug 18 2026 20:30:42 GMT+0900 (한국 표준시)
18096,307750,,,국전,,KRX_KOSDAQ,COMMON,,,Wed Dec 19 2018 00:00:00 GMT+0900 (한국 표준시),,LISTED,KRW,true,3,,Tue Aug 18 2026 20:30:42 GMT+0900 (한국 표준시),Tue Aug 18 2026 20:30:42 GMT+0900 (한국 표준시)
18097,035080,,,그래디언트,,KRX_KOSDAQ,COMMON,,,Mon Jul 05 1999 00:00:00 GMT+0900 (한국 표준시),,LISTED,KRW,true,3,,Tue Aug 18 2026 20:30:42 GMT+0900 (한국 표준시),Tue Aug 18 2026 20:30:42 GMT+0900 (한국 표준시)
18098,318060,,,그래피,,KRX_KOSDAQ,COMMON,,,Mon Aug 25 2025 00:00:00 GMT+0900 (한국 표준시),,LISTED,KRW,true,3,,Tue Aug 18 2026 20:30:42 GMT+0900 (한국 표준시),Tue Aug 18 2026 20:30:42 GMT+0900 (한국 표준시)
18099,900290,,,GRT,,KRX_KOSDAQ,COMMON,,,Tue Oct 25 2016 00:00:00 GMT+0900 (한국 표준시),,LISTED,KRW,true,3,,Tue Aug 18 2026 20:30:42 GMT+0900 (한국 표준시),Tue Aug 18 2026 20:30:42 GMT+0900 (한국 표준시)
18100,453450,,,그리드위즈,,KRX_KOSDAQ,COMMON,,,Fri Jun 14 2024 00:00:00 GMT+0900 (한국 표준시),,LISTED,KRW,true,3,,Tue Aug 18 2026 20:30:42 GMT+0900 (한국 표준시),Tue Aug 18 2026 20:30:42 GMT+0900 (한국 표준시)
18101,204020,,,그리티,,KRX_KOSDAQ,COMMON,,,Mon Jul 23 2018 00:00:00 GMT+0900 (한국 표준시),,LISTED,KRW,true,3,,Tue Aug 18 2026 20:30:42 GMT+0900 (한국 표준시),Tue Aug 18 2026 20:30:42 GMT+0900 (한국 표준시)
18102,0015G0,,,그린광학,,KRX_KOSDAQ,COMMON,,,Mon Nov 17 2025 00:00:00 GMT+0900 (한국 표준시),,LISTED,KRW,true,3,,Tue Aug 18 2026 20:30:42 GMT+0900 (한국 표준시),Tue Aug 18 2026 20:30:42 GMT+0900 (한국 표준시)
18103,402490,,,그린리소스,,KRX_KOSDAQ,COMMON,,,Fri Nov 24 2023 00:00:00 GMT+0900 (한국 표준시),,LISTED,KRW,true,3,,Tue Aug 18 2026 20:30:42 GMT+0900 (한국 표준시),Tue Aug 18 2026 20:30:42 GMT+0900 (한국 표준시)
18104,114450,,,그린생명과학,,KRX_KOSDAQ,COMMON,,,Tue Dec 22 2009 00:00:00 GMT+0900 (한국 표준시),,LISTED,KRW,true,3,,Tue Aug 18 2026 20:30:42 GMT+0900 (한국 표준시),Tue Aug 18 2026 20:30:42 GMT+0900 (한국 표준시)
18105,186230,,,그린플러스,,KRX_KOSDAQ,COMMON,,,Wed Aug 07 2019 00:00:00 GMT+0900 (한국 표준시),,LISTED,KRW,true,3,,Tue Aug 18 2026 20:30:42 GMT+0900 (한국 표준시),Tue Aug 18 2026 20:30:42 GMT+0900 (한국 표준시)
18106,083450,,,GST,,KRX_KOSDAQ,COMMON,,,Wed Feb 01 2006 00:00:00 GMT+0900 (한국 표준시),,LISTED,KRW,true,3,,Tue Aug 18 2026 20:30:42 GMT+0900 (한국 표준시),Tue Aug 18 2026 20:30:42 GMT+0900 (한국 표준시)
18107,900070,,,글로벌에스엠,,KRX_KOSDAQ,COMMON,,,Wed Dec 23 2009 00:00:00 GMT+0900 (한국 표준시),,LISTED,KRW,true,3,,Tue Aug 18 2026 20:30:42 GMT+0900 (한국 표준시),Tue Aug 18 2026 20:30:42 GMT+0900 (한국 표준시)
18108,204620,,,글로벌텍스프리,,KRX_KOSDAQ,COMMON,,,Wed Nov 19 2014 00:00:00 GMT+0900 (한국 표준시),,LISTED,KRW,true,3,,Tue Aug 18 2026 20:30:42 GMT+0900 (한국 표준시),Tue Aug 18 2026 20:30:42 GMT+0900 (한국 표준시)
18109,019660,,,글로본,,KRX_KOSDAQ,COMMON,,,Thu Jun 04 1992 00:00:00 GMT+0900 (한국 표준시),,LISTED,KRW,true,3,,Tue Aug 18 2026 20:30:42 GMT+0900 (한국 표준시),Tue Aug 18 2026 20:30:42 GMT+0900 (한국 표준시)
18110,053260,,,금강철강,,KRX_KOSDAQ,COMMON,,,Fri Jan 04 2002 00:00:00 GMT+0900 (한국 표준시),,LISTED,KRW,true,3,,Tue Aug 18 2026 20:30:42 GMT+0900 (한국 표준시),Tue Aug 18 2026 20:30:42 GMT+0900 (한국 표준시)
18111,282720,,,금양그린파워,,KRX_KOSDAQ,COMMON,,,Mon Mar 13 2023 00:00:00 GMT+0900 (한국 표준시),,LISTED,KRW,true,3,,Tue Aug 18 2026 20:30:42 GMT+0900 (한국 표준시),Tue Aug 18 2026 20:30:42 GMT+0900 (한국 표준시)
18112,036190,,,금화피에스시,,KRX_KOSDAQ,COMMON,,,Tue Dec 26 2000 00:00:00 GMT+0900 (한국 표준시),,LISTED,KRW,true,3,,Tue Aug 18 2026 20:30:42 GMT+0900 (한국 표준시),Tue Aug 18 2026 20:30:42 GMT+0900 (한국 표준시)
18113,049080,,,기가레인,,KRX_KOSDAQ,COMMON,,,Thu Dec 19 2013 00:00:00 GMT+0900 (한국 표준시),,LISTED,KRW,true,3,,Tue Aug 18 2026 20:30:42 GMT+0900 (한국 표준시),Tue Aug 18 2026 20:30:42 GMT+0900 (한국 표준시)
18114,420770,,,기가비스,,KRX_KOSDAQ,COMMON,,,Wed May 24 2023 00:00:00 GMT+0900 (한국 표준시),,LISTED,KRW,true,3,,Tue Aug 18 2026 20:30:42 GMT+0900 (한국 표준시),Tue Aug 18 2026 20:30:42 GMT+0900 (한국 표준시)
18115,035460,,,기산텔레콤,,KRX_KOSDAQ,COMMON,,,Thu Nov 18 1999 00:00:00 GMT+0900 (한국 표준시),,LISTED,KRW,true,3,,Tue Aug 18 2026 20:30:42 GMT+0900 (한국 표준시),Tue Aug 18 2026 20:30:42 GMT+0900 (한국 표준시)
18116,407400,,,꿈비,,KRX_KOSDAQ,COMMON,,,Thu Feb 09 2023 00:00:00 GMT+0900 (한국 표준시),,LISTED,KRW,true,3,,Tue Aug 18 2026 20:30:42 GMT+0900 (한국 표준시),Tue Aug 18 2026 20:30:42 GMT+0900 (한국 표준시)
18117,187790,,,나노,,KRX_KOSDAQ,COMMON,,,Thu May 08 2014 00:00:00 GMT+0900 (한국 표준시),,LISTED,KRW,true,3,,Tue Aug 18 2026 20:30:42 GMT+0900 (한국 표준시),Tue Aug 18 2026 20:30:42 GMT+0900 (한국 표준시)
18118,121600,,,나노신소재,,KRX_KOSDAQ,COMMON,,,Wed Feb 09 2011 00:00:00 GMT+0900 (한국 표준시),,LISTED,KRW,true,3,,Tue Aug 18 2026 20:30:42 GMT+0900 (한국 표준시),Tue Aug 18 2026 20:30:42 GMT+0900 (한국 표준시)
18119,286750,,,나노실리칸첨단소재,,KRX_KOSDAQ,COMMON,,,Mon Aug 19 2019 00:00:00 GMT+0900 (한국 표준시),,LISTED,KRW,true,3,,Tue Aug 18 2026 20:30:42 GMT+0900 (한국 표준시),Tue Aug 18 2026 20:30:42 GMT+0900 (한국 표준시)
18120,247660,,,나노씨엠에스,,KRX_KOSDAQ,COMMON,,,Tue Mar 09 2021 00:00:00 GMT+0900 (한국 표준시),,LISTED,KRW,true,3,,Tue Aug 18 2026 20:30:42 GMT+0900 (한국 표준시),Tue Aug 18 2026 20:30:42 GMT+0900 (한국 표준시)
18121,039860,,,나노엔텍,,KRX_KOSDAQ,COMMON,,,Wed Aug 16 2000 00:00:00 GMT+0900 (한국 표준시),,LISTED,KRW,true,3,,Tue Aug 18 2026 20:30:42 GMT+0900 (한국 표준시),Tue Aug 18 2026 20:30:42 GMT+0900 (한국 표준시)
18122,417010,,,나노팀,,KRX_KOSDAQ,COMMON,,,Fri Mar 03 2023 00:00:00 GMT+0900 (한국 표준시),,LISTED,KRW,true,3,,Tue Aug 18 2026 20:30:42 GMT+0900 (한국 표준시),Tue Aug 18 2026 20:30:42 GMT+0900 (한국 표준시)
18123,405920,,,나라셀라,,KRX_KOSDAQ,COMMON,,,Fri Jun 02 2023 00:00:00 GMT+0900 (한국 표준시),,LISTED,KRW,true,3,,Tue Aug 18 2026 20:30:42 GMT+0900 (한국 표준시),Tue Aug 18 2026 20:30:42 GMT+0900 (한국 표준시)
18124,478340,,,나라스페이스테크놀로지,,KRX_KOSDAQ,COMMON,,,Wed Dec 17 2025 00:00:00 GMT+0900 (한국 표준시),,LISTED,KRW,true,3,,Tue Aug 18 2026 20:30:42 GMT+0900 (한국 표준시),Tue Aug 18 2026 20:30:42 GMT+0900 (한국 표준시)
18125,051490,,,나라엠앤디,,KRX_KOSDAQ,COMMON,,,Tue Jun 12 2001 00:00:00 GMT+0900 (한국 표준시),,LISTED,KRW,true,3,,Tue Aug 18 2026 20:30:42 GMT+0900 (한국 표준시),Tue Aug 18 2026 20:30:42 GMT+0900 (한국 표준시)
18126,137080,,,나래나노텍,,KRX_KOSDAQ,COMMON,,,Tue Feb 08 2022 00:00:00 GMT+0900 (한국 표준시),,LISTED,KRW,true,3,,Tue Aug 18 2026 20:30:42 GMT+0900 (한국 표준시),Tue Aug 18 2026 20:30:42 GMT+0900 (한국 표준시)
18127,190510,,,나무가,,KRX_KOSDAQ,COMMON,,,Thu Nov 12 2015 00:00:00 GMT+0900 (한국 표준시),,LISTED,KRW,true,3,,Tue Aug 18 2026 20:30:42 GMT+0900 (한국 표준시),Tue Aug 18 2026 20:30:42 GMT+0900 (한국 표준시)
18128,242040,,,나무에이엑스,,KRX_KOSDAQ,COMMON,,,Wed Sep 07 2016 00:00:00 GMT+0900 (한국 표준시),,LISTED,KRW,true,3,,Tue Aug 18 2026 20:30:42 GMT+0900 (한국 표준시),Tue Aug 18 2026 20:30:42 GMT+0900 (한국 표준시)
18129,459510,,,나우로보틱스,,KRX_KOSDAQ,COMMON,,,Thu May 08 2025 00:00:00 GMT+0900 (한국 표준시),,LISTED,KRW,true,3,,Tue Aug 18 2026 20:30:42 GMT+0900 (한국 표준시),Tue Aug 18 2026 20:30:42 GMT+0900 (한국 표준시)
18130,293580,,,나우IB,,KRX_KOSDAQ,COMMON,,,Thu Oct 04 2018 00:00:00 GMT+0900 (한국 표준시),,LISTED,KRW,true,3,,Tue Aug 18 2026 20:30:42 GMT+0900 (한국 표준시),Tue Aug 18 2026 20:30:42 GMT+0900 (한국 표준시)
18131,138610,,,나이벡,,KRX_KOSDAQ,COMMON,,,Wed Jul 13 2011 00:00:00 GMT+0900 (한국 표준시),,LISTED,KRW,true,3,,Tue Aug 18 2026 20:30:42 GMT+0900 (한국 표준시),Tue Aug 18 2026 20:30:42 GMT+0900 (한국 표준시)
18132,130580,,,나이스디앤비,,KRX_KOSDAQ,COMMON,,,Thu Dec 22 2011 00:00:00 GMT+0900 (한국 표준시),,LISTED,KRW,true,3,,Tue Aug 18 2026 20:30:42 GMT+0900 (한국 표준시),Tue Aug 18 2026 20:30:42 GMT+0900 (한국 표준시)
18133,036800,,,나이스정보통신,,KRX_KOSDAQ,COMMON,,,Wed May 03 2000 00:00:00 GMT+0900 (한국 표준시),,LISTED,KRW,true,3,,Tue Aug 18 2026 20:30:42 GMT+0900 (한국 표준시),Tue Aug 18 2026 20:30:42 GMT+0900 (한국 표준시)
18134,366030,,,나인앤컴퍼니,,KRX_KOSDAQ,COMMON,,,Wed Mar 23 2022 00:00:00 GMT+0900 (한국 표준시),,LISTED,KRW,true,3,,Tue Aug 18 2026 20:30:42 GMT+0900 (한국 표준시),Tue Aug 18 2026 20:30:42 GMT+0900 (한국 표준시)
18135,267320,,,나인테크,,KRX_KOSDAQ,COMMON,,,Thu Jun 22 2017 00:00:00 GMT+0900 (한국 표준시),,LISTED,KRW,true,3,,Tue Aug 18 2026 20:30:42 GMT+0900 (한국 표준시),Tue Aug 18 2026 20:30:42 GMT+0900 (한국 표준시)
18136,111710,,,남화산업,,KRX_KOSDAQ,COMMON,,,Thu Nov 29 2018 00:00:00 GMT+0900 (한국 표준시),,LISTED,KRW,true,3,,Tue Aug 18 2026 20:30:42 GMT+0900 (한국 표준시),Tue Aug 18 2026 20:30:42 GMT+0900 (한국 표준시)
18137,091590,,,남화토건,,KRX_KOSDAQ,COMMON,,,Tue Jan 31 2012 00:00:00 GMT+0900 (한국 표준시),,LISTED,KRW,true,3,,Tue Aug 18 2026 20:30:42 GMT+0900 (한국 표준시),Tue Aug 18 2026 20:30:42 GMT+0900 (한국 표준시)
18138,168330,,,내츄럴엔도텍,,KRX_KOSDAQ,COMMON,,,Thu Oct 31 2013 00:00:00 GMT+0900 (한국 표준시),,LISTED,KRW,true,3,,Tue Aug 18 2026 20:30:42 GMT+0900 (한국 표준시),Tue Aug 18 2026 20:30:42 GMT+0900 (한국 표준시)
18139,094860,,,네오리진,,KRX_KOSDAQ,COMMON,,,Mon Apr 16 2007 00:00:00 GMT+0900 (한국 표준시),,LISTED,KRW,true,3,,Tue Aug 18 2026 20:30:42 GMT+0900 (한국 표준시),Tue Aug 18 2026 20:30:42 GMT+0900 (한국 표준시)
18140,0218L0,,,네오뷰,,KRX_KOSDAQ,COMMON,,,Mon Jul 27 2026 00:00:00 GMT+0900 (한국 표준시),,LISTED,KRW,true,3,,Tue Aug 18 2026 20:30:42 GMT+0900 (한국 표준시),Tue Aug 18 2026 20:30:42 GMT+0900 (한국 표준시)
18141,253590,,,네오셈,,KRX_KOSDAQ,COMMON,,,Wed Apr 04 2018 00:00:00 GMT+0900 (한국 표준시),,LISTED,KRW,true,3,,Tue Aug 18 2026 20:30:42 GMT+0900 (한국 표준시),Tue Aug 18 2026 20:30:42 GMT+0900 (한국 표준시)
18142,212560,,,네오오토,,KRX_KOSDAQ,COMMON,,,Wed Nov 18 2015 00:00:00 GMT+0900 (한국 표준시),,LISTED,KRW,true,3,,Tue Aug 18 2026 20:30:42 GMT+0900 (한국 표준시),Tue Aug 18 2026 20:30:42 GMT+0900 (한국 표준시)
18143,095660,,,네오위즈,,KRX_KOSDAQ,COMMON,,,Mon Jul 02 2007 00:00:00 GMT+0900 (한국 표준시),,LISTED,KRW,true,3,,Tue Aug 18 2026 20:30:42 GMT+0900 (한국 표준시),Tue Aug 18 2026 20:30:42 GMT+0900 (한국 표준시)
18144,042420,,,네오위즈홀딩스,,KRX_KOSDAQ,COMMON,,,Tue Jun 27 2000 00:00:00 GMT+0900 (한국 표준시),,LISTED,KRW,true,3,,Tue Aug 18 2026 20:30:42 GMT+0900 (한국 표준시),Tue Aug 18 2026 20:30:42 GMT+0900 (한국 표준시)
18145,950220,,,네오이뮨텍,,KRX_KOSDAQ,COMMON,,,Tue Mar 16 2021 00:00:00 GMT+0900 (한국 표준시),,LISTED,KRW,true,3,,Tue Aug 18 2026 20:30:42 GMT+0900 (한국 표준시),Tue Aug 18 2026 20:30:42 GMT+0900 (한국 표준시)
18146,311390,,,네오크레마,,KRX_KOSDAQ,COMMON,,,Thu Aug 22 2019 00:00:00 GMT+0900 (한국 표준시),,LISTED,KRW,true,3,,Tue Aug 18 2026 20:30:42 GMT+0900 (한국 표준시),Tue Aug 18 2026 20:30:42 GMT+0900 (한국 표준시)
18147,085910,,,네오티스,,KRX_KOSDAQ,COMMON,,,Mon Oct 01 2007 00:00:00 GMT+0900 (한국 표준시),,LISTED,KRW,true,3,,Tue Aug 18 2026 20:30:42 GMT+0900 (한국 표준시),Tue Aug 18 2026 20:30:42 GMT+0900 (한국 표준시)
18148,092730,,,네오팜,,KRX_KOSDAQ,COMMON,,,Tue Jan 30 2007 00:00:00 GMT+0900 (한국 표준시),,LISTED,KRW,true,3,,Tue Aug 18 2026 20:30:42 GMT+0900 (한국 표준시),Tue Aug 18 2026 20:30:42 GMT+0900 (한국 표준시)
18149,153460,,,네이블,,KRX_KOSDAQ,COMMON,,,Thu Jul 19 2012 00:00:00 GMT+0900 (한국 표준시),,LISTED,KRW,true,3,,Tue Aug 18 2026 20:30:42 GMT+0900 (한국 표준시),Tue Aug 18 2026 20:30:42 GMT+0900 (한국 표준시)
18150,007390,,,네이처셀,,KRX_KOSDAQ,COMMON,,,Mon Nov 30 1992 00:00:00 GMT+0900 (한국 표준시),,LISTED,KRW,true,3,,Tue Aug 18 2026 20:30:42 GMT+0900 (한국 표준시),Tue Aug 18 2026 20:30:42 GMT+0900 (한국 표준시)
18151,033640,,,네패스,,KRX_KOSDAQ,COMMON,,,Tue Dec 14 1999 00:00:00 GMT+0900 (한국 표준시),,LISTED,KRW,true,3,,Tue Aug 18 2026 20:30:42 GMT+0900 (한국 표준시),Tue Aug 18 2026 20:30:42 GMT+0900 (한국 표준시)
18152,330860,,,네패스아크,,KRX_KOSDAQ,COMMON,,,Tue Nov 17 2020 00:00:00 GMT+0900 (한국 표준시),,LISTED,KRW,true,3,,Tue Aug 18 2026 20:30:42 GMT+0900 (한국 표준시),Tue Aug 18 2026 20:30:42 GMT+0900 (한국 표준시)
18153,351320,,,넥사다이내믹스,,KRX_KOSDAQ,COMMON,,,Mon Jun 22 2020 00:00:00 GMT+0900 (한국 표준시),,LISTED,KRW,true,3,,Tue Aug 18 2026 20:30:42 GMT+0900 (한국 표준시),Tue Aug 18 2026 20:30:42 GMT+0900 (한국 표준시)
18154,089140,,,넥스턴앤롤코리아,,KRX_KOSDAQ,COMMON,,,Wed Nov 01 2006 00:00:00 GMT+0900 (한국 표준시),,LISTED,KRW,true,3,,Tue Aug 18 2026 20:30:42 GMT+0900 (한국 표준시),Tue Aug 18 2026 20:30:42 GMT+0900 (한국 표준시)
18155,389650,,,넥스트바이오메디컬,,KRX_KOSDAQ,COMMON,,,Tue Aug 20 2024 00:00:00 GMT+0900 (한국 표준시),,LISTED,KRW,true,3,,Tue Aug 18 2026 20:30:42 GMT+0900 (한국 표준시),Tue Aug 18 2026 20:30:42 GMT+0900 (한국 표준시)
18156,137940,,,넥스트아이,,KRX_KOSDAQ,COMMON,,,Tue Jun 14 2011 00:00:00 GMT+0900 (한국 표준시),,LISTED,KRW,true,3,,Tue Aug 18 2026 20:30:42 GMT+0900 (한국 표준시),Tue Aug 18 2026 20:30:42 GMT+0900 (한국 표준시)
18157,160550,,,NEW,,KRX_KOSDAQ,COMMON,,,Tue Dec 23 2014 00:00:00 GMT+0900 (한국 표준시),,LISTED,KRW,true,3,,Tue Aug 18 2026 20:30:42 GMT+0900 (한국 표준시),Tue Aug 18 2026 20:30:42 GMT+0900 (한국 표준시)
18158,396270,,,넥스트칩,,KRX_KOSDAQ,COMMON,,,Fri Jul 01 2022 00:00:00 GMT+0900 (한국 표준시),,LISTED,KRW,true,3,,Tue Aug 18 2026 20:30:42 GMT+0900 (한국 표준시),Tue Aug 18 2026 20:30:42 GMT+0900 (한국 표준시)
18159,348210,,,넥스틴,,KRX_KOSDAQ,COMMON,,,Thu Oct 08 2020 00:00:00 GMT+0900 (한국 표준시),,LISTED,KRW,true,3,,Tue Aug 18 2026 20:30:42 GMT+0900 (한국 표준시),Tue Aug 18 2026 20:30:42 GMT+0900 (한국 표준시)
18160,225570,,,넥슨게임즈,,KRX_KOSDAQ,COMMON,,,Fri Sep 25 2015 00:00:00 GMT+0900 (한국 표준시),,LISTED,KRW,true,3,,Tue Aug 18 2026 20:30:42 GMT+0900 (한국 표준시),Tue Aug 18 2026 20:30:42 GMT+0900 (한국 표준시)
18161,205500,,,넥써쓰,,KRX_KOSDAQ,COMMON,,,Wed Nov 12 2014 00:00:00 GMT+0900 (한국 표준시),,LISTED,KRW,true,3,,Tue Aug 18 2026 20:30:42 GMT+0900 (한국 표준시),Tue Aug 18 2026 20:30:42 GMT+0900 (한국 표준시)
18162,217270,,,넵튠,,KRX_KOSDAQ,COMMON,,,Thu Jun 18 2015 00:00:00 GMT+0900 (한국 표준시),,LISTED,KRW,true,3,,Tue Aug 18 2026 20:30:42 GMT+0900 (한국 표준시),Tue Aug 18 2026 20:30:42 GMT+0900 (한국 표준시)
18163,104620,,,노랑풍선,,KRX_KOSDAQ,COMMON,,,Wed Jan 30 2019 00:00:00 GMT+0900 (한국 표준시),,LISTED,KRW,true,3,,Tue Aug 18 2026 20:30:42 GMT+0900 (한국 표준시),Tue Aug 18 2026 20:30:42 GMT+0900 (한국 표준시)
18164,473980,,,노머스,,KRX_KOSDAQ,COMMON,,,Tue Nov 12 2024 00:00:00 GMT+0900 (한국 표준시),,LISTED,KRW,true,3,,Tue Aug 18 2026 20:30:42 GMT+0900 (한국 표준시),Tue Aug 18 2026 20:30:42 GMT+0900 (한국 표준시)
18165,194700,,,노바렉스,,KRX_KOSDAQ,COMMON,,,Wed Nov 14 2018 00:00:00 GMT+0900 (한국 표준시),,LISTED,KRW,true,3,,Tue Aug 18 2026 20:30:42 GMT+0900 (한국 표준시),Tue Aug 18 2026 20:30:42 GMT+0900 (한국 표준시)
18166,285490,,,노바텍,,KRX_KOSDAQ,COMMON,,,Fri Nov 02 2018 00:00:00 GMT+0900 (한국 표준시),,LISTED,KRW,true,3,,Tue Aug 18 2026 20:30:42 GMT+0900 (한국 표준시),Tue Aug 18 2026 20:30:42 GMT+0900 (한국 표준시)
18167,145170,,,노브랜드,,KRX_KOSDAQ,COMMON,,,Thu May 23 2024 00:00:00 GMT+0900 (한국 표준시),,LISTED,KRW,true,3,,Tue Aug 18 2026 20:30:42 GMT+0900 (한국 표준시),Tue Aug 18 2026 20:30:42 GMT+0900 (한국 표준시)
18168,376930,,,노을,,KRX_KOSDAQ,COMMON,,,Thu Mar 03 2022 00:00:00 GMT+0900 (한국 표준시),,LISTED,KRW,true,3,,Tue Aug 18 2026 20:30:42 GMT+0900 (한국 표준시),Tue Aug 18 2026 20:30:42 GMT+0900 (한국 표준시)
18169,486990,,,노타,,KRX_KOSDAQ,COMMON,,,Mon Nov 03 2025 00:00:00 GMT+0900 (한국 표준시),,LISTED,KRW,true,3,,Tue Aug 18 2026 20:30:42 GMT+0900 (한국 표준시),Tue Aug 18 2026 20:30:42 GMT+0900 (한국 표준시)
18170,142280,,,녹십자엠에스,,KRX_KOSDAQ,COMMON,,,Wed Dec 17 2014 00:00:00 GMT+0900 (한국 표준시),,LISTED,KRW,true,3,,Tue Aug 18 2026 20:30:42 GMT+0900 (한국 표준시),Tue Aug 18 2026 20:30:42 GMT+0900 (한국 표준시)
18171,234690,,,녹십자웰빙,,KRX_KOSDAQ,COMMON,,,Mon Oct 14 2019 00:00:00 GMT+0900 (한국 표준시),,LISTED,KRW,true,3,,Tue Aug 18 2026 20:30:42 GMT+0900 (한국 표준시),Tue Aug 18 2026 20:30:42 GMT+0900 (한국 표준시)
18172,154030,,,아시아종묘,,KRX_KOSDAQ,COMMON,,,Mon Feb 12 2018 00:00:00 GMT+0900 (한국 표준시),,LISTED,KRW,true,3,,Tue Aug 18 2026 20:30:42 GMT+0900 (한국 표준시),Tue Aug 18 2026 20:30:42 GMT+0900 (한국 표준시)
18173,403490,,,우듬지팜,,KRX_KOSDAQ,COMMON,,,Tue Sep 19 2023 00:00:00 GMT+0900 (한국 표준시),,LISTED,KRW,true,3,,Tue Aug 18 2026 20:30:42 GMT+0900 (한국 표준시),Tue Aug 18 2026 20:30:42 GMT+0900 (한국 표준시)
18174,069140,,,누리플랜,,KRX_KOSDAQ,COMMON,,,Tue Oct 26 2010 00:00:00 GMT+0900 (한국 표준시),,LISTED,KRW,true,3,,Tue Aug 18 2026 20:30:42 GMT+0900 (한국 표준시),Tue Aug 18 2026 20:30:42 GMT+0900 (한국 표준시)
18175,040160,,,누리플렉스,,KRX_KOSDAQ,COMMON,,,Tue Aug 29 2000 00:00:00 GMT+0900 (한국 표준시),,LISTED,KRW,true,3,,Tue Aug 18 2026 20:30:42 GMT+0900 (한국 표준시),Tue Aug 18 2026 20:30:42 GMT+0900 (한국 표준시)
18176,332290,,,누보,,KRX_KOSDAQ,COMMON,,,Fri Oct 11 2019 00:00:00 GMT+0900 (한국 표준시),,LISTED,KRW,true,3,,Tue Aug 18 2026 20:30:42 GMT+0900 (한국 표준시),Tue Aug 18 2026 20:30:42 GMT+0900 (한국 표준시)
18177,348340,,,뉴로메카,,KRX_KOSDAQ,COMMON,,,Fri Nov 04 2022 00:00:00 GMT+0900 (한국 표준시),,LISTED,KRW,true,3,,Tue Aug 18 2026 20:30:42 GMT+0900 (한국 표준시),Tue Aug 18 2026 20:30:42 GMT+0900 (한국 표준시)
18178,380550,,,뉴로핏,,KRX_KOSDAQ,COMMON,,,Fri Jul 25 2025 00:00:00 GMT+0900 (한국 표준시),,LISTED,KRW,true,3,,Tue Aug 18 2026 20:30:42 GMT+0900 (한국 표준시),Tue Aug 18 2026 20:30:42 GMT+0900 (한국 표준시)
18179,060260,,,뉴보텍,,KRX_KOSDAQ,COMMON,,,Tue Feb 05 2002 00:00:00 GMT+0900 (한국 표준시),,LISTED,KRW,true,3,,Tue Aug 18 2026 20:30:42 GMT+0900 (한국 표준시),Tue Aug 18 2026 20:30:42 GMT+0900 (한국 표준시)
18180,463020,,,뉴엔AI,,KRX_KOSDAQ,COMMON,,,Fri Jul 04 2025 00:00:00 GMT+0900 (한국 표준시),,LISTED,KRW,true,3,,Tue Aug 18 2026 20:30:42 GMT+0900 (한국 표준시),Tue Aug 18 2026 20:30:42 GMT+0900 (한국 표준시)
18181,123840,,,뉴온,,KRX_KOSDAQ,COMMON,,,Tue Oct 05 2010 00:00:00 GMT+0900 (한국 표준시),,LISTED,KRW,true,3,,Tue Aug 18 2026 20:30:42 GMT+0900 (한국 표준시),Tue Aug 18 2026 20:30:42 GMT+0900 (한국 표준시)
18182,012340,,,뉴인텍,,KRX_KOSDAQ,COMMON,,,Wed Feb 12 1997 00:00:00 GMT+0900 (한국 표준시),,LISTED,KRW,true,3,,Tue Aug 18 2026 20:30:42 GMT+0900 (한국 표준시),Tue Aug 18 2026 20:30:42 GMT+0900 (한국 표준시)
18183,462310,,,뉴키즈온,,KRX_KOSDAQ,COMMON,,,Wed Jul 09 2025 00:00:00 GMT+0900 (한국 표준시),,LISTED,KRW,true,3,,Tue Aug 18 2026 20:30:42 GMT+0900 (한국 표준시),Tue Aug 18 2026 20:30:42 GMT+0900 (한국 표준시)
18184,270870,,,뉴트리,,KRX_KOSDAQ,COMMON,,,Thu Dec 13 2018 00:00:00 GMT+0900 (한국 표준시),,LISTED,KRW,true,3,,Tue Aug 18 2026 20:30:42 GMT+0900 (한국 표준시),Tue Aug 18 2026 20:30:42 GMT+0900 (한국 표준시)
18185,144960,,,뉴파워프라즈마,,KRX_KOSDAQ,COMMON,,,Wed Nov 30 2016 00:00:00 GMT+0900 (한국 표준시),,LISTED,KRW,true,3,,Tue Aug 18 2026 20:30:42 GMT+0900 (한국 표준시),Tue Aug 18 2026 20:30:42 GMT+0900 (한국 표준시)
18186,085670,,,뉴프렉스,,KRX_KOSDAQ,COMMON,,,Tue Jan 17 2006 00:00:00 GMT+0900 (한국 표준시),,LISTED,KRW,true,3,,Tue Aug 18 2026 20:30:42 GMT+0900 (한국 표준시),Tue Aug 18 2026 20:30:42 GMT+0900 (한국 표준시)
18187,064260,,,다날,,KRX_KOSDAQ,COMMON,,,Fri Jul 23 2004 00:00:00 GMT+0900 (한국 표준시),,LISTED,KRW,true,3,,Tue Aug 18 2026 20:30:42 GMT+0900 (한국 표준시),Tue Aug 18 2026 20:30:42 GMT+0900 (한국 표준시)
18188,340360,,,다보링크,,KRX_KOSDAQ,COMMON,,,Thu Dec 19 2019 00:00:00 GMT+0900 (한국 표준시),,LISTED,KRW,true,3,,Tue Aug 18 2026 20:30:42 GMT+0900 (한국 표준시),Tue Aug 18 2026 20:30:42 GMT+0900 (한국 표준시)
18189,039560,,,다산네트웍스,,KRX_KOSDAQ,COMMON,,,Thu Jun 22 2000 00:00:00 GMT+0900 (한국 표준시),,LISTED,KRW,true,3,,Tue Aug 18 2026 20:30:42 GMT+0900 (한국 표준시),Tue Aug 18 2026 20:30:42 GMT+0900 (한국 표준시)
18190,208860,,,다산디엠씨,,KRX_KOSDAQ,COMMON,,,Thu Jul 28 2016 00:00:00 GMT+0900 (한국 표준시),,LISTED,KRW,true,3,,Tue Aug 18 2026 20:30:42 GMT+0900 (한국 표준시),Tue Aug 18 2026 20:30:42 GMT+0900 (한국 표준시)
18191,154040,,,다산솔루에타,,KRX_KOSDAQ,COMMON,,,Fri Dec 27 2013 00:00:00 GMT+0900 (한국 표준시),,LISTED,KRW,true,3,,Tue Aug 18 2026 20:30:42 GMT+0900 (한국 표준시),Tue Aug 18 2026 20:30:42 GMT+0900 (한국 표준시)
18192,032190,,,다우데이타,,KRX_KOSDAQ,COMMON,,,Tue Dec 21 1999 00:00:00 GMT+0900 (한국 표준시),,LISTED,KRW,true,3,,Tue Aug 18 2026 20:30:42 GMT+0900 (한국 표준시),Tue Aug 18 2026 20:30:42 GMT+0900 (한국 표준시)
18193,323350,,,다원넥스뷰,,KRX_KOSDAQ,COMMON,,,Tue Jun 11 2024 00:00:00 GMT+0900 (한국 표준시),,LISTED,KRW,true,3,,Tue Aug 18 2026 20:30:42 GMT+0900 (한국 표준시),Tue Aug 18 2026 20:30:42 GMT+0900 (한국 표준시)
18194,068240,,,다원시스,,KRX_KOSDAQ,COMMON,,,Tue Sep 14 2010 00:00:00 GMT+0900 (한국 표준시),,LISTED,KRW,true,3,,Tue Aug 18 2026 20:30:42 GMT+0900 (한국 표준시),Tue Aug 18 2026 20:30:42 GMT+0900 (한국 표준시)
18195,290660,,,다이나믹솔루션,,KRX_KOSDAQ,COMMON,,,Wed Nov 28 2018 00:00:00 GMT+0900 (한국 표준시),,LISTED,KRW,true,3,,Tue Aug 18 2026 20:30:42 GMT+0900 (한국 표준시),Tue Aug 18 2026 20:30:42 GMT+0900 (한국 표준시)
18196,464580,,,닷밀,,KRX_KOSDAQ,COMMON,,,Wed Nov 13 2024 00:00:00 GMT+0900 (한국 표준시),,LISTED,KRW,true,3,,Tue Aug 18 2026 20:30:42 GMT+0900 (한국 표준시),Tue Aug 18 2026 20:30:42 GMT+0900 (한국 표준시)
18197,020400,,,대동금속,,KRX_KOSDAQ,COMMON,,,Fri Jul 30 1993 00:00:00 GMT+0900 (한국 표준시),,LISTED,KRW,true,3,,Tue Aug 18 2026 20:30:42 GMT+0900 (한국 표준시),Tue Aug 18 2026 20:30:42 GMT+0900 (한국 표준시)
18198,008830,,,대동기어,,KRX_KOSDAQ,COMMON,,,Fri May 17 1991 00:00:00 GMT+0900 (한국 표준시),,LISTED,KRW,true,3,,Tue Aug 18 2026 20:30:42 GMT+0900 (한국 표준시),Tue Aug 18 2026 20:30:42 GMT+0900 (한국 표준시)
18199,048470,,,대동스틸,,KRX_KOSDAQ,COMMON,,,Thu Jan 10 2002 00:00:00 GMT+0900 (한국 표준시),,LISTED,KRW,true,3,,Tue Aug 18 2026 20:30:42 GMT+0900 (한국 표준시),Tue Aug 18 2026 20:30:42 GMT+0900 (한국 표준시)
18200,004780,,,대륙제관,,KRX_KOSDAQ,COMMON,,,Thu Dec 29 1994 00:00:00 GMT+0900 (한국 표준시),,LISTED,KRW,true,3,,Tue Aug 18 2026 20:30:42 GMT+0900 (한국 표준시),Tue Aug 18 2026 20:30:42 GMT+0900 (한국 표준시)
18201,017650,,,대림제지,,KRX_KOSDAQ,COMMON,,,Mon Nov 07 1994 00:00:00 GMT+0900 (한국 표준시),,LISTED,KRW,true,3,,Tue Aug 18 2026 20:30:42 GMT+0900 (한국 표준시),Tue Aug 18 2026 20:30:42 GMT+0900 (한국 표준시)
18202,389260,,,대명에너지,,KRX_KOSDAQ,COMMON,,,Mon May 16 2022 00:00:00 GMT+0900 (한국 표준시),,LISTED,KRW,true,3,,Tue Aug 18 2026 20:30:42 GMT+0900 (한국 표준시),Tue Aug 18 2026 20:30:42 GMT+0900 (한국 표준시)
18203,317850,,,대모,,KRX_KOSDAQ,COMMON,,,Wed Jul 24 2019 00:00:00 GMT+0900 (한국 표준시),,LISTED,KRW,true,3,,Tue Aug 18 2026 20:30:42 GMT+0900 (한국 표준시),Tue Aug 18 2026 20:30:42 GMT+0900 (한국 표준시)
18204,290670,,,대보마그네틱,,KRX_KOSDAQ,COMMON,,,Tue Nov 06 2018 00:00:00 GMT+0900 (한국 표준시),,LISTED,KRW,true,3,,Tue Aug 18 2026 20:30:42 GMT+0900 (한국 표준시),Tue Aug 18 2026 20:30:42 GMT+0900 (한국 표준시)
18205,078140,,,대봉엘에스,,KRX_KOSDAQ,COMMON,,,Fri Dec 23 2005 00:00:00 GMT+0900 (한국 표준시),,LISTED,KRW,true,3,,Tue Aug 18 2026 20:30:42 GMT+0900 (한국 표준시),Tue Aug 18 2026 20:30:42 GMT+0900 (한국 표준시)
18206,065150,,,대산F&B,,KRX_KOSDAQ,COMMON,,,Wed Jul 18 2007 00:00:00 GMT+0900 (한국 표준시),,LISTED,KRW,true,3,,Tue Aug 18 2026 20:30:42 GMT+0900 (한국 표준시),Tue Aug 18 2026 20:30:42 GMT+0900 (한국 표준시)
18207,036480,,,대성미생물,,KRX_KOSDAQ,COMMON,,,Tue Apr 04 2000 00:00:00 GMT+0900 (한국 표준시),,LISTED,KRW,true,3,,Tue Aug 18 2026 20:30:42 GMT+0900 (한국 표준시),Tue Aug 18 2026 20:30:42 GMT+0900 (한국 표준시)
18208,027830,,,대성창투,,KRX_KOSDAQ,COMMON,,,Tue Nov 30 1999 00:00:00 GMT+0900 (한국 표준시),,LISTED,KRW,true,3,,Tue Aug 18 2026 20:30:42 GMT+0900 (한국 표준시),Tue Aug 18 2026 20:30:42 GMT+0900 (한국 표준시)
18209,129920,,,대성하이텍,,KRX_KOSDAQ,COMMON,,,Mon Aug 22 2022 00:00:00 GMT+0900 (한국 표준시),,LISTED,KRW,true,3,,Tue Aug 18 2026 20:30:42 GMT+0900 (한국 표준시),Tue Aug 18 2026 20:30:42 GMT+0900 (한국 표준시)
18210,471050,,,대신밸런스제17호스팩,,KRX_KOSDAQ,COMMON,,,Wed Jan 24 2024 00:00:00 GMT+0900 (한국 표준시),,LISTED,KRW,true,3,,Tue Aug 18 2026 20:30:42 GMT+0900 (한국 표준시),Tue Aug 18 2026 20:30:42 GMT+0900 (한국 표준시)
18211,482690,,,대신밸런스제19호스팩,,KRX_KOSDAQ,COMMON,,,Wed Nov 20 2024 00:00:00 GMT+0900 (한국 표준시),,LISTED,KRW,true,3,,Tue Aug 18 2026 20:30:42 GMT+0900 (한국 표준시),Tue Aug 18 2026 20:30:42 GMT+0900 (한국 표준시)
18212,0134X0,,,대신밸런스제20호스팩,,KRX_KOSDAQ,COMMON,,,Fri Jun 05 2026 00:00:00 GMT+0900 (한국 표준시),,LISTED,KRW,true,3,,Tue Aug 18 2026 20:30:42 GMT+0900 (한국 표준시),Tue Aug 18 2026 20:30:42 GMT+0900 (한국 표준시)
18213,020180,,,대신정보통신,,KRX_KOSDAQ,COMMON,,,Fri Oct 06 1995 00:00:00 GMT+0900 (한국 표준시),,LISTED,KRW,true,3,,Tue Aug 18 2026 20:30:42 GMT+0900 (한국 표준시),Tue Aug 18 2026 20:30:42 GMT+0900 (한국 표준시)
18214,045390,,,대아티아이,,KRX_KOSDAQ,COMMON,,,Thu May 17 2001 00:00:00 GMT+0900 (한국 표준시),,LISTED,KRW,true,3,,Tue Aug 18 2026 20:30:42 GMT+0900 (한국 표준시),Tue Aug 18 2026 20:30:42 GMT+0900 (한국 표준시)
18215,108380,,,대양전기공업,,KRX_KOSDAQ,COMMON,,,Fri Jul 08 2011 00:00:00 GMT+0900 (한국 표준시),,LISTED,KRW,true,3,,Tue Aug 18 2026 20:30:42 GMT+0900 (한국 표준시),Tue Aug 18 2026 20:30:42 GMT+0900 (한국 표준시)
18216,007680,,,대원,,KRX_KOSDAQ,COMMON,,,Fri Dec 01 2017 00:00:00 GMT+0900 (한국 표준시),,LISTED,KRW,true,3,,Tue Aug 18 2026 20:30:42 GMT+0900 (한국 표준시),Tue Aug 18 2026 20:30:42 GMT+0900 (한국 표준시)
18217,048910,,,대원미디어,,KRX_KOSDAQ,COMMON,,,Tue Jul 31 2001 00:00:00 GMT+0900 (한국 표준시),,LISTED,KRW,true,3,,Tue Aug 18 2026 20:30:42 GMT+0900 (한국 표준시),Tue Aug 18 2026 20:30:42 GMT+0900 (한국 표준시)
18218,005710,,,대원산업,,KRX_KOSDAQ,COMMON,,,Mon Jun 21 1993 00:00:00 GMT+0900 (한국 표준시),,LISTED,KRW,true,3,,Tue Aug 18 2026 20:30:42 GMT+0900 (한국 표준시),Tue Aug 18 2026 20:30:42 GMT+0900 (한국 표준시)
18219,120240,,,대정화금,,KRX_KOSDAQ,COMMON,,,Mon Dec 20 2010 00:00:00 GMT+0900 (한국 표준시),,LISTED,KRW,true,3,,Tue Aug 18 2026 20:30:42 GMT+0900 (한국 표준시),Tue Aug 18 2026 20:30:42 GMT+0900 (한국 표준시)
18220,003310,,,대주산업,,KRX_KOSDAQ,COMMON,,,Sat Aug 01 1992 00:00:00 GMT+0900 (한국 표준시),,LISTED,KRW,true,3,,Tue Aug 18 2026 20:30:42 GMT+0900 (한국 표준시),Tue Aug 18 2026 20:30:42 GMT+0900 (한국 표준시)
18221,078600,,,대주전자재료,,KRX_KOSDAQ,COMMON,,,Fri Dec 10 2004 00:00:00 GMT+0900 (한국 표준시),,LISTED,KRW,true,3,,Tue Aug 18 2026 20:30:42 GMT+0900 (한국 표준시),Tue Aug 18 2026 20:30:42 GMT+0900 (한국 표준시)
18222,393970,,,대진첨단소재,,KRX_KOSDAQ,COMMON,,,Thu Mar 06 2025 00:00:00 GMT+0900 (한국 표준시),,LISTED,KRW,true,3,,Tue Aug 18 2026 20:30:42 GMT+0900 (한국 표준시),Tue Aug 18 2026 20:30:42 GMT+0900 (한국 표준시)
18223,096350,,,대창솔루션,,KRX_KOSDAQ,COMMON,,,Mon Dec 17 2007 00:00:00 GMT+0900 (한국 표준시),,LISTED,KRW,true,3,,Tue Aug 18 2026 20:30:42 GMT+0900 (한국 표준시),Tue Aug 18 2026 20:30:42 GMT+0900 (한국 표준시)
18224,140520,,,대창스틸,,KRX_KOSDAQ,COMMON,,,Fri Dec 05 2014 00:00:00 GMT+0900 (한국 표준시),,LISTED,KRW,true,3,,Tue Aug 18 2026 20:30:42 GMT+0900 (한국 표준시),Tue Aug 18 2026 20:30:42 GMT+0900 (한국 표준시)
18225,131220,,,대한과학,,KRX_KOSDAQ,COMMON,,,Tue Oct 11 2011 00:00:00 GMT+0900 (한국 표준시),,LISTED,KRW,true,3,,Tue Aug 18 2026 20:30:42 GMT+0900 (한국 표준시),Tue Aug 18 2026 20:30:42 GMT+0900 (한국 표준시)
18226,010170,,,대한광통신,,KRX_KOSDAQ,COMMON,,,Mon Nov 07 1994 00:00:00 GMT+0900 (한국 표준시),,LISTED,KRW,true,3,,Tue Aug 18 2026 20:30:42 GMT+0900 (한국 표준시),Tue Aug 18 2026 20:30:42 GMT+0900 (한국 표준시)
18227,054670,,,대한뉴팜,,KRX_KOSDAQ,COMMON,,,Tue Feb 26 2002 00:00:00 GMT+0900 (한국 표준시),,LISTED,KRW,true,3,,Tue Aug 18 2026 20:30:42 GMT+0900 (한국 표준시),Tue Aug 18 2026 20:30:42 GMT+0900 (한국 표준시)
18228,023910,,,대한약품,,KRX_KOSDAQ,COMMON,,,Wed Nov 23 1994 00:00:00 GMT+0900 (한국 표준시),,LISTED,KRW,true,3,,Tue Aug 18 2026 20:30:42 GMT+0900 (한국 표준시),Tue Aug 18 2026 20:30:42 GMT+0900 (한국 표준시)
18229,021040,,,대호특수강,,KRX_KOSDAQ,COMMON,,,Tue Aug 27 1996 00:00:00 GMT+0900 (한국 표준시),,LISTED,KRW,true,3,,Tue Aug 18 2026 20:30:42 GMT+0900 (한국 표준시),Tue Aug 18 2026 20:30:42 GMT+0900 (한국 표준시)
18230,021045,,,대호특수강우,,KRX_KOSDAQ,PREFERRED,,,Thu Sep 13 2001 00:00:00 GMT+0900 (한국 표준시),,LISTED,KRW,true,3,,Tue Aug 18 2026 20:30:42 GMT+0900 (한국 표준시),Tue Aug 18 2026 20:30:42 GMT+0900 (한국 표준시)
18231,067080,,,대화제약,,KRX_KOSDAQ,COMMON,,,Fri Feb 14 2003 00:00:00 GMT+0900 (한국 표준시),,LISTED,KRW,true,3,,Tue Aug 18 2026 20:30:42 GMT+0900 (한국 표준시),Tue Aug 18 2026 20:30:42 GMT+0900 (한국 표준시)
18232,298540,,,더네이쳐홀딩스,,KRX_KOSDAQ,COMMON,,,Mon Jul 27 2020 00:00:00 GMT+0900 (한국 표준시),,LISTED,KRW,true,3,,Tue Aug 18 2026 20:30:42 GMT+0900 (한국 표준시),Tue Aug 18 2026 20:30:42 GMT+0900 (한국 표준시)
18233,032860,,,더라미,,KRX_KOSDAQ,COMMON,,,Fri Jul 04 1997 00:00:00 GMT+0900 (한국 표준시),,LISTED,KRW,true,3,,Tue Aug 18 2026 20:30:42 GMT+0900 (한국 표준시),Tue Aug 18 2026 20:30:42 GMT+0900 (한국 표준시)
18234,393890,,,더블유씨피,,KRX_KOSDAQ,COMMON,,,Fri Sep 30 2022 00:00:00 GMT+0900 (한국 표준시),,LISTED,KRW,true,3,,Tue Aug 18 2026 20:30:42 GMT+0900 (한국 표준시),Tue Aug 18 2026 20:30:42 GMT+0900 (한국 표준시)
18235,299170,,,더블유에스아이,,KRX_KOSDAQ,COMMON,,,Fri Sep 21 2018 00:00:00 GMT+0900 (한국 표준시),,LISTED,KRW,true,3,,Tue Aug 18 2026 20:30:42 GMT+0900 (한국 표준시),Tue Aug 18 2026 20:30:42 GMT+0900 (한국 표준시)
18236,089230,,,THE E&M,,KRX_KOSDAQ,COMMON,,,Tue Oct 10 2006 00:00:00 GMT+0900 (한국 표준시),,LISTED,KRW,true,3,,Tue Aug 18 2026 20:30:42 GMT+0900 (한국 표준시),Tue Aug 18 2026 20:30:42 GMT+0900 (한국 표준시)
18237,462860,,,더즌,,KRX_KOSDAQ,COMMON,,,Mon Mar 24 2025 00:00:00 GMT+0900 (한국 표준시),,LISTED,KRW,true,3,,Tue Aug 18 2026 20:30:42 GMT+0900 (한국 표준시),Tue Aug 18 2026 20:30:42 GMT+0900 (한국 표준시)
18238,224060,,,더코디,,KRX_KOSDAQ,COMMON,,,Tue Dec 29 2015 00:00:00 GMT+0900 (한국 표준시),,LISTED,KRW,true,3,,Tue Aug 18 2026 20:30:42 GMT+0900 (한국 표준시),Tue Aug 18 2026 20:30:42 GMT+0900 (한국 표준시)
18239,403850,,,더핑크퐁컴퍼니,,KRX_KOSDAQ,COMMON,,,Tue Nov 18 2025 00:00:00 GMT+0900 (한국 표준시),,LISTED,KRW,true,3,,Tue Aug 18 2026 20:30:42 GMT+0900 (한국 표준시),Tue Aug 18 2026 20:30:42 GMT+0900 (한국 표준시)
18240,213420,,,덕산네오룩스,,KRX_KOSDAQ,COMMON,,,Fri Feb 06 2015 00:00:00 GMT+0900 (한국 표준시),,LISTED,KRW,true,3,,Tue Aug 18 2026 20:30:42 GMT+0900 (한국 표준시),Tue Aug 18 2026 20:30:42 GMT+0900 (한국 표준시)
18241,317330,,,덕산테코피아,,KRX_KOSDAQ,COMMON,,,Fri Aug 02 2019 00:00:00 GMT+0900 (한국 표준시),,LISTED,KRW,true,3,,Tue Aug 18 2026 20:30:42 GMT+0900 (한국 표준시),Tue Aug 18 2026 20:30:42 GMT+0900 (한국 표준시)
18242,077360,,,덕산하이메탈,,KRX_KOSDAQ,COMMON,,,Fri Oct 14 2005 00:00:00 GMT+0900 (한국 표준시),,LISTED,KRW,true,3,,Tue Aug 18 2026 20:30:42 GMT+0900 (한국 표준시),Tue Aug 18 2026 20:30:42 GMT+0900 (한국 표준시)
18243,090410,,,덕신이피씨,,KRX_KOSDAQ,COMMON,,,Fri Aug 01 2014 00:00:00 GMT+0900 (한국 표준시),,LISTED,KRW,true,3,,Tue Aug 18 2026 20:30:42 GMT+0900 (한국 표준시),Tue Aug 18 2026 20:30:42 GMT+0900 (한국 표준시)
18244,0001A0,,,덕양에너젠,,KRX_KOSDAQ,COMMON,,,Fri Jan 30 2026 00:00:00 GMT+0900 (한국 표준시),,LISTED,KRW,true,3,,Tue Aug 18 2026 20:30:42 GMT+0900 (한국 표준시),Tue Aug 18 2026 20:30:42 GMT+0900 (한국 표준시)
18245,263600,,,덕우전자,,KRX_KOSDAQ,COMMON,,,Mon Aug 28 2017 00:00:00 GMT+0900 (한국 표준시),,LISTED,KRW,true,3,,Tue Aug 18 2026 20:30:42 GMT+0900 (한국 표준시),Tue Aug 18 2026 20:30:42 GMT+0900 (한국 표준시)
18246,194480,,,데브시스터즈,,KRX_KOSDAQ,COMMON,,,Mon Oct 06 2014 00:00:00 GMT+0900 (한국 표준시),,LISTED,KRW,true,3,,Tue Aug 18 2026 20:30:42 GMT+0900 (한국 표준시),Tue Aug 18 2026 20:30:42 GMT+0900 (한국 표준시)
18247,373160,,,데이원컴퍼니,,KRX_KOSDAQ,COMMON,,,Fri Jan 24 2025 00:00:00 GMT+0900 (한국 표준시),,LISTED,KRW,true,3,,Tue Aug 18 2026 20:30:42 GMT+0900 (한국 표준시),Tue Aug 18 2026 20:30:42 GMT+0900 (한국 표준시)
18248,263800,,,데이타솔루션,,KRX_KOSDAQ,COMMON,,,Thu Aug 03 2017 00:00:00 GMT+0900 (한국 표준시),,LISTED,KRW,true,3,,Tue Aug 18 2026 20:30:42 GMT+0900 (한국 표준시),Tue Aug 18 2026 20:30:42 GMT+0900 (한국 표준시)
18249,206560,,,덱스터,,KRX_KOSDAQ,COMMON,,,Tue Dec 22 2015 00:00:00 GMT+0900 (한국 표준시),,LISTED,KRW,true,3,,Tue Aug 18 2026 20:30:42 GMT+0900 (한국 표준시),Tue Aug 18 2026 20:30:42 GMT+0900 (한국 표준시)
18250,261200,,,덴티스,,KRX_KOSDAQ,COMMON,,,Mon Jun 26 2017 00:00:00 GMT+0900 (한국 표준시),,LISTED,KRW,true,3,,Tue Aug 18 2026 20:30:42 GMT+0900 (한국 표준시),Tue Aug 18 2026 20:30:42 GMT+0900 (한국 표준시)
18251,484120,,,도우인시스,,KRX_KOSDAQ,COMMON,,,Wed Jul 23 2025 00:00:00 GMT+0900 (한국 표준시),,LISTED,KRW,true,3,,Tue Aug 18 2026 20:30:42 GMT+0900 (한국 표준시),Tue Aug 18 2026 20:30:42 GMT+0900 (한국 표준시)
18252,067990,,,도이치모터스,,KRX_KOSDAQ,COMMON,,,Fri Dec 03 2004 00:00:00 GMT+0900 (한국 표준시),,LISTED,KRW,true,3,,Tue Aug 18 2026 20:30:42 GMT+0900 (한국 표준시),Tue Aug 18 2026 20:30:42 GMT+0900 (한국 표준시)
18253,006620,,,동구바이오제약,,KRX_KOSDAQ,COMMON,,,Tue Feb 13 2018 00:00:00 GMT+0900 (한국 표준시),,LISTED,KRW,true,3,,Tue Aug 18 2026 20:30:42 GMT+0900 (한국 표준시),Tue Aug 18 2026 20:30:42 GMT+0900 (한국 표준시)
18254,005160,,,동국산업,,KRX_KOSDAQ,COMMON,,,Fri Jun 25 1999 00:00:00 GMT+0900 (한국 표준시),,LISTED,KRW,true,3,,Tue Aug 18 2026 20:30:42 GMT+0900 (한국 표준시),Tue Aug 18 2026 20:30:42 GMT+0900 (한국 표준시)
18255,303810,,,동국생명과학,,KRX_KOSDAQ,COMMON,,,Mon Feb 17 2025 00:00:00 GMT+0900 (한국 표준시),,LISTED,KRW,true,3,,Tue Aug 18 2026 20:30:42 GMT+0900 (한국 표준시),Tue Aug 18 2026 20:30:42 GMT+0900 (한국 표준시)
18256,075970,,,동국알앤에스,,KRX_KOSDAQ,COMMON,,,Fri Feb 13 2004 00:00:00 GMT+0900 (한국 표준시),,LISTED,KRW,true,3,,Tue Aug 18 2026 20:30:42 GMT+0900 (한국 표준시),Tue Aug 18 2026 20:30:42 GMT+0900 (한국 표준시)
18257,100130,,,동국S&C,,KRX_KOSDAQ,COMMON,,,Mon Aug 31 2009 00:00:00 GMT+0900 (한국 표준시),,LISTED,KRW,true,3,,Tue Aug 18 2026 20:30:42 GMT+0900 (한국 표준시),Tue Aug 18 2026 20:30:42 GMT+0900 (한국 표준시)
18258,086450,,,동국제약,,KRX_KOSDAQ,COMMON,,,Tue May 29 2007 00:00:00 GMT+0900 (한국 표준시),,LISTED,KRW,true,3,,Tue Aug 18 2026 20:30:42 GMT+0900 (한국 표준시),Tue Aug 18 2026 20:30:42 GMT+0900 (한국 표준시)
18259,240550,,,동방메디컬,,KRX_KOSDAQ,COMMON,,,Thu Feb 13 2025 00:00:00 GMT+0900 (한국 표준시),,LISTED,KRW,true,3,,Tue Aug 18 2026 20:30:42 GMT+0900 (한국 표준시),Tue Aug 18 2026 20:30:42 GMT+0900 (한국 표준시)
18260,099410,,,동방선기,,KRX_KOSDAQ,COMMON,,,Tue Nov 10 2009 00:00:00 GMT+0900 (한국 표준시),,LISTED,KRW,true,3,,Tue Aug 18 2026 20:30:42 GMT+0900 (한국 표준시),Tue Aug 18 2026 20:30:42 GMT+0900 (한국 표준시)
18261,033500,,,동성화인텍,,KRX_KOSDAQ,COMMON,,,Fri Dec 19 1997 00:00:00 GMT+0900 (한국 표준시),,LISTED,KRW,true,3,,Tue Aug 18 2026 20:30:42 GMT+0900 (한국 표준시),Tue Aug 18 2026 20:30:42 GMT+0900 (한국 표준시)
18262,025950,,,동신건설,,KRX_KOSDAQ,COMMON,,,Mon Aug 07 1995 00:00:00 GMT+0900 (한국 표준시),,LISTED,KRW,true,3,,Tue Aug 18 2026 20:30:42 GMT+0900 (한국 표준시),Tue Aug 18 2026 20:30:42 GMT+0900 (한국 표준시)
18263,088130,,,동아엘텍,,KRX_KOSDAQ,COMMON,,,Wed Jan 03 2007 00:00:00 GMT+0900 (한국 표준시),,LISTED,KRW,true,3,,Tue Aug 18 2026 20:30:42 GMT+0900 (한국 표준시),Tue Aug 18 2026 20:30:42 GMT+0900 (한국 표준시)
18264,060380,,,동양에스텍,,KRX_KOSDAQ,COMMON,,,Tue Feb 05 2002 00:00:00 GMT+0900 (한국 표준시),,LISTED,KRW,true,3,,Tue Aug 18 2026 20:30:42 GMT+0900 (한국 표준시),Tue Aug 18 2026 20:30:42 GMT+0900 (한국 표준시)
18265,079960,,,동양이엔피,,KRX_KOSDAQ,COMMON,,,Tue Feb 01 2005 00:00:00 GMT+0900 (한국 표준시),,LISTED,KRW,true,3,,Tue Aug 18 2026 20:30:42 GMT+0900 (한국 표준시),Tue Aug 18 2026 20:30:42 GMT+0900 (한국 표준시)
18266,228340,,,동양파일,,KRX_KOSDAQ,COMMON,,,Wed Apr 06 2016 00:00:00 GMT+0900 (한국 표준시),,LISTED,KRW,true,3,,Tue Aug 18 2026 20:30:42 GMT+0900 (한국 표준시),Tue Aug 18 2026 20:30:42 GMT+0900 (한국 표준시)
18267,088910,,,동우팜투테이블,,KRX_KOSDAQ,COMMON,,,Fri Jun 23 2006 00:00:00 GMT+0900 (한국 표준시),,LISTED,KRW,true,3,,Tue Aug 18 2026 20:30:42 GMT+0900 (한국 표준시),Tue Aug 18 2026 20:30:42 GMT+0900 (한국 표준시)
18268,094170,,,동운아나텍,,KRX_KOSDAQ,COMMON,,,Tue Jun 30 2015 00:00:00 GMT+0900 (한국 표준시),,LISTED,KRW,true,3,,Tue Aug 18 2026 20:30:42 GMT+0900 (한국 표준시),Tue Aug 18 2026 20:30:42 GMT+0900 (한국 표준시)
18269,013120,,,동원개발,,KRX_KOSDAQ,COMMON,,,Thu Dec 29 1994 00:00:00 GMT+0900 (한국 표준시),,LISTED,KRW,true,3,,Tue Aug 18 2026 20:30:42 GMT+0900 (한국 표준시),Tue Aug 18 2026 20:30:42 GMT+0900 (한국 표준시)
18270,109860,,,동일금속,,KRX_KOSDAQ,COMMON,,,Tue Jul 28 2009 00:00:00 GMT+0900 (한국 표준시),,LISTED,KRW,true,3,,Tue Aug 18 2026 20:30:42 GMT+0900 (한국 표준시),Tue Aug 18 2026 20:30:42 GMT+0900 (한국 표준시)
18271,032960,,,동일기연,,KRX_KOSDAQ,COMMON,,,Fri Jul 18 1997 00:00:00 GMT+0900 (한국 표준시),,LISTED,KRW,true,3,,Tue Aug 18 2026 20:30:42 GMT+0900 (한국 표준시),Tue Aug 18 2026 20:30:42 GMT+0900 (한국 표준시)
18272,023790,,,동일스틸럭스,,KRX_KOSDAQ,COMMON,,,Mon Nov 07 1994 00:00:00 GMT+0900 (한국 표준시),,LISTED,KRW,true,3,,Tue Aug 18 2026 20:30:42 GMT+0900 (한국 표준시),Tue Aug 18 2026 20:30:42 GMT+0900 (한국 표준시)
18273,005290,,,동진쎄미켐,,KRX_KOSDAQ,COMMON,,,Tue Dec 21 1999 00:00:00 GMT+0900 (한국 표준시),,LISTED,KRW,true,3,,Tue Aug 18 2026 20:30:42 GMT+0900 (한국 표준시),Tue Aug 18 2026 20:30:42 GMT+0900 (한국 표준시)
18274,025900,,,동화기업,,KRX_KOSDAQ,COMMON,,,Mon Aug 07 1995 00:00:00 GMT+0900 (한국 표준시),,LISTED,KRW,true,3,,Tue Aug 18 2026 20:30:42 GMT+0900 (한국 표준시),Tue Aug 18 2026 20:30:42 GMT+0900 (한국 표준시)
18275,131970,,,두산테스나,,KRX_KOSDAQ,COMMON,,,Tue Oct 22 2013 00:00:00 GMT+0900 (한국 표준시),,LISTED,KRW,true,3,,Tue Aug 18 2026 20:30:42 GMT+0900 (한국 표준시),Tue Aug 18 2026 20:30:42 GMT+0900 (한국 표준시)
18276,073190,,,듀오백,,KRX_KOSDAQ,COMMON,,,Fri Feb 06 2004 00:00:00 GMT+0900 (한국 표준시),,LISTED,KRW,true,3,,Tue Aug 18 2026 20:30:42 GMT+0900 (한국 표준시),Tue Aug 18 2026 20:30:42 GMT+0900 (한국 표준시)
18277,176750,,,듀켐바이오,,KRX_KOSDAQ,COMMON,,,Fri Dec 20 2024 00:00:00 GMT+0900 (한국 표준시),,LISTED,KRW,true,3,,Tue Aug 18 2026 20:30:42 GMT+0900 (한국 표준시),Tue Aug 18 2026 20:30:42 GMT+0900 (한국 표준시)
18278,030350,,,드래곤플라이,,KRX_KOSDAQ,COMMON,,,Mon Nov 10 1997 00:00:00 GMT+0900 (한국 표준시),,LISTED,KRW,true,3,,Tue Aug 18 2026 20:30:42 GMT+0900 (한국 표준시),Tue Aug 18 2026 20:30:42 GMT+0900 (한국 표준시)
18279,203650,,,드림시큐리티,,KRX_KOSDAQ,COMMON,,,Mon Oct 13 2014 00:00:00 GMT+0900 (한국 표준시),,LISTED,KRW,true,3,,Tue Aug 18 2026 20:30:42 GMT+0900 (한국 표준시),Tue Aug 18 2026 20:30:42 GMT+0900 (한국 표준시)
18280,223250,,,드림씨아이에스,,KRX_KOSDAQ,COMMON,,,Fri May 22 2020 00:00:00 GMT+0900 (한국 표준시),,LISTED,KRW,true,3,,Tue Aug 18 2026 20:30:42 GMT+0900 (한국 표준시),Tue Aug 18 2026 20:30:42 GMT+0900 (한국 표준시)
18281,060570,,,드림어스컴퍼니,,KRX_KOSDAQ,COMMON,,,Fri Dec 19 2003 00:00:00 GMT+0900 (한국 표준시),,LISTED,KRW,true,3,,Tue Aug 18 2026 20:30:42 GMT+0900 (한국 표준시),Tue Aug 18 2026 20:30:42 GMT+0900 (한국 표준시)
18282,362990,,,드림인사이트,,KRX_KOSDAQ,COMMON,,,Thu Jan 25 2024 00:00:00 GMT+0900 (한국 표준시),,LISTED,KRW,true,3,,Tue Aug 18 2026 20:30:42 GMT+0900 (한국 표준시),Tue Aug 18 2026 20:30:42 GMT+0900 (한국 표준시)
18283,016670,,,디모아,,KRX_KOSDAQ,COMMON,,,Wed Apr 21 1993 00:00:00 GMT+0900 (한국 표준시),,LISTED,KRW,true,3,,Tue Aug 18 2026 20:30:42 GMT+0900 (한국 표준시),Tue Aug 18 2026 20:30:42 GMT+0900 (한국 표준시)
18284,187870,,,디바이스,,KRX_KOSDAQ,COMMON,,,Wed Dec 20 2017 00:00:00 GMT+0900 (한국 표준시),,LISTED,KRW,true,3,,Tue Aug 18 2026 20:30:42 GMT+0900 (한국 표준시),Tue Aug 18 2026 20:30:42 GMT+0900 (한국 표준시)
18285,477760,,,DB금융스팩12호,,KRX_KOSDAQ,COMMON,,,Tue Jun 18 2024 00:00:00 GMT+0900 (한국 표준시),,LISTED,KRW,true,3,,Tue Aug 18 2026 20:30:42 GMT+0900 (한국 표준시),Tue Aug 18 2026 20:30:42 GMT+0900 (한국 표준시)
18286,489730,,,디비금융제13호스팩,,KRX_KOSDAQ,COMMON,,,Thu Nov 28 2024 00:00:00 GMT+0900 (한국 표준시),,LISTED,KRW,true,3,,Tue Aug 18 2026 20:30:42 GMT+0900 (한국 표준시),Tue Aug 18 2026 20:30:42 GMT+0900 (한국 표준시)
18287,0004Y0,,,디비금융제14호스팩,,KRX_KOSDAQ,COMMON,,,Tue Jul 22 2025 00:00:00 GMT+0900 (한국 표준시),,LISTED,KRW,true,3,,Tue Aug 18 2026 20:30:42 GMT+0900 (한국 표준시),Tue Aug 18 2026 20:30:42 GMT+0900 (한국 표준시)
18288,110990,,,디아이티,,KRX_KOSDAQ,COMMON,,,Tue Aug 07 2018 00:00:00 GMT+0900 (한국 표준시),,LISTED,KRW,true,3,,Tue Aug 18 2026 20:30:42 GMT+0900 (한국 표준시),Tue Aug 18 2026 20:30:42 GMT+0900 (한국 표준시)
18289,263690,,,디알젬,,KRX_KOSDAQ,COMMON,,,Thu Nov 22 2018 00:00:00 GMT+0900 (한국 표준시),,LISTED,KRW,true,3,,Tue Aug 18 2026 20:30:42 GMT+0900 (한국 표준시),Tue Aug 18 2026 20:30:42 GMT+0900 (한국 표준시)
18290,214680,,,디알텍,,KRX_KOSDAQ,COMMON,,,Mon Apr 20 2015 00:00:00 GMT+0900 (한국 표준시),,LISTED,KRW,true,3,,Tue Aug 18 2026 20:30:42 GMT+0900 (한국 표준시),Tue Aug 18 2026 20:30:42 GMT+0900 (한국 표준시)
18291,347850,,,디앤디파마텍,,KRX_KOSDAQ,COMMON,,,Thu May 02 2024 00:00:00 GMT+0900 (한국 표준시),,LISTED,KRW,true,3,,Tue Aug 18 2026 20:30:42 GMT+0900 (한국 표준시),Tue Aug 18 2026 20:30:42 GMT+0900 (한국 표준시)
18292,263720,,,디앤씨미디어,,KRX_KOSDAQ,COMMON,,,Tue Aug 01 2017 00:00:00 GMT+0900 (한국 표준시),,LISTED,KRW,true,3,,Tue Aug 18 2026 20:30:42 GMT+0900 (한국 표준시),Tue Aug 18 2026 20:30:42 GMT+0900 (한국 표준시)
18293,376300,,,디어유,,KRX_KOSDAQ,COMMON,,,Wed Nov 10 2021 00:00:00 GMT+0900 (한국 표준시),,LISTED,KRW,true,3,,Tue Aug 18 2026 20:30:42 GMT+0900 (한국 표준시),Tue Aug 18 2026 20:30:42 GMT+0900 (한국 표준시)
18294,241520,,,DSC인베스트먼트,,KRX_KOSDAQ,COMMON,,,Mon Dec 19 2016 00:00:00 GMT+0900 (한국 표준시),,LISTED,KRW,true,3,,Tue Aug 18 2026 20:30:42 GMT+0900 (한국 표준시),Tue Aug 18 2026 20:30:42 GMT+0900 (한국 표준시)
18295,104040,,,디에스엠,,KRX_KOSDAQ,COMMON,,,Fri Jan 23 2009 00:00:00 GMT+0900 (한국 표준시),,LISTED,KRW,true,3,,Tue Aug 18 2026 20:30:42 GMT+0900 (한국 표준시),Tue Aug 18 2026 20:30:42 GMT+0900 (한국 표준시)
18296,109740,,,디에스케이,,KRX_KOSDAQ,COMMON,,,Wed Sep 23 2009 00:00:00 GMT+0900 (한국 표준시),,LISTED,KRW,true,3,,Tue Aug 18 2026 20:30:42 GMT+0900 (한국 표준시),Tue Aug 18 2026 20:30:42 GMT+0900 (한국 표준시)
18297,031860,,,디에이치엑스컴퍼니,,KRX_KOSDAQ,COMMON,,,Tue Jan 07 1997 00:00:00 GMT+0900 (한국 표준시),,LISTED,KRW,true,3,,Tue Aug 18 2026 20:30:42 GMT+0900 (한국 표준시),Tue Aug 18 2026 20:30:42 GMT+0900 (한국 표준시)
18298,290120,,,DH오토리드,,KRX_KOSDAQ,COMMON,,,Fri Dec 07 2018 00:00:00 GMT+0900 (한국 표준시),,LISTED,KRW,true,3,,Tue Aug 18 2026 20:30:42 GMT+0900 (한국 표준시),Tue Aug 18 2026 20:30:42 GMT+0900 (한국 표준시)
18299,025440,,,DH오토웨어,,KRX_KOSDAQ,COMMON,,,Mon May 22 1995 00:00:00 GMT+0900 (한국 표준시),,LISTED,KRW,true,3,,Tue Aug 18 2026 20:30:42 GMT+0900 (한국 표준시),Tue Aug 18 2026 20:30:42 GMT+0900 (한국 표준시)
18300,196490,,,디에이테크놀로지,,KRX_KOSDAQ,COMMON,,,Wed Nov 19 2014 00:00:00 GMT+0900 (한국 표준시),,LISTED,KRW,true,3,,Tue Aug 18 2026 20:30:42 GMT+0900 (한국 표준시),Tue Aug 18 2026 20:30:42 GMT+0900 (한국 표준시)
18301,066900,,,디에이피,,KRX_KOSDAQ,COMMON,,,Fri May 14 2004 00:00:00 GMT+0900 (한국 표준시),,LISTED,KRW,true,3,,Tue Aug 18 2026 20:30:42 GMT+0900 (한국 표준시),Tue Aug 18 2026 20:30:42 GMT+0900 (한국 표준시)
18302,180400,,,DXVX,,KRX_KOSDAQ,COMMON,,,Fri Nov 20 2015 00:00:00 GMT+0900 (한국 표준시),,LISTED,KRW,true,3,,Tue Aug 18 2026 20:30:42 GMT+0900 (한국 표준시),Tue Aug 18 2026 20:30:42 GMT+0900 (한국 표준시)
18303,092070,,,디엔에프,,KRX_KOSDAQ,COMMON,,,Fri Nov 16 2007 00:00:00 GMT+0900 (한국 표준시),,LISTED,KRW,true,3,,Tue Aug 18 2026 20:30:42 GMT+0900 (한국 표준시),Tue Aug 18 2026 20:30:42 GMT+0900 (한국 표준시)
18304,068790,,,DMS,,KRX_KOSDAQ,COMMON,,,Fri Oct 01 2004 00:00:00 GMT+0900 (한국 표준시),,LISTED,KRW,true,3,,Tue Aug 18 2026 20:30:42 GMT+0900 (한국 표준시),Tue Aug 18 2026 20:30:42 GMT+0900 (한국 표준시)
18305,039840,,,디오,,KRX_KOSDAQ,COMMON,,,Thu Jun 29 2000 00:00:00 GMT+0900 (한국 표준시),,LISTED,KRW,true,3,,Tue Aug 18 2026 20:30:42 GMT+0900 (한국 표준시),Tue Aug 18 2026 20:30:42 GMT+0900 (한국 표준시)
18306,219550,,,디와이디,,KRX_KOSDAQ,COMMON,,,Wed Jul 22 2015 00:00:00 GMT+0900 (한국 표준시),,LISTED,KRW,true,3,,Tue Aug 18 2026 20:30:42 GMT+0900 (한국 표준시),Tue Aug 18 2026 20:30:42 GMT+0900 (한국 표준시)
18307,310870,,,디와이씨,,KRX_KOSDAQ,COMMON,,,Thu Dec 20 2018 00:00:00 GMT+0900 (한국 표준시),,LISTED,KRW,true,3,,Tue Aug 18 2026 20:30:42 GMT+0900 (한국 표준시),Tue Aug 18 2026 20:30:42 GMT+0900 (한국 표준시)
18308,104460,,,디와이피엔에프,,KRX_KOSDAQ,COMMON,,,Tue Dec 22 2009 00:00:00 GMT+0900 (한국 표준시),,LISTED,KRW,true,3,,Tue Aug 18 2026 20:30:42 GMT+0900 (한국 표준시),Tue Aug 18 2026 20:30:42 GMT+0900 (한국 표준시)
18309,113810,,,디젠스,,KRX_KOSDAQ,COMMON,,,Thu Nov 22 2012 00:00:00 GMT+0900 (한국 표준시),,LISTED,KRW,true,3,,Tue Aug 18 2026 20:30:42 GMT+0900 (한국 표준시),Tue Aug 18 2026 20:30:42 GMT+0900 (한국 표준시)
18310,043360,,,디지아이,,KRX_KOSDAQ,COMMON,,,Fri Jul 20 2001 00:00:00 GMT+0900 (한국 표준시),,LISTED,KRW,true,3,,Tue Aug 18 2026 20:30:42 GMT+0900 (한국 표준시),Tue Aug 18 2026 20:30:42 GMT+0900 (한국 표준시)
18311,099520,,,DGI,,KRX_KOSDAQ,COMMON,,,Tue Dec 22 2009 00:00:00 GMT+0900 (한국 표준시),,LISTED,KRW,true,3,,Tue Aug 18 2026 20:30:42 GMT+0900 (한국 표준시),Tue Aug 18 2026 20:30:42 GMT+0900 (한국 표준시)
18312,197140,,,디지캡,,KRX_KOSDAQ,COMMON,,,Fri Sep 07 2018 00:00:00 GMT+0900 (한국 표준시),,LISTED,KRW,true,3,,Tue Aug 18 2026 20:30:42 GMT+0900 (한국 표준시),Tue Aug 18 2026 20:30:42 GMT+0900 (한국 표준시)
18313,068930,,,디지털대성,,KRX_KOSDAQ,COMMON,,,Fri Oct 17 2003 00:00:00 GMT+0900 (한국 표준시),,LISTED,KRW,true,3,,Tue Aug 18 2026 20:30:42 GMT+0900 (한국 표준시),Tue Aug 18 2026 20:30:42 GMT+0900 (한국 표준시)
18314,033130,,,디지틀조선,,KRX_KOSDAQ,COMMON,,,Wed Aug 06 1997 00:00:00 GMT+0900 (한국 표준시),,LISTED,KRW,true,3,,Tue Aug 18 2026 20:30:42 GMT+0900 (한국 표준시),Tue Aug 18 2026 20:30:42 GMT+0900 (한국 표준시)
18315,105740,,,디케이락,,KRX_KOSDAQ,COMMON,,,Fri Nov 12 2010 00:00:00 GMT+0900 (한국 표준시),,LISTED,KRW,true,3,,Tue Aug 18 2026 20:30:42 GMT+0900 (한국 표준시),Tue Aug 18 2026 20:30:42 GMT+0900 (한국 표준시)
18316,263020,,,디케이앤디,,KRX_KOSDAQ,COMMON,,,Tue Nov 20 2018 00:00:00 GMT+0900 (한국 표준시),,LISTED,KRW,true,3,,Tue Aug 18 2026 20:30:42 GMT+0900 (한국 표준시),Tue Aug 18 2026 20:30:42 GMT+0900 (한국 표준시)
18317,290550,,,디케이티,,KRX_KOSDAQ,COMMON,,,Fri Dec 21 2018 00:00:00 GMT+0900 (한국 표준시),,LISTED,KRW,true,3,,Tue Aug 18 2026 20:30:42 GMT+0900 (한국 표준시),Tue Aug 18 2026 20:30:42 GMT+0900 (한국 표준시)
18318,066670,,,디티씨,,KRX_KOSDAQ,COMMON,,,Mon Dec 30 2002 00:00:00 GMT+0900 (한국 표준시),,LISTED,KRW,true,3,,Tue Aug 18 2026 20:30:42 GMT+0900 (한국 표준시),Tue Aug 18 2026 20:30:42 GMT+0900 (한국 표준시)
18319,187220,,,디티앤씨,,KRX_KOSDAQ,COMMON,,,Wed Dec 17 2014 00:00:00 GMT+0900 (한국 표준시),,LISTED,KRW,true,3,,Tue Aug 18 2026 20:30:42 GMT+0900 (한국 표준시),Tue Aug 18 2026 20:30:42 GMT+0900 (한국 표준시)
18320,383930,,,디티앤씨알오,,KRX_KOSDAQ,COMMON,,,Fri Nov 11 2022 00:00:00 GMT+0900 (한국 표준시),,LISTED,KRW,true,3,,Tue Aug 18 2026 20:30:42 GMT+0900 (한국 표준시),Tue Aug 18 2026 20:30:42 GMT+0900 (한국 표준시)
18321,131180,,,딜리,,KRX_KOSDAQ,COMMON,,,Mon Jan 31 2011 00:00:00 GMT+0900 (한국 표준시),,LISTED,KRW,true,3,,Tue Aug 18 2026 20:30:42 GMT+0900 (한국 표준시),Tue Aug 18 2026 20:30:42 GMT+0900 (한국 표준시)
18322,483350,,,딜리셔스,,KRX_KOSDAQ,COMMON,,,Wed Aug 12 2026 00:00:00 GMT+0900 (한국 표준시),,LISTED,KRW,true,3,,Tue Aug 18 2026 20:30:42 GMT+0900 (한국 표준시),Tue Aug 18 2026 20:30:42 GMT+0900 (한국 표준시)
18323,315640,,,딥노이드,,KRX_KOSDAQ,COMMON,,,Tue Aug 17 2021 00:00:00 GMT+0900 (한국 표준시),,LISTED,KRW,true,3,,Tue Aug 18 2026 20:30:42 GMT+0900 (한국 표준시),Tue Aug 18 2026 20:30:42 GMT+0900 (한국 표준시)
18324,900110,,,딥커머스,,KRX_KOSDAQ,COMMON,,,Fri Apr 23 2010 00:00:00 GMT+0900 (한국 표준시),,LISTED,KRW,true,3,,Tue Aug 18 2026 20:30:42 GMT+0900 (한국 표준시),Tue Aug 18 2026 20:30:42 GMT+0900 (한국 표준시)
18325,317120,,,라닉스,,KRX_KOSDAQ,COMMON,,,Wed Sep 18 2019 00:00:00 GMT+0900 (한국 표준시),,LISTED,KRW,true,3,,Tue Aug 18 2026 20:30:42 GMT+0900 (한국 표준시),Tue Aug 18 2026 20:30:42 GMT+0900 (한국 표준시)
18326,462510,,,라메디텍,,KRX_KOSDAQ,COMMON,,,Mon Jun 17 2024 00:00:00 GMT+0900 (한국 표준시),,LISTED,KRW,true,3,,Tue Aug 18 2026 20:30:42 GMT+0900 (한국 표준시),Tue Aug 18 2026 20:30:42 GMT+0900 (한국 표준시)
18327,232680,,,라온로보틱스,,KRX_KOSDAQ,COMMON,,,Thu Jun 17 2021 00:00:00 GMT+0900 (한국 표준시),,LISTED,KRW,true,3,,Tue Aug 18 2026 20:30:42 GMT+0900 (한국 표준시),Tue Aug 18 2026 20:30:42 GMT+0900 (한국 표준시)
18328,042510,,,라온시큐어,,KRX_KOSDAQ,COMMON,,,Wed Jan 03 2001 00:00:00 GMT+0900 (한국 표준시),,LISTED,KRW,true,3,,Tue Aug 18 2026 20:30:42 GMT+0900 (한국 표준시),Tue Aug 18 2026 20:30:42 GMT+0900 (한국 표준시)
18329,418420,,,라온텍,,KRX_KOSDAQ,COMMON,,,Thu Mar 09 2023 00:00:00 GMT+0900 (한국 표준시),,LISTED,KRW,true,3,,Tue Aug 18 2026 20:30:42 GMT+0900 (한국 표준시),Tue Aug 18 2026 20:30:42 GMT+0900 (한국 표준시)
18330,300120,,,라온피플,,KRX_KOSDAQ,COMMON,,,Fri Oct 18 2019 00:00:00 GMT+0900 (한국 표준시),,LISTED,KRW,true,3,,Tue Aug 18 2026 20:30:42 GMT+0900 (한국 표준시),Tue Aug 18 2026 20:30:42 GMT+0900 (한국 표준시)
18331,171120,,,라이온켐텍,,KRX_KOSDAQ,COMMON,,,Tue Nov 19 2013 00:00:00 GMT+0900 (한국 표준시),,LISTED,KRW,true,3,,Tue Aug 18 2026 20:30:42 GMT+0900 (한국 표준시),Tue Aug 18 2026 20:30:42 GMT+0900 (한국 표준시)
18332,388790,,,라이콤,,KRX_KOSDAQ,COMMON,,,Fri Sep 03 2021 00:00:00 GMT+0900 (한국 표준시),,LISTED,KRW,true,3,,Tue Aug 18 2026 20:30:42 GMT+0900 (한국 표준시),Tue Aug 18 2026 20:30:42 GMT+0900 (한국 표준시)
18333,214260,,,라파스,,KRX_KOSDAQ,COMMON,,,Mon Nov 11 2019 00:00:00 GMT+0900 (한국 표준시),,LISTED,KRW,true,3,,Tue Aug 18 2026 20:30:42 GMT+0900 (한국 표준시),Tue Aug 18 2026 20:30:42 GMT+0900 (한국 표준시)
18334,171010,,,램테크놀러지,,KRX_KOSDAQ,COMMON,,,Mon Nov 18 2013 00:00:00 GMT+0900 (한국 표준시),,LISTED,KRW,true,3,,Tue Aug 18 2026 20:30:42 GMT+0900 (한국 표준시),Tue Aug 18 2026 20:30:42 GMT+0900 (한국 표준시)
18335,084650,,,랩지노믹스,,KRX_KOSDAQ,COMMON,,,Tue Dec 16 2014 00:00:00 GMT+0900 (한국 표준시),,LISTED,KRW,true,3,,Tue Aug 18 2026 20:30:42 GMT+0900 (한국 표준시),Tue Aug 18 2026 20:30:42 GMT+0900 (한국 표준시)
18336,217500,,,러셀,,KRX_KOSDAQ,COMMON,,,Tue Jun 16 2015 00:00:00 GMT+0900 (한국 표준시),,LISTED,KRW,true,3,,Tue Aug 18 2026 20:30:42 GMT+0900 (한국 표준시),Tue Aug 18 2026 20:30:42 GMT+0900 (한국 표준시)
18337,038390,,,레드캡투어,,KRX_KOSDAQ,COMMON,,,Tue Feb 01 2000 00:00:00 GMT+0900 (한국 표준시),,LISTED,KRW,true,3,,Tue Aug 18 2026 20:30:42 GMT+0900 (한국 표준시),Tue Aug 18 2026 20:30:42 GMT+0900 (한국 표준시)
18338,387690,,,레메디,,KRX_KOSDAQ,COMMON,,,Mon Jul 13 2026 00:00:00 GMT+0900 (한국 표준시),,LISTED,KRW,true,3,,Tue Aug 18 2026 20:30:42 GMT+0900 (한국 표준시),Tue Aug 18 2026 20:30:42 GMT+0900 (한국 표준시)
18339,294140,,,레몬,,KRX_KOSDAQ,COMMON,,,Fri Feb 28 2020 00:00:00 GMT+0900 (한국 표준시),,LISTED,KRW,true,3,,Tue Aug 18 2026 20:30:42 GMT+0900 (한국 표준시),Tue Aug 18 2026 20:30:42 GMT+0900 (한국 표준시)
18340,365660,,,레몬헬스케어,,KRX_KOSDAQ,COMMON,,,Mon Jul 06 2026 00:00:00 GMT+0900 (한국 표준시),,LISTED,KRW,true,3,,Tue Aug 18 2026 20:30:42 GMT+0900 (한국 표준시),Tue Aug 18 2026 20:30:42 GMT+0900 (한국 표준시)
18341,443250,,,레뷰코퍼레이션,,KRX_KOSDAQ,COMMON,,,Fri Oct 06 2023 00:00:00 GMT+0900 (한국 표준시),,LISTED,KRW,true,3,,Tue Aug 18 2026 20:30:42 GMT+0900 (한국 표준시),Tue Aug 18 2026 20:30:42 GMT+0900 (한국 표준시)
18342,228670,,,레이,,KRX_KOSDAQ,COMMON,,,Thu Aug 08 2019 00:00:00 GMT+0900 (한국 표준시),,LISTED,KRW,true,3,,Tue Aug 18 2026 20:30:42 GMT+0900 (한국 표준시),Tue Aug 18 2026 20:30:42 GMT+0900 (한국 표준시)
18343,228850,,,레이언스,,KRX_KOSDAQ,COMMON,,,Mon Apr 11 2016 00:00:00 GMT+0900 (한국 표준시),,LISTED,KRW,true,3,,Tue Aug 18 2026 20:30:42 GMT+0900 (한국 표준시),Tue Aug 18 2026 20:30:42 GMT+0900 (한국 표준시)
18344,412350,,,레이저쎌,,KRX_KOSDAQ,COMMON,,,Fri Jun 24 2022 00:00:00 GMT+0900 (한국 표준시),,LISTED,KRW,true,3,,Tue Aug 18 2026 20:30:42 GMT+0900 (한국 표준시),Tue Aug 18 2026 20:30:42 GMT+0900 (한국 표준시)
18345,199550,,,레이저옵텍,,KRX_KOSDAQ,COMMON,,,Thu Feb 01 2024 00:00:00 GMT+0900 (한국 표준시),,LISTED,KRW,true,3,,Tue Aug 18 2026 20:30:42 GMT+0900 (한국 표준시),Tue Aug 18 2026 20:30:42 GMT+0900 (한국 표준시)
18346,281740,,,레이크머티리얼즈,,KRX_KOSDAQ,COMMON,,,Tue Dec 12 2017 00:00:00 GMT+0900 (한국 표준시),,LISTED,KRW,true,3,,Tue Aug 18 2026 20:30:42 GMT+0900 (한국 표준시),Tue Aug 18 2026 20:30:42 GMT+0900 (한국 표준시)
18347,277810,,,레인보우로보틱스,,KRX_KOSDAQ,COMMON,,,Wed Feb 03 2021 00:00:00 GMT+0900 (한국 표준시),,LISTED,KRW,true,3,,Tue Aug 18 2026 20:30:42 GMT+0900 (한국 표준시),Tue Aug 18 2026 20:30:42 GMT+0900 (한국 표준시)
18348,215100,,,로보로보,,KRX_KOSDAQ,COMMON,,,Wed Apr 22 2015 00:00:00 GMT+0900 (한국 표준시),,LISTED,KRW,true,3,,Tue Aug 18 2026 20:30:42 GMT+0900 (한국 표준시),Tue Aug 18 2026 20:30:42 GMT+0900 (한국 표준시)
18349,090360,,,로보스타,,KRX_KOSDAQ,COMMON,,,Mon Oct 17 2011 00:00:00 GMT+0900 (한국 표준시),,LISTED,KRW,true,3,,Tue Aug 18 2026 20:30:42 GMT+0900 (한국 표준시),Tue Aug 18 2026 20:30:42 GMT+0900 (한국 표준시)
18350,108490,,,로보티즈,,KRX_KOSDAQ,COMMON,,,Fri Oct 26 2018 00:00:00 GMT+0900 (한국 표준시),,LISTED,KRW,true,3,,Tue Aug 18 2026 20:30:42 GMT+0900 (한국 표준시),Tue Aug 18 2026 20:30:42 GMT+0900 (한국 표준시)
18351,900260,,,로스웰,,KRX_KOSDAQ,COMMON,,,Thu Jun 30 2016 00:00:00 GMT+0900 (한국 표준시),,LISTED,KRW,true,3,,Tue Aug 18 2026 20:30:42 GMT+0900 (한국 표준시),Tue Aug 18 2026 20:30:42 GMT+0900 (한국 표준시)
18352,033290,,,로젠,,KRX_KOSDAQ,COMMON,,,Mon Oct 13 1997 00:00:00 GMT+0900 (한국 표준시),,LISTED,KRW,true,3,,Tue Aug 18 2026 20:30:42 GMT+0900 (한국 표준시),Tue Aug 18 2026 20:30:42 GMT+0900 (한국 표준시)
18353,067730,,,로지시스,,KRX_KOSDAQ,COMMON,,,Wed Jul 29 2015 00:00:00 GMT+0900 (한국 표준시),,LISTED,KRW,true,3,,Tue Aug 18 2026 20:30:42 GMT+0900 (한국 표준시),Tue Aug 18 2026 20:30:42 GMT+0900 (한국 표준시)
18354,071280,,,로체시스템즈,,KRX_KOSDAQ,COMMON,,,Fri Nov 14 2003 00:00:00 GMT+0900 (한국 표준시),,LISTED,KRW,true,3,,Tue Aug 18 2026 20:30:42 GMT+0900 (한국 표준시),Tue Aug 18 2026 20:30:42 GMT+0900 (한국 표준시)
18355,376900,,,로킷헬스케어,,KRX_KOSDAQ,COMMON,,,Mon May 12 2025 00:00:00 GMT+0900 (한국 표준시),,LISTED,KRW,true,3,,Tue Aug 18 2026 20:30:42 GMT+0900 (한국 표준시),Tue Aug 18 2026 20:30:42 GMT+0900 (한국 표준시)
18356,214610,,,롤링스톤,,KRX_KOSDAQ,COMMON,,,Thu Oct 22 2020 00:00:00 GMT+0900 (한국 표준시),,LISTED,KRW,true,3,,Tue Aug 18 2026 20:30:42 GMT+0900 (한국 표준시),Tue Aug 18 2026 20:30:42 GMT+0900 (한국 표준시)
18357,328130,,,루닛,,KRX_KOSDAQ,COMMON,,,Thu Jul 21 2022 00:00:00 GMT+0900 (한국 표준시),,LISTED,KRW,true,3,,Tue Aug 18 2026 20:30:42 GMT+0900 (한국 표준시),Tue Aug 18 2026 20:30:42 GMT+0900 (한국 표준시)
18358,038060,,,루멘스,,KRX_KOSDAQ,COMMON,,,Tue Aug 08 2006 00:00:00 GMT+0900 (한국 표준시),,LISTED,KRW,true,3,,Tue Aug 18 2026 20:30:42 GMT+0900 (한국 표준시),Tue Aug 18 2026 20:30:42 GMT+0900 (한국 표준시)
18359,474170,,,루미르,,KRX_KOSDAQ,COMMON,,,Mon Oct 21 2024 00:00:00 GMT+0900 (한국 표준시),,LISTED,KRW,true,3,,Tue Aug 18 2026 20:30:42 GMT+0900 (한국 표준시),Tue Aug 18 2026 20:30:42 GMT+0900 (한국 표준시)
18360,195990,,,루트K,,KRX_KOSDAQ,COMMON,,,Mon Apr 13 2015 00:00:00 GMT+0900 (한국 표준시),,LISTED,KRW,true,3,,Tue Aug 18 2026 20:30:42 GMT+0900 (한국 표준시),Tue Aug 18 2026 20:30:42 GMT+0900 (한국 표준시)
18361,141080,,,리가켐바이오,,KRX_KOSDAQ,COMMON,,,Fri May 10 2013 00:00:00 GMT+0900 (한국 표준시),,LISTED,KRW,true,3,,Tue Aug 18 2026 20:30:42 GMT+0900 (한국 표준시),Tue Aug 18 2026 20:30:42 GMT+0900 (한국 표준시)
18362,058470,,,리노공업,,KRX_KOSDAQ,COMMON,,,Tue Dec 18 2001 00:00:00 GMT+0900 (한국 표준시),,LISTED,KRW,true,3,,Tue Aug 18 2026 20:30:42 GMT+0900 (한국 표준시),Tue Aug 18 2026 20:30:42 GMT+0900 (한국 표준시)
18363,016100,,,리더스코스메틱,,KRX_KOSDAQ,COMMON,,,Wed Jan 15 2003 00:00:00 GMT+0900 (한국 표준시),,LISTED,KRW,true,3,,Tue Aug 18 2026 20:30:42 GMT+0900 (한국 표준시),Tue Aug 18 2026 20:30:42 GMT+0900 (한국 표준시)
18364,012700,,,리드코프,,KRX_KOSDAQ,COMMON,,,Fri Jan 19 1996 00:00:00 GMT+0900 (한국 표준시),,LISTED,KRW,true,3,,Tue Aug 18 2026 20:30:42 GMT+0900 (한국 표준시),Tue Aug 18 2026 20:30:42 GMT+0900 (한국 표준시)
18365,302550,,,리메드,,KRX_KOSDAQ,COMMON,,,Fri Dec 06 2019 00:00:00 GMT+0900 (한국 표준시),,LISTED,KRW,true,3,,Tue Aug 18 2026 20:30:42 GMT+0900 (한국 표준시),Tue Aug 18 2026 20:30:42 GMT+0900 (한국 표준시)
18366,491000,,,리브스메드,,KRX_KOSDAQ,COMMON,,,Wed Dec 24 2025 00:00:00 GMT+0900 (한국 표준시),,LISTED,KRW,true,3,,Tue Aug 18 2026 20:30:42 GMT+0900 (한국 표준시),Tue Aug 18 2026 20:30:42 GMT+0900 (한국 표준시)
18367,394420,,,리센스메디컬,,KRX_KOSDAQ,COMMON,,,Tue Mar 31 2026 00:00:00 GMT+0900 (한국 표준시),,LISTED,KRW,true,3,,Tue Aug 18 2026 20:30:42 GMT+0900 (한국 표준시),Tue Aug 18 2026 20:30:42 GMT+0900 (한국 표준시)
18368,073570,,,리튬포어스,,KRX_KOSDAQ,COMMON,,,Tue Jan 06 2004 00:00:00 GMT+0900 (한국 표준시),,LISTED,KRW,true,3,,Tue Aug 18 2026 20:30:42 GMT+0900 (한국 표준시),Tue Aug 18 2026 20:30:42 GMT+0900 (한국 표준시)
18369,377450,,,리파인,,KRX_KOSDAQ,COMMON,,,Fri Oct 29 2021 00:00:00 GMT+0900 (한국 표준시),,LISTED,KRW,true,3,,Tue Aug 18 2026 20:30:42 GMT+0900 (한국 표준시),Tue Aug 18 2026 20:30:42 GMT+0900 (한국 표준시)
18370,277070,,,린드먼아시아,,KRX_KOSDAQ,COMMON,,,Wed Mar 14 2018 00:00:00 GMT+0900 (한국 표준시),,LISTED,KRW,true,3,,Tue Aug 18 2026 20:30:42 GMT+0900 (한국 표준시),Tue Aug 18 2026 20:30:42 GMT+0900 (한국 표준시)
18371,042500,,,링네트,,KRX_KOSDAQ,COMMON,,,Thu Jan 10 2002 00:00:00 GMT+0900 (한국 표준시),,LISTED,KRW,true,3,,Tue Aug 18 2026 20:30:42 GMT+0900 (한국 표준시),Tue Aug 18 2026 20:30:42 GMT+0900 (한국 표준시)
18372,193250,,,링크드,,KRX_KOSDAQ,COMMON,,,Mon Dec 29 2014 00:00:00 GMT+0900 (한국 표준시),,LISTED,KRW,true,3,,Tue Aug 18 2026 20:30:42 GMT+0900 (한국 표준시),Tue Aug 18 2026 20:30:42 GMT+0900 (한국 표준시)
18373,474650,,,링크솔루션,,KRX_KOSDAQ,COMMON,,,Tue Jun 10 2025 00:00:00 GMT+0900 (한국 표준시),,LISTED,KRW,true,3,,Tue Aug 18 2026 20:30:42 GMT+0900 (한국 표준시),Tue Aug 18 2026 20:30:42 GMT+0900 (한국 표준시)
18374,219420,,,링크제니시스,,KRX_KOSDAQ,COMMON,,,Mon Feb 05 2018 00:00:00 GMT+0900 (한국 표준시),,LISTED,KRW,true,3,,Tue Aug 18 2026 20:30:42 GMT+0900 (한국 표준시),Tue Aug 18 2026 20:30:42 GMT+0900 (한국 표준시)
18375,439090,,,마녀공장,,KRX_KOSDAQ,COMMON,,,Thu Jun 08 2023 00:00:00 GMT+0900 (한국 표준시),,LISTED,KRW,true,3,,Tue Aug 18 2026 20:30:42 GMT+0900 (한국 표준시),Tue Aug 18 2026 20:30:42 GMT+0900 (한국 표준시)
18376,195500,,,마니커에프앤지,,KRX_KOSDAQ,COMMON,,,Tue Aug 20 2019 00:00:00 GMT+0900 (한국 표준시),,LISTED,KRW,true,3,,Tue Aug 18 2026 20:30:42 GMT+0900 (한국 표준시),Tue Aug 18 2026 20:30:42 GMT+0900 (한국 표준시)
18377,377480,,,마음AI,,KRX_KOSDAQ,COMMON,,,Tue Nov 23 2021 00:00:00 GMT+0900 (한국 표준시),,LISTED,KRW,true,3,,Tue Aug 18 2026 20:30:42 GMT+0900 (한국 표준시),Tue Aug 18 2026 20:30:42 GMT+0900 (한국 표준시)
18378,305090,,,마이크로디지탈,,KRX_KOSDAQ,COMMON,,,Wed Jun 05 2019 00:00:00 GMT+0900 (한국 표준시),,LISTED,KRW,true,3,,Tue Aug 18 2026 20:30:42 GMT+0900 (한국 표준시),Tue Aug 18 2026 20:30:42 GMT+0900 (한국 표준시)
18379,424980,,,마이크로투나노,,KRX_KOSDAQ,COMMON,,,Wed Apr 26 2023 00:00:00 GMT+0900 (한국 표준시),,LISTED,KRW,true,3,,Tue Aug 18 2026 20:30:42 GMT+0900 (한국 표준시),Tue Aug 18 2026 20:30:42 GMT+0900 (한국 표준시)
18380,169330,,,엠브레인,,KRX_KOSDAQ,COMMON,,,Wed Jul 01 2020 00:00:00 GMT+0900 (한국 표준시),,LISTED,KRW,true,3,,Tue Aug 18 2026 20:30:42 GMT+0900 (한국 표준시),Tue Aug 18 2026 20:30:42 GMT+0900 (한국 표준시)
18381,038290,,,마크로젠,,KRX_KOSDAQ,COMMON,,,Tue Feb 22 2000 00:00:00 GMT+0900 (한국 표준시),,LISTED,KRW,true,3,,Tue Aug 18 2026 20:30:42 GMT+0900 (한국 표준시),Tue Aug 18 2026 20:30:42 GMT+0900 (한국 표준시)
18382,477850,,,마키나락스,,KRX_KOSDAQ,COMMON,,,Wed May 20 2026 00:00:00 GMT+0900 (한국 표준시),,LISTED,KRW,true,3,,Tue Aug 18 2026 20:30:42 GMT+0900 (한국 표준시),Tue Aug 18 2026 20:30:42 GMT+0900 (한국 표준시)
18383,0039P0,,,매드업,,KRX_KOSDAQ,COMMON,,,Wed Jul 01 2026 00:00:00 GMT+0900 (한국 표준시),,LISTED,KRW,true,3,,Tue Aug 18 2026 20:30:42 GMT+0900 (한국 표준시),Tue Aug 18 2026 20:30:42 GMT+0900 (한국 표준시)
18384,267980,,,매일유업,,KRX_KOSDAQ,COMMON,,,Mon Jun 05 2017 00:00:00 GMT+0900 (한국 표준시),,LISTED,KRW,true,3,,Tue Aug 18 2026 20:30:42 GMT+0900 (한국 표준시),Tue Aug 18 2026 20:30:42 GMT+0900 (한국 표준시)
18385,005990,,,매일홀딩스,,KRX_KOSDAQ,COMMON,,,Fri May 14 1999 00:00:00 GMT+0900 (한국 표준시),,LISTED,KRW,true,3,,Tue Aug 18 2026 20:30:42 GMT+0900 (한국 표준시),Tue Aug 18 2026 20:30:42 GMT+0900 (한국 표준시)
18386,093520,,,매커스,,KRX_KOSDAQ,COMMON,,,Mon Feb 12 2007 00:00:00 GMT+0900 (한국 표준시),,LISTED,KRW,true,3,,Tue Aug 18 2026 20:30:42 GMT+0900 (한국 표준시),Tue Aug 18 2026 20:30:42 GMT+0900 (한국 표준시)
18387,100590,,,머큐리,,KRX_KOSDAQ,COMMON,,,Fri Dec 14 2018 00:00:00 GMT+0900 (한국 표준시),,LISTED,KRW,true,3,,Tue Aug 18 2026 20:30:42 GMT+0900 (한국 표준시),Tue Aug 18 2026 20:30:42 GMT+0900 (한국 표준시)
18388,067280,,,멀티캠퍼스,,KRX_KOSDAQ,COMMON,,,Thu Nov 16 2006 00:00:00 GMT+0900 (한국 표준시),,LISTED,KRW,true,3,,Tue Aug 18 2026 20:30:42 GMT+0900 (한국 표준시),Tue Aug 18 2026 20:30:42 GMT+0900 (한국 표준시)
18389,072870,,,메가스터디,,KRX_KOSDAQ,COMMON,,,Tue Dec 21 2004 00:00:00 GMT+0900 (한국 표준시),,LISTED,KRW,true,3,,Tue Aug 18 2026 20:30:42 GMT+0900 (한국 표준시),Tue Aug 18 2026 20:30:42 GMT+0900 (한국 표준시)
18390,215200,,,메가스터디교육,,KRX_KOSDAQ,COMMON,,,Mon May 04 2015 00:00:00 GMT+0900 (한국 표준시),,LISTED,KRW,true,3,,Tue Aug 18 2026 20:30:42 GMT+0900 (한국 표준시),Tue Aug 18 2026 20:30:42 GMT+0900 (한국 표준시)
18391,133750,,,메가엠디,,KRX_KOSDAQ,COMMON,,,Fri Dec 18 2015 00:00:00 GMT+0900 (한국 표준시),,LISTED,KRW,true,3,,Tue Aug 18 2026 20:30:42 GMT+0900 (한국 표준시),Tue Aug 18 2026 20:30:42 GMT+0900 (한국 표준시)
18392,446540,,,메가터치,,KRX_KOSDAQ,COMMON,,,Thu Nov 09 2023 00:00:00 GMT+0900 (한국 표준시),,LISTED,KRW,true,3,,Tue Aug 18 2026 20:30:42 GMT+0900 (한국 표준시),Tue Aug 18 2026 20:30:42 GMT+0900 (한국 표준시)
18393,235980,,,메드팩토,,KRX_KOSDAQ,COMMON,,,Thu Dec 19 2019 00:00:00 GMT+0900 (한국 표준시),,LISTED,KRW,true,3,,Tue Aug 18 2026 20:30:42 GMT+0900 (한국 표준시),Tue Aug 18 2026 20:30:42 GMT+0900 (한국 표준시)
18394,041920,,,메디아나,,KRX_KOSDAQ,COMMON,,,Tue Oct 07 2014 00:00:00 GMT+0900 (한국 표준시),,LISTED,KRW,true,3,,Tue Aug 18 2026 20:30:42 GMT+0900 (한국 표준시),Tue Aug 18 2026 20:30:42 GMT+0900 (한국 표준시)
18395,014100,,,메디앙스,,KRX_KOSDAQ,COMMON,,,Tue Jan 03 1995 00:00:00 GMT+0900 (한국 표준시),,LISTED,KRW,true,3,,Tue Aug 18 2026 20:30:42 GMT+0900 (한국 표준시),Tue Aug 18 2026 20:30:42 GMT+0900 (한국 표준시)
18396,054180,,,메디콕스,,KRX_KOSDAQ,COMMON,,,Tue Oct 16 2001 00:00:00 GMT+0900 (한국 표준시),,LISTED,KRW,true,3,,Tue Aug 18 2026 20:30:42 GMT+0900 (한국 표준시),Tue Aug 18 2026 20:30:42 GMT+0900 (한국 표준시)
18397,086900,,,메디톡스,,KRX_KOSDAQ,COMMON,,,Fri Jan 16 2009 00:00:00 GMT+0900 (한국 표준시),,LISTED,KRW,true,3,,Tue Aug 18 2026 20:30:42 GMT+0900 (한국 표준시),Tue Aug 18 2026 20:30:42 GMT+0900 (한국 표준시)
18398,078160,,,메디포스트,,KRX_KOSDAQ,COMMON,,,Fri Jul 29 2005 00:00:00 GMT+0900 (한국 표준시),,LISTED,KRW,true,3,,Tue Aug 18 2026 20:30:42 GMT+0900 (한국 표준시),Tue Aug 18 2026 20:30:42 GMT+0900 (한국 표준시)
18399,0088D0,,,메리츠제1호스팩,,KRX_KOSDAQ,COMMON,,,Mon Dec 15 2025 00:00:00 GMT+0900 (한국 표준시),,LISTED,KRW,true,3,,Tue Aug 18 2026 20:30:42 GMT+0900 (한국 표준시),Tue Aug 18 2026 20:30:42 GMT+0900 (한국 표준시)
18400,0165X0,,,메리츠제2호스팩,,KRX_KOSDAQ,COMMON,,,Fri Jun 19 2026 00:00:00 GMT+0900 (한국 표준시),,LISTED,KRW,true,3,,Tue Aug 18 2026 20:30:42 GMT+0900 (한국 표준시),Tue Aug 18 2026 20:30:42 GMT+0900 (한국 표준시)
18401,408920,,,메쎄이상,,KRX_KOSDAQ,COMMON,,,Mon Mar 07 2022 00:00:00 GMT+0900 (한국 표준시),,LISTED,KRW,true,3,,Tue Aug 18 2026 20:30:42 GMT+0900 (한국 표준시),Tue Aug 18 2026 20:30:42 GMT+0900 (한국 표준시)
18402,021880,,,메이슨캐피탈,,KRX_KOSDAQ,COMMON,,,Mon Sep 02 1996 00:00:00 GMT+0900 (한국 표준시),,LISTED,KRW,true,3,,Tue Aug 18 2026 20:30:42 GMT+0900 (한국 표준시),Tue Aug 18 2026 20:30:42 GMT+0900 (한국 표준시)
18403,0088M0,,,메쥬,,KRX_KOSDAQ,COMMON,,,Thu Mar 26 2026 00:00:00 GMT+0900 (한국 표준시),,LISTED,KRW,true,3,,Tue Aug 18 2026 20:30:42 GMT+0900 (한국 표준시),Tue Aug 18 2026 20:30:42 GMT+0900 (한국 표준시)
18404,140410,,,메지온,,KRX_KOSDAQ,COMMON,,,Fri Jan 20 2012 00:00:00 GMT+0900 (한국 표준시),,LISTED,KRW,true,3,,Tue Aug 18 2026 20:30:42 GMT+0900 (한국 표준시),Tue Aug 18 2026 20:30:42 GMT+0900 (한국 표준시)
18405,241770,,,메카로,,KRX_KOSDAQ,COMMON,,,Wed Dec 06 2017 00:00:00 GMT+0900 (한국 표준시),,LISTED,KRW,true,3,,Tue Aug 18 2026 20:30:42 GMT+0900 (한국 표준시),Tue Aug 18 2026 20:30:42 GMT+0900 (한국 표준시)
18406,059210,,,메타바이오메드,,KRX_KOSDAQ,COMMON,,,Tue Apr 15 2008 00:00:00 GMT+0900 (한국 표준시),,LISTED,KRW,true,3,,Tue Aug 18 2026 20:30:42 GMT+0900 (한국 표준시),Tue Aug 18 2026 20:30:42 GMT+0900 (한국 표준시)
18407,058110,,,멕아이씨에스,,KRX_KOSDAQ,COMMON,,,Mon Dec 14 2015 00:00:00 GMT+0900 (한국 표준시),,LISTED,KRW,true,3,,Tue Aug 18 2026 20:30:42 GMT+0900 (한국 표준시),Tue Aug 18 2026 20:30:42 GMT+0900 (한국 표준시)
18408,072770,,,멤레이비티,,KRX_KOSDAQ,COMMON,,,Wed Jul 25 2007 00:00:00 GMT+0900 (한국 표준시),,LISTED,KRW,true,3,,Tue Aug 18 2026 20:30:42 GMT+0900 (한국 표준시),Tue Aug 18 2026 20:30:42 GMT+0900 (한국 표준시)
18409,434480,,,모니터랩,,KRX_KOSDAQ,COMMON,,,Fri May 19 2023 00:00:00 GMT+0900 (한국 표준시),,LISTED,KRW,true,3,,Tue Aug 18 2026 20:30:42 GMT+0900 (한국 표준시),Tue Aug 18 2026 20:30:42 GMT+0900 (한국 표준시)
18410,080420,,,모다이노칩,,KRX_KOSDAQ,COMMON,,,Tue Dec 06 2005 00:00:00 GMT+0900 (한국 표준시),,LISTED,KRW,true,3,,Tue Aug 18 2026 20:30:42 GMT+0900 (한국 표준시),Tue Aug 18 2026 20:30:42 GMT+0900 (한국 표준시)
18411,417970,,,모델솔루션,,KRX_KOSDAQ,COMMON,,,Fri Oct 07 2022 00:00:00 GMT+0900 (한국 표준시),,LISTED,KRW,true,3,,Tue Aug 18 2026 20:30:42 GMT+0900 (한국 표준시),Tue Aug 18 2026 20:30:42 GMT+0900 (한국 표준시)
18412,080160,,,모두투어,,KRX_KOSDAQ,COMMON,,,Tue Jul 26 2005 00:00:00 GMT+0900 (한국 표준시),,LISTED,KRW,true,3,,Tue Aug 18 2026 20:30:42 GMT+0900 (한국 표준시),Tue Aug 18 2026 20:30:42 GMT+0900 (한국 표준시)
18413,087260,,,모바일어플라이언스,,KRX_KOSDAQ,COMMON,,,Fri Feb 24 2017 00:00:00 GMT+0900 (한국 표준시),,LISTED,KRW,true,3,,Tue Aug 18 2026 20:30:42 GMT+0900 (한국 표준시),Tue Aug 18 2026 20:30:42 GMT+0900 (한국 표준시)
18414,101330,,,모베이스,,KRX_KOSDAQ,COMMON,,,Thu Feb 04 2010 00:00:00 GMT+0900 (한국 표준시),,LISTED,KRW,true,3,,Tue Aug 18 2026 20:30:42 GMT+0900 (한국 표준시),Tue Aug 18 2026 20:30:42 GMT+0900 (한국 표준시)
18415,012860,,,모베이스전자,,KRX_KOSDAQ,COMMON,,,Wed Oct 26 1994 00:00:00 GMT+0900 (한국 표준시),,LISTED,KRW,true,3,,Tue Aug 18 2026 20:30:42 GMT+0900 (한국 표준시),Tue Aug 18 2026 20:30:42 GMT+0900 (한국 표준시)
18416,363260,,,모비데이즈,,KRX_KOSDAQ,COMMON,,,Wed Feb 10 2021 00:00:00 GMT+0900 (한국 표준시),,LISTED,KRW,true,3,,Tue Aug 18 2026 20:30:42 GMT+0900 (한국 표준시),Tue Aug 18 2026 20:30:42 GMT+0900 (한국 표준시)
18417,348030,,,모비릭스,,KRX_KOSDAQ,COMMON,,,Thu Jan 28 2021 00:00:00 GMT+0900 (한국 표준시),,LISTED,KRW,true,3,,Tue Aug 18 2026 20:30:42 GMT+0900 (한국 표준시),Tue Aug 18 2026 20:30:42 GMT+0900 (한국 표준시)
18418,250060,,,모비스,,KRX_KOSDAQ,COMMON,,,Thu Sep 08 2016 00:00:00 GMT+0900 (한국 표준시),,LISTED,KRW,true,3,,Tue Aug 18 2026 20:30:42 GMT+0900 (한국 표준시),Tue Aug 18 2026 20:30:42 GMT+0900 (한국 표준시)
18419,288980,,,모아데이타,,KRX_KOSDAQ,COMMON,,,Thu Mar 10 2022 00:00:00 GMT+0900 (한국 표준시),,LISTED,KRW,true,3,,Tue Aug 18 2026 20:30:42 GMT+0900 (한국 표준시),Tue Aug 18 2026 20:30:42 GMT+0900 (한국 표준시)
18420,142760,,,모아라이프플러스,,KRX_KOSDAQ,COMMON,,,Thu Jul 07 2016 00:00:00 GMT+0900 (한국 표준시),,LISTED,KRW,true,3,,Tue Aug 18 2026 20:30:42 GMT+0900 (한국 표준시),Tue Aug 18 2026 20:30:42 GMT+0900 (한국 표준시)
18421,033200,,,모아텍,,KRX_KOSDAQ,COMMON,,,Mon Oct 13 1997 00:00:00 GMT+0900 (한국 표준시),,LISTED,KRW,true,3,,Tue Aug 18 2026 20:30:42 GMT+0900 (한국 표준시),Tue Aug 18 2026 20:30:42 GMT+0900 (한국 표준시)
18422,118990,,,모트렉스,,KRX_KOSDAQ,COMMON,,,Fri Aug 04 2017 00:00:00 GMT+0900 (한국 표준시),,LISTED,KRW,true,3,,Tue Aug 18 2026 20:30:42 GMT+0900 (한국 표준시),Tue Aug 18 2026 20:30:42 GMT+0900 (한국 표준시)
18423,463480,,,모티브링크,,KRX_KOSDAQ,COMMON,,,Thu Feb 20 2025 00:00:00 GMT+0900 (한국 표준시),,LISTED,KRW,true,3,,Tue Aug 18 2026 20:30:42 GMT+0900 (한국 표준시),Tue Aug 18 2026 20:30:42 GMT+0900 (한국 표준시)
18424,006920,,,모헨즈,,KRX_KOSDAQ,COMMON,,,Thu Jan 05 1989 00:00:00 GMT+0900 (한국 표준시),,LISTED,KRW,true,3,,Tue Aug 18 2026 20:30:42 GMT+0900 (한국 표준시),Tue Aug 18 2026 20:30:42 GMT+0900 (한국 표준시)
18425,001810,,,무림SP,,KRX_KOSDAQ,COMMON,,,Tue Jan 04 2000 00:00:00 GMT+0900 (한국 표준시),,LISTED,KRW,true,3,,Tue Aug 18 2026 20:30:42 GMT+0900 (한국 표준시),Tue Aug 18 2026 20:30:42 GMT+0900 (한국 표준시)
18426,279600,,,미디어젠,,KRX_KOSDAQ,COMMON,,,Tue Nov 05 2019 00:00:00 GMT+0900 (한국 표준시),,LISTED,KRW,true,3,,Tue Aug 18 2026 20:30:42 GMT+0900 (한국 표준시),Tue Aug 18 2026 20:30:42 GMT+0900 (한국 표준시)
18427,095500,,,미래나노텍,,KRX_KOSDAQ,COMMON,,,Mon Oct 01 2007 00:00:00 GMT+0900 (한국 표준시),,LISTED,KRW,true,3,,Tue Aug 18 2026 20:30:42 GMT+0900 (한국 표준시),Tue Aug 18 2026 20:30:42 GMT+0900 (한국 표준시)
18428,254490,,,미래반도체,,KRX_KOSDAQ,COMMON,,,Fri Jan 27 2023 00:00:00 GMT+0900 (한국 표준시),,LISTED,KRW,true,3,,Tue Aug 18 2026 20:30:42 GMT+0900 (한국 표준시),Tue Aug 18 2026 20:30:42 GMT+0900 (한국 표준시)
18429,218150,,,미래생명자원,,KRX_KOSDAQ,COMMON,,,Thu Jun 18 2015 00:00:00 GMT+0900 (한국 표준시),,LISTED,KRW,true,3,,Tue Aug 18 2026 20:30:42 GMT+0900 (한국 표준시),Tue Aug 18 2026 20:30:42 GMT+0900 (한국 표준시)
18430,100790,,,미래에셋벤처투자,,KRX_KOSDAQ,COMMON,,,Fri Mar 15 2019 00:00:00 GMT+0900 (한국 표준시),,LISTED,KRW,true,3,,Tue Aug 18 2026 20:30:42 GMT+0900 (한국 표준시),Tue Aug 18 2026 20:30:42 GMT+0900 (한국 표준시)
18431,0097F0,,,미래에셋비전스팩10호,,KRX_KOSDAQ,COMMON,,,Tue Dec 23 2025 00:00:00 GMT+0900 (한국 표준시),,LISTED,KRW,true,3,,Tue Aug 18 2026 20:30:42 GMT+0900 (한국 표준시),Tue Aug 18 2026 20:30:42 GMT+0900 (한국 표준시)
18432,0099W0,,,미래에셋비전스팩11호,,KRX_KOSDAQ,COMMON,,,Mon Dec 22 2025 00:00:00 GMT+0900 (한국 표준시),,LISTED,KRW,true,3,,Tue Aug 18 2026 20:30:42 GMT+0900 (한국 표준시),Tue Aug 18 2026 20:30:42 GMT+0900 (한국 표준시)
18433,477380,,,미래에셋비전스팩4호,,KRX_KOSDAQ,COMMON,,,Wed May 29 2024 00:00:00 GMT+0900 (한국 표준시),,LISTED,KRW,true,3,,Tue Aug 18 2026 20:30:42 GMT+0900 (한국 표준시),Tue Aug 18 2026 20:30:42 GMT+0900 (한국 표준시)
18434,477470,,,미래에셋비전스팩5호,,KRX_KOSDAQ,COMMON,,,Wed Jun 19 2024 00:00:00 GMT+0900 (한국 표준시),,LISTED,KRW,true,3,,Tue Aug 18 2026 20:30:42 GMT+0900 (한국 표준시),Tue Aug 18 2026 20:30:42 GMT+0900 (한국 표준시)
18435,478440,,,미래에셋비전스팩6호,,KRX_KOSDAQ,COMMON,,,Mon Jun 24 2024 00:00:00 GMT+0900 (한국 표준시),,LISTED,KRW,true,3,,Tue Aug 18 2026 20:30:42 GMT+0900 (한국 표준시),Tue Aug 18 2026 20:30:42 GMT+0900 (한국 표준시)
18436,482680,,,미래에셋비전스팩7호,,KRX_KOSDAQ,COMMON,,,Wed Sep 11 2024 00:00:00 GMT+0900 (한국 표준시),,LISTED,KRW,true,3,,Tue Aug 18 2026 20:30:42 GMT+0900 (한국 표준시),Tue Aug 18 2026 20:30:42 GMT+0900 (한국 표준시)
18437,0093G0,,,미래에셋비전스팩8호,,KRX_KOSDAQ,COMMON,,,Thu Nov 27 2025 00:00:00 GMT+0900 (한국 표준시),,LISTED,KRW,true,3,,Tue Aug 18 2026 20:30:42 GMT+0900 (한국 표준시),Tue Aug 18 2026 20:30:42 GMT+0900 (한국 표준시)
18438,0096D0,,,미래에셋비전스팩9호,,KRX_KOSDAQ,COMMON,,,Mon Dec 01 2025 00:00:00 GMT+0900 (한국 표준시),,LISTED,KRW,true,3,,Tue Aug 18 2026 20:30:42 GMT+0900 (한국 표준시),Tue Aug 18 2026 20:30:42 GMT+0900 (한국 표준시)
18439,049950,,,미래컴퍼니,,KRX_KOSDAQ,COMMON,,,Tue Jan 04 2005 00:00:00 GMT+0900 (한국 표준시),,LISTED,KRW,true,3,,Tue Aug 18 2026 20:30:42 GMT+0900 (한국 표준시),Tue Aug 18 2026 20:30:42 GMT+0900 (한국 표준시)
18440,207760,,,미스터블루,,KRX_KOSDAQ,COMMON,,,Fri Dec 12 2014 00:00:00 GMT+0900 (한국 표준시),,LISTED,KRW,true,3,,Tue Aug 18 2026 20:30:42 GMT+0900 (한국 표준시),Tue Aug 18 2026 20:30:42 GMT+0900 (한국 표준시)
18441,059090,,,미코,,KRX_KOSDAQ,COMMON,,,Tue Jan 15 2002 00:00:00 GMT+0900 (한국 표준시),,LISTED,KRW,true,3,,Tue Aug 18 2026 20:30:42 GMT+0900 (한국 표준시),Tue Aug 18 2026 20:30:42 GMT+0900 (한국 표준시)
18442,201490,,,미투온,,KRX_KOSDAQ,COMMON,,,Mon Oct 10 2016 00:00:00 GMT+0900 (한국 표준시),,LISTED,KRW,true,3,,Tue Aug 18 2026 20:30:42 GMT+0900 (한국 표준시),Tue Aug 18 2026 20:30:42 GMT+0900 (한국 표준시)
18443,475460,,,미트박스,,KRX_KOSDAQ,COMMON,,,Thu Jan 23 2025 00:00:00 GMT+0900 (한국 표준시),,LISTED,KRW,true,3,,Tue Aug 18 2026 20:30:42 GMT+0900 (한국 표준시),Tue Aug 18 2026 20:30:42 GMT+0900 (한국 표준시)
18444,452200,,,민테크,,KRX_KOSDAQ,COMMON,,,Fri May 03 2024 00:00:00 GMT+0900 (한국 표준시),,LISTED,KRW,true,3,,Tue Aug 18 2026 20:30:42 GMT+0900 (한국 표준시),Tue Aug 18 2026 20:30:42 GMT+0900 (한국 표준시)
18445,206640,,,바디텍메드,,KRX_KOSDAQ,COMMON,,,Mon Dec 29 2014 00:00:00 GMT+0900 (한국 표준시),,LISTED,KRW,true,3,,Tue Aug 18 2026 20:30:42 GMT+0900 (한국 표준시),Tue Aug 18 2026 20:30:42 GMT+0900 (한국 표준시)
18446,035620,,,바른손이앤에이,,KRX_KOSDAQ,COMMON,,,Fri Aug 13 1999 00:00:00 GMT+0900 (한국 표준시),,LISTED,KRW,true,3,,Tue Aug 18 2026 20:30:42 GMT+0900 (한국 표준시),Tue Aug 18 2026 20:30:42 GMT+0900 (한국 표준시)
18447,053030,,,바이넥스,,KRX_KOSDAQ,COMMON,,,Tue Aug 07 2001 00:00:00 GMT+0900 (한국 표준시),,LISTED,KRW,true,3,,Tue Aug 18 2026 20:30:42 GMT+0900 (한국 표준시),Tue Aug 18 2026 20:30:42 GMT+0900 (한국 표준시)
18448,301300,,,바이브컴퍼니,,KRX_KOSDAQ,COMMON,,,Wed Oct 28 2020 00:00:00 GMT+0900 (한국 표준시),,LISTED,KRW,true,3,,Tue Aug 18 2026 20:30:42 GMT+0900 (한국 표준시),Tue Aug 18 2026 20:30:42 GMT+0900 (한국 표준시)
18449,064550,,,바이오니아,,KRX_KOSDAQ,COMMON,,,Thu Dec 29 2005 00:00:00 GMT+0900 (한국 표준시),,LISTED,KRW,true,3,,Tue Aug 18 2026 20:30:42 GMT+0900 (한국 표준시),Tue Aug 18 2026 20:30:42 GMT+0900 (한국 표준시)
18450,314930,,,바이오다인,,KRX_KOSDAQ,COMMON,,,Wed Mar 17 2021 00:00:00 GMT+0900 (한국 표준시),,LISTED,KRW,true,3,,Tue Aug 18 2026 20:30:42 GMT+0900 (한국 표준시),Tue Aug 18 2026 20:30:42 GMT+0900 (한국 표준시)
18451,489460,,,바이오비쥬,,KRX_KOSDAQ,COMMON,,,Tue May 20 2025 00:00:00 GMT+0900 (한국 표준시),,LISTED,KRW,true,3,,Tue Aug 18 2026 20:30:42 GMT+0900 (한국 표준시),Tue Aug 18 2026 20:30:42 GMT+0900 (한국 표준시)
18452,086820,,,바이오솔루션,,KRX_KOSDAQ,COMMON,,,Mon Aug 20 2018 00:00:00 GMT+0900 (한국 표준시),,LISTED,KRW,true,3,,Tue Aug 18 2026 20:30:42 GMT+0900 (한국 표준시),Tue Aug 18 2026 20:30:42 GMT+0900 (한국 표준시)
18453,038460,,,바이오스마트,,KRX_KOSDAQ,COMMON,,,Thu Jun 22 2000 00:00:00 GMT+0900 (한국 표준시),,LISTED,KRW,true,3,,Tue Aug 18 2026 20:30:42 GMT+0900 (한국 표준시),Tue Aug 18 2026 20:30:42 GMT+0900 (한국 표준시)
18454,251120,,,바이오에프디엔씨,,KRX_KOSDAQ,COMMON,,,Mon Feb 21 2022 00:00:00 GMT+0900 (한국 표준시),,LISTED,KRW,true,3,,Tue Aug 18 2026 20:30:42 GMT+0900 (한국 표준시),Tue Aug 18 2026 20:30:42 GMT+0900 (한국 표준시)
18455,199730,,,바이오인프라,,KRX_KOSDAQ,COMMON,,,Thu Mar 02 2023 00:00:00 GMT+0900 (한국 표준시),,LISTED,KRW,true,3,,Tue Aug 18 2026 20:30:42 GMT+0900 (한국 표준시),Tue Aug 18 2026 20:30:42 GMT+0900 (한국 표준시)
18456,086040,,,바이오톡스텍,,KRX_KOSDAQ,COMMON,,,Fri Sep 21 2007 00:00:00 GMT+0900 (한국 표준시),,LISTED,KRW,true,3,,Tue Aug 18 2026 20:30:42 GMT+0900 (한국 표준시),Tue Aug 18 2026 20:30:42 GMT+0900 (한국 표준시)
18457,188040,,,바이오포트,,KRX_KOSDAQ,COMMON,,,Fri May 16 2025 00:00:00 GMT+0900 (한국 표준시),,LISTED,KRW,true,3,,Tue Aug 18 2026 20:30:42 GMT+0900 (한국 표준시),Tue Aug 18 2026 20:30:42 GMT+0900 (한국 표준시)
18458,099430,,,바이오플러스,,KRX_KOSDAQ,COMMON,,,Mon Sep 27 2021 00:00:00 GMT+0900 (한국 표준시),,LISTED,KRW,true,3,,Tue Aug 18 2026 20:30:42 GMT+0900 (한국 표준시),Tue Aug 18 2026 20:30:42 GMT+0900 (한국 표준시)
18459,308080,,,바이젠셀,,KRX_KOSDAQ,COMMON,,,Wed Aug 25 2021 00:00:00 GMT+0900 (한국 표준시),,LISTED,KRW,true,3,,Tue Aug 18 2026 20:30:42 GMT+0900 (한국 표준시),Tue Aug 18 2026 20:30:42 GMT+0900 (한국 표준시)
18460,043150,,,바텍,,KRX_KOSDAQ,COMMON,,,Fri Sep 29 2006 00:00:00 GMT+0900 (한국 표준시),,LISTED,KRW,true,3,,Tue Aug 18 2026 20:30:42 GMT+0900 (한국 표준시),Tue Aug 18 2026 20:30:42 GMT+0900 (한국 표준시)
18461,323990,,,박셀바이오,,KRX_KOSDAQ,COMMON,,,Tue Sep 22 2020 00:00:00 GMT+0900 (한국 표준시),,LISTED,KRW,true,3,,Tue Aug 18 2026 20:30:42 GMT+0900 (한국 표준시),Tue Aug 18 2026 20:30:42 GMT+0900 (한국 표준시)
18462,267790,,,배럴,,KRX_KOSDAQ,COMMON,,,Thu Feb 01 2018 00:00:00 GMT+0900 (한국 표준시),,LISTED,KRW,true,3,,Tue Aug 18 2026 20:30:42 GMT+0900 (한국 표준시),Tue Aug 18 2026 20:30:42 GMT+0900 (한국 표준시)
18463,046310,,,백금T&A,,KRX_KOSDAQ,COMMON,,,Tue Feb 05 2002 00:00:00 GMT+0900 (한국 표준시),,LISTED,KRW,true,3,,Tue Aug 18 2026 20:30:42 GMT+0900 (한국 표준시),Tue Aug 18 2026 20:30:42 GMT+0900 (한국 표준시)
18464,331520,,,밸로프,,KRX_KOSDAQ,COMMON,,,Tue Oct 29 2019 00:00:00 GMT+0900 (한국 표준시),,LISTED,KRW,true,3,,Tue Aug 18 2026 20:30:42 GMT+0900 (한국 표준시),Tue Aug 18 2026 20:30:42 GMT+0900 (한국 표준시)
18465,199480,,,뱅크웨어글로벌,,KRX_KOSDAQ,COMMON,,,Mon Aug 12 2024 00:00:00 GMT+0900 (한국 표준시),,LISTED,KRW,true,3,,Tue Aug 18 2026 20:30:42 GMT+0900 (한국 표준시),Tue Aug 18 2026 20:30:42 GMT+0900 (한국 표준시)
18466,438700,,,버넥트,,KRX_KOSDAQ,COMMON,,,Wed Jul 26 2023 00:00:00 GMT+0900 (한국 표준시),,LISTED,KRW,true,3,,Tue Aug 18 2026 20:30:42 GMT+0900 (한국 표준시),Tue Aug 18 2026 20:30:42 GMT+0900 (한국 표준시)
18467,066410,,,버킷스튜디오,,KRX_KOSDAQ,COMMON,,,Fri Dec 19 2003 00:00:00 GMT+0900 (한국 표준시),,LISTED,KRW,true,3,,Tue Aug 18 2026 20:30:42 GMT+0900 (한국 표준시),Tue Aug 18 2026 20:30:42 GMT+0900 (한국 표준시)
18468,382900,,,범한퓨얼셀,,KRX_KOSDAQ,COMMON,,,Fri Jun 17 2022 00:00:00 GMT+0900 (한국 표준시),,LISTED,KRW,true,3,,Tue Aug 18 2026 20:30:42 GMT+0900 (한국 표준시),Tue Aug 18 2026 20:30:42 GMT+0900 (한국 표준시)
18469,206400,,,베노티앤알,,KRX_KOSDAQ,COMMON,,,Wed Dec 10 2014 00:00:00 GMT+0900 (한국 표준시),,LISTED,KRW,true,3,,Tue Aug 18 2026 20:30:42 GMT+0900 (한국 표준시),Tue Aug 18 2026 20:30:42 GMT+0900 (한국 표준시)
18470,019010,,,베뉴지,,KRX_KOSDAQ,COMMON,,,Fri Nov 05 1993 00:00:00 GMT+0900 (한국 표준시),,LISTED,KRW,true,3,,Tue Aug 18 2026 20:30:42 GMT+0900 (한국 표준시),Tue Aug 18 2026 20:30:42 GMT+0900 (한국 표준시)
18471,177350,,,베셀,,KRX_KOSDAQ,COMMON,,,Fri Jun 19 2015 00:00:00 GMT+0900 (한국 표준시),,LISTED,KRW,true,3,,Tue Aug 18 2026 20:30:42 GMT+0900 (한국 표준시),Tue Aug 18 2026 20:30:42 GMT+0900 (한국 표준시)
18472,457600,,,벡트,,KRX_KOSDAQ,COMMON,,,Mon Dec 16 2024 00:00:00 GMT+0900 (한국 표준시),,LISTED,KRW,true,3,,Tue Aug 18 2026 20:30:42 GMT+0900 (한국 표준시),Tue Aug 18 2026 20:30:42 GMT+0900 (한국 표준시)
18473,424760,,,벨로크,,KRX_KOSDAQ,COMMON,,,Fri Jul 22 2022 00:00:00 GMT+0900 (한국 표준시),,LISTED,KRW,true,3,,Tue Aug 18 2026 20:30:42 GMT+0900 (한국 표준시),Tue Aug 18 2026 20:30:42 GMT+0900 (한국 표준시)
18474,250000,,,보라티알,,KRX_KOSDAQ,COMMON,,,Thu Jun 08 2017 00:00:00 GMT+0900 (한국 표준시),,LISTED,KRW,true,3,,Tue Aug 18 2026 20:30:42 GMT+0900 (한국 표준시),Tue Aug 18 2026 20:30:42 GMT+0900 (한국 표준시)
18475,310210,,,보로노이,,KRX_KOSDAQ,COMMON,,,Fri Jun 24 2022 00:00:00 GMT+0900 (한국 표준시),,LISTED,KRW,true,3,,Tue Aug 18 2026 20:30:42 GMT+0900 (한국 표준시),Tue Aug 18 2026 20:30:42 GMT+0900 (한국 표준시)
18476,006910,,,보성파워텍,,KRX_KOSDAQ,COMMON,,,Wed Sep 07 1994 00:00:00 GMT+0900 (한국 표준시),,LISTED,KRW,true,3,,Tue Aug 18 2026 20:30:42 GMT+0900 (한국 표준시),Tue Aug 18 2026 20:30:42 GMT+0900 (한국 표준시)
18477,0010F0,,,보원케미칼,,KRX_KOSDAQ,COMMON,,,Fri Apr 03 2026 00:00:00 GMT+0900 (한국 표준시),,LISTED,KRW,true,3,,Tue Aug 18 2026 20:30:42 GMT+0900 (한국 표준시),Tue Aug 18 2026 20:30:42 GMT+0900 (한국 표준시)
18478,226340,,,본느,,KRX_KOSDAQ,COMMON,,,Thu Nov 05 2015 00:00:00 GMT+0900 (한국 표준시),,LISTED,KRW,true,3,,Tue Aug 18 2026 20:30:42 GMT+0900 (한국 표준시),Tue Aug 18 2026 20:30:42 GMT+0900 (한국 표준시)
18479,008470,,,부스타,,KRX_KOSDAQ,COMMON,,,Wed Feb 23 2011 00:00:00 GMT+0900 (한국 표준시),,LISTED,KRW,true,3,,Tue Aug 18 2026 20:30:42 GMT+0900 (한국 표준시),Tue Aug 18 2026 20:30:42 GMT+0900 (한국 표준시)
18480,014470,,,부방,,KRX_KOSDAQ,COMMON,,,Fri Feb 25 1994 00:00:00 GMT+0900 (한국 표준시),,LISTED,KRW,true,3,,Tue Aug 18 2026 20:30:42 GMT+0900 (한국 표준시),Tue Aug 18 2026 20:30:42 GMT+0900 (한국 표준시)
18481,338220,,,뷰노,,KRX_KOSDAQ,COMMON,,,Fri Feb 26 2021 00:00:00 GMT+0900 (한국 표준시),,LISTED,KRW,true,3,,Tue Aug 18 2026 20:30:42 GMT+0900 (한국 표준시),Tue Aug 18 2026 20:30:42 GMT+0900 (한국 표준시)
18482,100120,,,뷰웍스,,KRX_KOSDAQ,COMMON,,,Fri Apr 10 2009 00:00:00 GMT+0900 (한국 표준시),,LISTED,KRW,true,3,,Tue Aug 18 2026 20:30:42 GMT+0900 (한국 표준시),Tue Aug 18 2026 20:30:42 GMT+0900 (한국 표준시)
18483,406820,,,뷰티스킨,,KRX_KOSDAQ,COMMON,,,Mon Jul 24 2023 00:00:00 GMT+0900 (한국 표준시),,LISTED,KRW,true,3,,Tue Aug 18 2026 20:30:42 GMT+0900 (한국 표준시),Tue Aug 18 2026 20:30:42 GMT+0900 (한국 표준시)
18484,099390,,,브레인즈컴퍼니,,KRX_KOSDAQ,COMMON,,,Thu Aug 19 2021 00:00:00 GMT+0900 (한국 표준시),,LISTED,KRW,true,3,,Tue Aug 18 2026 20:30:42 GMT+0900 (한국 표준시),Tue Aug 18 2026 20:30:42 GMT+0900 (한국 표준시)
18485,064480,,,브리지텍,,KRX_KOSDAQ,COMMON,,,Wed Jun 04 2008 00:00:00 GMT+0900 (한국 표준시),,LISTED,KRW,true,3,,Tue Aug 18 2026 20:30:42 GMT+0900 (한국 표준시),Tue Aug 18 2026 20:30:42 GMT+0900 (한국 표준시)
18486,365900,,,브이씨,,KRX_KOSDAQ,COMMON,,,Thu Feb 24 2022 00:00:00 GMT+0900 (한국 표준시),,LISTED,KRW,true,3,,Tue Aug 18 2026 20:30:42 GMT+0900 (한국 표준시),Tue Aug 18 2026 20:30:42 GMT+0900 (한국 표준시)
18487,089970,,,브이엠,,KRX_KOSDAQ,COMMON,,,Thu Aug 23 2018 00:00:00 GMT+0900 (한국 표준시),,LISTED,KRW,true,3,,Tue Aug 18 2026 20:30:42 GMT+0900 (한국 표준시),Tue Aug 18 2026 20:30:42 GMT+0900 (한국 표준시)
18488,251630,,,브이원텍,,KRX_KOSDAQ,COMMON,,,Thu Jul 13 2017 00:00:00 GMT+0900 (한국 표준시),,LISTED,KRW,true,3,,Tue Aug 18 2026 20:30:42 GMT+0900 (한국 표준시),Tue Aug 18 2026 20:30:42 GMT+0900 (한국 표준시)
18489,018290,,,브이티,,KRX_KOSDAQ,COMMON,,,Wed Sep 07 1994 00:00:00 GMT+0900 (한국 표준시),,LISTED,KRW,true,3,,Tue Aug 18 2026 20:30:42 GMT+0900 (한국 표준시),Tue Aug 18 2026 20:30:42 GMT+0900 (한국 표준시)
18490,478560,,,블랙야크아이앤씨,,KRX_KOSDAQ,COMMON,,,Tue Jan 21 2025 00:00:00 GMT+0900 (한국 표준시),,LISTED,KRW,true,3,,Tue Aug 18 2026 20:30:42 GMT+0900 (한국 표준시),Tue Aug 18 2026 20:30:42 GMT+0900 (한국 표준시)
18491,439580,,,블루엠텍,,KRX_KOSDAQ,COMMON,,,Wed Dec 13 2023 00:00:00 GMT+0900 (한국 표준시),,LISTED,KRW,true,3,,Tue Aug 18 2026 20:30:42 GMT+0900 (한국 표준시),Tue Aug 18 2026 20:30:42 GMT+0900 (한국 표준시)
18492,033560,,,블루콤,,KRX_KOSDAQ,COMMON,,,Wed Jan 26 2011 00:00:00 GMT+0900 (한국 표준시),,LISTED,KRW,true,3,,Tue Aug 18 2026 20:30:42 GMT+0900 (한국 표준시),Tue Aug 18 2026 20:30:42 GMT+0900 (한국 표준시)
18493,369370,,,블리츠웨이엔터테인먼트,,KRX_KOSDAQ,COMMON,,,Wed Dec 23 2020 00:00:00 GMT+0900 (한국 표준시),,LISTED,KRW,true,3,,Tue Aug 18 2026 20:30:42 GMT+0900 (한국 표준시),Tue Aug 18 2026 20:30:42 GMT+0900 (한국 표준시)
18494,126340,,,비나텍,,KRX_KOSDAQ,COMMON,,,Wed Sep 23 2020 00:00:00 GMT+0900 (한국 표준시),,LISTED,KRW,true,3,,Tue Aug 18 2026 20:30:42 GMT+0900 (한국 표준시),Tue Aug 18 2026 20:30:42 GMT+0900 (한국 표준시)
18495,121800,,,비덴트,,KRX_KOSDAQ,COMMON,,,Thu Dec 01 2011 00:00:00 GMT+0900 (한국 표준시),,LISTED,KRW,true,3,,Tue Aug 18 2026 20:30:42 GMT+0900 (한국 표준시),Tue Aug 18 2026 20:30:42 GMT+0900 (한국 표준시)
18496,082800,,,비보존 제약,,KRX_KOSDAQ,COMMON,,,Fri Nov 18 2005 00:00:00 GMT+0900 (한국 표준시),,LISTED,KRW,true,3,,Tue Aug 18 2026 20:30:42 GMT+0900 (한국 표준시),Tue Aug 18 2026 20:30:42 GMT+0900 (한국 표준시)
18497,318410,,,비비씨,,KRX_KOSDAQ,COMMON,,,Mon Sep 21 2020 00:00:00 GMT+0900 (한국 표준시),,LISTED,KRW,true,3,,Tue Aug 18 2026 20:30:42 GMT+0900 (한국 표준시),Tue Aug 18 2026 20:30:42 GMT+0900 (한국 표준시)
18498,419540,,,비스토스,,KRX_KOSDAQ,COMMON,,,Tue Oct 18 2022 00:00:00 GMT+0900 (한국 표준시),,LISTED,KRW,true,3,,Tue Aug 18 2026 20:30:42 GMT+0900 (한국 표준시),Tue Aug 18 2026 20:30:42 GMT+0900 (한국 표준시)
18499,146320,,,비씨엔씨,,KRX_KOSDAQ,COMMON,,,Thu Mar 03 2022 00:00:00 GMT+0900 (한국 표준시),,LISTED,KRW,true,3,,Tue Aug 18 2026 20:30:42 GMT+0900 (한국 표준시),Tue Aug 18 2026 20:30:42 GMT+0900 (한국 표준시)
18500,200780,,,비씨월드제약,,KRX_KOSDAQ,COMMON,,,Mon Dec 15 2014 00:00:00 GMT+0900 (한국 표준시),,LISTED,KRW,true,3,,Tue Aug 18 2026 20:30:42 GMT+0900 (한국 표준시),Tue Aug 18 2026 20:30:42 GMT+0900 (한국 표준시)
18501,413640,,,비아이매트릭스,,KRX_KOSDAQ,COMMON,,,Thu Nov 09 2023 00:00:00 GMT+0900 (한국 표준시),,LISTED,KRW,true,3,,Tue Aug 18 2026 20:30:42 GMT+0900 (한국 표준시),Tue Aug 18 2026 20:30:42 GMT+0900 (한국 표준시)
18502,141000,,,비아트론,,KRX_KOSDAQ,COMMON,,,Fri May 04 2012 00:00:00 GMT+0900 (한국 표준시),,LISTED,KRW,true,3,,Tue Aug 18 2026 20:30:42 GMT+0900 (한국 표준시),Tue Aug 18 2026 20:30:42 GMT+0900 (한국 표준시)
18503,083650,,,비에이치아이,,KRX_KOSDAQ,COMMON,,,Fri Dec 02 2005 00:00:00 GMT+0900 (한국 표준시),,LISTED,KRW,true,3,,Tue Aug 18 2026 20:30:42 GMT+0900 (한국 표준시),Tue Aug 18 2026 20:30:42 GMT+0900 (한국 표준시)
18504,0068Y0,,,비엔케이제3호스팩,,KRX_KOSDAQ,COMMON,,,Fri Nov 21 2025 00:00:00 GMT+0900 (한국 표준시),,LISTED,KRW,true,3,,Tue Aug 18 2026 20:30:42 GMT+0900 (한국 표준시),Tue Aug 18 2026 20:30:42 GMT+0900 (한국 표준시)
18505,065170,,,비엘팜텍,,KRX_KOSDAQ,COMMON,,,Tue Nov 19 2002 00:00:00 GMT+0900 (한국 표준시),,LISTED,KRW,true,3,,Tue Aug 18 2026 20:30:42 GMT+0900 (한국 표준시),Tue Aug 18 2026 20:30:42 GMT+0900 (한국 표준시)
18506,086670,,,비엠티,,KRX_KOSDAQ,COMMON,,,Fri Nov 02 2007 00:00:00 GMT+0900 (한국 표준시),,LISTED,KRW,true,3,,Tue Aug 18 2026 20:30:42 GMT+0900 (한국 표준시),Tue Aug 18 2026 20:30:42 GMT+0900 (한국 표준시)
18507,126600,,,BGF에코머티리얼즈,,KRX_KOSDAQ,COMMON,,,Fri Nov 12 2010 00:00:00 GMT+0900 (한국 표준시),,LISTED,KRW,true,3,,Tue Aug 18 2026 20:30:42 GMT+0900 (한국 표준시),Tue Aug 18 2026 20:30:42 GMT+0900 (한국 표준시)
18508,488900,,,비츠로넥스텍,,KRX_KOSDAQ,COMMON,,,Fri Nov 21 2025 00:00:00 GMT+0900 (한국 표준시),,LISTED,KRW,true,3,,Tue Aug 18 2026 20:30:42 GMT+0900 (한국 표준시),Tue Aug 18 2026 20:30:42 GMT+0900 (한국 표준시)
18509,082920,,,비츠로셀,,KRX_KOSDAQ,COMMON,,,Wed Oct 28 2009 00:00:00 GMT+0900 (한국 표준시),,LISTED,KRW,true,3,,Tue Aug 18 2026 20:30:42 GMT+0900 (한국 표준시),Tue Aug 18 2026 20:30:42 GMT+0900 (한국 표준시)
18510,054220,,,비츠로시스,,KRX_KOSDAQ,COMMON,,,Wed Dec 26 2001 00:00:00 GMT+0900 (한국 표준시),,LISTED,KRW,true,3,,Tue Aug 18 2026 20:30:42 GMT+0900 (한국 표준시),Tue Aug 18 2026 20:30:42 GMT+0900 (한국 표준시)
18511,042370,,,비츠로테크,,KRX_KOSDAQ,COMMON,,,Thu Aug 03 2000 00:00:00 GMT+0900 (한국 표준시),,LISTED,KRW,true,3,,Tue Aug 18 2026 20:30:42 GMT+0900 (한국 표준시),Tue Aug 18 2026 20:30:42 GMT+0900 (한국 표준시)
18512,050090,,,비케이홀딩스,,KRX_KOSDAQ,COMMON,,,Tue Jun 29 2004 00:00:00 GMT+0900 (한국 표준시),,LISTED,KRW,true,3,,Tue Aug 18 2026 20:30:42 GMT+0900 (한국 표준시),Tue Aug 18 2026 20:30:42 GMT+0900 (한국 표준시)
18513,148780,,,비큐AI,,KRX_KOSDAQ,COMMON,,,Mon Jun 20 2022 00:00:00 GMT+0900 (한국 표준시),,LISTED,KRW,true,3,,Tue Aug 18 2026 20:30:42 GMT+0900 (한국 표준시),Tue Aug 18 2026 20:30:42 GMT+0900 (한국 표준시)
18514,307870,,,비투엔,,KRX_KOSDAQ,COMMON,,,Wed Dec 12 2018 00:00:00 GMT+0900 (한국 표준시),,LISTED,KRW,true,3,,Tue Aug 18 2026 20:30:42 GMT+0900 (한국 표준시),Tue Aug 18 2026 20:30:42 GMT+0900 (한국 표준시)
18515,377030,,,비트맥스,,KRX_KOSDAQ,COMMON,,,Tue Jul 27 2021 00:00:00 GMT+0900 (한국 표준시),,LISTED,KRW,true,3,,Tue Aug 18 2026 20:30:42 GMT+0900 (한국 표준시),Tue Aug 18 2026 20:30:42 GMT+0900 (한국 표준시)
18516,032850,,,비트컴퓨터,,KRX_KOSDAQ,COMMON,,,Fri Jul 04 1997 00:00:00 GMT+0900 (한국 표준시),,LISTED,KRW,true,3,,Tue Aug 18 2026 20:30:42 GMT+0900 (한국 표준시),Tue Aug 18 2026 20:30:42 GMT+0900 (한국 표준시)
18517,049470,,,비트플래닛,,KRX_KOSDAQ,COMMON,,,Thu Oct 11 2001 00:00:00 GMT+0900 (한국 표준시),,LISTED,KRW,true,3,,Tue Aug 18 2026 20:30:42 GMT+0900 (한국 표준시),Tue Aug 18 2026 20:30:42 GMT+0900 (한국 표준시)
18518,238200,,,비피도,,KRX_KOSDAQ,COMMON,,,Wed Dec 26 2018 00:00:00 GMT+0900 (한국 표준시),,LISTED,KRW,true,3,,Tue Aug 18 2026 20:30:42 GMT+0900 (한국 표준시),Tue Aug 18 2026 20:30:42 GMT+0900 (한국 표준시)
18519,093190,,,빅솔론,,KRX_KOSDAQ,COMMON,,,Mon Aug 20 2007 00:00:00 GMT+0900 (한국 표준시),,LISTED,KRW,true,3,,Tue Aug 18 2026 20:30:42 GMT+0900 (한국 표준시),Tue Aug 18 2026 20:30:42 GMT+0900 (한국 표준시)
18520,065450,,,빅텍,,KRX_KOSDAQ,COMMON,,,Wed Feb 05 2003 00:00:00 GMT+0900 (한국 표준시),,LISTED,KRW,true,3,,Tue Aug 18 2026 20:30:42 GMT+0900 (한국 표준시),Tue Aug 18 2026 20:30:42 GMT+0900 (한국 표준시)
18521,044480,,,빌리언스,,KRX_KOSDAQ,COMMON,,,Thu Jan 11 2001 00:00:00 GMT+0900 (한국 표준시),,LISTED,KRW,true,3,,Tue Aug 18 2026 20:30:42 GMT+0900 (한국 표준시),Tue Aug 18 2026 20:30:42 GMT+0900 (한국 표준시)
18522,069540,,,빛과전자,,KRX_KOSDAQ,COMMON,,,Fri Feb 13 2004 00:00:00 GMT+0900 (한국 표준시),,LISTED,KRW,true,3,,Tue Aug 18 2026 20:30:42 GMT+0900 (한국 표준시),Tue Aug 18 2026 20:30:42 GMT+0900 (한국 표준시)
18523,072950,,,빛샘전자,,KRX_KOSDAQ,COMMON,,,Wed Mar 21 2012 00:00:00 GMT+0900 (한국 표준시),,LISTED,KRW,true,3,,Tue Aug 18 2026 20:30:42 GMT+0900 (한국 표준시),Tue Aug 18 2026 20:30:42 GMT+0900 (한국 표준시)
18524,451250,,,삐아,,KRX_KOSDAQ,COMMON,,,Thu Apr 25 2024 00:00:00 GMT+0900 (한국 표준시),,LISTED,KRW,true,3,,Tue Aug 18 2026 20:30:42 GMT+0900 (한국 표준시),Tue Aug 18 2026 20:30:42 GMT+0900 (한국 표준시)
18525,143240,,,사람인,,KRX_KOSDAQ,COMMON,,,Tue Feb 21 2012 00:00:00 GMT+0900 (한국 표준시),,LISTED,KRW,true,3,,Tue Aug 18 2026 20:30:42 GMT+0900 (한국 표준시),Tue Aug 18 2026 20:30:42 GMT+0900 (한국 표준시)
18526,466410,,,사이냅소프트,,KRX_KOSDAQ,COMMON,,,Tue Nov 19 2024 00:00:00 GMT+0900 (한국 표준시),,LISTED,KRW,true,3,,Tue Aug 18 2026 20:30:42 GMT+0900 (한국 표준시),Tue Aug 18 2026 20:30:42 GMT+0900 (한국 표준시)
18527,223310,,,사토시홀딩스,,KRX_KOSDAQ,COMMON,,,Thu Dec 24 2015 00:00:00 GMT+0900 (한국 표준시),,LISTED,KRW,true,3,,Tue Aug 18 2026 20:30:42 GMT+0900 (한국 표준시),Tue Aug 18 2026 20:30:42 GMT+0900 (한국 표준시)
18528,452430,,,사피엔반도체,,KRX_KOSDAQ,COMMON,,,Mon Feb 19 2024 00:00:00 GMT+0900 (한국 표준시),,LISTED,KRW,true,3,,Tue Aug 18 2026 20:30:42 GMT+0900 (한국 표준시),Tue Aug 18 2026 20:30:42 GMT+0900 (한국 표준시)
18529,419120,,,산돌,,KRX_KOSDAQ,COMMON,,,Thu Oct 27 2022 00:00:00 GMT+0900 (한국 표준시),,LISTED,KRW,true,3,,Tue Aug 18 2026 20:30:42 GMT+0900 (한국 표준시),Tue Aug 18 2026 20:30:42 GMT+0900 (한국 표준시)
18530,122350,,,삼기,,KRX_KOSDAQ,COMMON,,,Fri Mar 19 2010 00:00:00 GMT+0900 (한국 표준시),,LISTED,KRW,true,3,,Tue Aug 18 2026 20:30:42 GMT+0900 (한국 표준시),Tue Aug 18 2026 20:30:42 GMT+0900 (한국 표준시)
18531,419050,,,삼기에너지솔루션즈,,KRX_KOSDAQ,COMMON,,,Fri Feb 03 2023 00:00:00 GMT+0900 (한국 표준시),,LISTED,KRW,true,3,,Tue Aug 18 2026 20:30:42 GMT+0900 (한국 표준시),Tue Aug 18 2026 20:30:42 GMT+0900 (한국 표준시)
18532,014970,,,삼륭물산,,KRX_KOSDAQ,COMMON,,,Tue Dec 29 1992 00:00:00 GMT+0900 (한국 표준시),,LISTED,KRW,true,3,,Tue Aug 18 2026 20:30:42 GMT+0900 (한국 표준시),Tue Aug 18 2026 20:30:42 GMT+0900 (한국 표준시)
18533,018310,,,삼목에스폼,,KRX_KOSDAQ,COMMON,,,Fri May 03 1996 00:00:00 GMT+0900 (한국 표준시),,LISTED,KRW,true,3,,Tue Aug 18 2026 20:30:42 GMT+0900 (한국 표준시),Tue Aug 18 2026 20:30:42 GMT+0900 (한국 표준시)
18534,012210,,,삼미금속,,KRX_KOSDAQ,COMMON,,,Mon Dec 29 2025 00:00:00 GMT+0900 (한국 표준시),,LISTED,KRW,true,3,,Tue Aug 18 2026 20:30:42 GMT+0900 (한국 표준시),Tue Aug 18 2026 20:30:42 GMT+0900 (한국 표준시)
18535,053700,,,삼보모터스,,KRX_KOSDAQ,COMMON,,,Tue Nov 06 2001 00:00:00 GMT+0900 (한국 표준시),,LISTED,KRW,true,3,,Tue Aug 18 2026 20:30:42 GMT+0900 (한국 표준시),Tue Aug 18 2026 20:30:42 GMT+0900 (한국 표준시)
18536,009620,,,삼보산업,,KRX_KOSDAQ,COMMON,,,Tue Dec 07 1993 00:00:00 GMT+0900 (한국 표준시),,LISTED,KRW,true,3,,Tue Aug 18 2026 20:30:42 GMT+0900 (한국 표준시),Tue Aug 18 2026 20:30:42 GMT+0900 (한국 표준시)
18537,023600,,,삼보판지,,KRX_KOSDAQ,COMMON,,,Wed May 29 1996 00:00:00 GMT+0900 (한국 표준시),,LISTED,KRW,true,3,,Tue Aug 18 2026 20:30:42 GMT+0900 (한국 표준시),Tue Aug 18 2026 20:30:42 GMT+0900 (한국 표준시)
18538,0044K0,,,삼성스팩10호,,KRX_KOSDAQ,COMMON,,,Thu Aug 21 2025 00:00:00 GMT+0900 (한국 표준시),,LISTED,KRW,true,3,,Tue Aug 18 2026 20:30:42 GMT+0900 (한국 표준시),Tue Aug 18 2026 20:30:42 GMT+0900 (한국 표준시)
18539,0071M0,,,삼성스팩11호,,KRX_KOSDAQ,COMMON,,,Tue Sep 30 2025 00:00:00 GMT+0900 (한국 표준시),,LISTED,KRW,true,3,,Tue Aug 18 2026 20:30:42 GMT+0900 (한국 표준시),Tue Aug 18 2026 20:30:42 GMT+0900 (한국 표준시)
18540,0096B0,,,삼성스팩12호,,KRX_KOSDAQ,COMMON,,,Fri Nov 28 2025 00:00:00 GMT+0900 (한국 표준시),,LISTED,KRW,true,3,,Tue Aug 18 2026 20:30:42 GMT+0900 (한국 표준시),Tue Aug 18 2026 20:30:42 GMT+0900 (한국 표준시)
18541,0115H0,,,삼성스팩13호,,KRX_KOSDAQ,COMMON,,,Wed Jan 21 2026 00:00:00 GMT+0900 (한국 표준시),,LISTED,KRW,true,3,,Tue Aug 18 2026 20:30:42 GMT+0900 (한국 표준시),Tue Aug 18 2026 20:30:42 GMT+0900 (한국 표준시)
18542,009300,,,삼아제약,,KRX_KOSDAQ,COMMON,,,Wed Jul 19 2000 00:00:00 GMT+0900 (한국 표준시),,LISTED,KRW,true,3,,Tue Aug 18 2026 20:30:42 GMT+0900 (한국 표준시),Tue Aug 18 2026 20:30:42 GMT+0900 (한국 표준시)
18543,482630,,,삼양엔씨켐,,KRX_KOSDAQ,COMMON,,,Mon Feb 03 2025 00:00:00 GMT+0900 (한국 표준시),,LISTED,KRW,true,3,,Tue Aug 18 2026 20:30:42 GMT+0900 (한국 표준시),Tue Aug 18 2026 20:30:42 GMT+0900 (한국 표준시)
18544,484590,,,삼양컴텍,,KRX_KOSDAQ,COMMON,,,Mon Aug 18 2025 00:00:00 GMT+0900 (한국 표준시),,LISTED,KRW,true,3,,Tue Aug 18 2026 20:30:42 GMT+0900 (한국 표준시),Tue Aug 18 2026 20:30:42 GMT+0900 (한국 표준시)
18545,036670,,,삼양케이씨아이,,KRX_KOSDAQ,COMMON,,,Wed Jan 03 2001 00:00:00 GMT+0900 (한국 표준시),,LISTED,KRW,true,3,,Tue Aug 18 2026 20:30:42 GMT+0900 (한국 표준시),Tue Aug 18 2026 20:30:42 GMT+0900 (한국 표준시)
18546,060310,,,3S,,KRX_KOSDAQ,COMMON,,,Tue Apr 23 2002 00:00:00 GMT+0900 (한국 표준시),,LISTED,KRW,true,3,,Tue Aug 18 2026 20:30:42 GMT+0900 (한국 표준시),Tue Aug 18 2026 20:30:42 GMT+0900 (한국 표준시)
18547,361670,,,삼영에스앤씨,,KRX_KOSDAQ,COMMON,,,Fri May 21 2021 00:00:00 GMT+0900 (한국 표준시),,LISTED,KRW,true,3,,Tue Aug 18 2026 20:30:42 GMT+0900 (한국 표준시),Tue Aug 18 2026 20:30:42 GMT+0900 (한국 표준시)
18548,054540,,,삼영엠텍,,KRX_KOSDAQ,COMMON,,,Thu Nov 15 2001 00:00:00 GMT+0900 (한국 표준시),,LISTED,KRW,true,3,,Tue Aug 18 2026 20:30:42 GMT+0900 (한국 표준시),Tue Aug 18 2026 20:30:42 GMT+0900 (한국 표준시)
18549,065570,,,삼영이엔씨,,KRX_KOSDAQ,COMMON,,,Tue Jan 21 2003 00:00:00 GMT+0900 (한국 표준시),,LISTED,KRW,true,3,,Tue Aug 18 2026 20:30:42 GMT+0900 (한국 표준시),Tue Aug 18 2026 20:30:42 GMT+0900 (한국 표준시)
18550,014950,,,삼익제약,,KRX_KOSDAQ,COMMON,,,Mon Oct 27 2025 00:00:00 GMT+0900 (한국 표준시),,LISTED,KRW,true,3,,Tue Aug 18 2026 20:30:42 GMT+0900 (한국 표준시),Tue Aug 18 2026 20:30:42 GMT+0900 (한국 표준시)
18551,032280,,,삼일,,KRX_KOSDAQ,COMMON,,,Sat Mar 15 1997 00:00:00 GMT+0900 (한국 표준시),,LISTED,KRW,true,3,,Tue Aug 18 2026 20:30:42 GMT+0900 (한국 표준시),Tue Aug 18 2026 20:30:42 GMT+0900 (한국 표준시)
18552,002290,,,삼일기업공사,,KRX_KOSDAQ,COMMON,,,Mon Nov 30 1992 00:00:00 GMT+0900 (한국 표준시),,LISTED,KRW,true,3,,Tue Aug 18 2026 20:30:42 GMT+0900 (한국 표준시),Tue Aug 18 2026 20:30:42 GMT+0900 (한국 표준시)
18553,037460,,,삼지전자,,KRX_KOSDAQ,COMMON,,,Thu Dec 16 1999 00:00:00 GMT+0900 (한국 표준시),,LISTED,KRW,true,3,,Tue Aug 18 2026 20:30:42 GMT+0900 (한국 표준시),Tue Aug 18 2026 20:30:42 GMT+0900 (한국 표준시)
18554,032750,,,삼진,,KRX_KOSDAQ,COMMON,,,Mon Jul 14 1997 00:00:00 GMT+0900 (한국 표준시),,LISTED,KRW,true,3,,Tue Aug 18 2026 20:30:42 GMT+0900 (한국 표준시),Tue Aug 18 2026 20:30:42 GMT+0900 (한국 표준시)
18555,0013V0,,,삼진식품,,KRX_KOSDAQ,COMMON,,,Mon Dec 22 2025 00:00:00 GMT+0900 (한국 표준시),,LISTED,KRW,true,3,,Tue Aug 18 2026 20:30:42 GMT+0900 (한국 표준시),Tue Aug 18 2026 20:30:42 GMT+0900 (한국 표준시)
18556,054090,,,삼진엘앤디,,KRX_KOSDAQ,COMMON,,,Fri Feb 06 2004 00:00:00 GMT+0900 (한국 표준시),,LISTED,KRW,true,3,,Tue Aug 18 2026 20:30:42 GMT+0900 (한국 표준시),Tue Aug 18 2026 20:30:42 GMT+0900 (한국 표준시)
18557,000250,,,삼천당제약,,KRX_KOSDAQ,COMMON,,,Wed Oct 04 2000 00:00:00 GMT+0900 (한국 표준시),,LISTED,KRW,true,3,,Tue Aug 18 2026 20:30:42 GMT+0900 (한국 표준시),Tue Aug 18 2026 20:30:42 GMT+0900 (한국 표준시)
18558,024950,,,삼천리자전거,,KRX_KOSDAQ,COMMON,,,Wed Jan 04 1995 00:00:00 GMT+0900 (한국 표준시),,LISTED,KRW,true,3,,Tue Aug 18 2026 20:30:42 GMT+0900 (한국 표준시),Tue Aug 18 2026 20:30:42 GMT+0900 (한국 표준시)
18559,038500,,,삼표시멘트,,KRX_KOSDAQ,COMMON,,,Thu Feb 01 2001 00:00:00 GMT+0900 (한국 표준시),,LISTED,KRW,true,3,,Tue Aug 18 2026 20:30:42 GMT+0900 (한국 표준시),Tue Aug 18 2026 20:30:42 GMT+0900 (한국 표준시)
18560,437730,,,삼현,,KRX_KOSDAQ,COMMON,,,Thu Mar 21 2024 00:00:00 GMT+0900 (한국 표준시),,LISTED,KRW,true,3,,Tue Aug 18 2026 20:30:42 GMT+0900 (한국 표준시),Tue Aug 18 2026 20:30:42 GMT+0900 (한국 표준시)
18561,017480,,,삼현철강,,KRX_KOSDAQ,COMMON,,,Tue Jan 09 2001 00:00:00 GMT+0900 (한국 표준시),,LISTED,KRW,true,3,,Tue Aug 18 2026 20:30:42 GMT+0900 (한국 표준시),Tue Aug 18 2026 20:30:42 GMT+0900 (한국 표준시)
18562,046390,,,삼화네트웍스,,KRX_KOSDAQ,COMMON,,,Thu Jan 11 2001 00:00:00 GMT+0900 (한국 표준시),,LISTED,KRW,true,3,,Tue Aug 18 2026 20:30:42 GMT+0900 (한국 표준시),Tue Aug 18 2026 20:30:42 GMT+0900 (한국 표준시)
18563,027580,,,상보,,KRX_KOSDAQ,COMMON,,,Mon Oct 01 2007 00:00:00 GMT+0900 (한국 표준시),,LISTED,KRW,true,3,,Tue Aug 18 2026 20:30:42 GMT+0900 (한국 표준시),Tue Aug 18 2026 20:30:42 GMT+0900 (한국 표준시)
18564,038540,,,상상인,,KRX_KOSDAQ,COMMON,,,Fri Aug 18 2000 00:00:00 GMT+0900 (한국 표준시),,LISTED,KRW,true,3,,Tue Aug 18 2026 20:30:42 GMT+0900 (한국 표준시),Tue Aug 18 2026 20:30:42 GMT+0900 (한국 표준시)
18565,091580,,,상신이디피,,KRX_KOSDAQ,COMMON,,,Wed May 23 2007 00:00:00 GMT+0900 (한국 표준시),,LISTED,KRW,true,3,,Tue Aug 18 2026 20:30:42 GMT+0900 (한국 표준시),Tue Aug 18 2026 20:30:42 GMT+0900 (한국 표준시)
18566,263810,,,상신전자,,KRX_KOSDAQ,COMMON,,,Mon Oct 16 2017 00:00:00 GMT+0900 (한국 표준시),,LISTED,KRW,true,3,,Tue Aug 18 2026 20:30:42 GMT+0900 (한국 표준시),Tue Aug 18 2026 20:30:42 GMT+0900 (한국 표준시)
18567,089980,,,상아프론테크,,KRX_KOSDAQ,COMMON,,,Thu Jul 21 2011 00:00:00 GMT+0900 (한국 표준시),,LISTED,KRW,true,3,,Tue Aug 18 2026 20:30:42 GMT+0900 (한국 표준시),Tue Aug 18 2026 20:30:42 GMT+0900 (한국 표준시)
18568,042940,,,상지건설,,KRX_KOSDAQ,COMMON,,,Thu Oct 19 2000 00:00:00 GMT+0900 (한국 표준시),,LISTED,KRW,true,3,,Tue Aug 18 2026 20:30:42 GMT+0900 (한국 표준시),Tue Aug 18 2026 20:30:42 GMT+0900 (한국 표준시)
18569,042600,,,새로닉스,,KRX_KOSDAQ,COMMON,,,Tue Oct 01 2002 00:00:00 GMT+0900 (한국 표준시),,LISTED,KRW,true,3,,Tue Aug 18 2026 20:30:42 GMT+0900 (한국 표준시),Tue Aug 18 2026 20:30:42 GMT+0900 (한국 표준시)
18570,107600,,,새빗켐,,KRX_KOSDAQ,COMMON,,,Thu Aug 04 2022 00:00:00 GMT+0900 (한국 표준시),,LISTED,KRW,true,3,,Tue Aug 18 2026 20:30:42 GMT+0900 (한국 표준시),Tue Aug 18 2026 20:30:42 GMT+0900 (한국 표준시)
18571,411080,,,샌즈랩,,KRX_KOSDAQ,COMMON,,,Wed Feb 15 2023 00:00:00 GMT+0900 (한국 표준시),,LISTED,KRW,true,3,,Tue Aug 18 2026 20:30:42 GMT+0900 (한국 표준시),Tue Aug 18 2026 20:30:42 GMT+0900 (한국 표준시)
18572,252990,,,샘씨엔에스,,KRX_KOSDAQ,COMMON,,,Thu May 20 2021 00:00:00 GMT+0900 (한국 표준시),,LISTED,KRW,true,3,,Tue Aug 18 2026 20:30:42 GMT+0900 (한국 표준시),Tue Aug 18 2026 20:30:42 GMT+0900 (한국 표준시)
18573,378800,,,샤페론,,KRX_KOSDAQ,COMMON,,,Wed Oct 19 2022 00:00:00 GMT+0900 (한국 표준시),,LISTED,KRW,true,3,,Tue Aug 18 2026 20:30:42 GMT+0900 (한국 표준시),Tue Aug 18 2026 20:30:42 GMT+0900 (한국 표준시)
18574,294630,,,서남,,KRX_KOSDAQ,COMMON,,,Thu Feb 20 2020 00:00:00 GMT+0900 (한국 표준시),,LISTED,KRW,true,3,,Tue Aug 18 2026 20:30:42 GMT+0900 (한국 표준시),Tue Aug 18 2026 20:30:42 GMT+0900 (한국 표준시)
18575,038070,,,서린바이오,,KRX_KOSDAQ,COMMON,,,Tue Oct 25 2005 00:00:00 GMT+0900 (한국 표준시),,LISTED,KRW,true,3,,Tue Aug 18 2026 20:30:42 GMT+0900 (한국 표준시),Tue Aug 18 2026 20:30:42 GMT+0900 (한국 표준시)
18576,006730,,,서부T&D,,KRX_KOSDAQ,COMMON,,,Fri Oct 06 1995 00:00:00 GMT+0900 (한국 표준시),,LISTED,KRW,true,3,,Tue Aug 18 2026 20:30:42 GMT+0900 (한국 표준시),Tue Aug 18 2026 20:30:42 GMT+0900 (한국 표준시)
18577,079650,,,서산,,KRX_KOSDAQ,COMMON,,,Fri Jan 21 2005 00:00:00 GMT+0900 (한국 표준시),,LISTED,KRW,true,3,,Tue Aug 18 2026 20:30:42 GMT+0900 (한국 표준시),Tue Aug 18 2026 20:30:42 GMT+0900 (한국 표준시)
18578,100660,,,서암기계공업,,KRX_KOSDAQ,COMMON,,,Mon Dec 19 2011 00:00:00 GMT+0900 (한국 표준시),,LISTED,KRW,true,3,,Tue Aug 18 2026 20:30:42 GMT+0900 (한국 표준시),Tue Aug 18 2026 20:30:42 GMT+0900 (한국 표준시)
18579,019770,,,서연탑메탈,,KRX_KOSDAQ,COMMON,,,Fri Jun 24 2011 00:00:00 GMT+0900 (한국 표준시),,LISTED,KRW,true,3,,Tue Aug 18 2026 20:30:42 GMT+0900 (한국 표준시),Tue Aug 18 2026 20:30:42 GMT+0900 (한국 표준시)
18580,092190,,,서울바이오시스,,KRX_KOSDAQ,COMMON,,,Fri Mar 06 2020 00:00:00 GMT+0900 (한국 표준시),,LISTED,KRW,true,3,,Tue Aug 18 2026 20:30:42 GMT+0900 (한국 표준시),Tue Aug 18 2026 20:30:42 GMT+0900 (한국 표준시)
18581,046890,,,서울반도체,,KRX_KOSDAQ,COMMON,,,Thu Jan 17 2002 00:00:00 GMT+0900 (한국 표준시),,LISTED,KRW,true,3,,Tue Aug 18 2026 20:30:42 GMT+0900 (한국 표준시),Tue Aug 18 2026 20:30:42 GMT+0900 (한국 표준시)
18582,063170,,,서울옥션,,KRX_KOSDAQ,COMMON,,,Tue Jul 01 2008 00:00:00 GMT+0900 (한국 표준시),,LISTED,KRW,true,3,,Tue Aug 18 2026 20:30:42 GMT+0900 (한국 표준시),Tue Aug 18 2026 20:30:42 GMT+0900 (한국 표준시)
18583,027040,,,서울전자통신,,KRX_KOSDAQ,COMMON,,,Fri Dec 03 1999 00:00:00 GMT+0900 (한국 표준시),,LISTED,KRW,true,3,,Tue Aug 18 2026 20:30:42 GMT+0900 (한국 표준시),Tue Aug 18 2026 20:30:42 GMT+0900 (한국 표준시)
18584,018680,,,서울제약,,KRX_KOSDAQ,COMMON,,,Fri Aug 18 2000 00:00:00 GMT+0900 (한국 표준시),,LISTED,KRW,true,3,,Tue Aug 18 2026 20:30:42 GMT+0900 (한국 표준시),Tue Aug 18 2026 20:30:42 GMT+0900 (한국 표준시)
18585,036120,,,서울평가정보,,KRX_KOSDAQ,COMMON,,,Tue Dec 07 1999 00:00:00 GMT+0900 (한국 표준시),,LISTED,KRW,true,3,,Tue Aug 18 2026 20:30:42 GMT+0900 (한국 표준시),Tue Aug 18 2026 20:30:42 GMT+0900 (한국 표준시)
18586,093920,,,서원인텍,,KRX_KOSDAQ,COMMON,,,Thu Dec 20 2007 00:00:00 GMT+0900 (한국 표준시),,LISTED,KRW,true,3,,Tue Aug 18 2026 20:30:42 GMT+0900 (한국 표준시),Tue Aug 18 2026 20:30:42 GMT+0900 (한국 표준시)
18587,189860,,,서전기전,,KRX_KOSDAQ,COMMON,,,Wed Dec 24 2014 00:00:00 GMT+0900 (한국 표준시),,LISTED,KRW,true,3,,Tue Aug 18 2026 20:30:42 GMT+0900 (한국 표준시),Tue Aug 18 2026 20:30:42 GMT+0900 (한국 표준시)
18588,178320,,,서진시스템,,KRX_KOSDAQ,COMMON,,,Mon Mar 27 2017 00:00:00 GMT+0900 (한국 표준시),,LISTED,KRW,true,3,,Tue Aug 18 2026 20:30:42 GMT+0900 (한국 표준시),Tue Aug 18 2026 20:30:42 GMT+0900 (한국 표준시)
18589,122690,,,서진오토모티브,,KRX_KOSDAQ,COMMON,,,Tue May 25 2010 00:00:00 GMT+0900 (한국 표준시),,LISTED,KRW,true,3,,Tue Aug 18 2026 20:30:42 GMT+0900 (한국 표준시),Tue Aug 18 2026 20:30:42 GMT+0900 (한국 표준시)
18590,140070,,,서플러스글로벌,,KRX_KOSDAQ,COMMON,,,Wed Jan 25 2017 00:00:00 GMT+0900 (한국 표준시),,LISTED,KRW,true,3,,Tue Aug 18 2026 20:30:42 GMT+0900 (한국 표준시),Tue Aug 18 2026 20:30:42 GMT+0900 (한국 표준시)
18591,011370,,,서한,,KRX_KOSDAQ,COMMON,,,Tue May 24 1994 00:00:00 GMT+0900 (한국 표준시),,LISTED,KRW,true,3,,Tue Aug 18 2026 20:30:42 GMT+0900 (한국 표준시),Tue Aug 18 2026 20:30:42 GMT+0900 (한국 표준시)
18592,065710,,,서호전기,,KRX_KOSDAQ,COMMON,,,Tue Jul 16 2002 00:00:00 GMT+0900 (한국 표준시),,LISTED,KRW,true,3,,Tue Aug 18 2026 20:30:42 GMT+0900 (한국 표준시),Tue Aug 18 2026 20:30:42 GMT+0900 (한국 표준시)
18593,035890,,,서희건설,,KRX_KOSDAQ,COMMON,,,Fri Dec 24 1999 00:00:00 GMT+0900 (한국 표준시),,LISTED,KRW,true,3,,Tue Aug 18 2026 20:30:42 GMT+0900 (한국 표준시),Tue Aug 18 2026 20:30:42 GMT+0900 (한국 표준시)
18594,357550,,,석경에이티,,KRX_KOSDAQ,COMMON,,,Wed Dec 23 2020 00:00:00 GMT+0900 (한국 표준시),,LISTED,KRW,true,3,,Tue Aug 18 2026 20:30:42 GMT+0900 (한국 표준시),Tue Aug 18 2026 20:30:42 GMT+0900 (한국 표준시)
18595,003100,,,선광,,KRX_KOSDAQ,COMMON,,,Tue Dec 21 1999 00:00:00 GMT+0900 (한국 표준시),,LISTED,KRW,true,3,,Tue Aug 18 2026 20:30:42 GMT+0900 (한국 표준시),Tue Aug 18 2026 20:30:42 GMT+0900 (한국 표준시)
18596,067370,,,선바이오,,KRX_KOSDAQ,COMMON,,,Wed Oct 05 2022 00:00:00 GMT+0900 (한국 표준시),,LISTED,KRW,true,3,,Tue Aug 18 2026 20:30:42 GMT+0900 (한국 표준시),Tue Aug 18 2026 20:30:42 GMT+0900 (한국 표준시)
18597,171090,,,선익시스템,,KRX_KOSDAQ,COMMON,,,Wed Sep 20 2017 00:00:00 GMT+0900 (한국 표준시),,LISTED,KRW,true,3,,Tue Aug 18 2026 20:30:42 GMT+0900 (한국 표준시),Tue Aug 18 2026 20:30:42 GMT+0900 (한국 표준시)
18598,086710,,,선진뷰티사이언스,,KRX_KOSDAQ,COMMON,,,Wed Jan 27 2021 00:00:00 GMT+0900 (한국 표준시),,LISTED,KRW,true,3,,Tue Aug 18 2026 20:30:42 GMT+0900 (한국 표준시),Tue Aug 18 2026 20:30:42 GMT+0900 (한국 표준시)
18599,014620,,,성광벤드,,KRX_KOSDAQ,COMMON,,,Thu Jan 11 2001 00:00:00 GMT+0900 (한국 표준시),,LISTED,KRW,true,3,,Tue Aug 18 2026 20:30:42 GMT+0900 (한국 표준시),Tue Aug 18 2026 20:30:42 GMT+0900 (한국 표준시)
18600,037350,,,성도이엔지,,KRX_KOSDAQ,COMMON,,,Tue Jan 11 2000 00:00:00 GMT+0900 (한국 표준시),,LISTED,KRW,true,3,,Tue Aug 18 2026 20:30:42 GMT+0900 (한국 표준시),Tue Aug 18 2026 20:30:42 GMT+0900 (한국 표준시)
18601,458650,,,성우,,KRX_KOSDAQ,COMMON,,,Thu Oct 31 2024 00:00:00 GMT+0900 (한국 표준시),,LISTED,KRW,true,3,,Tue Aug 18 2026 20:30:42 GMT+0900 (한국 표준시),Tue Aug 18 2026 20:30:42 GMT+0900 (한국 표준시)
18602,081580,,,성우전자,,KRX_KOSDAQ,COMMON,,,Fri Oct 12 2007 00:00:00 GMT+0900 (한국 표준시),,LISTED,KRW,true,3,,Tue Aug 18 2026 20:30:42 GMT+0900 (한국 표준시),Tue Aug 18 2026 20:30:42 GMT+0900 (한국 표준시)
18603,045300,,,성우테크론,,KRX_KOSDAQ,COMMON,,,Tue Dec 18 2001 00:00:00 GMT+0900 (한국 표준시),,LISTED,KRW,true,3,,Tue Aug 18 2026 20:30:42 GMT+0900 (한국 표준시),Tue Aug 18 2026 20:30:42 GMT+0900 (한국 표준시)
18604,015750,,,성우하이텍,,KRX_KOSDAQ,COMMON,,,Sat Nov 04 1995 00:00:00 GMT+0900 (한국 표준시),,LISTED,KRW,true,3,,Tue Aug 18 2026 20:30:42 GMT+0900 (한국 표준시),Tue Aug 18 2026 20:30:42 GMT+0900 (한국 표준시)
18605,340930,,,성원에너텍,,KRX_KOSDAQ,COMMON,,,Thu Feb 25 2021 00:00:00 GMT+0900 (한국 표준시),,LISTED,KRW,true,3,,Tue Aug 18 2026 20:30:42 GMT+0900 (한국 표준시),Tue Aug 18 2026 20:30:42 GMT+0900 (한국 표준시)
18606,365340,,,성일하이텍,,KRX_KOSDAQ,COMMON,,,Thu Jul 28 2022 00:00:00 GMT+0900 (한국 표준시),,LISTED,KRW,true,3,,Tue Aug 18 2026 20:30:42 GMT+0900 (한국 표준시),Tue Aug 18 2026 20:30:42 GMT+0900 (한국 표준시)
18607,080470,,,성창오토텍,,KRX_KOSDAQ,COMMON,,,Fri Nov 03 2006 00:00:00 GMT+0900 (한국 표준시),,LISTED,KRW,true,3,,Tue Aug 18 2026 20:30:42 GMT+0900 (한국 표준시),Tue Aug 18 2026 20:30:42 GMT+0900 (한국 표준시)
18608,043260,,,성호전자,,KRX_KOSDAQ,COMMON,,,Thu Nov 29 2001 00:00:00 GMT+0900 (한국 표준시),,LISTED,KRW,true,3,,Tue Aug 18 2026 20:30:42 GMT+0900 (한국 표준시),Tue Aug 18 2026 20:30:42 GMT+0900 (한국 표준시)
18609,148150,,,세경하이테크,,KRX_KOSDAQ,COMMON,,,Tue Jul 30 2019 00:00:00 GMT+0900 (한국 표준시),,LISTED,KRW,true,3,,Tue Aug 18 2026 20:30:42 GMT+0900 (한국 표준시),Tue Aug 18 2026 20:30:42 GMT+0900 (한국 표준시)
18610,061090,,,세나테크놀로지,,KRX_KOSDAQ,COMMON,,,Fri Nov 14 2025 00:00:00 GMT+0900 (한국 표준시),,LISTED,KRW,true,3,,Tue Aug 18 2026 20:30:42 GMT+0900 (한국 표준시),Tue Aug 18 2026 20:30:42 GMT+0900 (한국 표준시)
18611,188260,,,세니젠,,KRX_KOSDAQ,COMMON,,,Fri Nov 03 2023 00:00:00 GMT+0900 (한국 표준시),,LISTED,KRW,true,3,,Tue Aug 18 2026 20:30:42 GMT+0900 (한국 표준시),Tue Aug 18 2026 20:30:42 GMT+0900 (한국 표준시)
18612,053060,,,세동,,KRX_KOSDAQ,COMMON,,,Fri Aug 17 2001 00:00:00 GMT+0900 (한국 표준시),,LISTED,KRW,true,3,,Tue Aug 18 2026 20:30:42 GMT+0900 (한국 표준시),Tue Aug 18 2026 20:30:42 GMT+0900 (한국 표준시)
18613,340440,,,세림B&G,,KRX_KOSDAQ,COMMON,,,Fri Dec 27 2019 00:00:00 GMT+0900 (한국 표준시),,LISTED,KRW,true,3,,Tue Aug 18 2026 20:30:42 GMT+0900 (한국 표준시),Tue Aug 18 2026 20:30:42 GMT+0900 (한국 표준시)
18614,017510,,,세명전기,,KRX_KOSDAQ,COMMON,,,Thu Dec 26 1991 00:00:00 GMT+0900 (한국 표준시),,LISTED,KRW,true,3,,Tue Aug 18 2026 20:30:42 GMT+0900 (한국 표준시),Tue Aug 18 2026 20:30:42 GMT+0900 (한국 표준시)
18615,0017J0,,,세미티에스,,KRX_KOSDAQ,COMMON,,,Wed Jun 10 2026 00:00:00 GMT+0900 (한국 표준시),,LISTED,KRW,true,3,,Tue Aug 18 2026 20:30:42 GMT+0900 (한국 표준시),Tue Aug 18 2026 20:30:42 GMT+0900 (한국 표준시)
18616,490470,,,세미파이브,,KRX_KOSDAQ,COMMON,,,Mon Dec 29 2025 00:00:00 GMT+0900 (한국 표준시),,LISTED,KRW,true,3,,Tue Aug 18 2026 20:30:42 GMT+0900 (한국 표준시),Tue Aug 18 2026 20:30:42 GMT+0900 (한국 표준시)
18617,011560,,,세보엠이씨,,KRX_KOSDAQ,COMMON,,,Mon Dec 23 1996 00:00:00 GMT+0900 (한국 표준시),,LISTED,KRW,true,3,,Tue Aug 18 2026 20:30:42 GMT+0900 (한국 표준시),Tue Aug 18 2026 20:30:42 GMT+0900 (한국 표준시)
18618,396300,,,세아메카닉스,,KRX_KOSDAQ,COMMON,,,Thu Mar 24 2022 00:00:00 GMT+0900 (한국 표준시),,LISTED,KRW,true,3,,Tue Aug 18 2026 20:30:42 GMT+0900 (한국 표준시),Tue Aug 18 2026 20:30:42 GMT+0900 (한국 표준시)
18619,100700,,,세운메디칼,,KRX_KOSDAQ,COMMON,,,Tue Sep 30 2008 00:00:00 GMT+0900 (한국 표준시),,LISTED,KRW,true,3,,Tue Aug 18 2026 20:30:42 GMT+0900 (한국 표준시),Tue Aug 18 2026 20:30:42 GMT+0900 (한국 표준시)
18620,024830,,,세원물산,,KRX_KOSDAQ,COMMON,,,Thu Dec 29 1994 00:00:00 GMT+0900 (한국 표준시),,LISTED,KRW,true,3,,Tue Aug 18 2026 20:30:42 GMT+0900 (한국 표준시),Tue Aug 18 2026 20:30:42 GMT+0900 (한국 표준시)
18621,258830,,,세종메디칼,,KRX_KOSDAQ,COMMON,,,Tue May 29 2018 00:00:00 GMT+0900 (한국 표준시),,LISTED,KRW,true,3,,Tue Aug 18 2026 20:30:42 GMT+0900 (한국 표준시),Tue Aug 18 2026 20:30:42 GMT+0900 (한국 표준시)
18622,036630,,,세종텔레콤,,KRX_KOSDAQ,COMMON,,,Tue Jan 04 2000 00:00:00 GMT+0900 (한국 표준시),,LISTED,KRW,true,3,,Tue Aug 18 2026 20:30:42 GMT+0900 (한국 표준시),Tue Aug 18 2026 20:30:42 GMT+0900 (한국 표준시)
18623,039310,,,세중,,KRX_KOSDAQ,COMMON,,,Fri Jun 09 2000 00:00:00 GMT+0900 (한국 표준시),,LISTED,KRW,true,3,,Tue Aug 18 2026 20:30:42 GMT+0900 (한국 표준시),Tue Aug 18 2026 20:30:42 GMT+0900 (한국 표준시)
18624,067770,,,세진티에스,,KRX_KOSDAQ,COMMON,,,Fri Jan 09 2004 00:00:00 GMT+0900 (한국 표준시),,LISTED,KRW,true,3,,Tue Aug 18 2026 20:30:42 GMT+0900 (한국 표준시),Tue Aug 18 2026 20:30:42 GMT+0900 (한국 표준시)
18625,053450,,,세코닉스,,KRX_KOSDAQ,COMMON,,,Thu Aug 09 2001 00:00:00 GMT+0900 (한국 표준시),,LISTED,KRW,true,3,,Tue Aug 18 2026 20:30:42 GMT+0900 (한국 표준시),Tue Aug 18 2026 20:30:42 GMT+0900 (한국 표준시)
18626,252500,,,세화피앤씨,,KRX_KOSDAQ,COMMON,,,Wed Nov 02 2016 00:00:00 GMT+0900 (한국 표준시),,LISTED,KRW,true,3,,Tue Aug 18 2026 20:30:42 GMT+0900 (한국 표준시),Tue Aug 18 2026 20:30:42 GMT+0900 (한국 표준시)
18627,321370,,,센서뷰,,KRX_KOSDAQ,COMMON,,,Wed Jul 19 2023 00:00:00 GMT+0900 (한국 표준시),,LISTED,KRW,true,3,,Tue Aug 18 2026 20:30:42 GMT+0900 (한국 표준시),Tue Aug 18 2026 20:30:42 GMT+0900 (한국 표준시)
18628,347000,,,센코,,KRX_KOSDAQ,COMMON,,,Thu Oct 29 2020 00:00:00 GMT+0900 (한국 표준시),,LISTED,KRW,true,3,,Tue Aug 18 2026 20:30:42 GMT+0900 (한국 표준시),Tue Aug 18 2026 20:30:42 GMT+0900 (한국 표준시)
18629,331920,,,셀레믹스,,KRX_KOSDAQ,COMMON,,,Fri Aug 21 2020 00:00:00 GMT+0900 (한국 표준시),,LISTED,KRW,true,3,,Tue Aug 18 2026 20:30:42 GMT+0900 (한국 표준시),Tue Aug 18 2026 20:30:42 GMT+0900 (한국 표준시)
18630,352770,,,셀레스트라,,KRX_KOSDAQ,COMMON,,,Fri Dec 04 2020 00:00:00 GMT+0900 (한국 표준시),,LISTED,KRW,true,3,,Tue Aug 18 2026 20:30:42 GMT+0900 (한국 표준시),Tue Aug 18 2026 20:30:42 GMT+0900 (한국 표준시)
18631,471820,,,셀로맥스사이언스,,KRX_KOSDAQ,COMMON,,,Fri Dec 13 2024 00:00:00 GMT+0900 (한국 표준시),,LISTED,KRW,true,3,,Tue Aug 18 2026 20:30:42 GMT+0900 (한국 표준시),Tue Aug 18 2026 20:30:42 GMT+0900 (한국 표준시)
18632,049180,,,셀루메드,,KRX_KOSDAQ,COMMON,,,Thu May 23 2002 00:00:00 GMT+0900 (한국 표준시),,LISTED,KRW,true,3,,Tue Aug 18 2026 20:30:42 GMT+0900 (한국 표준시),Tue Aug 18 2026 20:30:42 GMT+0900 (한국 표준시)
18633,299660,,,셀리드,,KRX_KOSDAQ,COMMON,,,Wed Feb 20 2019 00:00:00 GMT+0900 (한국 표준시),,LISTED,KRW,true,3,,Tue Aug 18 2026 20:30:42 GMT+0900 (한국 표준시),Tue Aug 18 2026 20:30:42 GMT+0900 (한국 표준시)
18634,108860,,,셀바스AI,,KRX_KOSDAQ,COMMON,,,Thu Dec 10 2009 00:00:00 GMT+0900 (한국 표준시),,LISTED,KRW,true,3,,Tue Aug 18 2026 20:30:42 GMT+0900 (한국 표준시),Tue Aug 18 2026 20:30:42 GMT+0900 (한국 표준시)
18635,208370,,,셀바스헬스케어,,KRX_KOSDAQ,COMMON,,,Wed Dec 17 2014 00:00:00 GMT+0900 (한국 표준시),,LISTED,KRW,true,3,,Tue Aug 18 2026 20:30:42 GMT+0900 (한국 표준시),Tue Aug 18 2026 20:30:42 GMT+0900 (한국 표준시)
18636,318160,,,셀바이오휴먼텍,,KRX_KOSDAQ,COMMON,,,Thu Apr 20 2023 00:00:00 GMT+0900 (한국 표준시),,LISTED,KRW,true,3,,Tue Aug 18 2026 20:30:42 GMT+0900 (한국 표준시),Tue Aug 18 2026 20:30:42 GMT+0900 (한국 표준시)
18637,308430,,,셀비온,,KRX_KOSDAQ,COMMON,,,Wed Oct 16 2024 00:00:00 GMT+0900 (한국 표준시),,LISTED,KRW,true,3,,Tue Aug 18 2026 20:30:42 GMT+0900 (한국 표준시),Tue Aug 18 2026 20:30:42 GMT+0900 (한국 표준시)
18638,068760,,,셀트리온제약,,KRX_KOSDAQ,COMMON,,,Fri Feb 03 2006 00:00:00 GMT+0900 (한국 표준시),,LISTED,KRW,true,3,,Tue Aug 18 2026 20:30:42 GMT+0900 (한국 표준시),Tue Aug 18 2026 20:30:42 GMT+0900 (한국 표준시)
18639,068940,,,셀피글로벌,,KRX_KOSDAQ,COMMON,,,Tue Oct 19 2010 00:00:00 GMT+0900 (한국 표준시),,LISTED,KRW,true,3,,Tue Aug 18 2026 20:30:42 GMT+0900 (한국 표준시),Tue Aug 18 2026 20:30:42 GMT+0900 (한국 표준시)
18640,007720,,,소노스퀘어,,KRX_KOSDAQ,COMMON,,,Thu Jan 06 1994 00:00:00 GMT+0900 (한국 표준시),,LISTED,KRW,true,3,,Tue Aug 18 2026 20:30:42 GMT+0900 (한국 표준시),Tue Aug 18 2026 20:30:42 GMT+0900 (한국 표준시)
18641,950200,,,소마젠,,KRX_KOSDAQ,COMMON,,,Mon Jul 13 2020 00:00:00 GMT+0900 (한국 표준시),,LISTED,KRW,true,3,,Tue Aug 18 2026 20:30:42 GMT+0900 (한국 표준시),Tue Aug 18 2026 20:30:42 GMT+0900 (한국 표준시)
18642,032680,,,소프트센,,KRX_KOSDAQ,COMMON,,,Fri Jul 18 1997 00:00:00 GMT+0900 (한국 표준시),,LISTED,KRW,true,3,,Tue Aug 18 2026 20:30:42 GMT+0900 (한국 표준시),Tue Aug 18 2026 20:30:42 GMT+0900 (한국 표준시)
18643,032685,,,소프트센우,,KRX_KOSDAQ,PREFERRED,,,Tue Apr 16 2002 00:00:00 GMT+0900 (한국 표준시),,LISTED,KRW,true,3,,Tue Aug 18 2026 20:30:42 GMT+0900 (한국 표준시),Tue Aug 18 2026 20:30:42 GMT+0900 (한국 표준시)
18644,258790,,,소프트캠프,,KRX_KOSDAQ,COMMON,,,Thu Apr 27 2017 00:00:00 GMT+0900 (한국 표준시),,LISTED,KRW,true,3,,Tue Aug 18 2026 20:30:42 GMT+0900 (한국 표준시),Tue Aug 18 2026 20:30:42 GMT+0900 (한국 표준시)
18645,066910,,,손오공,,KRX_KOSDAQ,COMMON,,,Fri Jan 07 2005 00:00:00 GMT+0900 (한국 표준시),,LISTED,KRW,true,3,,Tue Aug 18 2026 20:30:42 GMT+0900 (한국 표준시),Tue Aug 18 2026 20:30:42 GMT+0900 (한국 표준시)
18646,215090,,,솔디펜스,,KRX_KOSDAQ,COMMON,,,Tue Apr 28 2015 00:00:00 GMT+0900 (한국 표준시),,LISTED,KRW,true,3,,Tue Aug 18 2026 20:30:42 GMT+0900 (한국 표준시),Tue Aug 18 2026 20:30:42 GMT+0900 (한국 표준시)
18647,035610,,,솔본,,KRX_KOSDAQ,COMMON,,,Fri Aug 13 1999 00:00:00 GMT+0900 (한국 표준시),,LISTED,KRW,true,3,,Tue Aug 18 2026 20:30:42 GMT+0900 (한국 표준시),Tue Aug 18 2026 20:30:42 GMT+0900 (한국 표준시)
18648,357780,,,솔브레인,,KRX_KOSDAQ,COMMON,,,Thu Aug 06 2020 00:00:00 GMT+0900 (한국 표준시),,LISTED,KRW,true,3,,Tue Aug 18 2026 20:30:42 GMT+0900 (한국 표준시),Tue Aug 18 2026 20:30:42 GMT+0900 (한국 표준시)
18649,036830,,,솔브레인홀딩스,,KRX_KOSDAQ,COMMON,,,Tue Jan 18 2000 00:00:00 GMT+0900 (한국 표준시),,LISTED,KRW,true,3,,Tue Aug 18 2026 20:30:42 GMT+0900 (한국 표준시),Tue Aug 18 2026 20:30:42 GMT+0900 (한국 표준시)
18650,304100,,,솔트룩스,,KRX_KOSDAQ,COMMON,,,Thu Jul 23 2020 00:00:00 GMT+0900 (한국 표준시),,LISTED,KRW,true,3,,Tue Aug 18 2026 20:30:42 GMT+0900 (한국 표준시),Tue Aug 18 2026 20:30:42 GMT+0900 (한국 표준시)
18651,328380,,,솔트웨어,,KRX_KOSDAQ,COMMON,,,Tue Aug 20 2019 00:00:00 GMT+0900 (한국 표준시),,LISTED,KRW,true,3,,Tue Aug 18 2026 20:30:42 GMT+0900 (한국 표준시),Tue Aug 18 2026 20:30:42 GMT+0900 (한국 표준시)
18652,086980,,,쇼박스,,KRX_KOSDAQ,COMMON,,,Fri Jul 07 2006 00:00:00 GMT+0900 (한국 표준시),,LISTED,KRW,true,3,,Tue Aug 18 2026 20:30:42 GMT+0900 (한국 표준시),Tue Aug 18 2026 20:30:42 GMT+0900 (한국 표준시)
18653,050960,,,수산아이앤티,,KRX_KOSDAQ,COMMON,,,Tue Oct 11 2016 00:00:00 GMT+0900 (한국 표준시),,LISTED,KRW,true,3,,Tue Aug 18 2026 20:30:42 GMT+0900 (한국 표준시),Tue Aug 18 2026 20:30:42 GMT+0900 (한국 표준시)
18654,084180,,,수성웹툰,,KRX_KOSDAQ,COMMON,,,Fri Dec 16 2005 00:00:00 GMT+0900 (한국 표준시),,LISTED,KRW,true,3,,Tue Aug 18 2026 20:30:42 GMT+0900 (한국 표준시),Tue Aug 18 2026 20:30:42 GMT+0900 (한국 표준시)
18655,253840,,,수젠텍,,KRX_KOSDAQ,COMMON,,,Tue May 28 2019 00:00:00 GMT+0900 (한국 표준시),,LISTED,KRW,true,3,,Tue Aug 18 2026 20:30:42 GMT+0900 (한국 표준시),Tue Aug 18 2026 20:30:42 GMT+0900 (한국 표준시)
18656,067160,,,SOOP,,KRX_KOSDAQ,COMMON,,,Fri Dec 19 2003 00:00:00 GMT+0900 (한국 표준시),,LISTED,KRW,true,3,,Tue Aug 18 2026 20:30:42 GMT+0900 (한국 표준시),Tue Aug 18 2026 20:30:42 GMT+0900 (한국 표준시)
18657,298830,,,슈어소프트테크,,KRX_KOSDAQ,COMMON,,,Fri Apr 28 2023 00:00:00 GMT+0900 (한국 표준시),,LISTED,KRW,true,3,,Tue Aug 18 2026 20:30:42 GMT+0900 (한국 표준시),Tue Aug 18 2026 20:30:42 GMT+0900 (한국 표준시)
18658,236200,,,슈프리마,,KRX_KOSDAQ,COMMON,,,Fri Feb 05 2016 00:00:00 GMT+0900 (한국 표준시),,LISTED,KRW,true,3,,Tue Aug 18 2026 20:30:42 GMT+0900 (한국 표준시),Tue Aug 18 2026 20:30:42 GMT+0900 (한국 표준시)
18659,094840,,,슈프리마에이치큐,,KRX_KOSDAQ,COMMON,,,Fri Jul 11 2008 00:00:00 GMT+0900 (한국 표준시),,LISTED,KRW,true,3,,Tue Aug 18 2026 20:30:42 GMT+0900 (한국 표준시),Tue Aug 18 2026 20:30:42 GMT+0900 (한국 표준시)
18660,192440,,,슈피겐코리아,,KRX_KOSDAQ,COMMON,,,Wed Nov 05 2014 00:00:00 GMT+0900 (한국 표준시),,LISTED,KRW,true,3,,Tue Aug 18 2026 20:30:42 GMT+0900 (한국 표준시),Tue Aug 18 2026 20:30:42 GMT+0900 (한국 표준시)
18661,424960,,,스마트레이더시스템,,KRX_KOSDAQ,COMMON,,,Tue Aug 22 2023 00:00:00 GMT+0900 (한국 표준시),,LISTED,KRW,true,3,,Tue Aug 18 2026 20:30:42 GMT+0900 (한국 표준시),Tue Aug 18 2026 20:30:42 GMT+0900 (한국 표준시)
18662,099440,,,스맥,,KRX_KOSDAQ,COMMON,,,Tue May 26 2009 00:00:00 GMT+0900 (한국 표준시),,LISTED,KRW,true,3,,Tue Aug 18 2026 20:30:42 GMT+0900 (한국 표준시),Tue Aug 18 2026 20:30:42 GMT+0900 (한국 표준시)
18663,066590,,,스모트로닉,,KRX_KOSDAQ,COMMON,,,Wed Feb 12 2003 00:00:00 GMT+0900 (한국 표준시),,LISTED,KRW,true,3,,Tue Aug 18 2026 20:30:42 GMT+0900 (한국 표준시),Tue Aug 18 2026 20:30:42 GMT+0900 (한국 표준시)
18664,357880,,,SKAI,,KRX_KOSDAQ,COMMON,,,Wed Nov 10 2021 00:00:00 GMT+0900 (한국 표준시),,LISTED,KRW,true,3,,Tue Aug 18 2026 20:30:42 GMT+0900 (한국 표준시),Tue Aug 18 2026 20:30:42 GMT+0900 (한국 표준시)
18665,276040,,,스코넥,,KRX_KOSDAQ,COMMON,,,Fri Feb 04 2022 00:00:00 GMT+0900 (한국 표준시),,LISTED,KRW,true,3,,Tue Aug 18 2026 20:30:42 GMT+0900 (한국 표준시),Tue Aug 18 2026 20:30:42 GMT+0900 (한국 표준시)
18666,115570,,,스타플렉스,,KRX_KOSDAQ,COMMON,,,Wed Jan 27 2010 00:00:00 GMT+0900 (한국 표준시),,LISTED,KRW,true,3,,Tue Aug 18 2026 20:30:42 GMT+0900 (한국 표준시),Tue Aug 18 2026 20:30:42 GMT+0900 (한국 표준시)
18667,330730,,,스톤브릿지벤처스,,KRX_KOSDAQ,COMMON,,,Fri Feb 25 2022 00:00:00 GMT+0900 (한국 표준시),,LISTED,KRW,true,3,,Tue Aug 18 2026 20:30:42 GMT+0900 (한국 표준시),Tue Aug 18 2026 20:30:42 GMT+0900 (한국 표준시)
18668,352090,,,스톰테크,,KRX_KOSDAQ,COMMON,,,Mon Nov 20 2023 00:00:00 GMT+0900 (한국 표준시),,LISTED,KRW,true,3,,Tue Aug 18 2026 20:30:42 GMT+0900 (한국 표준시),Tue Aug 18 2026 20:30:42 GMT+0900 (한국 표준시)
18669,253450,,,스튜디오드래곤,,KRX_KOSDAQ,COMMON,,,Fri Nov 24 2017 00:00:00 GMT+0900 (한국 표준시),,LISTED,KRW,true,3,,Tue Aug 18 2026 20:30:42 GMT+0900 (한국 표준시),Tue Aug 18 2026 20:30:42 GMT+0900 (한국 표준시)
18670,408900,,,스튜디오미르,,KRX_KOSDAQ,COMMON,,,Tue Feb 07 2023 00:00:00 GMT+0900 (한국 표준시),,LISTED,KRW,true,3,,Tue Aug 18 2026 20:30:42 GMT+0900 (한국 표준시),Tue Aug 18 2026 20:30:42 GMT+0900 (한국 표준시)
18671,415380,,,스튜디오삼익,,KRX_KOSDAQ,COMMON,,,Tue Feb 06 2024 00:00:00 GMT+0900 (한국 표준시),,LISTED,KRW,true,3,,Tue Aug 18 2026 20:30:42 GMT+0900 (한국 표준시),Tue Aug 18 2026 20:30:42 GMT+0900 (한국 표준시)
18672,475040,,,스트라드비젼,,KRX_KOSDAQ,COMMON,,,Tue Jun 30 2026 00:00:00 GMT+0900 (한국 표준시),,LISTED,KRW,true,3,,Tue Aug 18 2026 20:30:42 GMT+0900 (한국 표준시),Tue Aug 18 2026 20:30:42 GMT+0900 (한국 표준시)
18673,013810,,,스페코,,KRX_KOSDAQ,COMMON,,,Mon Nov 03 1997 00:00:00 GMT+0900 (한국 표준시),,LISTED,KRW,true,3,,Tue Aug 18 2026 20:30:42 GMT+0900 (한국 표준시),Tue Aug 18 2026 20:30:42 GMT+0900 (한국 표준시)
18674,347700,,,스피어,,KRX_KOSDAQ,COMMON,,,Tue Mar 23 2021 00:00:00 GMT+0900 (한국 표준시),,LISTED,KRW,true,3,,Tue Aug 18 2026 20:30:42 GMT+0900 (한국 표준시),Tue Aug 18 2026 20:30:42 GMT+0900 (한국 표준시)
18675,049830,,,승일,,KRX_KOSDAQ,COMMON,,,Thu Jan 18 2001 00:00:00 GMT+0900 (한국 표준시),,LISTED,KRW,true,3,,Tue Aug 18 2026 20:30:42 GMT+0900 (한국 표준시),Tue Aug 18 2026 20:30:42 GMT+0900 (한국 표준시)
18676,020710,,,시공테크,,KRX_KOSDAQ,COMMON,,,Fri Aug 13 1999 00:00:00 GMT+0900 (한국 표준시),,LISTED,KRW,true,3,,Tue Aug 18 2026 20:30:42 GMT+0900 (한국 표준시),Tue Aug 18 2026 20:30:42 GMT+0900 (한국 표준시)
18677,033170,,,시그네틱스,,KRX_KOSDAQ,COMMON,,,Fri Nov 26 2010 00:00:00 GMT+0900 (한국 표준시),,LISTED,KRW,true,3,,Tue Aug 18 2026 20:30:42 GMT+0900 (한국 표준시),Tue Aug 18 2026 20:30:42 GMT+0900 (한국 표준시)
18678,048870,,,시너지이노베이션,,KRX_KOSDAQ,COMMON,,,Fri Aug 13 2004 00:00:00 GMT+0900 (한국 표준시),,LISTED,KRW,true,3,,Tue Aug 18 2026 20:30:42 GMT+0900 (한국 표준시),Tue Aug 18 2026 20:30:42 GMT+0900 (한국 표준시)
18679,025320,,,시노펙스,,KRX_KOSDAQ,COMMON,,,Thu Apr 20 1995 00:00:00 GMT+0900 (한국 표준시),,LISTED,KRW,true,3,,Tue Aug 18 2026 20:30:42 GMT+0900 (한국 표준시),Tue Aug 18 2026 20:30:42 GMT+0900 (한국 표준시)
18680,340810,,,시선AI,,KRX_KOSDAQ,COMMON,,,Fri May 19 2023 00:00:00 GMT+0900 (한국 표준시),,LISTED,KRW,true,3,,Tue Aug 18 2026 20:30:42 GMT+0900 (한국 표준시),Tue Aug 18 2026 20:30:42 GMT+0900 (한국 표준시)
18681,269620,,,시스웍,,KRX_KOSDAQ,COMMON,,,Tue Dec 26 2017 00:00:00 GMT+0900 (한국 표준시),,LISTED,KRW,true,3,,Tue Aug 18 2026 20:30:42 GMT+0900 (한국 표준시),Tue Aug 18 2026 20:30:42 GMT+0900 (한국 표준시)
18682,056090,,,시지메드텍,,KRX_KOSDAQ,COMMON,,,Thu Nov 12 2015 00:00:00 GMT+0900 (한국 표준시),,LISTED,KRW,true,3,,Tue Aug 18 2026 20:30:42 GMT+0900 (한국 표준시),Tue Aug 18 2026 20:30:42 GMT+0900 (한국 표준시)
18683,429270,,,시지트로닉스,,KRX_KOSDAQ,COMMON,,,Thu Aug 03 2023 00:00:00 GMT+0900 (한국 표준시),,LISTED,KRW,true,3,,Tue Aug 18 2026 20:30:42 GMT+0900 (한국 표준시),Tue Aug 18 2026 20:30:42 GMT+0900 (한국 표준시)
18684,418250,,,시큐레터,,KRX_KOSDAQ,COMMON,,,Thu Aug 24 2023 00:00:00 GMT+0900 (한국 표준시),,LISTED,KRW,true,3,,Tue Aug 18 2026 20:30:42 GMT+0900 (한국 표준시),Tue Aug 18 2026 20:30:42 GMT+0900 (한국 표준시)
18685,131090,,,시큐브,,KRX_KOSDAQ,COMMON,,,Wed Dec 21 2011 00:00:00 GMT+0900 (한국 표준시),,LISTED,KRW,true,3,,Tue Aug 18 2026 20:30:42 GMT+0900 (한국 표준시),Tue Aug 18 2026 20:30:42 GMT+0900 (한국 표준시)
18686,290520,,,신도기연,,KRX_KOSDAQ,COMMON,,,Mon Jul 06 2020 00:00:00 GMT+0900 (한국 표준시),,LISTED,KRW,true,3,,Tue Aug 18 2026 20:30:42 GMT+0900 (한국 표준시),Tue Aug 18 2026 20:30:42 GMT+0900 (한국 표준시)
18687,001000,,,신라섬유,,KRX_KOSDAQ,COMMON,,,Tue Jun 28 1994 00:00:00 GMT+0900 (한국 표준시),,LISTED,KRW,true,3,,Tue Aug 18 2026 20:30:42 GMT+0900 (한국 표준시),Tue Aug 18 2026 20:30:42 GMT+0900 (한국 표준시)
18688,025870,,,신라에스지,,KRX_KOSDAQ,COMMON,,,Fri Jul 07 1995 00:00:00 GMT+0900 (한국 표준시),,LISTED,KRW,true,3,,Tue Aug 18 2026 20:30:42 GMT+0900 (한국 표준시),Tue Aug 18 2026 20:30:42 GMT+0900 (한국 표준시)
18689,215600,,,신라젠,,KRX_KOSDAQ,COMMON,,,Tue Dec 06 2016 00:00:00 GMT+0900 (한국 표준시),,LISTED,KRW,true,3,,Tue Aug 18 2026 20:30:42 GMT+0900 (한국 표준시),Tue Aug 18 2026 20:30:42 GMT+0900 (한국 표준시)
18690,065350,,,신성델타테크,,KRX_KOSDAQ,COMMON,,,Fri Aug 06 2004 00:00:00 GMT+0900 (한국 표준시),,LISTED,KRW,true,3,,Tue Aug 18 2026 20:30:42 GMT+0900 (한국 표준시),Tue Aug 18 2026 20:30:42 GMT+0900 (한국 표준시)
18691,416180,,,신성에스티,,KRX_KOSDAQ,COMMON,,,Thu Oct 19 2023 00:00:00 GMT+0900 (한국 표준시),,LISTED,KRW,true,3,,Tue Aug 18 2026 20:30:42 GMT+0900 (한국 표준시),Tue Aug 18 2026 20:30:42 GMT+0900 (한국 표준시)
18692,162300,,,신스틸,,KRX_KOSDAQ,COMMON,,,Fri Dec 23 2022 00:00:00 GMT+0900 (한국 표준시),,LISTED,KRW,true,3,,Tue Aug 18 2026 20:30:42 GMT+0900 (한국 표준시),Tue Aug 18 2026 20:30:42 GMT+0900 (한국 표준시)
18693,002800,,,신신제약,,KRX_KOSDAQ,COMMON,,,Tue Feb 28 2017 00:00:00 GMT+0900 (한국 표준시),,LISTED,KRW,true,3,,Tue Aug 18 2026 20:30:42 GMT+0900 (한국 표준시),Tue Aug 18 2026 20:30:42 GMT+0900 (한국 표준시)
18694,472220,,,신영스팩10호,,KRX_KOSDAQ,COMMON,,,Tue Feb 06 2024 00:00:00 GMT+0900 (한국 표준시),,LISTED,KRW,true,3,,Tue Aug 18 2026 20:30:42 GMT+0900 (한국 표준시),Tue Aug 18 2026 20:30:42 GMT+0900 (한국 표준시)
18695,0091W0,,,신영스팩11호,,KRX_KOSDAQ,COMMON,,,Mon Nov 24 2025 00:00:00 GMT+0900 (한국 표준시),,LISTED,KRW,true,3,,Tue Aug 18 2026 20:30:42 GMT+0900 (한국 표준시),Tue Aug 18 2026 20:30:42 GMT+0900 (한국 표준시)
18696,017000,,,신원종합개발,,KRX_KOSDAQ,COMMON,,,Wed Dec 07 1994 00:00:00 GMT+0900 (한국 표준시),,LISTED,KRW,true,3,,Tue Aug 18 2026 20:30:42 GMT+0900 (한국 표준시),Tue Aug 18 2026 20:30:42 GMT+0900 (한국 표준시)
18697,012790,,,신일제약,,KRX_KOSDAQ,COMMON,,,Fri Aug 13 1999 00:00:00 GMT+0900 (한국 표준시),,LISTED,KRW,true,3,,Tue Aug 18 2026 20:30:42 GMT+0900 (한국 표준시),Tue Aug 18 2026 20:30:42 GMT+0900 (한국 표준시)
18698,138070,,,신진에스엠,,KRX_KOSDAQ,COMMON,,,Mon Nov 28 2011 00:00:00 GMT+0900 (한국 표준시),,LISTED,KRW,true,3,,Tue Aug 18 2026 20:30:42 GMT+0900 (한국 표준시),Tue Aug 18 2026 20:30:42 GMT+0900 (한국 표준시)
18699,226330,,,신테카바이오,,KRX_KOSDAQ,COMMON,,,Tue Dec 17 2019 00:00:00 GMT+0900 (한국 표준시),,LISTED,KRW,true,3,,Tue Aug 18 2026 20:30:42 GMT+0900 (한국 표준시),Tue Aug 18 2026 20:30:42 GMT+0900 (한국 표준시)
18700,474660,,,신한제12호스팩,,KRX_KOSDAQ,COMMON,,,Mon Apr 15 2024 00:00:00 GMT+0900 (한국 표준시),,LISTED,KRW,true,3,,Tue Aug 18 2026 20:30:42 GMT+0900 (한국 표준시),Tue Aug 18 2026 20:30:42 GMT+0900 (한국 표준시)
18701,474930,,,신한제13호스팩,,KRX_KOSDAQ,COMMON,,,Mon Apr 22 2024 00:00:00 GMT+0900 (한국 표준시),,LISTED,KRW,true,3,,Tue Aug 18 2026 20:30:42 GMT+0900 (한국 표준시),Tue Aug 18 2026 20:30:42 GMT+0900 (한국 표준시)
18702,487360,,,신한제14호스팩,,KRX_KOSDAQ,COMMON,,,Mon Dec 23 2024 00:00:00 GMT+0900 (한국 표준시),,LISTED,KRW,true,3,,Tue Aug 18 2026 20:30:42 GMT+0900 (한국 표준시),Tue Aug 18 2026 20:30:42 GMT+0900 (한국 표준시)
18703,487830,,,신한제15호스팩,,KRX_KOSDAQ,COMMON,,,Fri Nov 15 2024 00:00:00 GMT+0900 (한국 표준시),,LISTED,KRW,true,3,,Tue Aug 18 2026 20:30:42 GMT+0900 (한국 표준시),Tue Aug 18 2026 20:30:42 GMT+0900 (한국 표준시)
18704,496070,,,신한제16호스팩,,KRX_KOSDAQ,COMMON,,,Thu May 29 2025 00:00:00 GMT+0900 (한국 표준시),,LISTED,KRW,true,3,,Tue Aug 18 2026 20:30:42 GMT+0900 (한국 표준시),Tue Aug 18 2026 20:30:42 GMT+0900 (한국 표준시)
18705,0130D0,,,신한제17호스팩,,KRX_KOSDAQ,COMMON,,,Wed Apr 01 2026 00:00:00 GMT+0900 (한국 표준시),,LISTED,KRW,true,3,,Tue Aug 18 2026 20:30:42 GMT+0900 (한국 표준시),Tue Aug 18 2026 20:30:42 GMT+0900 (한국 표준시)
18706,0129K0,,,신한제18호스팩,,KRX_KOSDAQ,COMMON,,,Thu Apr 30 2026 00:00:00 GMT+0900 (한국 표준시),,LISTED,KRW,true,3,,Tue Aug 18 2026 20:30:42 GMT+0900 (한국 표준시),Tue Aug 18 2026 20:30:42 GMT+0900 (한국 표준시)
18707,056700,,,신화인터텍,,KRX_KOSDAQ,COMMON,,,Thu Dec 13 2001 00:00:00 GMT+0900 (한국 표준시),,LISTED,KRW,true,3,,Tue Aug 18 2026 20:30:42 GMT+0900 (한국 표준시),Tue Aug 18 2026 20:30:42 GMT+0900 (한국 표준시)
18708,187270,,,신화콘텍,,KRX_KOSDAQ,COMMON,,,Fri Aug 08 2014 00:00:00 GMT+0900 (한국 표준시),,LISTED,KRW,true,3,,Tue Aug 18 2026 20:30:42 GMT+0900 (한국 표준시),Tue Aug 18 2026 20:30:42 GMT+0900 (한국 표준시)
18709,095190,,,신화프리텍,,KRX_KOSDAQ,COMMON,,,Mon Oct 29 2007 00:00:00 GMT+0900 (한국 표준시),,LISTED,KRW,true,3,,Tue Aug 18 2026 20:30:42 GMT+0900 (한국 표준시),Tue Aug 18 2026 20:30:42 GMT+0900 (한국 표준시)
18710,243840,,,신흥에스이씨,,KRX_KOSDAQ,COMMON,,,Wed Sep 27 2017 00:00:00 GMT+0900 (한국 표준시),,LISTED,KRW,true,3,,Tue Aug 18 2026 20:30:42 GMT+0900 (한국 표준시),Tue Aug 18 2026 20:30:42 GMT+0900 (한국 표준시)
18711,257720,,,실리콘투,,KRX_KOSDAQ,COMMON,,,Wed Sep 29 2021 00:00:00 GMT+0900 (한국 표준시),,LISTED,KRW,true,3,,Tue Aug 18 2026 20:30:42 GMT+0900 (한국 표준시),Tue Aug 18 2026 20:30:42 GMT+0900 (한국 표준시)
18712,222800,,,심텍,,KRX_KOSDAQ,COMMON,,,Fri Aug 07 2015 00:00:00 GMT+0900 (한국 표준시),,LISTED,KRW,true,3,,Tue Aug 18 2026 20:30:42 GMT+0900 (한국 표준시),Tue Aug 18 2026 20:30:42 GMT+0900 (한국 표준시)
18713,036710,,,심텍홀딩스,,KRX_KOSDAQ,COMMON,,,Tue Jan 04 2000 00:00:00 GMT+0900 (한국 표준시),,LISTED,KRW,true,3,,Tue Aug 18 2026 20:30:42 GMT+0900 (한국 표준시),Tue Aug 18 2026 20:30:42 GMT+0900 (한국 표준시)
18714,444530,,,심플랫폼,,KRX_KOSDAQ,COMMON,,,Fri Mar 21 2025 00:00:00 GMT+0900 (한국 표준시),,LISTED,KRW,true,3,,Tue Aug 18 2026 20:30:42 GMT+0900 (한국 표준시),Tue Aug 18 2026 20:30:42 GMT+0900 (한국 표준시)
18715,234030,,,싸이닉솔루션,,KRX_KOSDAQ,COMMON,,,Mon Jul 07 2025 00:00:00 GMT+0900 (한국 표준시),,LISTED,KRW,true,3,,Tue Aug 18 2026 20:30:42 GMT+0900 (한국 표준시),Tue Aug 18 2026 20:30:42 GMT+0900 (한국 표준시)
18716,160980,,,싸이맥스,,KRX_KOSDAQ,COMMON,,,Wed Jun 17 2015 00:00:00 GMT+0900 (한국 표준시),,LISTED,KRW,true,3,,Tue Aug 18 2026 20:30:42 GMT+0900 (한국 표준시),Tue Aug 18 2026 20:30:42 GMT+0900 (한국 표준시)
18717,356890,,,싸이버원,,KRX_KOSDAQ,COMMON,,,Thu Mar 11 2021 00:00:00 GMT+0900 (한국 표준시),,LISTED,KRW,true,3,,Tue Aug 18 2026 20:30:42 GMT+0900 (한국 표준시),Tue Aug 18 2026 20:30:42 GMT+0900 (한국 표준시)
18718,217330,,,싸이토젠,,KRX_KOSDAQ,COMMON,,,Thu Nov 22 2018 00:00:00 GMT+0900 (한국 표준시),,LISTED,KRW,true,3,,Tue Aug 18 2026 20:30:42 GMT+0900 (한국 표준시),Tue Aug 18 2026 20:30:42 GMT+0900 (한국 표준시)
18719,208640,,,썸에이지,,KRX_KOSDAQ,COMMON,,,Mon Dec 29 2014 00:00:00 GMT+0900 (한국 표준시),,LISTED,KRW,true,3,,Tue Aug 18 2026 20:30:42 GMT+0900 (한국 표준시),Tue Aug 18 2026 20:30:42 GMT+0900 (한국 표준시)
18720,222420,,,쎄노텍,,KRX_KOSDAQ,COMMON,,,Thu Aug 06 2015 00:00:00 GMT+0900 (한국 표준시),,LISTED,KRW,true,3,,Tue Aug 18 2026 20:30:42 GMT+0900 (한국 표준시),Tue Aug 18 2026 20:30:42 GMT+0900 (한국 표준시)
18721,037760,,,쎄니트,,KRX_KOSDAQ,COMMON,,,Fri Apr 07 2000 00:00:00 GMT+0900 (한국 표준시),,LISTED,KRW,true,3,,Tue Aug 18 2026 20:30:42 GMT+0900 (한국 표준시),Tue Aug 18 2026 20:30:42 GMT+0900 (한국 표준시)
18722,081180,,,쎄크,,KRX_KOSDAQ,COMMON,,,Mon Apr 28 2025 00:00:00 GMT+0900 (한국 표준시),,LISTED,KRW,true,3,,Tue Aug 18 2026 20:30:42 GMT+0900 (한국 표준시),Tue Aug 18 2026 20:30:42 GMT+0900 (한국 표준시)
18723,099320,,,쎄트렉아이,,KRX_KOSDAQ,COMMON,,,Fri Jun 13 2008 00:00:00 GMT+0900 (한국 표준시),,LISTED,KRW,true,3,,Tue Aug 18 2026 20:30:42 GMT+0900 (한국 표준시),Tue Aug 18 2026 20:30:42 GMT+0900 (한국 표준시)
18724,049960,,,쎌바이오텍,,KRX_KOSDAQ,COMMON,,,Fri Dec 13 2002 00:00:00 GMT+0900 (한국 표준시),,LISTED,KRW,true,3,,Tue Aug 18 2026 20:30:42 GMT+0900 (한국 표준시),Tue Aug 18 2026 20:30:42 GMT+0900 (한국 표준시)
18725,088280,,,쏘닉스,,KRX_KOSDAQ,COMMON,,,Tue Nov 07 2023 00:00:00 GMT+0900 (한국 표준시),,LISTED,KRW,true,3,,Tue Aug 18 2026 20:30:42 GMT+0900 (한국 표준시),Tue Aug 18 2026 20:30:42 GMT+0900 (한국 표준시)
18726,050890,,,쏠리드,,KRX_KOSDAQ,COMMON,,,Fri Jul 08 2005 00:00:00 GMT+0900 (한국 표준시),,LISTED,KRW,true,3,,Tue Aug 18 2026 20:30:42 GMT+0900 (한국 표준시),Tue Aug 18 2026 20:30:42 GMT+0900 (한국 표준시)
18727,394800,,,쓰리빌리언,,KRX_KOSDAQ,COMMON,,,Thu Nov 14 2024 00:00:00 GMT+0900 (한국 표준시),,LISTED,KRW,true,3,,Tue Aug 18 2026 20:30:42 GMT+0900 (한국 표준시),Tue Aug 18 2026 20:30:42 GMT+0900 (한국 표준시)
18728,177900,,,쓰리에이로직스,,KRX_KOSDAQ,COMMON,,,Tue Dec 24 2024 00:00:00 GMT+0900 (한국 표준시),,LISTED,KRW,true,3,,Tue Aug 18 2026 20:30:42 GMT+0900 (한국 표준시),Tue Aug 18 2026 20:30:42 GMT+0900 (한국 표준시)
18729,475400,,,씨메스로보틱스,,KRX_KOSDAQ,COMMON,,,Thu Oct 24 2024 00:00:00 GMT+0900 (한국 표준시),,LISTED,KRW,true,3,,Tue Aug 18 2026 20:30:42 GMT+0900 (한국 표준시),Tue Aug 18 2026 20:30:42 GMT+0900 (한국 표준시)
18730,109670,,,씨싸이트,,KRX_KOSDAQ,COMMON,,,Thu Dec 21 2023 00:00:00 GMT+0900 (한국 표준시),,LISTED,KRW,true,3,,Tue Aug 18 2026 20:30:42 GMT+0900 (한국 표준시),Tue Aug 18 2026 20:30:42 GMT+0900 (한국 표준시)
18731,066790,,,씨씨에스,,KRX_KOSDAQ,COMMON,,,Fri May 30 2003 00:00:00 GMT+0900 (한국 표준시),,LISTED,KRW,true,3,,Tue Aug 18 2026 20:30:42 GMT+0900 (한국 표준시),Tue Aug 18 2026 20:30:42 GMT+0900 (한국 표준시)
18732,352480,,,씨앤씨인터내셔널,,KRX_KOSDAQ,COMMON,,,Mon May 17 2021 00:00:00 GMT+0900 (한국 표준시),,LISTED,KRW,true,3,,Tue Aug 18 2026 20:30:42 GMT+0900 (한국 표준시),Tue Aug 18 2026 20:30:42 GMT+0900 (한국 표준시)
18733,264660,,,씨앤지하이테크,,KRX_KOSDAQ,COMMON,,,Thu Jan 25 2018 00:00:00 GMT+0900 (한국 표준시),,LISTED,KRW,true,3,,Tue Aug 18 2026 20:30:42 GMT+0900 (한국 표준시),Tue Aug 18 2026 20:30:42 GMT+0900 (한국 표준시)
18734,352700,,,씨앤투스,,KRX_KOSDAQ,COMMON,,,Thu Jan 28 2021 00:00:00 GMT+0900 (한국 표준시),,LISTED,KRW,true,3,,Tue Aug 18 2026 20:30:42 GMT+0900 (한국 표준시),Tue Aug 18 2026 20:30:42 GMT+0900 (한국 표준시)
18735,056730,,,CNT85,,KRX_KOSDAQ,COMMON,,,Fri Jan 04 2002 00:00:00 GMT+0900 (한국 표준시),,LISTED,KRW,true,3,,Tue Aug 18 2026 20:30:42 GMT+0900 (한국 표준시),Tue Aug 18 2026 20:30:42 GMT+0900 (한국 표준시)
18736,458870,,,씨어스,,KRX_KOSDAQ,COMMON,,,Wed Jun 19 2024 00:00:00 GMT+0900 (한국 표준시),,LISTED,KRW,true,3,,Tue Aug 18 2026 20:30:42 GMT+0900 (한국 표준시),Tue Aug 18 2026 20:30:42 GMT+0900 (한국 표준시)
18737,065770,,,CS,,KRX_KOSDAQ,COMMON,,,Fri Jun 04 2004 00:00:00 GMT+0900 (한국 표준시),,LISTED,KRW,true,3,,Tue Aug 18 2026 20:30:42 GMT+0900 (한국 표준시),Tue Aug 18 2026 20:30:42 GMT+0900 (한국 표준시)
18738,297090,,,씨에스베어링,,KRX_KOSDAQ,COMMON,,,Thu Nov 21 2019 00:00:00 GMT+0900 (한국 표준시),,LISTED,KRW,true,3,,Tue Aug 18 2026 20:30:42 GMT+0900 (한국 표준시),Tue Aug 18 2026 20:30:42 GMT+0900 (한국 표준시)
18739,083660,,,CSA 코스믹,,KRX_KOSDAQ,COMMON,,,Tue Jul 25 2006 00:00:00 GMT+0900 (한국 표준시),,LISTED,KRW,true,3,,Tue Aug 18 2026 20:30:42 GMT+0900 (한국 표준시),Tue Aug 18 2026 20:30:42 GMT+0900 (한국 표준시)
18740,900120,,,씨엑스아이,,KRX_KOSDAQ,COMMON,,,Wed Mar 31 2010 00:00:00 GMT+0900 (한국 표준시),,LISTED,KRW,true,3,,Tue Aug 18 2026 20:30:42 GMT+0900 (한국 표준시),Tue Aug 18 2026 20:30:42 GMT+0900 (한국 표준시)
18741,359090,,,씨엔알리서치,,KRX_KOSDAQ,COMMON,,,Wed Sep 23 2020 00:00:00 GMT+0900 (한국 표준시),,LISTED,KRW,true,3,,Tue Aug 18 2026 20:30:42 GMT+0900 (한국 표준시),Tue Aug 18 2026 20:30:42 GMT+0900 (한국 표준시)
18742,115530,,,씨엔플러스,,KRX_KOSDAQ,COMMON,,,Wed Nov 02 2011 00:00:00 GMT+0900 (한국 표준시),,LISTED,KRW,true,3,,Tue Aug 18 2026 20:30:42 GMT+0900 (한국 표준시),Tue Aug 18 2026 20:30:42 GMT+0900 (한국 표준시)
18743,388210,,,씨엠티엑스,,KRX_KOSDAQ,COMMON,,,Thu Nov 20 2025 00:00:00 GMT+0900 (한국 표준시),,LISTED,KRW,true,3,,Tue Aug 18 2026 20:30:42 GMT+0900 (한국 표준시),Tue Aug 18 2026 20:30:42 GMT+0900 (한국 표준시)
18744,115480,,,씨유메디칼,,KRX_KOSDAQ,COMMON,,,Thu Dec 15 2011 00:00:00 GMT+0900 (한국 표준시),,LISTED,KRW,true,3,,Tue Aug 18 2026 20:30:42 GMT+0900 (한국 표준시),Tue Aug 18 2026 20:30:42 GMT+0900 (한국 표준시)
18745,376290,,,씨유테크,,KRX_KOSDAQ,COMMON,,,Fri Oct 08 2021 00:00:00 GMT+0900 (한국 표준시),,LISTED,KRW,true,3,,Tue Aug 18 2026 20:30:42 GMT+0900 (한국 표준시),Tue Aug 18 2026 20:30:42 GMT+0900 (한국 표준시)
18746,189330,,,씨이랩,,KRX_KOSDAQ,COMMON,,,Wed Feb 24 2021 00:00:00 GMT+0900 (한국 표준시),,LISTED,KRW,true,3,,Tue Aug 18 2026 20:30:42 GMT+0900 (한국 표준시),Tue Aug 18 2026 20:30:42 GMT+0900 (한국 표준시)
18747,311690,,,CJ 바이오사이언스,,KRX_KOSDAQ,COMMON,,,Thu Dec 26 2019 00:00:00 GMT+0900 (한국 표준시),,LISTED,KRW,true,3,,Tue Aug 18 2026 20:30:42 GMT+0900 (한국 표준시),Tue Aug 18 2026 20:30:42 GMT+0900 (한국 표준시)
18748,035760,,,CJ ENM,,KRX_KOSDAQ,COMMON,,,Tue Nov 23 1999 00:00:00 GMT+0900 (한국 표준시),,LISTED,KRW,true,3,,Tue Aug 18 2026 20:30:42 GMT+0900 (한국 표준시),Tue Aug 18 2026 20:30:42 GMT+0900 (한국 표준시)
18749,051500,,,CJ프레시웨이,,KRX_KOSDAQ,COMMON,,,Thu Jul 26 2001 00:00:00 GMT+0900 (한국 표준시),,LISTED,KRW,true,3,,Tue Aug 18 2026 20:30:42 GMT+0900 (한국 표준시),Tue Aug 18 2026 20:30:42 GMT+0900 (한국 표준시)
18750,096530,,,씨젠,,KRX_KOSDAQ,COMMON,,,Fri Sep 10 2010 00:00:00 GMT+0900 (한국 표준시),,LISTED,KRW,true,3,,Tue Aug 18 2026 20:30:42 GMT+0900 (한국 표준시),Tue Aug 18 2026 20:30:42 GMT+0900 (한국 표준시)
18751,083790,,,CG인바이츠,,KRX_KOSDAQ,COMMON,,,Fri Jan 06 2006 00:00:00 GMT+0900 (한국 표준시),,LISTED,KRW,true,3,,Tue Aug 18 2026 20:30:42 GMT+0900 (한국 표준시),Tue Aug 18 2026 20:30:42 GMT+0900 (한국 표준시)
18752,101240,,,씨큐브,,KRX_KOSDAQ,COMMON,,,Tue Nov 08 2011 00:00:00 GMT+0900 (한국 표준시),,LISTED,KRW,true,3,,Tue Aug 18 2026 20:30:42 GMT+0900 (한국 표준시),Tue Aug 18 2026 20:30:42 GMT+0900 (한국 표준시)
18753,060590,,,씨티씨바이오,,KRX_KOSDAQ,COMMON,,,Thu Feb 21 2002 00:00:00 GMT+0900 (한국 표준시),,LISTED,KRW,true,3,,Tue Aug 18 2026 20:30:42 GMT+0900 (한국 표준시),Tue Aug 18 2026 20:30:42 GMT+0900 (한국 표준시)
18754,260930,,,씨티케이,,KRX_KOSDAQ,COMMON,,,Thu Dec 07 2017 00:00:00 GMT+0900 (한국 표준시),,LISTED,KRW,true,3,,Tue Aug 18 2026 20:30:42 GMT+0900 (한국 표준시),Tue Aug 18 2026 20:30:42 GMT+0900 (한국 표준시)
18755,413630,,,씨피시스템,,KRX_KOSDAQ,COMMON,,,Thu Mar 31 2022 00:00:00 GMT+0900 (한국 표준시),,LISTED,KRW,true,3,,Tue Aug 18 2026 20:30:42 GMT+0900 (한국 표준시),Tue Aug 18 2026 20:30:42 GMT+0900 (한국 표준시)
18756,013990,,,아가방컴퍼니,,KRX_KOSDAQ,COMMON,,,Thu Jan 17 2002 00:00:00 GMT+0900 (한국 표준시),,LISTED,KRW,true,3,,Tue Aug 18 2026 20:30:42 GMT+0900 (한국 표준시),Tue Aug 18 2026 20:30:42 GMT+0900 (한국 표준시)
18757,175140,,,아고스,,KRX_KOSDAQ,COMMON,,,Wed Sep 23 2015 00:00:00 GMT+0900 (한국 표준시),,LISTED,KRW,true,3,,Tue Aug 18 2026 20:30:42 GMT+0900 (한국 표준시),Tue Aug 18 2026 20:30:42 GMT+0900 (한국 표준시)
18758,123860,,,아나패스,,KRX_KOSDAQ,COMMON,,,Fri Nov 05 2010 00:00:00 GMT+0900 (한국 표준시),,LISTED,KRW,true,3,,Tue Aug 18 2026 20:30:42 GMT+0900 (한국 표준시),Tue Aug 18 2026 20:30:42 GMT+0900 (한국 표준시)
18759,025980,,,아난티,,KRX_KOSDAQ,COMMON,,,Sat Jan 06 1996 00:00:00 GMT+0900 (한국 표준시),,LISTED,KRW,true,3,,Tue Aug 18 2026 20:30:42 GMT+0900 (한국 표준시),Tue Aug 18 2026 20:30:42 GMT+0900 (한국 표준시)
18760,0015N0,,,아로마티카,,KRX_KOSDAQ,COMMON,,,Thu Nov 27 2025 00:00:00 GMT+0900 (한국 표준시),,LISTED,KRW,true,3,,Tue Aug 18 2026 20:30:42 GMT+0900 (한국 표준시),Tue Aug 18 2026 20:30:42 GMT+0900 (한국 표준시)
18761,261780,,,아리바이오랩,,KRX_KOSDAQ,COMMON,,,Fri Oct 22 2021 00:00:00 GMT+0900 (한국 표준시),,LISTED,KRW,true,3,,Tue Aug 18 2026 20:30:42 GMT+0900 (한국 표준시),Tue Aug 18 2026 20:30:42 GMT+0900 (한국 표준시)
18762,290690,,,아리바이오홀딩스,,KRX_KOSDAQ,COMMON,,,Fri Nov 06 2020 00:00:00 GMT+0900 (한국 표준시),,LISTED,KRW,true,3,,Tue Aug 18 2026 20:30:42 GMT+0900 (한국 표준시),Tue Aug 18 2026 20:30:42 GMT+0900 (한국 표준시)
18763,125210,,,아모그린텍,,KRX_KOSDAQ,COMMON,,,Fri Mar 29 2019 00:00:00 GMT+0900 (한국 표준시),,LISTED,KRW,true,3,,Tue Aug 18 2026 20:30:42 GMT+0900 (한국 표준시),Tue Aug 18 2026 20:30:42 GMT+0900 (한국 표준시)
18764,052710,,,아모텍,,KRX_KOSDAQ,COMMON,,,Fri Aug 01 2003 00:00:00 GMT+0900 (한국 표준시),,LISTED,KRW,true,3,,Tue Aug 18 2026 20:30:42 GMT+0900 (한국 표준시),Tue Aug 18 2026 20:30:42 GMT+0900 (한국 표준시)
18765,074430,,,아미노로직스,,KRX_KOSDAQ,COMMON,,,Fri Jun 04 2004 00:00:00 GMT+0900 (한국 표준시),,LISTED,KRW,true,3,,Tue Aug 18 2026 20:30:42 GMT+0900 (한국 표준시),Tue Aug 18 2026 20:30:42 GMT+0900 (한국 표준시)
18766,092040,,,아미코젠,,KRX_KOSDAQ,COMMON,,,Thu Sep 12 2013 00:00:00 GMT+0900 (한국 표준시),,LISTED,KRW,true,3,,Tue Aug 18 2026 20:30:42 GMT+0900 (한국 표준시),Tue Aug 18 2026 20:30:42 GMT+0900 (한국 표준시)
18767,083930,,,아바코,,KRX_KOSDAQ,COMMON,,,Tue Oct 11 2005 00:00:00 GMT+0900 (한국 표준시),,LISTED,KRW,true,3,,Tue Aug 18 2026 20:30:42 GMT+0900 (한국 표준시),Tue Aug 18 2026 20:30:42 GMT+0900 (한국 표준시)
18768,149950,,,아바텍,,KRX_KOSDAQ,COMMON,,,Tue Nov 06 2012 00:00:00 GMT+0900 (한국 표준시),,LISTED,KRW,true,3,,Tue Aug 18 2026 20:30:42 GMT+0900 (한국 표준시),Tue Aug 18 2026 20:30:42 GMT+0900 (한국 표준시)
18769,036010,,,아비코전자,,KRX_KOSDAQ,COMMON,,,Wed Jul 03 2002 00:00:00 GMT+0900 (한국 표준시),,LISTED,KRW,true,3,,Tue Aug 18 2026 20:30:42 GMT+0900 (한국 표준시),Tue Aug 18 2026 20:30:42 GMT+0900 (한국 표준시)
18770,050860,,,아세아텍,,KRX_KOSDAQ,COMMON,,,Tue Jan 26 2010 00:00:00 GMT+0900 (한국 표준시),,LISTED,KRW,true,3,,Tue Aug 18 2026 20:30:42 GMT+0900 (한국 표준시),Tue Aug 18 2026 20:30:42 GMT+0900 (한국 표준시)
18771,136410,,,아셈스,,KRX_KOSDAQ,COMMON,,,Mon Feb 07 2022 00:00:00 GMT+0900 (한국 표준시),,LISTED,KRW,true,3,,Tue Aug 18 2026 20:30:42 GMT+0900 (한국 표준시),Tue Aug 18 2026 20:30:42 GMT+0900 (한국 표준시)
18772,246720,,,아스타,,KRX_KOSDAQ,COMMON,,,Mon Mar 20 2017 00:00:00 GMT+0900 (한국 표준시),,LISTED,KRW,true,3,,Tue Aug 18 2026 20:30:42 GMT+0900 (한국 표준시),Tue Aug 18 2026 20:30:42 GMT+0900 (한국 표준시)
18773,450950,,,아스테라시스,,KRX_KOSDAQ,COMMON,,,Fri Jan 24 2025 00:00:00 GMT+0900 (한국 표준시),,LISTED,KRW,true,3,,Tue Aug 18 2026 20:30:42 GMT+0900 (한국 표준시),Tue Aug 18 2026 20:30:42 GMT+0900 (한국 표준시)
18774,067390,,,아스트,,KRX_KOSDAQ,COMMON,,,Wed Dec 24 2014 00:00:00 GMT+0900 (한국 표준시),,LISTED,KRW,true,3,,Tue Aug 18 2026 20:30:42 GMT+0900 (한국 표준시),Tue Aug 18 2026 20:30:42 GMT+0900 (한국 표준시)
18775,159010,,,아스플로,,KRX_KOSDAQ,COMMON,,,Thu Oct 07 2021 00:00:00 GMT+0900 (한국 표준시),,LISTED,KRW,true,3,,Tue Aug 18 2026 20:30:42 GMT+0900 (한국 표준시),Tue Aug 18 2026 20:30:42 GMT+0900 (한국 표준시)
18776,127710,,,아시아경제,,KRX_KOSDAQ,COMMON,,,Fri Jul 31 2015 00:00:00 GMT+0900 (한국 표준시),,LISTED,KRW,true,3,,Tue Aug 18 2026 20:30:42 GMT+0900 (한국 표준시),Tue Aug 18 2026 20:30:42 GMT+0900 (한국 표준시)
18777,227610,,,아우딘퓨쳐스,,KRX_KOSDAQ,COMMON,,,Wed Jul 12 2017 00:00:00 GMT+0900 (한국 표준시),,LISTED,KRW,true,3,,Tue Aug 18 2026 20:30:42 GMT+0900 (한국 표준시),Tue Aug 18 2026 20:30:42 GMT+0900 (한국 표준시)
18778,331740,,,아우토크립트,,KRX_KOSDAQ,COMMON,,,Tue Jul 15 2025 00:00:00 GMT+0900 (한국 표준시),,LISTED,KRW,true,3,,Tue Aug 18 2026 20:30:42 GMT+0900 (한국 표준시),Tue Aug 18 2026 20:30:42 GMT+0900 (한국 표준시)
18779,143160,,,아이디스,,KRX_KOSDAQ,COMMON,,,Mon Sep 26 2011 00:00:00 GMT+0900 (한국 표준시),,LISTED,KRW,true,3,,Tue Aug 18 2026 20:30:42 GMT+0900 (한국 표준시),Tue Aug 18 2026 20:30:42 GMT+0900 (한국 표준시)
18780,054800,,,아이디스홀딩스,,KRX_KOSDAQ,COMMON,,,Thu Sep 27 2001 00:00:00 GMT+0900 (한국 표준시),,LISTED,KRW,true,3,,Tue Aug 18 2026 20:30:42 GMT+0900 (한국 표준시),Tue Aug 18 2026 20:30:42 GMT+0900 (한국 표준시)
18781,332370,,,아이디피,,KRX_KOSDAQ,COMMON,,,Mon Aug 24 2020 00:00:00 GMT+0900 (한국 표준시),,LISTED,KRW,true,3,,Tue Aug 18 2026 20:30:42 GMT+0900 (한국 표준시),Tue Aug 18 2026 20:30:42 GMT+0900 (한국 표준시)
18782,066430,,,아이로보틱스,,KRX_KOSDAQ,COMMON,,,Tue Dec 24 2002 00:00:00 GMT+0900 (한국 표준시),,LISTED,KRW,true,3,,Tue Aug 18 2026 20:30:42 GMT+0900 (한국 표준시),Tue Aug 18 2026 20:30:42 GMT+0900 (한국 표준시)
18783,339950,,,아이비김영,,KRX_KOSDAQ,COMMON,,,Tue Dec 24 2019 00:00:00 GMT+0900 (한국 표준시),,LISTED,KRW,true,3,,Tue Aug 18 2026 20:30:42 GMT+0900 (한국 표준시),Tue Aug 18 2026 20:30:42 GMT+0900 (한국 표준시)
18784,469750,,,아이비젼웍스,,KRX_KOSDAQ,COMMON,,,Tue Sep 03 2024 00:00:00 GMT+0900 (한국 표준시),,LISTED,KRW,true,3,,Tue Aug 18 2026 20:30:42 GMT+0900 (한국 표준시),Tue Aug 18 2026 20:30:42 GMT+0900 (한국 표준시)
18785,469480,,,IBKS제24호스팩,,KRX_KOSDAQ,COMMON,,,Thu Feb 01 2024 00:00:00 GMT+0900 (한국 표준시),,LISTED,KRW,true,3,,Tue Aug 18 2026 20:30:42 GMT+0900 (한국 표준시),Tue Aug 18 2026 20:30:42 GMT+0900 (한국 표준시)
18786,0099X0,,,IBKS제25호스팩,,KRX_KOSDAQ,COMMON,,,Fri Dec 19 2025 00:00:00 GMT+0900 (한국 표준시),,LISTED,KRW,true,3,,Tue Aug 18 2026 20:30:42 GMT+0900 (한국 표준시),Tue Aug 18 2026 20:30:42 GMT+0900 (한국 표준시)
18787,460470,,,아이빔테크놀로지,,KRX_KOSDAQ,COMMON,,,Tue Aug 06 2024 00:00:00 GMT+0900 (한국 표준시),,LISTED,KRW,true,3,,Tue Aug 18 2026 20:30:42 GMT+0900 (한국 표준시),Tue Aug 18 2026 20:30:42 GMT+0900 (한국 표준시)
18788,099190,,,아이센스,,KRX_KOSDAQ,COMMON,,,Wed Jan 30 2013 00:00:00 GMT+0900 (한국 표준시),,LISTED,KRW,true,3,,Tue Aug 18 2026 20:30:42 GMT+0900 (한국 표준시),Tue Aug 18 2026 20:30:42 GMT+0900 (한국 표준시)
18789,461300,,,아이스크림미디어,,KRX_KOSDAQ,COMMON,,,Fri Aug 30 2024 00:00:00 GMT+0900 (한국 표준시),,LISTED,KRW,true,3,,Tue Aug 18 2026 20:30:42 GMT+0900 (한국 표준시),Tue Aug 18 2026 20:30:42 GMT+0900 (한국 표준시)
18790,289010,,,아이스크림에듀,,KRX_KOSDAQ,COMMON,,,Thu Jul 11 2019 00:00:00 GMT+0900 (한국 표준시),,LISTED,KRW,true,3,,Tue Aug 18 2026 20:30:42 GMT+0900 (한국 표준시),Tue Aug 18 2026 20:30:42 GMT+0900 (한국 표준시)
18791,214430,,,아이쓰리시스템,,KRX_KOSDAQ,COMMON,,,Thu Jul 30 2015 00:00:00 GMT+0900 (한국 표준시),,LISTED,KRW,true,3,,Tue Aug 18 2026 20:30:42 GMT+0900 (한국 표준시),Tue Aug 18 2026 20:30:42 GMT+0900 (한국 표준시)
18792,040910,,,아이씨디,,KRX_KOSDAQ,COMMON,,,Fri Aug 05 2011 00:00:00 GMT+0900 (한국 표준시),,LISTED,KRW,true,3,,Tue Aug 18 2026 20:30:42 GMT+0900 (한국 표준시),Tue Aug 18 2026 20:30:42 GMT+0900 (한국 표준시)
18793,368600,,,아이씨에이치,,KRX_KOSDAQ,COMMON,,,Fri Jul 29 2022 00:00:00 GMT+0900 (한국 표준시),,LISTED,KRW,true,3,,Tue Aug 18 2026 20:30:42 GMT+0900 (한국 표준시),Tue Aug 18 2026 20:30:42 GMT+0900 (한국 표준시)
18794,456010,,,아이씨티케이,,KRX_KOSDAQ,COMMON,,,Fri May 17 2024 00:00:00 GMT+0900 (한국 표준시),,LISTED,KRW,true,3,,Tue Aug 18 2026 20:30:42 GMT+0900 (한국 표준시),Tue Aug 18 2026 20:30:42 GMT+0900 (한국 표준시)
18795,052860,,,아이앤씨,,KRX_KOSDAQ,COMMON,,,Tue Oct 06 2009 00:00:00 GMT+0900 (한국 표준시),,LISTED,KRW,true,3,,Tue Aug 18 2026 20:30:42 GMT+0900 (한국 표준시),Tue Aug 18 2026 20:30:42 GMT+0900 (한국 표준시)
18796,464500,,,아이언디바이스,,KRX_KOSDAQ,COMMON,,,Mon Sep 23 2024 00:00:00 GMT+0900 (한국 표준시),,LISTED,KRW,true,3,,Tue Aug 18 2026 20:30:42 GMT+0900 (한국 표준시),Tue Aug 18 2026 20:30:42 GMT+0900 (한국 표준시)
18797,095340,,,ISC,,KRX_KOSDAQ,COMMON,,,Mon Oct 01 2007 00:00:00 GMT+0900 (한국 표준시),,LISTED,KRW,true,3,,Tue Aug 18 2026 20:30:42 GMT+0900 (한국 표준시),Tue Aug 18 2026 20:30:42 GMT+0900 (한국 표준시)
18798,212710,,,아이에스티이,,KRX_KOSDAQ,COMMON,,,Wed Feb 12 2025 00:00:00 GMT+0900 (한국 표준시),,LISTED,KRW,true,3,,Tue Aug 18 2026 20:30:42 GMT+0900 (한국 표준시),Tue Aug 18 2026 20:30:42 GMT+0900 (한국 표준시)
18799,038880,,,아이에이,,KRX_KOSDAQ,COMMON,,,Thu Apr 27 2000 00:00:00 GMT+0900 (한국 표준시),,LISTED,KRW,true,3,,Tue Aug 18 2026 20:30:42 GMT+0900 (한국 표준시),Tue Aug 18 2026 20:30:42 GMT+0900 (한국 표준시)
18800,307180,,,아이엘,,KRX_KOSDAQ,COMMON,,,Fri Dec 21 2018 00:00:00 GMT+0900 (한국 표준시),,LISTED,KRW,true,3,,Tue Aug 18 2026 20:30:42 GMT+0900 (한국 표준시),Tue Aug 18 2026 20:30:42 GMT+0900 (한국 표준시)
18801,493280,,,아이엠바이오로직스,,KRX_KOSDAQ,COMMON,,,Fri Mar 20 2026 00:00:00 GMT+0900 (한국 표준시),,LISTED,KRW,true,3,,Tue Aug 18 2026 20:30:42 GMT+0900 (한국 표준시),Tue Aug 18 2026 20:30:42 GMT+0900 (한국 표준시)
18802,461030,,,아이엠비디엑스,,KRX_KOSDAQ,COMMON,,,Wed Apr 03 2024 00:00:00 GMT+0900 (한국 표준시),,LISTED,KRW,true,3,,Tue Aug 18 2026 20:30:42 GMT+0900 (한국 표준시),Tue Aug 18 2026 20:30:42 GMT+0900 (한국 표준시)
18803,052220,,,iMBC,,KRX_KOSDAQ,COMMON,,,Fri Jan 21 2005 00:00:00 GMT+0900 (한국 표준시),,LISTED,KRW,true,3,,Tue Aug 18 2026 20:30:42 GMT+0900 (한국 표준시),Tue Aug 18 2026 20:30:42 GMT+0900 (한국 표준시)
18804,451220,,,아이엠티,,KRX_KOSDAQ,COMMON,,,Tue Oct 10 2023 00:00:00 GMT+0900 (한국 표준시),,LISTED,KRW,true,3,,Tue Aug 18 2026 20:30:42 GMT+0900 (한국 표준시),Tue Aug 18 2026 20:30:42 GMT+0900 (한국 표준시)
18805,078860,,,아이오케이이엔엠,,KRX_KOSDAQ,COMMON,,,Tue Jun 27 2006 00:00:00 GMT+0900 (한국 표준시),,LISTED,KRW,true,3,,Tue Aug 18 2026 20:30:42 GMT+0900 (한국 표준시),Tue Aug 18 2026 20:30:42 GMT+0900 (한국 표준시)
18806,090150,,,아이윈,,KRX_KOSDAQ,COMMON,,,Fri Oct 20 2006 00:00:00 GMT+0900 (한국 표준시),,LISTED,KRW,true,3,,Tue Aug 18 2026 20:30:42 GMT+0900 (한국 표준시),Tue Aug 18 2026 20:30:42 GMT+0900 (한국 표준시)
18807,031310,,,아이즈비전,,KRX_KOSDAQ,COMMON,,,Fri Jul 25 1997 00:00:00 GMT+0900 (한국 표준시),,LISTED,KRW,true,3,,Tue Aug 18 2026 20:30:42 GMT+0900 (한국 표준시),Tue Aug 18 2026 20:30:42 GMT+0900 (한국 표준시)
18808,462980,,,아이지넷,,KRX_KOSDAQ,COMMON,,,Tue Feb 04 2025 00:00:00 GMT+0900 (한국 표준시),,LISTED,KRW,true,3,,Tue Aug 18 2026 20:30:42 GMT+0900 (한국 표준시),Tue Aug 18 2026 20:30:42 GMT+0900 (한국 표준시)
18809,185490,,,아이진,,KRX_KOSDAQ,COMMON,,,Mon Nov 16 2015 00:00:00 GMT+0900 (한국 표준시),,LISTED,KRW,true,3,,Tue Aug 18 2026 20:30:42 GMT+0900 (한국 표준시),Tue Aug 18 2026 20:30:42 GMT+0900 (한국 표준시)
18810,059100,,,아이컴포넌트,,KRX_KOSDAQ,COMMON,,,Tue Dec 16 2008 00:00:00 GMT+0900 (한국 표준시),,LISTED,KRW,true,3,,Tue Aug 18 2026 20:30:42 GMT+0900 (한국 표준시),Tue Aug 18 2026 20:30:42 GMT+0900 (한국 표준시)
18811,262840,,,아이퀘스트,,KRX_KOSDAQ,COMMON,,,Fri Feb 05 2021 00:00:00 GMT+0900 (한국 표준시),,LISTED,KRW,true,3,,Tue Aug 18 2026 20:30:42 GMT+0900 (한국 표준시),Tue Aug 18 2026 20:30:42 GMT+0900 (한국 표준시)
18812,175250,,,아이큐어,,KRX_KOSDAQ,COMMON,,,Thu Jul 12 2018 00:00:00 GMT+0900 (한국 표준시),,LISTED,KRW,true,3,,Tue Aug 18 2026 20:30:42 GMT+0900 (한국 표준시),Tue Aug 18 2026 20:30:42 GMT+0900 (한국 표준시)
18813,052460,,,아이크래프트,,KRX_KOSDAQ,COMMON,,,Mon Jan 03 2005 00:00:00 GMT+0900 (한국 표준시),,LISTED,KRW,true,3,,Tue Aug 18 2026 20:30:42 GMT+0900 (한국 표준시),Tue Aug 18 2026 20:30:42 GMT+0900 (한국 표준시)
18814,119830,,,아이텍,,KRX_KOSDAQ,COMMON,,,Tue Oct 26 2010 00:00:00 GMT+0900 (한국 표준시),,LISTED,KRW,true,3,,Tue Aug 18 2026 20:30:42 GMT+0900 (한국 표준시),Tue Aug 18 2026 20:30:42 GMT+0900 (한국 표준시)
18815,052770,,,아이톡시,,KRX_KOSDAQ,COMMON,,,Thu Aug 22 2002 00:00:00 GMT+0900 (한국 표준시),,LISTED,KRW,true,3,,Tue Aug 18 2026 20:30:42 GMT+0900 (한국 표준시),Tue Aug 18 2026 20:30:42 GMT+0900 (한국 표준시)
18816,124500,,,아이티센글로벌,,KRX_KOSDAQ,COMMON,,,Tue Dec 23 2014 00:00:00 GMT+0900 (한국 표준시),,LISTED,KRW,true,3,,Tue Aug 18 2026 20:30:42 GMT+0900 (한국 표준시),Tue Aug 18 2026 20:30:42 GMT+0900 (한국 표준시)
18817,010280,,,아이티센엔텍,,KRX_KOSDAQ,COMMON,,,Fri Apr 14 2000 00:00:00 GMT+0900 (한국 표준시),,LISTED,KRW,true,3,,Tue Aug 18 2026 20:30:42 GMT+0900 (한국 표준시),Tue Aug 18 2026 20:30:42 GMT+0900 (한국 표준시)
18818,232830,,,아이티센피엔에스,,KRX_KOSDAQ,COMMON,,,Thu Jun 29 2023 00:00:00 GMT+0900 (한국 표준시),,LISTED,KRW,true,3,,Tue Aug 18 2026 20:30:42 GMT+0900 (한국 표준시),Tue Aug 18 2026 20:30:42 GMT+0900 (한국 표준시)
18819,372800,,,아이티아이즈,,KRX_KOSDAQ,COMMON,,,Thu Nov 11 2021 00:00:00 GMT+0900 (한국 표준시),,LISTED,KRW,true,3,,Tue Aug 18 2026 20:30:42 GMT+0900 (한국 표준시),Tue Aug 18 2026 20:30:42 GMT+0900 (한국 표준시)
18820,084850,,,아이티엠반도체,,KRX_KOSDAQ,COMMON,,,Thu Nov 07 2019 00:00:00 GMT+0900 (한국 표준시),,LISTED,KRW,true,3,,Tue Aug 18 2026 20:30:42 GMT+0900 (한국 표준시),Tue Aug 18 2026 20:30:42 GMT+0900 (한국 표준시)
18821,309710,,,아이티켐,,KRX_KOSDAQ,COMMON,,,Thu Aug 07 2025 00:00:00 GMT+0900 (한국 표준시),,LISTED,KRW,true,3,,Tue Aug 18 2026 20:30:42 GMT+0900 (한국 표준시),Tue Aug 18 2026 20:30:42 GMT+0900 (한국 표준시)
18822,114840,,,아이패밀리에스씨,,KRX_KOSDAQ,COMMON,,,Thu Oct 28 2021 00:00:00 GMT+0900 (한국 표준시),,LISTED,KRW,true,3,,Tue Aug 18 2026 20:30:42 GMT+0900 (한국 표준시),Tue Aug 18 2026 20:30:42 GMT+0900 (한국 표준시)
18823,027360,,,아주IB투자,,KRX_KOSDAQ,COMMON,,,Wed Nov 21 2018 00:00:00 GMT+0900 (한국 표준시),,LISTED,KRW,true,3,,Tue Aug 18 2026 20:30:42 GMT+0900 (한국 표준시),Tue Aug 18 2026 20:30:42 GMT+0900 (한국 표준시)
18824,032080,,,아즈텍WB,,KRX_KOSDAQ,COMMON,,,Thu Oct 26 2000 00:00:00 GMT+0900 (한국 표준시),,LISTED,KRW,true,3,,Tue Aug 18 2026 20:30:42 GMT+0900 (한국 표준시),Tue Aug 18 2026 20:30:42 GMT+0900 (한국 표준시)
18825,013310,,,아진산업,,KRX_KOSDAQ,COMMON,,,Tue Dec 22 2015 00:00:00 GMT+0900 (한국 표준시),,LISTED,KRW,true,3,,Tue Aug 18 2026 20:30:42 GMT+0900 (한국 표준시),Tue Aug 18 2026 20:30:42 GMT+0900 (한국 표준시)
18826,059120,,,아진엑스텍,,KRX_KOSDAQ,COMMON,,,Thu Jul 24 2014 00:00:00 GMT+0900 (한국 표준시),,LISTED,KRW,true,3,,Tue Aug 18 2026 20:30:42 GMT+0900 (한국 표준시),Tue Aug 18 2026 20:30:42 GMT+0900 (한국 표준시)
18827,0007C0,,,아크릴,,KRX_KOSDAQ,COMMON,,,Tue Dec 16 2025 00:00:00 GMT+0900 (한국 표준시),,LISTED,KRW,true,3,,Tue Aug 18 2026 20:30:42 GMT+0900 (한국 표준시),Tue Aug 18 2026 20:30:42 GMT+0900 (한국 표준시)
18828,158430,,,아톤,,KRX_KOSDAQ,COMMON,,,Thu Oct 17 2019 00:00:00 GMT+0900 (한국 표준시),,LISTED,KRW,true,3,,Tue Aug 18 2026 20:30:42 GMT+0900 (한국 표준시),Tue Aug 18 2026 20:30:42 GMT+0900 (한국 표준시)
18829,297570,,,아틀라스링크,,KRX_KOSDAQ,COMMON,,,Fri Jul 20 2018 00:00:00 GMT+0900 (한국 표준시),,LISTED,KRW,true,3,,Tue Aug 18 2026 20:30:42 GMT+0900 (한국 표준시),Tue Aug 18 2026 20:30:42 GMT+0900 (한국 표준시)
18830,200350,,,아티스트스튜디오,,KRX_KOSDAQ,COMMON,,,Thu Dec 30 2021 00:00:00 GMT+0900 (한국 표준시),,LISTED,KRW,true,3,,Tue Aug 18 2026 20:30:42 GMT+0900 (한국 표준시),Tue Aug 18 2026 20:30:42 GMT+0900 (한국 표준시)
18831,321820,,,아티스트컴퍼니,,KRX_KOSDAQ,COMMON,,,Wed Feb 03 2021 00:00:00 GMT+0900 (한국 표준시),,LISTED,KRW,true,3,,Tue Aug 18 2026 20:30:42 GMT+0900 (한국 표준시),Tue Aug 18 2026 20:30:42 GMT+0900 (한국 표준시)
18832,001540,,,안국약품,,KRX_KOSDAQ,COMMON,,,Thu Jun 15 2000 00:00:00 GMT+0900 (한국 표준시),,LISTED,KRW,true,3,,Tue Aug 18 2026 20:30:42 GMT+0900 (한국 표준시),Tue Aug 18 2026 20:30:42 GMT+0900 (한국 표준시)
18833,053800,,,안랩,,KRX_KOSDAQ,COMMON,,,Thu Sep 13 2001 00:00:00 GMT+0900 (한국 표준시),,LISTED,KRW,true,3,,Tue Aug 18 2026 20:30:42 GMT+0900 (한국 표준시),Tue Aug 18 2026 20:30:42 GMT+0900 (한국 표준시)
18834,065660,,,안트로젠,,KRX_KOSDAQ,COMMON,,,Mon Feb 15 2016 00:00:00 GMT+0900 (한국 표준시),,LISTED,KRW,true,3,,Tue Aug 18 2026 20:30:42 GMT+0900 (한국 표준시),Tue Aug 18 2026 20:30:42 GMT+0900 (한국 표준시)
18835,260660,,,알리코제약,,KRX_KOSDAQ,COMMON,,,Mon Feb 12 2018 00:00:00 GMT+0900 (한국 표준시),,LISTED,KRW,true,3,,Tue Aug 18 2026 20:30:42 GMT+0900 (한국 표준시),Tue Aug 18 2026 20:30:42 GMT+0900 (한국 표준시)
18836,354320,,,알멕,,KRX_KOSDAQ,COMMON,,,Fri Jun 30 2023 00:00:00 GMT+0900 (한국 표준시),,LISTED,KRW,true,3,,Tue Aug 18 2026 20:30:42 GMT+0900 (한국 표준시),Tue Aug 18 2026 20:30:42 GMT+0900 (한국 표준시)
18837,361570,,,알비더블유,,KRX_KOSDAQ,COMMON,,,Mon Nov 22 2021 00:00:00 GMT+0900 (한국 표준시),,LISTED,KRW,true,3,,Tue Aug 18 2026 20:30:42 GMT+0900 (한국 표준시),Tue Aug 18 2026 20:30:42 GMT+0900 (한국 표준시)
18838,131370,,,알서포트,,KRX_KOSDAQ,COMMON,,,Wed Jan 05 2011 00:00:00 GMT+0900 (한국 표준시),,LISTED,KRW,true,3,,Tue Aug 18 2026 20:30:42 GMT+0900 (한국 표준시),Tue Aug 18 2026 20:30:42 GMT+0900 (한국 표준시)
18839,140670,,,알에스오토메이션,,KRX_KOSDAQ,COMMON,,,Fri Aug 11 2017 00:00:00 GMT+0900 (한국 표준시),,LISTED,KRW,true,3,,Tue Aug 18 2026 20:30:42 GMT+0900 (한국 표준시),Tue Aug 18 2026 20:30:42 GMT+0900 (한국 표준시)
18840,327260,,,RF머트리얼즈,,KRX_KOSDAQ,COMMON,,,Tue Dec 24 2019 00:00:00 GMT+0900 (한국 표준시),,LISTED,KRW,true,3,,Tue Aug 18 2026 20:30:42 GMT+0900 (한국 표준시),Tue Aug 18 2026 20:30:42 GMT+0900 (한국 표준시)
18841,096610,,,알에프세미,,KRX_KOSDAQ,COMMON,,,Tue Nov 20 2007 00:00:00 GMT+0900 (한국 표준시),,LISTED,KRW,true,3,,Tue Aug 18 2026 20:30:42 GMT+0900 (한국 표준시),Tue Aug 18 2026 20:30:42 GMT+0900 (한국 표준시)
18842,474610,,,RF시스템즈,,KRX_KOSDAQ,COMMON,,,Tue Nov 19 2024 00:00:00 GMT+0900 (한국 표준시),,LISTED,KRW,true,3,,Tue Aug 18 2026 20:30:42 GMT+0900 (한국 표준시),Tue Aug 18 2026 20:30:42 GMT+0900 (한국 표준시)
18843,218410,,,RFHIC,,KRX_KOSDAQ,COMMON,,,Tue Jun 30 2015 00:00:00 GMT+0900 (한국 표준시),,LISTED,KRW,true,3,,Tue Aug 18 2026 20:30:42 GMT+0900 (한국 표준시),Tue Aug 18 2026 20:30:42 GMT+0900 (한국 표준시)
18844,061040,,,알에프텍,,KRX_KOSDAQ,COMMON,,,Thu May 16 2002 00:00:00 GMT+0900 (한국 표준시),,LISTED,KRW,true,3,,Tue Aug 18 2026 20:30:42 GMT+0900 (한국 표준시),Tue Aug 18 2026 20:30:42 GMT+0900 (한국 표준시)
18845,148250,,,알엔투테크놀로지,,KRX_KOSDAQ,COMMON,,,Wed Jun 22 2016 00:00:00 GMT+0900 (한국 표준시),,LISTED,KRW,true,3,,Tue Aug 18 2026 20:30:42 GMT+0900 (한국 표준시),Tue Aug 18 2026 20:30:42 GMT+0900 (한국 표준시)
18846,123010,,,알엔티엑스,,KRX_KOSDAQ,COMMON,,,Wed Jul 20 2016 00:00:00 GMT+0900 (한국 표준시),,LISTED,KRW,true,3,,Tue Aug 18 2026 20:30:42 GMT+0900 (한국 표준시),Tue Aug 18 2026 20:30:42 GMT+0900 (한국 표준시)
18847,476830,,,알지노믹스,,KRX_KOSDAQ,COMMON,,,Thu Dec 18 2025 00:00:00 GMT+0900 (한국 표준시),,LISTED,KRW,true,3,,Tue Aug 18 2026 20:30:42 GMT+0900 (한국 표준시),Tue Aug 18 2026 20:30:42 GMT+0900 (한국 표준시)
18848,347860,,,알체라,,KRX_KOSDAQ,COMMON,,,Mon Dec 21 2020 00:00:00 GMT+0900 (한국 표준시),,LISTED,KRW,true,3,,Tue Aug 18 2026 20:30:42 GMT+0900 (한국 표준시),Tue Aug 18 2026 20:30:42 GMT+0900 (한국 표준시)
18849,196170,,,알테오젠,,KRX_KOSDAQ,COMMON,,,Fri Dec 12 2014 00:00:00 GMT+0900 (한국 표준시),,LISTED,KRW,true,3,,Tue Aug 18 2026 20:30:42 GMT+0900 (한국 표준시),Tue Aug 18 2026 20:30:42 GMT+0900 (한국 표준시)
18850,123750,,,알톤,,KRX_KOSDAQ,COMMON,,,Fri Jul 02 2010 00:00:00 GMT+0900 (한국 표준시),,LISTED,KRW,true,3,,Tue Aug 18 2026 20:30:42 GMT+0900 (한국 표준시),Tue Aug 18 2026 20:30:42 GMT+0900 (한국 표준시)
18851,459550,,,알트,,KRX_KOSDAQ,COMMON,,,Mon Nov 17 2025 00:00:00 GMT+0900 (한국 표준시),,LISTED,KRW,true,3,,Tue Aug 18 2026 20:30:42 GMT+0900 (한국 표준시),Tue Aug 18 2026 20:30:42 GMT+0900 (한국 표준시)
18852,085810,,,알티캐스트,,KRX_KOSDAQ,COMMON,,,Fri Dec 06 2013 00:00:00 GMT+0900 (한국 표준시),,LISTED,KRW,true,3,,Tue Aug 18 2026 20:30:42 GMT+0900 (한국 표준시),Tue Aug 18 2026 20:30:42 GMT+0900 (한국 표준시)
18853,043100,,,알파AI,,KRX_KOSDAQ,COMMON,,,Tue Aug 08 2000 00:00:00 GMT+0900 (한국 표준시),,LISTED,KRW,true,3,,Tue Aug 18 2026 20:30:42 GMT+0900 (한국 표준시),Tue Aug 18 2026 20:30:42 GMT+0900 (한국 표준시)
18854,117670,,,알파칩스,,KRX_KOSDAQ,COMMON,,,Fri Sep 17 2010 00:00:00 GMT+0900 (한국 표준시),,LISTED,KRW,true,3,,Tue Aug 18 2026 20:30:42 GMT+0900 (한국 표준시),Tue Aug 18 2026 20:30:42 GMT+0900 (한국 표준시)
18855,314140,,,알피바이오,,KRX_KOSDAQ,COMMON,,,Thu Sep 29 2022 00:00:00 GMT+0900 (한국 표준시),,LISTED,KRW,true,3,,Tue Aug 18 2026 20:30:42 GMT+0900 (한국 표준시),Tue Aug 18 2026 20:30:42 GMT+0900 (한국 표준시)
18856,293780,,,압타바이오,,KRX_KOSDAQ,COMMON,,,Wed Jun 12 2019 00:00:00 GMT+0900 (한국 표준시),,LISTED,KRW,true,3,,Tue Aug 18 2026 20:30:42 GMT+0900 (한국 표준시),Tue Aug 18 2026 20:30:42 GMT+0900 (한국 표준시)
18857,310200,,,애니플러스,,KRX_KOSDAQ,COMMON,,,Fri Dec 21 2018 00:00:00 GMT+0900 (한국 표준시),,LISTED,KRW,true,3,,Tue Aug 18 2026 20:30:42 GMT+0900 (한국 표준시),Tue Aug 18 2026 20:30:42 GMT+0900 (한국 표준시)
18858,179530,,,애드바이오텍,,KRX_KOSDAQ,COMMON,,,Mon Jan 24 2022 00:00:00 GMT+0900 (한국 표준시),,LISTED,KRW,true,3,,Tue Aug 18 2026 20:30:42 GMT+0900 (한국 표준시),Tue Aug 18 2026 20:30:42 GMT+0900 (한국 표준시)
18859,397810,,,애드포러스,,KRX_KOSDAQ,COMMON,,,Fri Aug 22 2025 00:00:00 GMT+0900 (한국 표준시),,LISTED,KRW,true,3,,Tue Aug 18 2026 20:30:42 GMT+0900 (한국 표준시),Tue Aug 18 2026 20:30:42 GMT+0900 (한국 표준시)
18860,0011A0,,,액스비스,,KRX_KOSDAQ,COMMON,,,Mon Mar 09 2026 00:00:00 GMT+0900 (한국 표준시),,LISTED,KRW,true,3,,Tue Aug 18 2026 20:30:42 GMT+0900 (한국 표준시),Tue Aug 18 2026 20:30:42 GMT+0900 (한국 표준시)
18861,052790,,,액토즈소프트,,KRX_KOSDAQ,COMMON,,,Tue Aug 14 2001 00:00:00 GMT+0900 (한국 표준시),,LISTED,KRW,true,3,,Tue Aug 18 2026 20:30:42 GMT+0900 (한국 표준시),Tue Aug 18 2026 20:30:42 GMT+0900 (한국 표준시)
18862,290740,,,액트로,,KRX_KOSDAQ,COMMON,,,Tue Aug 28 2018 00:00:00 GMT+0900 (한국 표준시),,LISTED,KRW,true,3,,Tue Aug 18 2026 20:30:42 GMT+0900 (한국 표준시),Tue Aug 18 2026 20:30:42 GMT+0900 (한국 표준시)
18863,238090,,,앤디포스,,KRX_KOSDAQ,COMMON,,,Wed Oct 12 2016 00:00:00 GMT+0900 (한국 표준시),,LISTED,KRW,true,3,,Tue Aug 18 2026 20:30:42 GMT+0900 (한국 표준시),Tue Aug 18 2026 20:30:42 GMT+0900 (한국 표준시)
18864,138360,,,앤로보틱스,,KRX_KOSDAQ,COMMON,,,Fri Nov 08 2013 00:00:00 GMT+0900 (한국 표준시),,LISTED,KRW,true,3,,Tue Aug 18 2026 20:30:42 GMT+0900 (한국 표준시),Tue Aug 18 2026 20:30:42 GMT+0900 (한국 표준시)
18865,092600,,,앤씨앤,,KRX_KOSDAQ,COMMON,,,Tue Jun 26 2007 00:00:00 GMT+0900 (한국 표준시),,LISTED,KRW,true,3,,Tue Aug 18 2026 20:30:42 GMT+0900 (한국 표준시),Tue Aug 18 2026 20:30:42 GMT+0900 (한국 표준시)
18866,129890,,,앱코,,KRX_KOSDAQ,COMMON,,,Wed Dec 02 2020 00:00:00 GMT+0900 (한국 표준시),,LISTED,KRW,true,3,,Tue Aug 18 2026 20:30:42 GMT+0900 (한국 표준시),Tue Aug 18 2026 20:30:42 GMT+0900 (한국 표준시)
18867,174900,,,앱클론,,KRX_KOSDAQ,COMMON,,,Mon Sep 18 2017 00:00:00 GMT+0900 (한국 표준시),,LISTED,KRW,true,3,,Tue Aug 18 2026 20:30:42 GMT+0900 (한국 표준시),Tue Aug 18 2026 20:30:42 GMT+0900 (한국 표준시)
18868,109960,,,앱토크롬,,KRX_KOSDAQ,COMMON,,,Fri Nov 13 2009 00:00:00 GMT+0900 (한국 표준시),,LISTED,KRW,true,3,,Tue Aug 18 2026 20:30:42 GMT+0900 (한국 표준시),Tue Aug 18 2026 20:30:42 GMT+0900 (한국 표준시)
18869,270520,,,앱튼,,KRX_KOSDAQ,COMMON,,,Tue Aug 22 2017 00:00:00 GMT+0900 (한국 표준시),,LISTED,KRW,true,3,,Tue Aug 18 2026 20:30:42 GMT+0900 (한국 표준시),Tue Aug 18 2026 20:30:42 GMT+0900 (한국 표준시)
18870,255440,,,야스,,KRX_KOSDAQ,COMMON,,,Fri Sep 29 2017 00:00:00 GMT+0900 (한국 표준시),,LISTED,KRW,true,3,,Tue Aug 18 2026 20:30:42 GMT+0900 (한국 표준시),Tue Aug 18 2026 20:30:42 GMT+0900 (한국 표준시)
18871,030960,,,양지사,,KRX_KOSDAQ,COMMON,,,Thu Oct 24 1996 00:00:00 GMT+0900 (한국 표준시),,LISTED,KRW,true,3,,Tue Aug 18 2026 20:30:42 GMT+0900 (한국 표준시),Tue Aug 18 2026 20:30:42 GMT+0900 (한국 표준시)
18872,102120,,,어보브반도체,,KRX_KOSDAQ,COMMON,,,Fri Jun 05 2009 00:00:00 GMT+0900 (한국 표준시),,LISTED,KRW,true,3,,Tue Aug 18 2026 20:30:42 GMT+0900 (한국 표준시),Tue Aug 18 2026 20:30:42 GMT+0900 (한국 표준시)
18873,238120,,,얼라인드,,KRX_KOSDAQ,COMMON,,,Thu Nov 03 2016 00:00:00 GMT+0900 (한국 표준시),,LISTED,KRW,true,3,,Tue Aug 18 2026 20:30:42 GMT+0900 (한국 표준시),Tue Aug 18 2026 20:30:42 GMT+0900 (한국 표준시)
18874,019990,,,에너토크,,KRX_KOSDAQ,COMMON,,,Wed Feb 01 2006 00:00:00 GMT+0900 (한국 표준시),,LISTED,KRW,true,3,,Tue Aug 18 2026 20:30:42 GMT+0900 (한국 표준시),Tue Aug 18 2026 20:30:42 GMT+0900 (한국 표준시)
18875,435570,,,에르코스,,KRX_KOSDAQ,COMMON,,,Fri Feb 28 2025 00:00:00 GMT+0900 (한국 표준시),,LISTED,KRW,true,3,,Tue Aug 18 2026 20:30:42 GMT+0900 (한국 표준시),Tue Aug 18 2026 20:30:42 GMT+0900 (한국 표준시)
18876,270660,,,에브리봇,,KRX_KOSDAQ,COMMON,,,Wed Jul 28 2021 00:00:00 GMT+0900 (한국 표준시),,LISTED,KRW,true,3,,Tue Aug 18 2026 20:30:42 GMT+0900 (한국 표준시),Tue Aug 18 2026 20:30:42 GMT+0900 (한국 표준시)
18877,038680,,,에스넷,,KRX_KOSDAQ,COMMON,,,Thu Apr 27 2000 00:00:00 GMT+0900 (한국 표준시),,LISTED,KRW,true,3,,Tue Aug 18 2026 20:30:42 GMT+0900 (한국 표준시),Tue Aug 18 2026 20:30:42 GMT+0900 (한국 표준시)
18878,217480,,,에스디생명공학,,KRX_KOSDAQ,COMMON,,,Thu Mar 02 2017 00:00:00 GMT+0900 (한국 표준시),,LISTED,KRW,true,3,,Tue Aug 18 2026 20:30:42 GMT+0900 (한국 표준시),Tue Aug 18 2026 20:30:42 GMT+0900 (한국 표준시)
18879,121890,,,에스디시스템,,KRX_KOSDAQ,COMMON,,,Fri Jul 16 2010 00:00:00 GMT+0900 (한국 표준시),,LISTED,KRW,true,3,,Tue Aug 18 2026 20:30:42 GMT+0900 (한국 표준시),Tue Aug 18 2026 20:30:42 GMT+0900 (한국 표준시)
18880,099220,,,SDN,,KRX_KOSDAQ,COMMON,,,Tue May 19 2009 00:00:00 GMT+0900 (한국 표준시),,LISTED,KRW,true,3,,Tue Aug 18 2026 20:30:42 GMT+0900 (한국 표준시),Tue Aug 18 2026 20:30:42 GMT+0900 (한국 표준시)
18881,304360,,,에스바이오메딕스,,KRX_KOSDAQ,COMMON,,,Thu May 04 2023 00:00:00 GMT+0900 (한국 표준시),,LISTED,KRW,true,3,,Tue Aug 18 2026 20:30:42 GMT+0900 (한국 표준시),Tue Aug 18 2026 20:30:42 GMT+0900 (한국 표준시)
18882,289080,,,SV인베스트먼트,,KRX_KOSDAQ,COMMON,,,Fri Jul 06 2018 00:00:00 GMT+0900 (한국 표준시),,LISTED,KRW,true,3,,Tue Aug 18 2026 20:30:42 GMT+0900 (한국 표준시),Tue Aug 18 2026 20:30:42 GMT+0900 (한국 표준시)
18883,389500,,,에스비비테크,,KRX_KOSDAQ,COMMON,,,Mon Oct 17 2022 00:00:00 GMT+0900 (한국 표준시),,LISTED,KRW,true,3,,Tue Aug 18 2026 20:30:42 GMT+0900 (한국 표준시),Tue Aug 18 2026 20:30:42 GMT+0900 (한국 표준시)
18884,019550,,,SBI인베스트먼트,,KRX_KOSDAQ,COMMON,,,Wed Sep 06 1989 00:00:00 GMT+0900 (한국 표준시),,LISTED,KRW,true,3,,Tue Aug 18 2026 20:30:42 GMT+0900 (한국 표준시),Tue Aug 18 2026 20:30:42 GMT+0900 (한국 표준시)
18885,042110,,,에스씨디,,KRX_KOSDAQ,COMMON,,,Thu Jul 13 2000 00:00:00 GMT+0900 (한국 표준시),,LISTED,KRW,true,3,,Tue Aug 18 2026 20:30:42 GMT+0900 (한국 표준시),Tue Aug 18 2026 20:30:42 GMT+0900 (한국 표준시)
18886,246960,,,SCL사이언스,,KRX_KOSDAQ,COMMON,,,Fri Feb 01 2019 00:00:00 GMT+0900 (한국 표준시),,LISTED,KRW,true,3,,Tue Aug 18 2026 20:30:42 GMT+0900 (한국 표준시),Tue Aug 18 2026 20:30:42 GMT+0900 (한국 표준시)
18887,065420,,,에스아이리소스,,KRX_KOSDAQ,COMMON,,,Thu Aug 22 2002 00:00:00 GMT+0900 (한국 표준시),,LISTED,KRW,true,3,,Tue Aug 18 2026 20:30:42 GMT+0900 (한국 표준시),Tue Aug 18 2026 20:30:42 GMT+0900 (한국 표준시)
18888,103230,,,에스앤더블류,,KRX_KOSDAQ,COMMON,,,Wed Aug 05 2009 00:00:00 GMT+0900 (한국 표준시),,LISTED,KRW,true,3,,Tue Aug 18 2026 20:30:42 GMT+0900 (한국 표준시),Tue Aug 18 2026 20:30:42 GMT+0900 (한국 표준시)
18889,260970,,,에스앤디,,KRX_KOSDAQ,COMMON,,,Wed Sep 29 2021 00:00:00 GMT+0900 (한국 표준시),,LISTED,KRW,true,3,,Tue Aug 18 2026 20:30:42 GMT+0900 (한국 표준시),Tue Aug 18 2026 20:30:42 GMT+0900 (한국 표준시)
18890,101490,,,에스앤에스텍,,KRX_KOSDAQ,COMMON,,,Tue Apr 14 2009 00:00:00 GMT+0900 (한국 표준시),,LISTED,KRW,true,3,,Tue Aug 18 2026 20:30:42 GMT+0900 (한국 표준시),Tue Aug 18 2026 20:30:42 GMT+0900 (한국 표준시)
18891,095910,,,에스에너지,,KRX_KOSDAQ,COMMON,,,Tue Oct 16 2007 00:00:00 GMT+0900 (한국 표준시),,LISTED,KRW,true,3,,Tue Aug 18 2026 20:30:42 GMT+0900 (한국 표준시),Tue Aug 18 2026 20:30:42 GMT+0900 (한국 표준시)
18892,275630,,,에스에스알,,KRX_KOSDAQ,COMMON,,,Mon Aug 06 2018 00:00:00 GMT+0900 (한국 표준시),,LISTED,KRW,true,3,,Tue Aug 18 2026 20:30:42 GMT+0900 (한국 표준시),Tue Aug 18 2026 20:30:42 GMT+0900 (한국 표준시)
18893,419530,,,SAMG엔터,,KRX_KOSDAQ,COMMON,,,Tue Dec 06 2022 00:00:00 GMT+0900 (한국 표준시),,LISTED,KRW,true,3,,Tue Aug 18 2026 20:30:42 GMT+0900 (한국 표준시),Tue Aug 18 2026 20:30:42 GMT+0900 (한국 표준시)
18894,031330,,,에스에이엠티,,KRX_KOSDAQ,COMMON,,,Tue May 23 2000 00:00:00 GMT+0900 (한국 표준시),,LISTED,KRW,true,3,,Tue Aug 18 2026 20:30:42 GMT+0900 (한국 표준시),Tue Aug 18 2026 20:30:42 GMT+0900 (한국 표준시)
18895,060540,,,에스에이티,,KRX_KOSDAQ,COMMON,,,Tue Nov 28 2006 00:00:00 GMT+0900 (한국 표준시),,LISTED,KRW,true,3,,Tue Aug 18 2026 20:30:42 GMT+0900 (한국 표준시),Tue Aug 18 2026 20:30:42 GMT+0900 (한국 표준시)
18896,056190,,,SFA,,KRX_KOSDAQ,COMMON,,,Tue Dec 18 2001 00:00:00 GMT+0900 (한국 표준시),,LISTED,KRW,true,3,,Tue Aug 18 2026 20:30:42 GMT+0900 (한국 표준시),Tue Aug 18 2026 20:30:42 GMT+0900 (한국 표준시)
18897,036540,,,SFA반도체,,KRX_KOSDAQ,COMMON,,,Wed May 02 2001 00:00:00 GMT+0900 (한국 표준시),,LISTED,KRW,true,3,,Tue Aug 18 2026 20:30:42 GMT+0900 (한국 표준시),Tue Aug 18 2026 20:30:42 GMT+0900 (한국 표준시)
18898,0008Z0,,,에스엔시스,,KRX_KOSDAQ,COMMON,,,Tue Aug 19 2025 00:00:00 GMT+0900 (한국 표준시),,LISTED,KRW,true,3,,Tue Aug 18 2026 20:30:42 GMT+0900 (한국 표준시),Tue Aug 18 2026 20:30:42 GMT+0900 (한국 표준시)
18899,091340,,,S&K폴리텍,,KRX_KOSDAQ,COMMON,,,Mon Jul 30 2007 00:00:00 GMT+0900 (한국 표준시),,LISTED,KRW,true,3,,Tue Aug 18 2026 20:30:42 GMT+0900 (한국 표준시),Tue Aug 18 2026 20:30:42 GMT+0900 (한국 표준시)
18900,246250,,,에스엘에스바이오,,KRX_KOSDAQ,COMMON,,,Fri Oct 20 2023 00:00:00 GMT+0900 (한국 표준시),,LISTED,KRW,true,3,,Tue Aug 18 2026 20:30:42 GMT+0900 (한국 표준시),Tue Aug 18 2026 20:30:42 GMT+0900 (한국 표준시)
18901,063440,,,SM Life Design,,KRX_KOSDAQ,COMMON,,,Thu May 30 2002 00:00:00 GMT+0900 (한국 표준시),,LISTED,KRW,true,3,,Tue Aug 18 2026 20:30:42 GMT+0900 (한국 표준시),Tue Aug 18 2026 20:30:42 GMT+0900 (한국 표준시)
18902,460870,,,에스엠씨지,,KRX_KOSDAQ,COMMON,,,Fri Mar 07 2025 00:00:00 GMT+0900 (한국 표준시),,LISTED,KRW,true,3,,Tue Aug 18 2026 20:30:42 GMT+0900 (한국 표준시),Tue Aug 18 2026 20:30:42 GMT+0900 (한국 표준시)
18903,041510,,,에스엠,,KRX_KOSDAQ,COMMON,,,Thu Apr 27 2000 00:00:00 GMT+0900 (한국 표준시),,LISTED,KRW,true,3,,Tue Aug 18 2026 20:30:42 GMT+0900 (한국 표준시),Tue Aug 18 2026 20:30:42 GMT+0900 (한국 표준시)
18904,048550,,,SM C&C,,KRX_KOSDAQ,COMMON,,,Thu Jan 18 2001 00:00:00 GMT+0900 (한국 표준시),,LISTED,KRW,true,3,,Tue Aug 18 2026 20:30:42 GMT+0900 (한국 표준시),Tue Aug 18 2026 20:30:42 GMT+0900 (한국 표준시)
18905,464080,,,에스오에스랩,,KRX_KOSDAQ,COMMON,,,Tue Jun 25 2024 00:00:00 GMT+0900 (한국 표준시),,LISTED,KRW,true,3,,Tue Aug 18 2026 20:30:42 GMT+0900 (한국 표준시),Tue Aug 18 2026 20:30:42 GMT+0900 (한국 표준시)
18906,109610,,,에스와이,,KRX_KOSDAQ,COMMON,,,Tue Dec 29 2015 00:00:00 GMT+0900 (한국 표준시),,LISTED,KRW,true,3,,Tue Aug 18 2026 20:30:42 GMT+0900 (한국 표준시),Tue Aug 18 2026 20:30:42 GMT+0900 (한국 표준시)
18907,365330,,,에스와이스틸텍,,KRX_KOSDAQ,COMMON,,,Mon Nov 13 2023 00:00:00 GMT+0900 (한국 표준시),,LISTED,KRW,true,3,,Tue Aug 18 2026 20:30:42 GMT+0900 (한국 표준시),Tue Aug 18 2026 20:30:42 GMT+0900 (한국 표준시)
18908,306040,,,에스제이그룹,,KRX_KOSDAQ,COMMON,,,Mon Nov 18 2019 00:00:00 GMT+0900 (한국 표준시),,LISTED,KRW,true,3,,Tue Aug 18 2026 20:30:42 GMT+0900 (한국 표준시),Tue Aug 18 2026 20:30:42 GMT+0900 (한국 표준시)
18909,016250,,,SGC E&C,,KRX_KOSDAQ,COMMON,,,Tue Dec 28 1999 00:00:00 GMT+0900 (한국 표준시),,LISTED,KRW,true,3,,Tue Aug 18 2026 20:30:42 GMT+0900 (한국 표준시),Tue Aug 18 2026 20:30:42 GMT+0900 (한국 표준시)
18910,184230,,,SGA솔루션즈,,KRX_KOSDAQ,COMMON,,,Fri Dec 20 2013 00:00:00 GMT+0900 (한국 표준시),,LISTED,KRW,true,3,,Tue Aug 18 2026 20:30:42 GMT+0900 (한국 표준시),Tue Aug 18 2026 20:30:42 GMT+0900 (한국 표준시)
18911,040610,,,SG&G,,KRX_KOSDAQ,COMMON,,,Thu Apr 27 2000 00:00:00 GMT+0900 (한국 표준시),,LISTED,KRW,true,3,,Tue Aug 18 2026 20:30:42 GMT+0900 (한국 표준시),Tue Aug 18 2026 20:30:42 GMT+0900 (한국 표준시)
18912,255220,,,SG,,KRX_KOSDAQ,COMMON,,,Fri Jan 26 2018 00:00:00 GMT+0900 (한국 표준시),,LISTED,KRW,true,3,,Tue Aug 18 2026 20:30:42 GMT+0900 (한국 표준시),Tue Aug 18 2026 20:30:42 GMT+0900 (한국 표준시)
18913,398120,,,에스지헬스케어,,KRX_KOSDAQ,COMMON,,,Thu Dec 19 2024 00:00:00 GMT+0900 (한국 표준시),,LISTED,KRW,true,3,,Tue Aug 18 2026 20:30:42 GMT+0900 (한국 표준시),Tue Aug 18 2026 20:30:42 GMT+0900 (한국 표준시)
18914,472230,,,에스케이증권제11호스팩,,KRX_KOSDAQ,COMMON,,,Mon Mar 04 2024 00:00:00 GMT+0900 (한국 표준시),,LISTED,KRW,true,3,,Tue Aug 18 2026 20:30:42 GMT+0900 (한국 표준시),Tue Aug 18 2026 20:30:42 GMT+0900 (한국 표준시)
18915,473000,,,에스케이증권제12호스팩,,KRX_KOSDAQ,COMMON,,,Tue May 07 2024 00:00:00 GMT+0900 (한국 표준시),,LISTED,KRW,true,3,,Tue Aug 18 2026 20:30:42 GMT+0900 (한국 표준시),Tue Aug 18 2026 20:30:42 GMT+0900 (한국 표준시)
18916,473950,,,에스케이증권제13호스팩,,KRX_KOSDAQ,COMMON,,,Thu Jul 25 2024 00:00:00 GMT+0900 (한국 표준시),,LISTED,KRW,true,3,,Tue Aug 18 2026 20:30:42 GMT+0900 (한국 표준시),Tue Aug 18 2026 20:30:42 GMT+0900 (한국 표준시)
18917,475660,,,에스켐,,KRX_KOSDAQ,COMMON,,,Mon Nov 18 2024 00:00:00 GMT+0900 (한국 표준시),,LISTED,KRW,true,3,,Tue Aug 18 2026 20:30:42 GMT+0900 (한국 표준시),Tue Aug 18 2026 20:30:42 GMT+0900 (한국 표준시)
18918,096630,,,에스코넥,,KRX_KOSDAQ,COMMON,,,Wed Dec 26 2007 00:00:00 GMT+0900 (한국 표준시),,LISTED,KRW,true,3,,Tue Aug 18 2026 20:30:42 GMT+0900 (한국 표준시),Tue Aug 18 2026 20:30:42 GMT+0900 (한국 표준시)
18919,069510,,,에스텍,,KRX_KOSDAQ,COMMON,,,Fri Nov 14 2003 00:00:00 GMT+0900 (한국 표준시),,LISTED,KRW,true,3,,Tue Aug 18 2026 20:30:42 GMT+0900 (한국 표준시),Tue Aug 18 2026 20:30:42 GMT+0900 (한국 표준시)
18920,488280,,,에스투더블유,,KRX_KOSDAQ,COMMON,,,Fri Sep 19 2025 00:00:00 GMT+0900 (한국 표준시),,LISTED,KRW,true,3,,Tue Aug 18 2026 20:30:42 GMT+0900 (한국 표준시),Tue Aug 18 2026 20:30:42 GMT+0900 (한국 표준시)
18921,234300,,,에스트래픽,,KRX_KOSDAQ,COMMON,,,Tue Dec 05 2017 00:00:00 GMT+0900 (한국 표준시),,LISTED,KRW,true,3,,Tue Aug 18 2026 20:30:42 GMT+0900 (한국 표준시),Tue Aug 18 2026 20:30:42 GMT+0900 (한국 표준시)
18922,039440,,,에스티아이,,KRX_KOSDAQ,COMMON,,,Thu Feb 28 2002 00:00:00 GMT+0900 (한국 표준시),,LISTED,KRW,true,3,,Tue Aug 18 2026 20:30:42 GMT+0900 (한국 표준시),Tue Aug 18 2026 20:30:42 GMT+0900 (한국 표준시)
18923,098660,,,에스티오,,KRX_KOSDAQ,COMMON,,,Fri Apr 17 2009 00:00:00 GMT+0900 (한국 표준시),,LISTED,KRW,true,3,,Tue Aug 18 2026 20:30:42 GMT+0900 (한국 표준시),Tue Aug 18 2026 20:30:42 GMT+0900 (한국 표준시)
18924,052020,,,에스티큐브,,KRX_KOSDAQ,COMMON,,,Thu Jul 05 2001 00:00:00 GMT+0900 (한국 표준시),,LISTED,KRW,true,3,,Tue Aug 18 2026 20:30:42 GMT+0900 (한국 표준시),Tue Aug 18 2026 20:30:42 GMT+0900 (한국 표준시)
18925,237690,,,에스티팜,,KRX_KOSDAQ,COMMON,,,Thu Jun 23 2016 00:00:00 GMT+0900 (한국 표준시),,LISTED,KRW,true,3,,Tue Aug 18 2026 20:30:42 GMT+0900 (한국 표준시),Tue Aug 18 2026 20:30:42 GMT+0900 (한국 표준시)
18926,458350,,,에스팀,,KRX_KOSDAQ,COMMON,,,Fri Mar 06 2026 00:00:00 GMT+0900 (한국 표준시),,LISTED,KRW,true,3,,Tue Aug 18 2026 20:30:42 GMT+0900 (한국 표준시),Tue Aug 18 2026 20:30:42 GMT+0900 (한국 표준시)
18927,050760,,,에스폴리텍,,KRX_KOSDAQ,COMMON,,,Thu May 16 2002 00:00:00 GMT+0900 (한국 표준시),,LISTED,KRW,true,3,,Tue Aug 18 2026 20:30:42 GMT+0900 (한국 표준시),Tue Aug 18 2026 20:30:42 GMT+0900 (한국 표준시)
18928,288620,,,에스프리즘,,KRX_KOSDAQ,COMMON,,,Mon Oct 15 2018 00:00:00 GMT+0900 (한국 표준시),,LISTED,KRW,true,3,,Tue Aug 18 2026 20:30:42 GMT+0900 (한국 표준시),Tue Aug 18 2026 20:30:42 GMT+0900 (한국 표준시)
18929,443670,,,에스피소프트,,KRX_KOSDAQ,COMMON,,,Thu Feb 15 2024 00:00:00 GMT+0900 (한국 표준시),,LISTED,KRW,true,3,,Tue Aug 18 2026 20:30:42 GMT+0900 (한국 표준시),Tue Aug 18 2026 20:30:42 GMT+0900 (한국 표준시)
18930,317830,,,에스피시스템스,,KRX_KOSDAQ,COMMON,,,Wed Aug 14 2019 00:00:00 GMT+0900 (한국 표준시),,LISTED,KRW,true,3,,Tue Aug 18 2026 20:30:42 GMT+0900 (한국 표준시),Tue Aug 18 2026 20:30:42 GMT+0900 (한국 표준시)
18931,058610,,,에스피지,,KRX_KOSDAQ,COMMON,,,Tue Jul 23 2002 00:00:00 GMT+0900 (한국 표준시),,LISTED,KRW,true,3,,Tue Aug 18 2026 20:30:42 GMT+0900 (한국 표준시),Tue Aug 18 2026 20:30:42 GMT+0900 (한국 표준시)
18932,043340,,,에쎈테크,,KRX_KOSDAQ,COMMON,,,Tue Aug 29 2000 00:00:00 GMT+0900 (한국 표준시),,LISTED,KRW,true,3,,Tue Aug 18 2026 20:30:42 GMT+0900 (한국 표준시),Tue Aug 18 2026 20:30:42 GMT+0900 (한국 표준시)
18933,163280,,,에어레인,,KRX_KOSDAQ,COMMON,,,Fri Nov 08 2024 00:00:00 GMT+0900 (한국 표준시),,LISTED,KRW,true,3,,Tue Aug 18 2026 20:30:42 GMT+0900 (한국 표준시),Tue Aug 18 2026 20:30:42 GMT+0900 (한국 표준시)
18934,200710,,,에이디테크놀로지,,KRX_KOSDAQ,COMMON,,,Tue Dec 16 2014 00:00:00 GMT+0900 (한국 표준시),,LISTED,KRW,true,3,,Tue Aug 18 2026 20:30:42 GMT+0900 (한국 표준시),Tue Aug 18 2026 20:30:42 GMT+0900 (한국 표준시)
18935,475580,,,에이럭스,,KRX_KOSDAQ,COMMON,,,Fri Nov 01 2024 00:00:00 GMT+0900 (한국 표준시),,LISTED,KRW,true,3,,Tue Aug 18 2026 20:30:42 GMT+0900 (한국 표준시),Tue Aug 18 2026 20:30:42 GMT+0900 (한국 표준시)
18936,096690,,,에이루트,,KRX_KOSDAQ,COMMON,,,Wed Dec 01 2010 00:00:00 GMT+0900 (한국 표준시),,LISTED,KRW,true,3,,Tue Aug 18 2026 20:30:42 GMT+0900 (한국 표준시),Tue Aug 18 2026 20:30:42 GMT+0900 (한국 표준시)
18937,298380,,,에이비엘바이오,,KRX_KOSDAQ,COMMON,,,Wed Dec 19 2018 00:00:00 GMT+0900 (한국 표준시),,LISTED,KRW,true,3,,Tue Aug 18 2026 20:30:42 GMT+0900 (한국 표준시),Tue Aug 18 2026 20:30:42 GMT+0900 (한국 표준시)
18938,203400,,,에이비온,,KRX_KOSDAQ,COMMON,,,Wed Sep 08 2021 00:00:00 GMT+0900 (한국 표준시),,LISTED,KRW,true,3,,Tue Aug 18 2026 20:30:42 GMT+0900 (한국 표준시),Tue Aug 18 2026 20:30:42 GMT+0900 (한국 표준시)
18939,003800,,,에이스침대,,KRX_KOSDAQ,COMMON,,,Fri May 03 1996 00:00:00 GMT+0900 (한국 표준시),,LISTED,KRW,true,3,,Tue Aug 18 2026 20:30:42 GMT+0900 (한국 표준시),Tue Aug 18 2026 20:30:42 GMT+0900 (한국 표준시)
18940,088800,,,에이스테크,,KRX_KOSDAQ,COMMON,,,Mon Mar 27 2006 00:00:00 GMT+0900 (한국 표준시),,LISTED,KRW,true,3,,Tue Aug 18 2026 20:30:42 GMT+0900 (한국 표준시),Tue Aug 18 2026 20:30:42 GMT+0900 (한국 표준시)
18941,241840,,,에이스토리,,KRX_KOSDAQ,COMMON,,,Fri Jul 19 2019 00:00:00 GMT+0900 (한국 표준시),,LISTED,KRW,true,3,,Tue Aug 18 2026 20:30:42 GMT+0900 (한국 표준시),Tue Aug 18 2026 20:30:42 GMT+0900 (한국 표준시)
18942,364950,,,에이아이코리아,,KRX_KOSDAQ,COMMON,,,Tue Apr 29 2025 00:00:00 GMT+0900 (한국 표준시),,LISTED,KRW,true,3,,Tue Aug 18 2026 20:30:42 GMT+0900 (한국 표준시),Tue Aug 18 2026 20:30:42 GMT+0900 (한국 표준시)
18943,453860,,,에이에스텍,,KRX_KOSDAQ,COMMON,,,Tue Nov 28 2023 00:00:00 GMT+0900 (한국 표준시),,LISTED,KRW,true,3,,Tue Aug 18 2026 20:30:42 GMT+0900 (한국 표준시),Tue Aug 18 2026 20:30:42 GMT+0900 (한국 표준시)
18944,312610,,,에이에프더블류,,KRX_KOSDAQ,COMMON,,,Mon Jul 01 2019 00:00:00 GMT+0900 (한국 표준시),,LISTED,KRW,true,3,,Tue Aug 18 2026 20:30:42 GMT+0900 (한국 표준시),Tue Aug 18 2026 20:30:42 GMT+0900 (한국 표준시)
18945,172670,,,에이엘티,,KRX_KOSDAQ,COMMON,,,Thu Jul 27 2023 00:00:00 GMT+0900 (한국 표준시),,LISTED,KRW,true,3,,Tue Aug 18 2026 20:30:42 GMT+0900 (한국 표준시),Tue Aug 18 2026 20:30:42 GMT+0900 (한국 표준시)
18946,481070,,,에이유브랜즈,,KRX_KOSDAQ,COMMON,,,Thu Apr 03 2025 00:00:00 GMT+0900 (한국 표준시),,LISTED,KRW,true,3,,Tue Aug 18 2026 20:30:42 GMT+0900 (한국 표준시),Tue Aug 18 2026 20:30:42 GMT+0900 (한국 표준시)
18947,060900,,,에이전트AI,,KRX_KOSDAQ,COMMON,,,Tue Sep 17 2002 00:00:00 GMT+0900 (한국 표준시),,LISTED,KRW,true,3,,Tue Aug 18 2026 20:30:42 GMT+0900 (한국 표준시),Tue Aug 18 2026 20:30:42 GMT+0900 (한국 표준시)
18948,445090,,,에이직랜드,,KRX_KOSDAQ,COMMON,,,Mon Nov 13 2023 00:00:00 GMT+0900 (한국 표준시),,LISTED,KRW,true,3,,Tue Aug 18 2026 20:30:42 GMT+0900 (한국 표준시),Tue Aug 18 2026 20:30:42 GMT+0900 (한국 표준시)
18949,295310,,,에이치브이엠,,KRX_KOSDAQ,COMMON,,,Fri Jun 28 2024 00:00:00 GMT+0900 (한국 표준시),,LISTED,KRW,true,3,,Tue Aug 18 2026 20:30:42 GMT+0900 (한국 표준시),Tue Aug 18 2026 20:30:42 GMT+0900 (한국 표준시)
18950,297890,,,HB솔루션,,KRX_KOSDAQ,COMMON,,,Mon Jun 22 2020 00:00:00 GMT+0900 (한국 표준시),,LISTED,KRW,true,3,,Tue Aug 18 2026 20:30:42 GMT+0900 (한국 표준시),Tue Aug 18 2026 20:30:42 GMT+0900 (한국 표준시)
18951,440290,,,HB인베스트먼트,,KRX_KOSDAQ,COMMON,,,Thu Jan 25 2024 00:00:00 GMT+0900 (한국 표준시),,LISTED,KRW,true,3,,Tue Aug 18 2026 20:30:42 GMT+0900 (한국 표준시),Tue Aug 18 2026 20:30:42 GMT+0900 (한국 표준시)
18952,078150,,,HB테크놀러지,,KRX_KOSDAQ,COMMON,,,Wed Dec 08 2004 00:00:00 GMT+0900 (한국 표준시),,LISTED,KRW,true,3,,Tue Aug 18 2026 20:30:42 GMT+0900 (한국 표준시),Tue Aug 18 2026 20:30:42 GMT+0900 (한국 표준시)
18953,072990,,,에이치시티,,KRX_KOSDAQ,COMMON,,,Mon Oct 17 2016 00:00:00 GMT+0900 (한국 표준시),,LISTED,KRW,true,3,,Tue Aug 18 2026 20:30:42 GMT+0900 (한국 표준시),Tue Aug 18 2026 20:30:42 GMT+0900 (한국 표준시)
18954,225530,,,HC보광산업,,KRX_KOSDAQ,COMMON,,,Thu Dec 17 2015 00:00:00 GMT+0900 (한국 표준시),,LISTED,KRW,true,3,,Tue Aug 18 2026 20:30:42 GMT+0900 (한국 표준시),Tue Aug 18 2026 20:30:42 GMT+0900 (한국 표준시)
18955,060560,,,HC홈센타,,KRX_KOSDAQ,COMMON,,,Thu Jul 11 2002 00:00:00 GMT+0900 (한국 표준시),,LISTED,KRW,true,3,,Tue Aug 18 2026 20:30:42 GMT+0900 (한국 표준시),Tue Aug 18 2026 20:30:42 GMT+0900 (한국 표준시)
18956,036640,,,HRS,,KRX_KOSDAQ,COMMON,,,Tue May 30 2000 00:00:00 GMT+0900 (한국 표준시),,LISTED,KRW,true,3,,Tue Aug 18 2026 20:30:42 GMT+0900 (한국 표준시),Tue Aug 18 2026 20:30:42 GMT+0900 (한국 표준시)
18957,044990,,,에이치엔에스하이텍,,KRX_KOSDAQ,COMMON,,,Fri Oct 25 2024 00:00:00 GMT+0900 (한국 표준시),,LISTED,KRW,true,3,,Tue Aug 18 2026 20:30:42 GMT+0900 (한국 표준시),Tue Aug 18 2026 20:30:42 GMT+0900 (한국 표준시)
18958,028300,,,HLB,,KRX_KOSDAQ,COMMON,,,Sat Jul 27 1996 00:00:00 GMT+0900 (한국 표준시),,LISTED,KRW,true,3,,Tue Aug 18 2026 20:30:42 GMT+0900 (한국 표준시),Tue Aug 18 2026 20:30:42 GMT+0900 (한국 표준시)
18959,278650,,,HLB바이오스텝,,KRX_KOSDAQ,COMMON,,,Wed Nov 27 2019 00:00:00 GMT+0900 (한국 표준시),,LISTED,KRW,true,3,,Tue Aug 18 2026 20:30:42 GMT+0900 (한국 표준시),Tue Aug 18 2026 20:30:42 GMT+0900 (한국 표준시)
18960,067630,,,HLB생명과학,,KRX_KOSDAQ,COMMON,,,Tue Nov 25 2008 00:00:00 GMT+0900 (한국 표준시),,LISTED,KRW,true,3,,Tue Aug 18 2026 20:30:42 GMT+0900 (한국 표준시),Tue Aug 18 2026 20:30:42 GMT+0900 (한국 표준시)
18961,187420,,,HLB제넥스,,KRX_KOSDAQ,COMMON,,,Fri May 29 2015 00:00:00 GMT+0900 (한국 표준시),,LISTED,KRW,true,3,,Tue Aug 18 2026 20:30:42 GMT+0900 (한국 표준시),Tue Aug 18 2026 20:30:42 GMT+0900 (한국 표준시)
18962,047920,,,HLB제약,,KRX_KOSDAQ,COMMON,,,Mon Dec 21 2015 00:00:00 GMT+0900 (한국 표준시),,LISTED,KRW,true,3,,Tue Aug 18 2026 20:30:42 GMT+0900 (한국 표준시),Tue Aug 18 2026 20:30:42 GMT+0900 (한국 표준시)
18963,115450,,,HLB테라퓨틱스,,KRX_KOSDAQ,COMMON,,,Fri Mar 26 2010 00:00:00 GMT+0900 (한국 표준시),,LISTED,KRW,true,3,,Tue Aug 18 2026 20:30:42 GMT+0900 (한국 표준시),Tue Aug 18 2026 20:30:42 GMT+0900 (한국 표준시)
18964,046210,,,HLB파나진,,KRX_KOSDAQ,COMMON,,,Wed Aug 16 2000 00:00:00 GMT+0900 (한국 표준시),,LISTED,KRW,true,3,,Tue Aug 18 2026 20:30:42 GMT+0900 (한국 표준시),Tue Aug 18 2026 20:30:42 GMT+0900 (한국 표준시)
18965,196300,,,HLB펩,,KRX_KOSDAQ,COMMON,,,Wed Dec 07 2016 00:00:00 GMT+0900 (한국 표준시),,LISTED,KRW,true,3,,Tue Aug 18 2026 20:30:42 GMT+0900 (한국 표준시),Tue Aug 18 2026 20:30:42 GMT+0900 (한국 표준시)
18966,239610,,,에이치엘사이언스,,KRX_KOSDAQ,COMMON,,,Fri Oct 28 2016 00:00:00 GMT+0900 (한국 표준시),,LISTED,KRW,true,3,,Tue Aug 18 2026 20:30:42 GMT+0900 (한국 표준시),Tue Aug 18 2026 20:30:42 GMT+0900 (한국 표준시)
18967,0156T0,,,에이치엘지노믹스,,KRX_KOSDAQ,COMMON,,,Fri Jul 24 2026 00:00:00 GMT+0900 (한국 표준시),,LISTED,KRW,true,3,,Tue Aug 18 2026 20:30:42 GMT+0900 (한국 표준시),Tue Aug 18 2026 20:30:42 GMT+0900 (한국 표준시)
18968,036170,,,에이치엠넥스,,KRX_KOSDAQ,COMMON,,,Tue Dec 21 1999 00:00:00 GMT+0900 (한국 표준시),,LISTED,KRW,true,3,,Tue Aug 18 2026 20:30:42 GMT+0900 (한국 표준시),Tue Aug 18 2026 20:30:42 GMT+0900 (한국 표준시)
18969,477340,,,에이치엠씨제7호스팩,,KRX_KOSDAQ,COMMON,,,Mon Jun 24 2024 00:00:00 GMT+0900 (한국 표준시),,LISTED,KRW,true,3,,Tue Aug 18 2026 20:30:42 GMT+0900 (한국 표준시),Tue Aug 18 2026 20:30:42 GMT+0900 (한국 표준시)
18970,148930,,,에이치와이티씨,,KRX_KOSDAQ,COMMON,,,Tue Aug 09 2022 00:00:00 GMT+0900 (한국 표준시),,LISTED,KRW,true,3,,Tue Aug 18 2026 20:30:42 GMT+0900 (한국 표준시),Tue Aug 18 2026 20:30:42 GMT+0900 (한국 표준시)
18971,376270,,,HEM파마,,KRX_KOSDAQ,COMMON,,,Tue Nov 05 2024 00:00:00 GMT+0900 (한국 표준시),,LISTED,KRW,true,3,,Tue Aug 18 2026 20:30:42 GMT+0900 (한국 표준시),Tue Aug 18 2026 20:30:42 GMT+0900 (한국 표준시)
18972,044780,,,에이치케이,,KRX_KOSDAQ,COMMON,,,Thu Sep 07 2000 00:00:00 GMT+0900 (한국 표준시),,LISTED,KRW,true,3,,Tue Aug 18 2026 20:30:42 GMT+0900 (한국 표준시),Tue Aug 18 2026 20:30:42 GMT+0900 (한국 표준시)
18973,195940,,,HK이노엔,,KRX_KOSDAQ,COMMON,,,Mon Aug 09 2021 00:00:00 GMT+0900 (한국 표준시),,LISTED,KRW,true,3,,Tue Aug 18 2026 20:30:42 GMT+0900 (한국 표준시),Tue Aug 18 2026 20:30:42 GMT+0900 (한국 표준시)
18974,403870,,,HPSP,,KRX_KOSDAQ,COMMON,,,Fri Jul 15 2022 00:00:00 GMT+0900 (한국 표준시),,LISTED,KRW,true,3,,Tue Aug 18 2026 20:30:42 GMT+0900 (한국 표준시),Tue Aug 18 2026 20:30:42 GMT+0900 (한국 표준시)
18975,357230,,,에이치피오,,KRX_KOSDAQ,COMMON,,,Fri May 14 2021 00:00:00 GMT+0900 (한국 표준시),,LISTED,KRW,true,3,,Tue Aug 18 2026 20:30:42 GMT+0900 (한국 표준시),Tue Aug 18 2026 20:30:42 GMT+0900 (한국 표준시)
18976,355690,,,에이텀,,KRX_KOSDAQ,COMMON,,,Fri Dec 01 2023 00:00:00 GMT+0900 (한국 표준시),,LISTED,KRW,true,3,,Tue Aug 18 2026 20:30:42 GMT+0900 (한국 표준시),Tue Aug 18 2026 20:30:42 GMT+0900 (한국 표준시)
18977,071670,,,에이테크솔루션,,KRX_KOSDAQ,COMMON,,,Fri Apr 17 2009 00:00:00 GMT+0900 (한국 표준시),,LISTED,KRW,true,3,,Tue Aug 18 2026 20:30:42 GMT+0900 (한국 표준시),Tue Aug 18 2026 20:30:42 GMT+0900 (한국 표준시)
18978,045660,,,에이텍,,KRX_KOSDAQ,COMMON,,,Thu May 24 2001 00:00:00 GMT+0900 (한국 표준시),,LISTED,KRW,true,3,,Tue Aug 18 2026 20:30:42 GMT+0900 (한국 표준시),Tue Aug 18 2026 20:30:42 GMT+0900 (한국 표준시)
18979,224110,,,에이텍모빌리티,,KRX_KOSDAQ,COMMON,,,Tue Aug 25 2015 00:00:00 GMT+0900 (한국 표준시),,LISTED,KRW,true,3,,Tue Aug 18 2026 20:30:42 GMT+0900 (한국 표준시),Tue Aug 18 2026 20:30:42 GMT+0900 (한국 표준시)
18980,021080,,,에이티넘인베스트,,KRX_KOSDAQ,COMMON,,,Fri Jul 12 1991 00:00:00 GMT+0900 (한국 표준시),,LISTED,KRW,true,3,,Tue Aug 18 2026 20:30:42 GMT+0900 (한국 표준시),Tue Aug 18 2026 20:30:42 GMT+0900 (한국 표준시)
18981,200470,,,에이팩트,,KRX_KOSDAQ,COMMON,,,Fri Dec 26 2014 00:00:00 GMT+0900 (한국 표준시),,LISTED,KRW,true,3,,Tue Aug 18 2026 20:30:42 GMT+0900 (한국 표준시),Tue Aug 18 2026 20:30:42 GMT+0900 (한국 표준시)
18982,262260,,,에이프로,,KRX_KOSDAQ,COMMON,,,Thu Jul 16 2020 00:00:00 GMT+0900 (한국 표준시),,LISTED,KRW,true,3,,Tue Aug 18 2026 20:30:42 GMT+0900 (한국 표준시),Tue Aug 18 2026 20:30:42 GMT+0900 (한국 표준시)
18983,397030,,,에이프릴바이오,,KRX_KOSDAQ,COMMON,,,Thu Jul 28 2022 00:00:00 GMT+0900 (한국 표준시),,LISTED,KRW,true,3,,Tue Aug 18 2026 20:30:42 GMT+0900 (한국 표준시),Tue Aug 18 2026 20:30:42 GMT+0900 (한국 표준시)
18984,265520,,,AP시스템,,KRX_KOSDAQ,COMMON,,,Fri Apr 07 2017 00:00:00 GMT+0900 (한국 표준시),,LISTED,KRW,true,3,,Tue Aug 18 2026 20:30:42 GMT+0900 (한국 표준시),Tue Aug 18 2026 20:30:42 GMT+0900 (한국 표준시)
18985,054620,,,APS,,KRX_KOSDAQ,COMMON,,,Tue Dec 04 2001 00:00:00 GMT+0900 (한국 표준시),,LISTED,KRW,true,3,,Tue Aug 18 2026 20:30:42 GMT+0900 (한국 표준시),Tue Aug 18 2026 20:30:42 GMT+0900 (한국 표준시)
18986,211270,,,AP위성,,KRX_KOSDAQ,COMMON,,,Fri Mar 04 2016 00:00:00 GMT+0900 (한국 표준시),,LISTED,KRW,true,3,,Tue Aug 18 2026 20:30:42 GMT+0900 (한국 표준시),Tue Aug 18 2026 20:30:42 GMT+0900 (한국 표준시)
18987,0009K0,,,에임드바이오,,KRX_KOSDAQ,COMMON,,,Thu Dec 04 2025 00:00:00 GMT+0900 (한국 표준시),,LISTED,KRW,true,3,,Tue Aug 18 2026 20:30:42 GMT+0900 (한국 표준시),Tue Aug 18 2026 20:30:42 GMT+0900 (한국 표준시)
18988,230240,,,에치에프알,,KRX_KOSDAQ,COMMON,,,Wed Dec 16 2015 00:00:00 GMT+0900 (한국 표준시),,LISTED,KRW,true,3,,Tue Aug 18 2026 20:30:42 GMT+0900 (한국 표준시),Tue Aug 18 2026 20:30:42 GMT+0900 (한국 표준시)
18989,159910,,,에코글로우,,KRX_KOSDAQ,COMMON,,,Thu Dec 27 2012 00:00:00 GMT+0900 (한국 표준시),,LISTED,KRW,true,3,,Tue Aug 18 2026 20:30:42 GMT+0900 (한국 표준시),Tue Aug 18 2026 20:30:42 GMT+0900 (한국 표준시)
18990,097780,,,에코볼트,,KRX_KOSDAQ,COMMON,,,Wed Jan 23 2008 00:00:00 GMT+0900 (한국 표준시),,LISTED,KRW,true,3,,Tue Aug 18 2026 20:30:42 GMT+0900 (한국 표준시),Tue Aug 18 2026 20:30:42 GMT+0900 (한국 표준시)
18991,038870,,,에코심플렉스,,KRX_KOSDAQ,COMMON,,,Tue May 29 2001 00:00:00 GMT+0900 (한국 표준시),,LISTED,KRW,true,3,,Tue Aug 18 2026 20:30:42 GMT+0900 (한국 표준시),Tue Aug 18 2026 20:30:42 GMT+0900 (한국 표준시)
18992,448280,,,에코아이,,KRX_KOSDAQ,COMMON,,,Tue Nov 21 2023 00:00:00 GMT+0900 (한국 표준시),,LISTED,KRW,true,3,,Tue Aug 18 2026 20:30:42 GMT+0900 (한국 표준시),Tue Aug 18 2026 20:30:42 GMT+0900 (한국 표준시)
18993,101360,,,에코앤드림,,KRX_KOSDAQ,COMMON,,,Thu Jul 30 2020 00:00:00 GMT+0900 (한국 표준시),,LISTED,KRW,true,3,,Tue Aug 18 2026 20:30:42 GMT+0900 (한국 표준시),Tue Aug 18 2026 20:30:42 GMT+0900 (한국 표준시)
18994,128540,,,에코캡,,KRX_KOSDAQ,COMMON,,,Wed Dec 05 2018 00:00:00 GMT+0900 (한국 표준시),,LISTED,KRW,true,3,,Tue Aug 18 2026 20:30:42 GMT+0900 (한국 표준시),Tue Aug 18 2026 20:30:42 GMT+0900 (한국 표준시)
18995,086520,,,에코프로,,KRX_KOSDAQ,COMMON,,,Fri Jul 20 2007 00:00:00 GMT+0900 (한국 표준시),,LISTED,KRW,true,3,,Tue Aug 18 2026 20:30:42 GMT+0900 (한국 표준시),Tue Aug 18 2026 20:30:42 GMT+0900 (한국 표준시)
18996,247540,,,에코프로비엠,,KRX_KOSDAQ,COMMON,,,Tue Mar 05 2019 00:00:00 GMT+0900 (한국 표준시),,LISTED,KRW,true,3,,Tue Aug 18 2026 20:30:42 GMT+0900 (한국 표준시),Tue Aug 18 2026 20:30:42 GMT+0900 (한국 표준시)
18997,383310,,,에코프로에이치엔,,KRX_KOSDAQ,COMMON,,,Fri May 28 2021 00:00:00 GMT+0900 (한국 표준시),,LISTED,KRW,true,3,,Tue Aug 18 2026 20:30:42 GMT+0900 (한국 표준시),Tue Aug 18 2026 20:30:42 GMT+0900 (한국 표준시)
18998,038110,,,에코플라스틱,,KRX_KOSDAQ,COMMON,,,Thu Mar 23 2000 00:00:00 GMT+0900 (한국 표준시),,LISTED,KRW,true,3,,Tue Aug 18 2026 20:30:42 GMT+0900 (한국 표준시),Tue Aug 18 2026 20:30:42 GMT+0900 (한국 표준시)
18999,073540,,,에프알텍,,KRX_KOSDAQ,COMMON,,,Fri May 18 2007 00:00:00 GMT+0900 (한국 표준시),,LISTED,KRW,true,3,,Tue Aug 18 2026 20:30:42 GMT+0900 (한국 표준시),Tue Aug 18 2026 20:30:42 GMT+0900 (한국 표준시)
19000,064850,,,에프앤가이드,,KRX_KOSDAQ,COMMON,,,Thu Dec 17 2020 00:00:00 GMT+0900 (한국 표준시),,LISTED,KRW,true,3,,Tue Aug 18 2026 20:30:42 GMT+0900 (한국 표준시),Tue Aug 18 2026 20:30:42 GMT+0900 (한국 표준시)
19001,214270,,,FSN,,KRX_KOSDAQ,COMMON,,,Wed Mar 25 2015 00:00:00 GMT+0900 (한국 표준시),,LISTED,KRW,true,3,,Tue Aug 18 2026 20:30:42 GMT+0900 (한국 표준시),Tue Aug 18 2026 20:30:42 GMT+0900 (한국 표준시)
19002,036810,,,에프에스티,,KRX_KOSDAQ,COMMON,,,Tue Jan 18 2000 00:00:00 GMT+0900 (한국 표준시),,LISTED,KRW,true,3,,Tue Aug 18 2026 20:30:42 GMT+0900 (한국 표준시),Tue Aug 18 2026 20:30:42 GMT+0900 (한국 표준시)
19003,173940,,,에프엔씨엔터,,KRX_KOSDAQ,COMMON,,,Thu Dec 04 2014 00:00:00 GMT+0900 (한국 표준시),,LISTED,KRW,true,3,,Tue Aug 18 2026 20:30:42 GMT+0900 (한국 표준시),Tue Aug 18 2026 20:30:42 GMT+0900 (한국 표준시)
19004,083500,,,에프엔에스테크,,KRX_KOSDAQ,COMMON,,,Mon Feb 27 2017 00:00:00 GMT+0900 (한국 표준시),,LISTED,KRW,true,3,,Tue Aug 18 2026 20:30:42 GMT+0900 (한국 표준시),Tue Aug 18 2026 20:30:42 GMT+0900 (한국 표준시)
19005,317530,,,에피소드컴퍼니,,KRX_KOSDAQ,COMMON,,,Tue Oct 29 2019 00:00:00 GMT+0900 (한국 표준시),,LISTED,KRW,true,3,,Tue Aug 18 2026 20:30:42 GMT+0900 (한국 표준시),Tue Aug 18 2026 20:30:42 GMT+0900 (한국 표준시)
19006,054940,,,엑사이엔씨,,KRX_KOSDAQ,COMMON,,,Thu Dec 13 2001 00:00:00 GMT+0900 (한국 표준시),,LISTED,KRW,true,3,,Tue Aug 18 2026 20:30:42 GMT+0900 (한국 표준시),Tue Aug 18 2026 20:30:42 GMT+0900 (한국 표준시)
19007,950130,,,엑세스바이오,,KRX_KOSDAQ,COMMON,,,Thu May 30 2013 00:00:00 GMT+0900 (한국 표준시),,LISTED,KRW,true,3,,Tue Aug 18 2026 20:30:42 GMT+0900 (한국 표준시),Tue Aug 18 2026 20:30:42 GMT+0900 (한국 표준시)
19008,373110,,,엑셀세라퓨틱스,,KRX_KOSDAQ,COMMON,,,Mon Jul 15 2024 00:00:00 GMT+0900 (한국 표준시),,LISTED,KRW,true,3,,Tue Aug 18 2026 20:30:42 GMT+0900 (한국 표준시),Tue Aug 18 2026 20:30:42 GMT+0900 (한국 표준시)
19009,205100,,,엑셈,,KRX_KOSDAQ,COMMON,,,Fri Nov 07 2014 00:00:00 GMT+0900 (한국 표준시),,LISTED,KRW,true,3,,Tue Aug 18 2026 20:30:42 GMT+0900 (한국 표준시),Tue Aug 18 2026 20:30:42 GMT+0900 (한국 표준시)
19010,356680,,,엑스게이트,,KRX_KOSDAQ,COMMON,,,Thu Mar 16 2023 00:00:00 GMT+0900 (한국 표준시),,LISTED,KRW,true,3,,Tue Aug 18 2026 20:30:42 GMT+0900 (한국 표준시),Tue Aug 18 2026 20:30:42 GMT+0900 (한국 표준시)
19011,317770,,,엑스페릭스,,KRX_KOSDAQ,COMMON,,,Thu Aug 01 2019 00:00:00 GMT+0900 (한국 표준시),,LISTED,KRW,true,3,,Tue Aug 18 2026 20:30:42 GMT+0900 (한국 표준시),Tue Aug 18 2026 20:30:42 GMT+0900 (한국 표준시)
19012,373200,,,엑스플러스,,KRX_KOSDAQ,COMMON,,,Fri Feb 26 2021 00:00:00 GMT+0900 (한국 표준시),,LISTED,KRW,true,3,,Tue Aug 18 2026 20:30:42 GMT+0900 (한국 표준시),Tue Aug 18 2026 20:30:42 GMT+0900 (한국 표준시)
19013,069920,,,엑시온그룹,,KRX_KOSDAQ,COMMON,,,Wed Dec 05 2007 00:00:00 GMT+0900 (한국 표준시),,LISTED,KRW,true,3,,Tue Aug 18 2026 20:30:42 GMT+0900 (한국 표준시),Tue Aug 18 2026 20:30:42 GMT+0900 (한국 표준시)
19014,092870,,,엑시콘,,KRX_KOSDAQ,COMMON,,,Thu Oct 22 2015 00:00:00 GMT+0900 (한국 표준시),,LISTED,KRW,true,3,,Tue Aug 18 2026 20:30:42 GMT+0900 (한국 표준시),Tue Aug 18 2026 20:30:42 GMT+0900 (한국 표준시)
19015,317870,,,엔바이오니아,,KRX_KOSDAQ,COMMON,,,Thu Oct 24 2019 00:00:00 GMT+0900 (한국 표준시),,LISTED,KRW,true,3,,Tue Aug 18 2026 20:30:42 GMT+0900 (한국 표준시),Tue Aug 18 2026 20:30:42 GMT+0900 (한국 표준시)
19016,067570,,,엔브이에이치코리아,,KRX_KOSDAQ,COMMON,,,Tue Dec 03 2013 00:00:00 GMT+0900 (한국 표준시),,LISTED,KRW,true,3,,Tue Aug 18 2026 20:30:42 GMT+0900 (한국 표준시),Tue Aug 18 2026 20:30:42 GMT+0900 (한국 표준시)
19017,0004V0,,,엔비알모션,,KRX_KOSDAQ,COMMON,,,Wed Jan 14 2026 00:00:00 GMT+0900 (한국 표준시),,LISTED,KRW,true,3,,Tue Aug 18 2026 20:30:42 GMT+0900 (한국 표준시),Tue Aug 18 2026 20:30:42 GMT+0900 (한국 표준시)
19018,236810,,,엔비티,,KRX_KOSDAQ,COMMON,,,Thu Jan 21 2021 00:00:00 GMT+0900 (한국 표준시),,LISTED,KRW,true,3,,Tue Aug 18 2026 20:30:42 GMT+0900 (한국 표준시),Tue Aug 18 2026 20:30:42 GMT+0900 (한국 표준시)
19019,333620,,,엔시스,,KRX_KOSDAQ,COMMON,,,Thu Apr 01 2021 00:00:00 GMT+0900 (한국 표준시),,LISTED,KRW,true,3,,Tue Aug 18 2026 20:30:42 GMT+0900 (한국 표준시),Tue Aug 18 2026 20:30:42 GMT+0900 (한국 표준시)
19020,101400,,,엔시트론,,KRX_KOSDAQ,COMMON,,,Tue Mar 31 2009 00:00:00 GMT+0900 (한국 표준시),,LISTED,KRW,true,3,,Tue Aug 18 2026 20:30:42 GMT+0900 (한국 표준시),Tue Aug 18 2026 20:30:42 GMT+0900 (한국 표준시)
19021,475230,,,엔알비,,KRX_KOSDAQ,COMMON,,,Mon Jul 28 2025 00:00:00 GMT+0900 (한국 표준시),,LISTED,KRW,true,3,,Tue Aug 18 2026 20:30:42 GMT+0900 (한국 표준시),Tue Aug 18 2026 20:30:42 GMT+0900 (한국 표준시)
19022,481890,,,엔에이치스팩31호,,KRX_KOSDAQ,COMMON,,,Fri Jul 26 2024 00:00:00 GMT+0900 (한국 표준시),,LISTED,KRW,true,3,,Tue Aug 18 2026 20:30:42 GMT+0900 (한국 표준시),Tue Aug 18 2026 20:30:42 GMT+0900 (한국 표준시)
19023,0054V0,,,엔에이치스팩32호,,KRX_KOSDAQ,COMMON,,,Fri Dec 05 2025 00:00:00 GMT+0900 (한국 표준시),,LISTED,KRW,true,3,,Tue Aug 18 2026 20:30:42 GMT+0900 (한국 표준시),Tue Aug 18 2026 20:30:42 GMT+0900 (한국 표준시)
19024,0130H0,,,엔에이치스팩33호,,KRX_KOSDAQ,COMMON,,,Fri Mar 27 2026 00:00:00 GMT+0900 (한국 표준시),,LISTED,KRW,true,3,,Tue Aug 18 2026 20:30:42 GMT+0900 (한국 표준시),Tue Aug 18 2026 20:30:42 GMT+0900 (한국 표준시)
19025,104200,,,NHN벅스,,KRX_KOSDAQ,COMMON,,,Tue Oct 06 2009 00:00:00 GMT+0900 (한국 표준시),,LISTED,KRW,true,3,,Tue Aug 18 2026 20:30:42 GMT+0900 (한국 표준시),Tue Aug 18 2026 20:30:42 GMT+0900 (한국 표준시)
19026,060250,,,NHN KCP,,KRX_KOSDAQ,COMMON,,,Tue Jan 08 2002 00:00:00 GMT+0900 (한국 표준시),,LISTED,KRW,true,3,,Tue Aug 18 2026 20:30:42 GMT+0900 (한국 표준시),Tue Aug 18 2026 20:30:42 GMT+0900 (한국 표준시)
19027,265740,,,엔에프씨,,KRX_KOSDAQ,COMMON,,,Wed Dec 02 2020 00:00:00 GMT+0900 (한국 표준시),,LISTED,KRW,true,3,,Tue Aug 18 2026 20:30:42 GMT+0900 (한국 표준시),Tue Aug 18 2026 20:30:42 GMT+0900 (한국 표준시)
19028,053290,,,NE능률,,KRX_KOSDAQ,COMMON,,,Tue Dec 10 2002 00:00:00 GMT+0900 (한국 표준시),,LISTED,KRW,true,3,,Tue Aug 18 2026 20:30:42 GMT+0900 (한국 표준시),Tue Aug 18 2026 20:30:42 GMT+0900 (한국 표준시)
19029,354200,,,엔젠바이오,,KRX_KOSDAQ,COMMON,,,Thu Dec 10 2020 00:00:00 GMT+0900 (한국 표준시),,LISTED,KRW,true,3,,Tue Aug 18 2026 20:30:42 GMT+0900 (한국 표준시),Tue Aug 18 2026 20:30:42 GMT+0900 (한국 표준시)
19030,455900,,,엔젤로보틱스,,KRX_KOSDAQ,COMMON,,,Tue Mar 26 2024 00:00:00 GMT+0900 (한국 표준시),,LISTED,KRW,true,3,,Tue Aug 18 2026 20:30:42 GMT+0900 (한국 표준시),Tue Aug 18 2026 20:30:42 GMT+0900 (한국 표준시)
19031,419080,,,엔젯,,KRX_KOSDAQ,COMMON,,,Fri Nov 18 2022 00:00:00 GMT+0900 (한국 표준시),,LISTED,KRW,true,3,,Tue Aug 18 2026 20:30:42 GMT+0900 (한국 표준시),Tue Aug 18 2026 20:30:42 GMT+0900 (한국 표준시)
19032,183490,,,엔지켐생명과학,,KRX_KOSDAQ,COMMON,,,Wed Feb 21 2018 00:00:00 GMT+0900 (한국 표준시),,LISTED,KRW,true,3,,Tue Aug 18 2026 20:30:42 GMT+0900 (한국 표준시),Tue Aug 18 2026 20:30:42 GMT+0900 (한국 표준시)
19033,182400,,,엔케이젠바이오텍코리아,,KRX_KOSDAQ,COMMON,,,Fri Oct 23 2015 00:00:00 GMT+0900 (한국 표준시),,LISTED,KRW,true,3,,Tue Aug 18 2026 20:30:42 GMT+0900 (한국 표준시),Tue Aug 18 2026 20:30:42 GMT+0900 (한국 표준시)
19034,348370,,,엔켐,,KRX_KOSDAQ,COMMON,,,Mon Nov 01 2021 00:00:00 GMT+0900 (한국 표준시),,LISTED,KRW,true,3,,Tue Aug 18 2026 20:30:42 GMT+0900 (한국 표준시),Tue Aug 18 2026 20:30:42 GMT+0900 (한국 표준시)
19035,069410,,,엔텔스,,KRX_KOSDAQ,COMMON,,,Wed Jun 20 2007 00:00:00 GMT+0900 (한국 표준시),,LISTED,KRW,true,3,,Tue Aug 18 2026 20:30:42 GMT+0900 (한국 표준시),Tue Aug 18 2026 20:30:42 GMT+0900 (한국 표준시)
19036,227950,,,엔투텍,,KRX_KOSDAQ,COMMON,,,Wed Nov 18 2015 00:00:00 GMT+0900 (한국 표준시),,LISTED,KRW,true,3,,Tue Aug 18 2026 20:30:42 GMT+0900 (한국 표준시),Tue Aug 18 2026 20:30:42 GMT+0900 (한국 표준시)
19037,048830,,,엔피케이,,KRX_KOSDAQ,COMMON,,,Thu Oct 12 2000 00:00:00 GMT+0900 (한국 표준시),,LISTED,KRW,true,3,,Tue Aug 18 2026 20:30:42 GMT+0900 (한국 표준시),Tue Aug 18 2026 20:30:42 GMT+0900 (한국 표준시)
19038,096870,,,엘디티,,KRX_KOSDAQ,COMMON,,,Fri May 02 2008 00:00:00 GMT+0900 (한국 표준시),,LISTED,KRW,true,3,,Tue Aug 18 2026 20:30:42 GMT+0900 (한국 표준시),Tue Aug 18 2026 20:30:42 GMT+0900 (한국 표준시)
19039,061970,,,LB세미콘,,KRX_KOSDAQ,COMMON,,,Mon Jan 31 2011 00:00:00 GMT+0900 (한국 표준시),,LISTED,KRW,true,3,,Tue Aug 18 2026 20:30:42 GMT+0900 (한국 표준시),Tue Aug 18 2026 20:30:42 GMT+0900 (한국 표준시)
19040,309960,,,LB인베스트먼트,,KRX_KOSDAQ,COMMON,,,Wed Mar 29 2023 00:00:00 GMT+0900 (한국 표준시),,LISTED,KRW,true,3,,Tue Aug 18 2026 20:30:42 GMT+0900 (한국 표준시),Tue Aug 18 2026 20:30:42 GMT+0900 (한국 표준시)
19041,290650,,,엘앤씨바이오,,KRX_KOSDAQ,COMMON,,,Thu Nov 01 2018 00:00:00 GMT+0900 (한국 표준시),,LISTED,KRW,true,3,,Tue Aug 18 2026 20:30:42 GMT+0900 (한국 표준시),Tue Aug 18 2026 20:30:42 GMT+0900 (한국 표준시)
19042,156100,,,엘앤케이바이오,,KRX_KOSDAQ,COMMON,,,Wed Nov 30 2016 00:00:00 GMT+0900 (한국 표준시),,LISTED,KRW,true,3,,Tue Aug 18 2026 20:30:42 GMT+0900 (한국 표준시),Tue Aug 18 2026 20:30:42 GMT+0900 (한국 표준시)
19043,0041J0,,,엘에스스팩1호,,KRX_KOSDAQ,COMMON,,,Tue Jul 22 2025 00:00:00 GMT+0900 (한국 표준시),,LISTED,KRW,true,3,,Tue Aug 18 2026 20:30:42 GMT+0900 (한국 표준시),Tue Aug 18 2026 20:30:42 GMT+0900 (한국 표준시)
19044,060370,,,LS마린솔루션,,KRX_KOSDAQ,COMMON,,,Fri Feb 15 2002 00:00:00 GMT+0900 (한국 표준시),,LISTED,KRW,true,3,,Tue Aug 18 2026 20:30:42 GMT+0900 (한국 표준시),Tue Aug 18 2026 20:30:42 GMT+0900 (한국 표준시)
19045,417200,,,LS머트리얼즈,,KRX_KOSDAQ,COMMON,,,Tue Dec 12 2023 00:00:00 GMT+0900 (한국 표준시),,LISTED,KRW,true,3,,Tue Aug 18 2026 20:30:42 GMT+0900 (한국 표준시),Tue Aug 18 2026 20:30:42 GMT+0900 (한국 표준시)
19046,078020,,,LS증권,,KRX_KOSDAQ,COMMON,,,Wed Feb 21 2007 00:00:00 GMT+0900 (한국 표준시),,LISTED,KRW,true,3,,Tue Aug 18 2026 20:30:42 GMT+0900 (한국 표준시),Tue Aug 18 2026 20:30:42 GMT+0900 (한국 표준시)
19047,322180,,,LS티라유텍,,KRX_KOSDAQ,COMMON,,,Thu Oct 31 2019 00:00:00 GMT+0900 (한국 표준시),,LISTED,KRW,true,3,,Tue Aug 18 2026 20:30:42 GMT+0900 (한국 표준시),Tue Aug 18 2026 20:30:42 GMT+0900 (한국 표준시)
19048,073110,,,엘엠에스,,KRX_KOSDAQ,COMMON,,,Fri Oct 12 2007 00:00:00 GMT+0900 (한국 표준시),,LISTED,KRW,true,3,,Tue Aug 18 2026 20:30:42 GMT+0900 (한국 표준시),Tue Aug 18 2026 20:30:42 GMT+0900 (한국 표준시)
19049,083310,,,엘오티베큠,,KRX_KOSDAQ,COMMON,,,Wed Oct 05 2005 00:00:00 GMT+0900 (한국 표준시),,LISTED,KRW,true,3,,Tue Aug 18 2026 20:30:42 GMT+0900 (한국 표준시),Tue Aug 18 2026 20:30:42 GMT+0900 (한국 표준시)
19050,037950,,,엘컴텍,,KRX_KOSDAQ,COMMON,,,Thu Aug 24 2000 00:00:00 GMT+0900 (한국 표준시),,LISTED,KRW,true,3,,Tue Aug 18 2026 20:30:42 GMT+0900 (한국 표준시),Tue Aug 18 2026 20:30:42 GMT+0900 (한국 표준시)
19051,225190,,,LK삼양,,KRX_KOSDAQ,COMMON,,,Fri Jun 02 2017 00:00:00 GMT+0900 (한국 표준시),,LISTED,KRW,true,3,,Tue Aug 18 2026 20:30:42 GMT+0900 (한국 표준시),Tue Aug 18 2026 20:30:42 GMT+0900 (한국 표준시)
19052,489500,,,엘케이켐,,KRX_KOSDAQ,COMMON,,,Tue Feb 25 2025 00:00:00 GMT+0900 (한국 표준시),,LISTED,KRW,true,3,,Tue Aug 18 2026 20:30:42 GMT+0900 (한국 표준시),Tue Aug 18 2026 20:30:42 GMT+0900 (한국 표준시)
19053,170920,,,엘티씨,,KRX_KOSDAQ,COMMON,,,Tue Oct 08 2013 00:00:00 GMT+0900 (한국 표준시),,LISTED,KRW,true,3,,Tue Aug 18 2026 20:30:42 GMT+0900 (한국 표준시),Tue Aug 18 2026 20:30:42 GMT+0900 (한국 표준시)
19054,476080,,,M83,,KRX_KOSDAQ,COMMON,,,Thu Aug 22 2024 00:00:00 GMT+0900 (한국 표준시),,LISTED,KRW,true,3,,Tue Aug 18 2026 20:30:42 GMT+0900 (한국 표준시),Tue Aug 18 2026 20:30:42 GMT+0900 (한국 표준시)
19055,058630,,,엠게임,,KRX_KOSDAQ,COMMON,,,Fri Dec 19 2008 00:00:00 GMT+0900 (한국 표준시),,LISTED,KRW,true,3,,Tue Aug 18 2026 20:30:42 GMT+0900 (한국 표준시),Tue Aug 18 2026 20:30:42 GMT+0900 (한국 표준시)
19056,226590,,,엠디바이스,,KRX_KOSDAQ,COMMON,,,Fri Mar 07 2025 00:00:00 GMT+0900 (한국 표준시),,LISTED,KRW,true,3,,Tue Aug 18 2026 20:30:42 GMT+0900 (한국 표준시),Tue Aug 18 2026 20:30:42 GMT+0900 (한국 표준시)
19057,058970,,,엠로,,KRX_KOSDAQ,COMMON,,,Fri Aug 13 2021 00:00:00 GMT+0900 (한국 표준시),,LISTED,KRW,true,3,,Tue Aug 18 2026 20:30:42 GMT+0900 (한국 표준시),Tue Aug 18 2026 20:30:42 GMT+0900 (한국 표준시)
19058,373170,,,엠아이큐브솔루션,,KRX_KOSDAQ,COMMON,,,Fri Aug 04 2023 00:00:00 GMT+0900 (한국 표준시),,LISTED,KRW,true,3,,Tue Aug 18 2026 20:30:42 GMT+0900 (한국 표준시),Tue Aug 18 2026 20:30:42 GMT+0900 (한국 표준시)
19059,179290,,,엠아이텍,,KRX_KOSDAQ,COMMON,,,Thu Nov 29 2018 00:00:00 GMT+0900 (한국 표준시),,LISTED,KRW,true,3,,Tue Aug 18 2026 20:30:42 GMT+0900 (한국 표준시),Tue Aug 18 2026 20:30:42 GMT+0900 (한국 표준시)
19060,009780,,,엠에스씨,,KRX_KOSDAQ,COMMON,,,Tue Oct 12 1993 00:00:00 GMT+0900 (한국 표준시),,LISTED,KRW,true,3,,Tue Aug 18 2026 20:30:42 GMT+0900 (한국 표준시),Tue Aug 18 2026 20:30:42 GMT+0900 (한국 표준시)
19061,123040,,,엠에스오토텍,,KRX_KOSDAQ,COMMON,,,Fri Aug 06 2010 00:00:00 GMT+0900 (한국 표준시),,LISTED,KRW,true,3,,Tue Aug 18 2026 20:30:42 GMT+0900 (한국 표준시),Tue Aug 18 2026 20:30:42 GMT+0900 (한국 표준시)
19062,432980,,,엠에프씨,,KRX_KOSDAQ,COMMON,,,Thu Dec 26 2024 00:00:00 GMT+0900 (한국 표준시),,LISTED,KRW,true,3,,Tue Aug 18 2026 20:30:42 GMT+0900 (한국 표준시),Tue Aug 18 2026 20:30:42 GMT+0900 (한국 표준시)
19063,007820,,,엠엑스로보틱스,,KRX_KOSDAQ,COMMON,,,Tue Nov 08 2011 00:00:00 GMT+0900 (한국 표준시),,LISTED,KRW,true,3,,Tue Aug 18 2026 20:30:42 GMT+0900 (한국 표준시),Tue Aug 18 2026 20:30:42 GMT+0900 (한국 표준시)
19064,347890,,,엠엑스온,,KRX_KOSDAQ,COMMON,,,Wed Jul 29 2020 00:00:00 GMT+0900 (한국 표준시),,LISTED,KRW,true,3,,Tue Aug 18 2026 20:30:42 GMT+0900 (한국 표준시),Tue Aug 18 2026 20:30:42 GMT+0900 (한국 표준시)
19065,413390,,,엠오티,,KRX_KOSDAQ,COMMON,,,Mon Nov 18 2024 00:00:00 GMT+0900 (한국 표준시),,LISTED,KRW,true,3,,Tue Aug 18 2026 20:30:42 GMT+0900 (한국 표준시),Tue Aug 18 2026 20:30:42 GMT+0900 (한국 표준시)
19066,032790,,,엠젠솔루션,,KRX_KOSDAQ,COMMON,,,Thu Jun 26 1997 00:00:00 GMT+0900 (한국 표준시),,LISTED,KRW,true,3,,Tue Aug 18 2026 20:30:42 GMT+0900 (한국 표준시),Tue Aug 18 2026 20:30:42 GMT+0900 (한국 표준시)
19067,033160,,,엠케이전자,,KRX_KOSDAQ,COMMON,,,Mon Nov 10 1997 00:00:00 GMT+0900 (한국 표준시),,LISTED,KRW,true,3,,Tue Aug 18 2026 20:30:42 GMT+0900 (한국 표준시),Tue Aug 18 2026 20:30:42 GMT+0900 (한국 표준시)
19068,033310,,,엠투엔,,KRX_KOSDAQ,COMMON,,,Mon Nov 10 1997 00:00:00 GMT+0900 (한국 표준시),,LISTED,KRW,true,3,,Tue Aug 18 2026 20:30:42 GMT+0900 (한국 표준시),Tue Aug 18 2026 20:30:42 GMT+0900 (한국 표준시)
19069,259630,,,엠플러스,,KRX_KOSDAQ,COMMON,,,Wed Sep 20 2017 00:00:00 GMT+0900 (한국 표준시),,LISTED,KRW,true,3,,Tue Aug 18 2026 20:30:42 GMT+0900 (한국 표준시),Tue Aug 18 2026 20:30:42 GMT+0900 (한국 표준시)
19070,105550,,,엣지파운드리,,KRX_KOSDAQ,COMMON,,,Fri Jul 11 2014 00:00:00 GMT+0900 (한국 표준시),,LISTED,KRW,true,3,,Tue Aug 18 2026 20:30:42 GMT+0900 (한국 표준시),Tue Aug 18 2026 20:30:42 GMT+0900 (한국 표준시)
19071,060850,,,영림원소프트랩,,KRX_KOSDAQ,COMMON,,,Wed Aug 12 2020 00:00:00 GMT+0900 (한국 표준시),,LISTED,KRW,true,3,,Tue Aug 18 2026 20:30:42 GMT+0900 (한국 표준시),Tue Aug 18 2026 20:30:42 GMT+0900 (한국 표준시)
19072,143540,,,영우디에스피,,KRX_KOSDAQ,COMMON,,,Wed Oct 29 2014 00:00:00 GMT+0900 (한국 표준시),,LISTED,KRW,true,3,,Tue Aug 18 2026 20:30:42 GMT+0900 (한국 표준시),Tue Aug 18 2026 20:30:42 GMT+0900 (한국 표준시)
19073,265560,,,영화테크,,KRX_KOSDAQ,COMMON,,,Thu Oct 26 2017 00:00:00 GMT+0900 (한국 표준시),,LISTED,KRW,true,3,,Tue Aug 18 2026 20:30:42 GMT+0900 (한국 표준시),Tue Aug 18 2026 20:30:42 GMT+0900 (한국 표준시)
19074,036000,,,예림당,,KRX_KOSDAQ,COMMON,,,Tue Nov 30 1999 00:00:00 GMT+0900 (한국 표준시),,LISTED,KRW,true,3,,Tue Aug 18 2026 20:30:42 GMT+0900 (한국 표준시),Tue Aug 18 2026 20:30:42 GMT+0900 (한국 표준시)
19075,250930,,,예선테크,,KRX_KOSDAQ,COMMON,,,Thu Sep 29 2016 00:00:00 GMT+0900 (한국 표준시),,LISTED,KRW,true,3,,Tue Aug 18 2026 20:30:42 GMT+0900 (한국 표준시),Tue Aug 18 2026 20:30:42 GMT+0900 (한국 표준시)
19076,053280,,,예스24,,KRX_KOSDAQ,COMMON,,,Wed May 07 2008 00:00:00 GMT+0900 (한국 표준시),,LISTED,KRW,true,3,,Tue Aug 18 2026 20:30:42 GMT+0900 (한국 표준시),Tue Aug 18 2026 20:30:42 GMT+0900 (한국 표준시)
19077,122640,,,예스티,,KRX_KOSDAQ,COMMON,,,Wed Dec 16 2015 00:00:00 GMT+0900 (한국 표준시),,LISTED,KRW,true,3,,Tue Aug 18 2026 20:30:42 GMT+0900 (한국 표준시),Tue Aug 18 2026 20:30:42 GMT+0900 (한국 표준시)
19078,476040,,,오가노이드사이언스,,KRX_KOSDAQ,COMMON,,,Fri May 09 2025 00:00:00 GMT+0900 (한국 표준시),,LISTED,KRW,true,3,,Tue Aug 18 2026 20:30:42 GMT+0900 (한국 표준시),Tue Aug 18 2026 20:30:42 GMT+0900 (한국 표준시)
19079,900300,,,오가닉티코스메틱,,KRX_KOSDAQ,COMMON,,,Fri Nov 04 2016 00:00:00 GMT+0900 (한국 표준시),,LISTED,KRW,true,3,,Tue Aug 18 2026 20:30:42 GMT+0900 (한국 표준시),Tue Aug 18 2026 20:30:42 GMT+0900 (한국 표준시)
19080,045060,,,오공,,KRX_KOSDAQ,COMMON,,,Thu Aug 10 2000 00:00:00 GMT+0900 (한국 표준시),,LISTED,KRW,true,3,,Tue Aug 18 2026 20:30:42 GMT+0900 (한국 표준시),Tue Aug 18 2026 20:30:42 GMT+0900 (한국 표준시)
19081,192410,,,오늘이엔엠,,KRX_KOSDAQ,COMMON,,,Thu Aug 14 2014 00:00:00 GMT+0900 (한국 표준시),,LISTED,KRW,true,3,,Tue Aug 18 2026 20:30:42 GMT+0900 (한국 표준시),Tue Aug 18 2026 20:30:42 GMT+0900 (한국 표준시)
19082,080520,,,오디텍,,KRX_KOSDAQ,COMMON,,,Mon Oct 08 2007 00:00:00 GMT+0900 (한국 표준시),,LISTED,KRW,true,3,,Tue Aug 18 2026 20:30:42 GMT+0900 (한국 표준시),Tue Aug 18 2026 20:30:42 GMT+0900 (한국 표준시)
19083,039830,,,오로라,,KRX_KOSDAQ,COMMON,,,Wed Jan 03 2001 00:00:00 GMT+0900 (한국 표준시),,LISTED,KRW,true,3,,Tue Aug 18 2026 20:30:42 GMT+0900 (한국 표준시),Tue Aug 18 2026 20:30:42 GMT+0900 (한국 표준시)
19084,322310,,,오로스테크놀로지,,KRX_KOSDAQ,COMMON,,,Wed Feb 24 2021 00:00:00 GMT+0900 (한국 표준시),,LISTED,KRW,true,3,,Tue Aug 18 2026 20:30:42 GMT+0900 (한국 표준시),Tue Aug 18 2026 20:30:42 GMT+0900 (한국 표준시)
19085,046120,,,오르비텍,,KRX_KOSDAQ,COMMON,,,Tue Jun 15 2010 00:00:00 GMT+0900 (한국 표준시),,LISTED,KRW,true,3,,Tue Aug 18 2026 20:30:42 GMT+0900 (한국 표준시),Tue Aug 18 2026 20:30:42 GMT+0900 (한국 표준시)
19086,475830,,,오름테라퓨틱,,KRX_KOSDAQ,COMMON,,,Fri Feb 14 2025 00:00:00 GMT+0900 (한국 표준시),,LISTED,KRW,true,3,,Tue Aug 18 2026 20:30:42 GMT+0900 (한국 표준시),Tue Aug 18 2026 20:30:42 GMT+0900 (한국 표준시)
19087,014940,,,오리엔탈정공,,KRX_KOSDAQ,COMMON,,,Wed Dec 26 2001 00:00:00 GMT+0900 (한국 표준시),,LISTED,KRW,true,3,,Tue Aug 18 2026 20:30:42 GMT+0900 (한국 표준시),Tue Aug 18 2026 20:30:42 GMT+0900 (한국 표준시)
19088,065500,,,오리엔트정공,,KRX_KOSDAQ,COMMON,,,Thu Sep 19 2002 00:00:00 GMT+0900 (한국 표준시),,LISTED,KRW,true,3,,Tue Aug 18 2026 20:30:42 GMT+0900 (한국 표준시),Tue Aug 18 2026 20:30:42 GMT+0900 (한국 표준시)
19089,010470,,,오리콤,,KRX_KOSDAQ,COMMON,,,Tue Oct 24 2000 00:00:00 GMT+0900 (한국 표준시),,LISTED,KRW,true,3,,Tue Aug 18 2026 20:30:42 GMT+0900 (한국 표준시),Tue Aug 18 2026 20:30:42 GMT+0900 (한국 표준시)
19090,417860,,,오브젠,,KRX_KOSDAQ,COMMON,,,Mon Jan 30 2023 00:00:00 GMT+0900 (한국 표준시),,LISTED,KRW,true,3,,Tue Aug 18 2026 20:30:42 GMT+0900 (한국 표준시),Tue Aug 18 2026 20:30:42 GMT+0900 (한국 표준시)
19091,352910,,,오비고,,KRX_KOSDAQ,COMMON,,,Tue Jul 13 2021 00:00:00 GMT+0900 (한국 표준시),,LISTED,KRW,true,3,,Tue Aug 18 2026 20:30:42 GMT+0900 (한국 표준시),Tue Aug 18 2026 20:30:42 GMT+0900 (한국 표준시)
19092,053980,,,오상자이엘,,KRX_KOSDAQ,COMMON,,,Tue Apr 09 2002 00:00:00 GMT+0900 (한국 표준시),,LISTED,KRW,true,3,,Tue Aug 18 2026 20:30:42 GMT+0900 (한국 표준시),Tue Aug 18 2026 20:30:42 GMT+0900 (한국 표준시)
19093,036220,,,오상헬스케어,,KRX_KOSDAQ,COMMON,,,Wed Mar 13 2024 00:00:00 GMT+0900 (한국 표준시),,LISTED,KRW,true,3,,Tue Aug 18 2026 20:30:42 GMT+0900 (한국 표준시),Tue Aug 18 2026 20:30:42 GMT+0900 (한국 표준시)
19094,052420,,,오성첨단소재,,KRX_KOSDAQ,COMMON,,,Tue Aug 07 2001 00:00:00 GMT+0900 (한국 표준시),,LISTED,KRW,true,3,,Tue Aug 18 2026 20:30:42 GMT+0900 (한국 표준시),Tue Aug 18 2026 20:30:42 GMT+0900 (한국 표준시)
19095,052300,,,오션인더블유,,KRX_KOSDAQ,COMMON,,,Thu Aug 02 2001 00:00:00 GMT+0900 (한국 표준시),,LISTED,KRW,true,3,,Tue Aug 18 2026 20:30:42 GMT+0900 (한국 표준시),Tue Aug 18 2026 20:30:42 GMT+0900 (한국 표준시)
19096,039200,,,오스코텍,,KRX_KOSDAQ,COMMON,,,Wed Jan 17 2007 00:00:00 GMT+0900 (한국 표준시),,LISTED,KRW,true,3,,Tue Aug 18 2026 20:30:42 GMT+0900 (한국 표준시),Tue Aug 18 2026 20:30:42 GMT+0900 (한국 표준시)
19097,031510,,,오스템,,KRX_KOSDAQ,COMMON,,,Wed Feb 12 1997 00:00:00 GMT+0900 (한국 표준시),,LISTED,KRW,true,3,,Tue Aug 18 2026 20:30:42 GMT+0900 (한국 표준시),Tue Aug 18 2026 20:30:42 GMT+0900 (한국 표준시)
19098,342870,,,오아,,KRX_KOSDAQ,COMMON,,,Tue Sep 09 2025 00:00:00 GMT+0900 (한국 표준시),,LISTED,KRW,true,3,,Tue Aug 18 2026 20:30:42 GMT+0900 (한국 표준시),Tue Aug 18 2026 20:30:42 GMT+0900 (한국 표준시)
19099,368970,,,오에스피,,KRX_KOSDAQ,COMMON,,,Fri Oct 14 2022 00:00:00 GMT+0900 (한국 표준시),,LISTED,KRW,true,3,,Tue Aug 18 2026 20:30:42 GMT+0900 (한국 표준시),Tue Aug 18 2026 20:30:42 GMT+0900 (한국 표준시)
19100,138080,,,오이솔루션,,KRX_KOSDAQ,COMMON,,,Thu Feb 27 2014 00:00:00 GMT+0900 (한국 표준시),,LISTED,KRW,true,3,,Tue Aug 18 2026 20:30:42 GMT+0900 (한국 표준시),Tue Aug 18 2026 20:30:42 GMT+0900 (한국 표준시)
19101,080580,,,오킨스전자,,KRX_KOSDAQ,COMMON,,,Wed Dec 24 2014 00:00:00 GMT+0900 (한국 표준시),,LISTED,KRW,true,3,,Tue Aug 18 2026 20:30:42 GMT+0900 (한국 표준시),Tue Aug 18 2026 20:30:42 GMT+0900 (한국 표준시)
19102,067170,,,오텍,,KRX_KOSDAQ,COMMON,,,Fri Nov 14 2003 00:00:00 GMT+0900 (한국 표준시),,LISTED,KRW,true,3,,Tue Aug 18 2026 20:30:42 GMT+0900 (한국 표준시),Tue Aug 18 2026 20:30:42 GMT+0900 (한국 표준시)
19103,353590,,,오토앤,,KRX_KOSDAQ,COMMON,,,Thu Jan 20 2022 00:00:00 GMT+0900 (한국 표준시),,LISTED,KRW,true,3,,Tue Aug 18 2026 20:30:42 GMT+0900 (한국 표준시),Tue Aug 18 2026 20:30:42 GMT+0900 (한국 표준시)
19104,173130,,,오파스넷,,KRX_KOSDAQ,COMMON,,,Fri Aug 24 2018 00:00:00 GMT+0900 (한국 표준시),,LISTED,KRW,true,3,,Tue Aug 18 2026 20:30:42 GMT+0900 (한국 표준시),Tue Aug 18 2026 20:30:42 GMT+0900 (한국 표준시)
19105,049480,,,오픈베이스,,KRX_KOSDAQ,COMMON,,,Tue Jan 09 2001 00:00:00 GMT+0900 (한국 표준시),,LISTED,KRW,true,3,,Tue Aug 18 2026 20:30:42 GMT+0900 (한국 표준시),Tue Aug 18 2026 20:30:42 GMT+0900 (한국 표준시)
19106,394280,,,오픈엣지테크놀로지,,KRX_KOSDAQ,COMMON,,,Mon Sep 26 2022 00:00:00 GMT+0900 (한국 표준시),,LISTED,KRW,true,3,,Tue Aug 18 2026 20:30:42 GMT+0900 (한국 표준시),Tue Aug 18 2026 20:30:42 GMT+0900 (한국 표준시)
19107,476060,,,온코닉테라퓨틱스,,KRX_KOSDAQ,COMMON,,,Thu Dec 19 2024 00:00:00 GMT+0900 (한국 표준시),,LISTED,KRW,true,3,,Tue Aug 18 2026 20:30:42 GMT+0900 (한국 표준시),Tue Aug 18 2026 20:30:42 GMT+0900 (한국 표준시)
19108,382150,,,온코크로스,,KRX_KOSDAQ,COMMON,,,Wed Dec 18 2024 00:00:00 GMT+0900 (한국 표준시),,LISTED,KRW,true,3,,Tue Aug 18 2026 20:30:42 GMT+0900 (한국 표준시),Tue Aug 18 2026 20:30:42 GMT+0900 (한국 표준시)
19109,244460,,,올리패스,,KRX_KOSDAQ,COMMON,,,Fri Sep 20 2019 00:00:00 GMT+0900 (한국 표준시),,LISTED,KRW,true,3,,Tue Aug 18 2026 20:30:42 GMT+0900 (한국 표준시),Tue Aug 18 2026 20:30:42 GMT+0900 (한국 표준시)
19110,226950,,,올릭스,,KRX_KOSDAQ,COMMON,,,Wed Jul 18 2018 00:00:00 GMT+0900 (한국 표준시),,LISTED,KRW,true,3,,Tue Aug 18 2026 20:30:42 GMT+0900 (한국 표준시),Tue Aug 18 2026 20:30:42 GMT+0900 (한국 표준시)
19111,057540,,,옴니시스템,,KRX_KOSDAQ,COMMON,,,Wed Sep 19 2007 00:00:00 GMT+0900 (한국 표준시),,LISTED,KRW,true,3,,Tue Aug 18 2026 20:30:42 GMT+0900 (한국 표준시),Tue Aug 18 2026 20:30:42 GMT+0900 (한국 표준시)
19112,131030,,,옵투스제약,,KRX_KOSDAQ,COMMON,,,Fri Dec 03 2010 00:00:00 GMT+0900 (한국 표준시),,LISTED,KRW,true,3,,Tue Aug 18 2026 20:30:42 GMT+0900 (한국 표준시),Tue Aug 18 2026 20:30:42 GMT+0900 (한국 표준시)
19113,082210,,,옵트론텍,,KRX_KOSDAQ,COMMON,,,Fri Jun 24 2005 00:00:00 GMT+0900 (한국 표준시),,LISTED,KRW,true,3,,Tue Aug 18 2026 20:30:42 GMT+0900 (한국 표준시),Tue Aug 18 2026 20:30:42 GMT+0900 (한국 표준시)
19114,109080,,,옵티시스,,KRX_KOSDAQ,COMMON,,,Tue Jul 12 2011 00:00:00 GMT+0900 (한국 표준시),,LISTED,KRW,true,3,,Tue Aug 18 2026 20:30:42 GMT+0900 (한국 표준시),Tue Aug 18 2026 20:30:42 GMT+0900 (한국 표준시)
19115,380540,,,옵티코어,,KRX_KOSDAQ,COMMON,,,Thu Dec 29 2022 00:00:00 GMT+0900 (한국 표준시),,LISTED,KRW,true,3,,Tue Aug 18 2026 20:30:42 GMT+0900 (한국 표준시),Tue Aug 18 2026 20:30:42 GMT+0900 (한국 표준시)
19116,153710,,,옵티팜,,KRX_KOSDAQ,COMMON,,,Fri Oct 26 2018 00:00:00 GMT+0900 (한국 표준시),,LISTED,KRW,true,3,,Tue Aug 18 2026 20:30:42 GMT+0900 (한국 표준시),Tue Aug 18 2026 20:30:42 GMT+0900 (한국 표준시)
19117,051390,,,YW,,KRX_KOSDAQ,COMMON,,,Thu Nov 15 2001 00:00:00 GMT+0900 (한국 표준시),,LISTED,KRW,true,3,,Tue Aug 18 2026 20:30:42 GMT+0900 (한국 표준시),Tue Aug 18 2026 20:30:42 GMT+0900 (한국 표준시)
19118,432430,,,와이랩,,KRX_KOSDAQ,COMMON,,,Thu Jul 20 2023 00:00:00 GMT+0900 (한국 표준시),,LISTED,KRW,true,3,,Tue Aug 18 2026 20:30:42 GMT+0900 (한국 표준시),Tue Aug 18 2026 20:30:42 GMT+0900 (한국 표준시)
19119,338840,,,와이바이오로직스,,KRX_KOSDAQ,COMMON,,,Tue Dec 05 2023 00:00:00 GMT+0900 (한국 표준시),,LISTED,KRW,true,3,,Tue Aug 18 2026 20:30:42 GMT+0900 (한국 표준시),Tue Aug 18 2026 20:30:42 GMT+0900 (한국 표준시)
19120,057030,,,YBM넷,,KRX_KOSDAQ,COMMON,,,Tue Jun 08 2004 00:00:00 GMT+0900 (한국 표준시),,LISTED,KRW,true,3,,Tue Aug 18 2026 20:30:42 GMT+0900 (한국 표준시),Tue Aug 18 2026 20:30:42 GMT+0900 (한국 표준시)
19121,122990,,,와이솔,,KRX_KOSDAQ,COMMON,,,Fri Sep 10 2010 00:00:00 GMT+0900 (한국 표준시),,LISTED,KRW,true,3,,Tue Aug 18 2026 20:30:42 GMT+0900 (한국 표준시),Tue Aug 18 2026 20:30:42 GMT+0900 (한국 표준시)
19122,232140,,,와이씨,,KRX_KOSDAQ,COMMON,,,Thu Dec 24 2015 00:00:00 GMT+0900 (한국 표준시),,LISTED,KRW,true,3,,Tue Aug 18 2026 20:30:42 GMT+0900 (한국 표준시),Tue Aug 18 2026 20:30:42 GMT+0900 (한국 표준시)
19123,112290,,,와이씨켐,,KRX_KOSDAQ,COMMON,,,Thu Jul 14 2022 00:00:00 GMT+0900 (한국 표준시),,LISTED,KRW,true,3,,Tue Aug 18 2026 20:30:42 GMT+0900 (한국 표준시),Tue Aug 18 2026 20:30:42 GMT+0900 (한국 표준시)
19124,065530,,,와이어블,,KRX_KOSDAQ,COMMON,,,Tue Jun 04 2002 00:00:00 GMT+0900 (한국 표준시),,LISTED,KRW,true,3,,Tue Aug 18 2026 20:30:42 GMT+0900 (한국 표준시),Tue Aug 18 2026 20:30:42 GMT+0900 (한국 표준시)
19125,067900,,,와이엔텍,,KRX_KOSDAQ,COMMON,,,Fri Dec 23 2005 00:00:00 GMT+0900 (한국 표준시),,LISTED,KRW,true,3,,Tue Aug 18 2026 20:30:42 GMT+0900 (한국 표준시),Tue Aug 18 2026 20:30:42 GMT+0900 (한국 표준시)
19126,007530,,,와이엠,,KRX_KOSDAQ,COMMON,,,Fri Aug 05 1994 00:00:00 GMT+0900 (한국 표준시),,LISTED,KRW,true,3,,Tue Aug 18 2026 20:30:42 GMT+0900 (한국 표준시),Tue Aug 18 2026 20:30:42 GMT+0900 (한국 표준시)
19127,155650,,,와이엠씨,,KRX_KOSDAQ,COMMON,,,Thu Nov 15 2012 00:00:00 GMT+0900 (한국 표준시),,LISTED,KRW,true,3,,Tue Aug 18 2026 20:30:42 GMT+0900 (한국 표준시),Tue Aug 18 2026 20:30:42 GMT+0900 (한국 표준시)
19128,273640,,,와이엠텍,,KRX_KOSDAQ,COMMON,,,Fri Sep 10 2021 00:00:00 GMT+0900 (한국 표준시),,LISTED,KRW,true,3,,Tue Aug 18 2026 20:30:42 GMT+0900 (한국 표준시),Tue Aug 18 2026 20:30:42 GMT+0900 (한국 표준시)
19129,251370,,,와이엠티,,KRX_KOSDAQ,COMMON,,,Thu Apr 27 2017 00:00:00 GMT+0900 (한국 표준시),,LISTED,KRW,true,3,,Tue Aug 18 2026 20:30:42 GMT+0900 (한국 표준시),Tue Aug 18 2026 20:30:42 GMT+0900 (한국 표준시)
19130,209640,,,와이제이링크,,KRX_KOSDAQ,COMMON,,,Fri Oct 18 2024 00:00:00 GMT+0900 (한국 표준시),,LISTED,KRW,true,3,,Tue Aug 18 2026 20:30:42 GMT+0900 (한국 표준시),Tue Aug 18 2026 20:30:42 GMT+0900 (한국 표준시)
19131,096250,,,와이즈넛,,KRX_KOSDAQ,COMMON,,,Fri Jan 24 2025 00:00:00 GMT+0900 (한국 표준시),,LISTED,KRW,true,3,,Tue Aug 18 2026 20:30:42 GMT+0900 (한국 표준시),Tue Aug 18 2026 20:30:42 GMT+0900 (한국 표준시)
19132,273060,,,와이즈버즈,,KRX_KOSDAQ,COMMON,,,Mon Aug 07 2017 00:00:00 GMT+0900 (한국 표준시),,LISTED,KRW,true,3,,Tue Aug 18 2026 20:30:42 GMT+0900 (한국 표준시),Tue Aug 18 2026 20:30:42 GMT+0900 (한국 표준시)
19133,019210,,,와이지-원,,KRX_KOSDAQ,COMMON,,,Wed Aug 06 1997 00:00:00 GMT+0900 (한국 표준시),,LISTED,KRW,true,3,,Tue Aug 18 2026 20:30:42 GMT+0900 (한국 표준시),Tue Aug 18 2026 20:30:42 GMT+0900 (한국 표준시)
19134,122870,,,와이지엔터테인먼트,,KRX_KOSDAQ,COMMON,,,Wed Nov 23 2011 00:00:00 GMT+0900 (한국 표준시),,LISTED,KRW,true,3,,Tue Aug 18 2026 20:30:42 GMT+0900 (한국 표준시),Tue Aug 18 2026 20:30:42 GMT+0900 (한국 표준시)
19135,040300,,,YTN,,KRX_KOSDAQ,COMMON,,,Tue Sep 04 2001 00:00:00 GMT+0900 (한국 표준시),,LISTED,KRW,true,3,,Tue Aug 18 2026 20:30:42 GMT+0900 (한국 표준시),Tue Aug 18 2026 20:30:42 GMT+0900 (한국 표준시)
19136,079000,,,와토스코리아,,KRX_KOSDAQ,COMMON,,,Tue Nov 15 2005 00:00:00 GMT+0900 (한국 표준시),,LISTED,KRW,true,3,,Tue Aug 18 2026 20:30:42 GMT+0900 (한국 표준시),Tue Aug 18 2026 20:30:42 GMT+0900 (한국 표준시)
19137,032820,,,우리기술,,KRX_KOSDAQ,COMMON,,,Thu Jun 22 2000 00:00:00 GMT+0900 (한국 표준시),,LISTED,KRW,true,3,,Tue Aug 18 2026 20:30:42 GMT+0900 (한국 표준시),Tue Aug 18 2026 20:30:42 GMT+0900 (한국 표준시)
19138,041190,,,우리기술투자,,KRX_KOSDAQ,COMMON,,,Fri Jun 09 2000 00:00:00 GMT+0900 (한국 표준시),,LISTED,KRW,true,3,,Tue Aug 18 2026 20:30:42 GMT+0900 (한국 표준시),Tue Aug 18 2026 20:30:42 GMT+0900 (한국 표준시)
19139,115440,,,우리넷,,KRX_KOSDAQ,COMMON,,,Wed Jan 27 2010 00:00:00 GMT+0900 (한국 표준시),,LISTED,KRW,true,3,,Tue Aug 18 2026 20:30:42 GMT+0900 (한국 표준시),Tue Aug 18 2026 20:30:42 GMT+0900 (한국 표준시)
19140,046970,,,우리로,,KRX_KOSDAQ,COMMON,,,Tue Nov 27 2012 00:00:00 GMT+0900 (한국 표준시),,LISTED,KRW,true,3,,Tue Aug 18 2026 20:30:42 GMT+0900 (한국 표준시),Tue Aug 18 2026 20:30:42 GMT+0900 (한국 표준시)
19141,082850,,,우리바이오,,KRX_KOSDAQ,COMMON,,,Fri Jul 29 2005 00:00:00 GMT+0900 (한국 표준시),,LISTED,KRW,true,3,,Tue Aug 18 2026 20:30:42 GMT+0900 (한국 표준시),Tue Aug 18 2026 20:30:42 GMT+0900 (한국 표준시)
19142,215360,,,우리산업,,KRX_KOSDAQ,COMMON,,,Wed May 06 2015 00:00:00 GMT+0900 (한국 표준시),,LISTED,KRW,true,3,,Tue Aug 18 2026 20:30:42 GMT+0900 (한국 표준시),Tue Aug 18 2026 20:30:42 GMT+0900 (한국 표준시)
19143,072470,,,우리산업홀딩스,,KRX_KOSDAQ,COMMON,,,Tue Oct 28 2003 00:00:00 GMT+0900 (한국 표준시),,LISTED,KRW,true,3,,Tue Aug 18 2026 20:30:42 GMT+0900 (한국 표준시),Tue Aug 18 2026 20:30:42 GMT+0900 (한국 표준시)
19144,073560,,,우리손에프앤지,,KRX_KOSDAQ,COMMON,,,Wed Jul 27 2016 00:00:00 GMT+0900 (한국 표준시),,LISTED,KRW,true,3,,Tue Aug 18 2026 20:30:42 GMT+0900 (한국 표준시),Tue Aug 18 2026 20:30:42 GMT+0900 (한국 표준시)
19145,037400,,,우리엔터프라이즈,,KRX_KOSDAQ,COMMON,,,Thu Dec 16 1999 00:00:00 GMT+0900 (한국 표준시),,LISTED,KRW,true,3,,Tue Aug 18 2026 20:30:42 GMT+0900 (한국 표준시),Tue Aug 18 2026 20:30:42 GMT+0900 (한국 표준시)
19146,153490,,,우리이앤엘하루틴,,KRX_KOSDAQ,COMMON,,,Tue Feb 05 2013 00:00:00 GMT+0900 (한국 표준시),,LISTED,KRW,true,3,,Tue Aug 18 2026 20:30:42 GMT+0900 (한국 표준시),Tue Aug 18 2026 20:30:42 GMT+0900 (한국 표준시)
19147,101170,,,우림피티에스,,KRX_KOSDAQ,COMMON,,,Tue Apr 28 2009 00:00:00 GMT+0900 (한국 표준시),,LISTED,KRW,true,3,,Tue Aug 18 2026 20:30:42 GMT+0900 (한국 표준시),Tue Aug 18 2026 20:30:42 GMT+0900 (한국 표준시)
19148,103840,,,우양,,KRX_KOSDAQ,COMMON,,,Wed Nov 20 2019 00:00:00 GMT+0900 (한국 표준시),,LISTED,KRW,true,3,,Tue Aug 18 2026 20:30:42 GMT+0900 (한국 표준시),Tue Aug 18 2026 20:30:42 GMT+0900 (한국 표준시)
19149,101970,,,우양에이치씨,,KRX_KOSDAQ,COMMON,,,Fri Mar 28 2025 00:00:00 GMT+0900 (한국 표준시),,LISTED,KRW,true,3,,Tue Aug 18 2026 20:30:42 GMT+0900 (한국 표준시),Tue Aug 18 2026 20:30:42 GMT+0900 (한국 표준시)
19150,046940,,,우원개발,,KRX_KOSDAQ,COMMON,,,Tue Jun 18 2002 00:00:00 GMT+0900 (한국 표준시),,LISTED,KRW,true,3,,Tue Aug 18 2026 20:30:42 GMT+0900 (한국 표준시),Tue Aug 18 2026 20:30:42 GMT+0900 (한국 표준시)
19151,065680,,,우주일렉트로,,KRX_KOSDAQ,COMMON,,,Fri Jan 02 2004 00:00:00 GMT+0900 (한국 표준시),,LISTED,KRW,true,3,,Tue Aug 18 2026 20:30:42 GMT+0900 (한국 표준시),Tue Aug 18 2026 20:30:42 GMT+0900 (한국 표준시)
19152,018620,,,우진비앤지,,KRX_KOSDAQ,COMMON,,,Tue May 20 2008 00:00:00 GMT+0900 (한국 표준시),,LISTED,KRW,true,3,,Tue Aug 18 2026 20:30:42 GMT+0900 (한국 표준시),Tue Aug 18 2026 20:30:42 GMT+0900 (한국 표준시)
19153,457550,,,우진엔텍,,KRX_KOSDAQ,COMMON,,,Wed Jan 24 2024 00:00:00 GMT+0900 (한국 표준시),,LISTED,KRW,true,3,,Tue Aug 18 2026 20:30:42 GMT+0900 (한국 표준시),Tue Aug 18 2026 20:30:42 GMT+0900 (한국 표준시)
19154,396470,,,워트,,KRX_KOSDAQ,COMMON,,,Thu Oct 26 2023 00:00:00 GMT+0900 (한국 표준시),,LISTED,KRW,true,3,,Tue Aug 18 2026 20:30:42 GMT+0900 (한국 표준시),Tue Aug 18 2026 20:30:42 GMT+0900 (한국 표준시)
19155,307280,,,원바이오젠,,KRX_KOSDAQ,COMMON,,,Wed Dec 05 2018 00:00:00 GMT+0900 (한국 표준시),,LISTED,KRW,true,3,,Tue Aug 18 2026 20:30:42 GMT+0900 (한국 표준시),Tue Aug 18 2026 20:30:42 GMT+0900 (한국 표준시)
19156,032940,,,원익,,KRX_KOSDAQ,COMMON,,,Fri Jul 18 1997 00:00:00 GMT+0900 (한국 표준시),,LISTED,KRW,true,3,,Tue Aug 18 2026 20:30:42 GMT+0900 (한국 표준시),Tue Aug 18 2026 20:30:42 GMT+0900 (한국 표준시)
19157,104830,,,원익머트리얼즈,,KRX_KOSDAQ,COMMON,,,Wed Dec 28 2011 00:00:00 GMT+0900 (한국 표준시),,LISTED,KRW,true,3,,Tue Aug 18 2026 20:30:42 GMT+0900 (한국 표준시),Tue Aug 18 2026 20:30:42 GMT+0900 (한국 표준시)
19158,240810,,,원익IPS,,KRX_KOSDAQ,COMMON,,,Mon May 02 2016 00:00:00 GMT+0900 (한국 표준시),,LISTED,KRW,true,3,,Tue Aug 18 2026 20:30:42 GMT+0900 (한국 표준시),Tue Aug 18 2026 20:30:42 GMT+0900 (한국 표준시)
19159,014190,,,원익큐브,,KRX_KOSDAQ,COMMON,,,Fri Apr 26 1996 00:00:00 GMT+0900 (한국 표준시),,LISTED,KRW,true,3,,Tue Aug 18 2026 20:30:42 GMT+0900 (한국 표준시),Tue Aug 18 2026 20:30:42 GMT+0900 (한국 표준시)
19160,074600,,,원익QnC,,KRX_KOSDAQ,COMMON,,,Fri Dec 12 2003 00:00:00 GMT+0900 (한국 표준시),,LISTED,KRW,true,3,,Tue Aug 18 2026 20:30:42 GMT+0900 (한국 표준시),Tue Aug 18 2026 20:30:42 GMT+0900 (한국 표준시)
19161,217820,,,원익피앤이,,KRX_KOSDAQ,COMMON,,,Mon Dec 07 2015 00:00:00 GMT+0900 (한국 표준시),,LISTED,KRW,true,3,,Tue Aug 18 2026 20:30:42 GMT+0900 (한국 표준시),Tue Aug 18 2026 20:30:42 GMT+0900 (한국 표준시)
19162,030530,,,원익홀딩스,,KRX_KOSDAQ,COMMON,,,Tue Sep 24 1996 00:00:00 GMT+0900 (한국 표준시),,LISTED,KRW,true,3,,Tue Aug 18 2026 20:30:42 GMT+0900 (한국 표준시),Tue Aug 18 2026 20:30:42 GMT+0900 (한국 표준시)
19163,012620,,,원일특강,,KRX_KOSDAQ,COMMON,,,Tue Jun 28 1994 00:00:00 GMT+0900 (한국 표준시),,LISTED,KRW,true,3,,Tue Aug 18 2026 20:30:42 GMT+0900 (한국 표준시),Tue Aug 18 2026 20:30:42 GMT+0900 (한국 표준시)
19164,136150,,,원일티엔아이,,KRX_KOSDAQ,COMMON,,,Fri May 09 2025 00:00:00 GMT+0900 (한국 표준시),,LISTED,KRW,true,3,,Tue Aug 18 2026 20:30:42 GMT+0900 (한국 표준시),Tue Aug 18 2026 20:30:42 GMT+0900 (한국 표준시)
19165,382840,,,원준,,KRX_KOSDAQ,COMMON,,,Thu Oct 07 2021 00:00:00 GMT+0900 (한국 표준시),,LISTED,KRW,true,3,,Tue Aug 18 2026 20:30:42 GMT+0900 (한국 표준시),Tue Aug 18 2026 20:30:42 GMT+0900 (한국 표준시)
19166,336570,,,원텍,,KRX_KOSDAQ,COMMON,,,Thu Dec 19 2019 00:00:00 GMT+0900 (한국 표준시),,LISTED,KRW,true,3,,Tue Aug 18 2026 20:30:42 GMT+0900 (한국 표준시),Tue Aug 18 2026 20:30:42 GMT+0900 (한국 표준시)
19167,376980,,,원티드랩,,KRX_KOSDAQ,COMMON,,,Wed Aug 11 2021 00:00:00 GMT+0900 (한국 표준시),,LISTED,KRW,true,3,,Tue Aug 18 2026 20:30:42 GMT+0900 (한국 표준시),Tue Aug 18 2026 20:30:42 GMT+0900 (한국 표준시)
19168,008370,,,원풍,,KRX_KOSDAQ,COMMON,,,Fri Dec 18 1992 00:00:00 GMT+0900 (한국 표준시),,LISTED,KRW,true,3,,Tue Aug 18 2026 20:30:42 GMT+0900 (한국 표준시),Tue Aug 18 2026 20:30:42 GMT+0900 (한국 표준시)
19169,008290,,,원풍물산,,KRX_KOSDAQ,COMMON,,,Fri Jul 18 1997 00:00:00 GMT+0900 (한국 표준시),,LISTED,KRW,true,3,,Tue Aug 18 2026 20:30:42 GMT+0900 (한국 표준시),Tue Aug 18 2026 20:30:42 GMT+0900 (한국 표준시)
19170,101160,,,월덱스,,KRX_KOSDAQ,COMMON,,,Thu Jun 19 2008 00:00:00 GMT+0900 (한국 표준시),,LISTED,KRW,true,3,,Tue Aug 18 2026 20:30:42 GMT+0900 (한국 표준시),Tue Aug 18 2026 20:30:42 GMT+0900 (한국 표준시)
19171,336060,,,웨이버스,,KRX_KOSDAQ,COMMON,,,Thu Nov 28 2019 00:00:00 GMT+0900 (한국 표준시),,LISTED,KRW,true,3,,Tue Aug 18 2026 20:30:42 GMT+0900 (한국 표준시),Tue Aug 18 2026 20:30:42 GMT+0900 (한국 표준시)
19172,095270,,,웨이브일렉트로,,KRX_KOSDAQ,COMMON,,,Wed Sep 12 2007 00:00:00 GMT+0900 (한국 표준시),,LISTED,KRW,true,3,,Tue Aug 18 2026 20:30:42 GMT+0900 (한국 표준시),Tue Aug 18 2026 20:30:42 GMT+0900 (한국 표준시)
19173,289930,,,웨이비스,,KRX_KOSDAQ,COMMON,,,Fri Oct 25 2024 00:00:00 GMT+0900 (한국 표준시),,LISTED,KRW,true,3,,Tue Aug 18 2026 20:30:42 GMT+0900 (한국 표준시),Tue Aug 18 2026 20:30:42 GMT+0900 (한국 표준시)
19174,065950,,,웰크론,,KRX_KOSDAQ,COMMON,,,Tue Jul 29 2003 00:00:00 GMT+0900 (한국 표준시),,LISTED,KRW,true,3,,Tue Aug 18 2026 20:30:42 GMT+0900 (한국 표준시),Tue Aug 18 2026 20:30:42 GMT+0900 (한국 표준시)
19175,076080,,,웰크론한텍,,KRX_KOSDAQ,COMMON,,,Fri Jul 18 2008 00:00:00 GMT+0900 (한국 표준시),,LISTED,KRW,true,3,,Tue Aug 18 2026 20:30:42 GMT+0900 (한국 표준시),Tue Aug 18 2026 20:30:42 GMT+0900 (한국 표준시)
19176,043590,,,웰킵스하이텍,,KRX_KOSDAQ,COMMON,,,Thu Dec 20 2001 00:00:00 GMT+0900 (한국 표준시),,LISTED,KRW,true,3,,Tue Aug 18 2026 20:30:42 GMT+0900 (한국 표준시),Tue Aug 18 2026 20:30:42 GMT+0900 (한국 표준시)
19177,196700,,,웹스,,KRX_KOSDAQ,COMMON,,,Mon Aug 24 2015 00:00:00 GMT+0900 (한국 표준시),,LISTED,KRW,true,3,,Tue Aug 18 2026 20:30:42 GMT+0900 (한국 표준시),Tue Aug 18 2026 20:30:42 GMT+0900 (한국 표준시)
19178,069080,,,웹젠,,KRX_KOSDAQ,COMMON,,,Fri May 23 2003 00:00:00 GMT+0900 (한국 표준시),,LISTED,KRW,true,3,,Tue Aug 18 2026 20:30:42 GMT+0900 (한국 표준시),Tue Aug 18 2026 20:30:42 GMT+0900 (한국 표준시)
19179,053580,,,웹케시,,KRX_KOSDAQ,COMMON,,,Fri Jan 25 2019 00:00:00 GMT+0900 (한국 표준시),,LISTED,KRW,true,3,,Tue Aug 18 2026 20:30:42 GMT+0900 (한국 표준시),Tue Aug 18 2026 20:30:42 GMT+0900 (한국 표준시)
19180,479960,,,위너스일렉,,KRX_KOSDAQ,COMMON,,,Mon Feb 24 2025 00:00:00 GMT+0900 (한국 표준시),,LISTED,KRW,true,3,,Tue Aug 18 2026 20:30:42 GMT+0900 (한국 표준시),Tue Aug 18 2026 20:30:42 GMT+0900 (한국 표준시)
19181,044340,,,위닉스,,KRX_KOSDAQ,COMMON,,,Tue Oct 24 2000 00:00:00 GMT+0900 (한국 표준시),,LISTED,KRW,true,3,,Tue Aug 18 2026 20:30:42 GMT+0900 (한국 표준시),Tue Aug 18 2026 20:30:42 GMT+0900 (한국 표준시)
19182,330350,,,위더스제약,,KRX_KOSDAQ,COMMON,,,Fri Jul 03 2020 00:00:00 GMT+0900 (한국 표준시),,LISTED,KRW,true,3,,Tue Aug 18 2026 20:30:42 GMT+0900 (한국 표준시),Tue Aug 18 2026 20:30:42 GMT+0900 (한국 표준시)
19183,348350,,,위드텍,,KRX_KOSDAQ,COMMON,,,Fri Oct 30 2020 00:00:00 GMT+0900 (한국 표준시),,LISTED,KRW,true,3,,Tue Aug 18 2026 20:30:42 GMT+0900 (한국 표준시),Tue Aug 18 2026 20:30:42 GMT+0900 (한국 표준시)
19184,112040,,,위메이드,,KRX_KOSDAQ,COMMON,,,Fri Dec 18 2009 00:00:00 GMT+0900 (한국 표준시),,LISTED,KRW,true,3,,Tue Aug 18 2026 20:30:42 GMT+0900 (한국 표준시),Tue Aug 18 2026 20:30:42 GMT+0900 (한국 표준시)
19185,101730,,,위메이드맥스,,KRX_KOSDAQ,COMMON,,,Wed Jun 03 2009 00:00:00 GMT+0900 (한국 표준시),,LISTED,KRW,true,3,,Tue Aug 18 2026 20:30:42 GMT+0900 (한국 표준시),Tue Aug 18 2026 20:30:42 GMT+0900 (한국 표준시)
19186,123420,,,위메이드플레이,,KRX_KOSDAQ,COMMON,,,Wed Nov 10 2010 00:00:00 GMT+0900 (한국 표준시),,LISTED,KRW,true,3,,Tue Aug 18 2026 20:30:42 GMT+0900 (한국 표준시),Tue Aug 18 2026 20:30:42 GMT+0900 (한국 표준시)
19187,065370,,,위세아이텍,,KRX_KOSDAQ,COMMON,,,Mon Feb 10 2020 00:00:00 GMT+0900 (한국 표준시),,LISTED,KRW,true,3,,Tue Aug 18 2026 20:30:42 GMT+0900 (한국 표준시),Tue Aug 18 2026 20:30:42 GMT+0900 (한국 표준시)
19188,038620,,,위즈코프,,KRX_KOSDAQ,COMMON,,,Thu May 04 2000 00:00:00 GMT+0900 (한국 표준시),,LISTED,KRW,true,3,,Tue Aug 18 2026 20:30:42 GMT+0900 (한국 표준시),Tue Aug 18 2026 20:30:42 GMT+0900 (한국 표준시)
19189,299900,,,위지윅스튜디오,,KRX_KOSDAQ,COMMON,,,Thu Dec 20 2018 00:00:00 GMT+0900 (한국 표준시),,LISTED,KRW,true,3,,Tue Aug 18 2026 20:30:42 GMT+0900 (한국 표준시),Tue Aug 18 2026 20:30:42 GMT+0900 (한국 표준시)
19190,036090,,,위지트,,KRX_KOSDAQ,COMMON,,,Fri Dec 10 1999 00:00:00 GMT+0900 (한국 표준시),,LISTED,KRW,true,3,,Tue Aug 18 2026 20:30:42 GMT+0900 (한국 표준시),Tue Aug 18 2026 20:30:42 GMT+0900 (한국 표준시)
19191,459100,,,위츠,,KRX_KOSDAQ,COMMON,,,Wed Nov 20 2024 00:00:00 GMT+0900 (한국 표준시),,LISTED,KRW,true,3,,Tue Aug 18 2026 20:30:42 GMT+0900 (한국 표준시),Tue Aug 18 2026 20:30:42 GMT+0900 (한국 표준시)
19192,136540,,,윈스테크넷,,KRX_KOSDAQ,COMMON,,,Mon May 02 2011 00:00:00 GMT+0900 (한국 표준시),,LISTED,KRW,true,3,,Tue Aug 18 2026 20:30:42 GMT+0900 (한국 표준시),Tue Aug 18 2026 20:30:42 GMT+0900 (한국 표준시)
19193,097800,,,윈팩,,KRX_KOSDAQ,COMMON,,,Thu Mar 07 2013 00:00:00 GMT+0900 (한국 표준시),,LISTED,KRW,true,3,,Tue Aug 18 2026 20:30:42 GMT+0900 (한국 표준시),Tue Aug 18 2026 20:30:42 GMT+0900 (한국 표준시)
19194,192390,,,윈하이텍,,KRX_KOSDAQ,COMMON,,,Fri Jul 25 2014 00:00:00 GMT+0900 (한국 표준시),,LISTED,KRW,true,3,,Tue Aug 18 2026 20:30:42 GMT+0900 (한국 표준시),Tue Aug 18 2026 20:30:42 GMT+0900 (한국 표준시)
19195,335870,,,윙스풋,,KRX_KOSDAQ,COMMON,,,Mon Dec 09 2019 00:00:00 GMT+0900 (한국 표준시),,LISTED,KRW,true,3,,Tue Aug 18 2026 20:30:42 GMT+0900 (한국 표준시),Tue Aug 18 2026 20:30:42 GMT+0900 (한국 표준시)
19196,900340,,,윙입푸드,,KRX_KOSDAQ,COMMON,,,Fri Nov 30 2018 00:00:00 GMT+0900 (한국 표준시),,LISTED,KRW,true,3,,Tue Aug 18 2026 20:30:42 GMT+0900 (한국 표준시),Tue Aug 18 2026 20:30:42 GMT+0900 (한국 표준시)
19197,036200,,,유니셈,,KRX_KOSDAQ,COMMON,,,Fri Dec 10 1999 00:00:00 GMT+0900 (한국 표준시),,LISTED,KRW,true,3,,Tue Aug 18 2026 20:30:42 GMT+0900 (한국 표준시),Tue Aug 18 2026 20:30:42 GMT+0900 (한국 표준시)
19198,018000,,,유니슨,,KRX_KOSDAQ,COMMON,,,Wed Jan 10 1996 00:00:00 GMT+0900 (한국 표준시),,LISTED,KRW,true,3,,Tue Aug 18 2026 20:30:42 GMT+0900 (한국 표준시),Tue Aug 18 2026 20:30:42 GMT+0900 (한국 표준시)
19199,203450,,,유니온바이오메트릭스,,KRX_KOSDAQ,COMMON,,,Wed Dec 07 2016 00:00:00 GMT+0900 (한국 표준시),,LISTED,KRW,true,3,,Tue Aug 18 2026 20:30:42 GMT+0900 (한국 표준시),Tue Aug 18 2026 20:30:42 GMT+0900 (한국 표준시)
19200,011320,,,유니크,,KRX_KOSDAQ,COMMON,,,Wed Dec 29 1993 00:00:00 GMT+0900 (한국 표준시),,LISTED,KRW,true,3,,Tue Aug 18 2026 20:30:42 GMT+0900 (한국 표준시),Tue Aug 18 2026 20:30:42 GMT+0900 (한국 표준시)
19201,086390,,,유니테스트,,KRX_KOSDAQ,COMMON,,,Tue Dec 05 2006 00:00:00 GMT+0900 (한국 표준시),,LISTED,KRW,true,3,,Tue Aug 18 2026 20:30:42 GMT+0900 (한국 표준시),Tue Aug 18 2026 20:30:42 GMT+0900 (한국 표준시)
19202,241690,,,유니테크노,,KRX_KOSDAQ,COMMON,,,Tue Sep 20 2016 00:00:00 GMT+0900 (한국 표준시),,LISTED,KRW,true,3,,Tue Aug 18 2026 20:30:42 GMT+0900 (한국 표준시),Tue Aug 18 2026 20:30:42 GMT+0900 (한국 표준시)
19203,142210,,,유니트론텍,,KRX_KOSDAQ,COMMON,,,Tue Feb 02 2016 00:00:00 GMT+0900 (한국 표준시),,LISTED,KRW,true,3,,Tue Aug 18 2026 20:30:42 GMT+0900 (한국 표준시),Tue Aug 18 2026 20:30:42 GMT+0900 (한국 표준시)
19204,389680,,,유디엠텍,,KRX_KOSDAQ,COMMON,,,Wed Nov 20 2024 00:00:00 GMT+0900 (한국 표준시),,LISTED,KRW,true,3,,Tue Aug 18 2026 20:30:42 GMT+0900 (한국 표준시),Tue Aug 18 2026 20:30:42 GMT+0900 (한국 표준시)
19205,088340,,,유라클,,KRX_KOSDAQ,COMMON,,,Fri Aug 16 2024 00:00:00 GMT+0900 (한국 표준시),,LISTED,KRW,true,3,,Tue Aug 18 2026 20:30:42 GMT+0900 (한국 표준시),Tue Aug 18 2026 20:30:42 GMT+0900 (한국 표준시)
19206,048430,,,유라테크,,KRX_KOSDAQ,COMMON,,,Thu Jan 11 2001 00:00:00 GMT+0900 (한국 표준시),,LISTED,KRW,true,3,,Tue Aug 18 2026 20:30:42 GMT+0900 (한국 표준시),Tue Aug 18 2026 20:30:42 GMT+0900 (한국 표준시)
19207,206650,,,유바이오로직스,,KRX_KOSDAQ,COMMON,,,Tue Jan 24 2017 00:00:00 GMT+0900 (한국 표준시),,LISTED,KRW,true,3,,Tue Aug 18 2026 20:30:42 GMT+0900 (한국 표준시),Tue Aug 18 2026 20:30:42 GMT+0900 (한국 표준시)
19208,089850,,,유비벨록스,,KRX_KOSDAQ,COMMON,,,Fri Jun 18 2010 00:00:00 GMT+0900 (한국 표준시),,LISTED,KRW,true,3,,Tue Aug 18 2026 20:30:42 GMT+0900 (한국 표준시),Tue Aug 18 2026 20:30:42 GMT+0900 (한국 표준시)
19209,084440,,,유비온,,KRX_KOSDAQ,COMMON,,,Fri Nov 18 2022 00:00:00 GMT+0900 (한국 표준시),,LISTED,KRW,true,3,,Tue Aug 18 2026 20:30:42 GMT+0900 (한국 표준시),Tue Aug 18 2026 20:30:42 GMT+0900 (한국 표준시)
19210,264450,,,유비쿼스,,KRX_KOSDAQ,COMMON,,,Fri Mar 31 2017 00:00:00 GMT+0900 (한국 표준시),,LISTED,KRW,true,3,,Tue Aug 18 2026 20:30:42 GMT+0900 (한국 표준시),Tue Aug 18 2026 20:30:42 GMT+0900 (한국 표준시)
19211,078070,,,유비쿼스홀딩스,,KRX_KOSDAQ,COMMON,,,Fri Jan 23 2009 00:00:00 GMT+0900 (한국 표준시),,LISTED,KRW,true,3,,Tue Aug 18 2026 20:30:42 GMT+0900 (한국 표준시),Tue Aug 18 2026 20:30:42 GMT+0900 (한국 표준시)
19212,024800,,,유성티엔에스,,KRX_KOSDAQ,COMMON,,,Fri Dec 10 1999 00:00:00 GMT+0900 (한국 표준시),,LISTED,KRW,true,3,,Tue Aug 18 2026 20:30:42 GMT+0900 (한국 표준시),Tue Aug 18 2026 20:30:42 GMT+0900 (한국 표준시)
19213,054930,,,유신,,KRX_KOSDAQ,COMMON,,,Tue Jan 15 2002 00:00:00 GMT+0900 (한국 표준시),,LISTED,KRW,true,3,,Tue Aug 18 2026 20:30:42 GMT+0900 (한국 표준시),Tue Aug 18 2026 20:30:42 GMT+0900 (한국 표준시)
19214,069330,,,유아이디,,KRX_KOSDAQ,COMMON,,,Mon Aug 18 2003 00:00:00 GMT+0900 (한국 표준시),,LISTED,KRW,true,3,,Tue Aug 18 2026 20:30:42 GMT+0900 (한국 표준시),Tue Aug 18 2026 20:30:42 GMT+0900 (한국 표준시)
19215,049520,,,유아이엘,,KRX_KOSDAQ,COMMON,,,Thu Aug 02 2001 00:00:00 GMT+0900 (한국 표준시),,LISTED,KRW,true,3,,Tue Aug 18 2026 20:30:42 GMT+0900 (한국 표준시),Tue Aug 18 2026 20:30:42 GMT+0900 (한국 표준시)
19216,473050,,,유안타제15호스팩,,KRX_KOSDAQ,COMMON,,,Thu Feb 29 2024 00:00:00 GMT+0900 (한국 표준시),,LISTED,KRW,true,3,,Tue Aug 18 2026 20:30:42 GMT+0900 (한국 표준시),Tue Aug 18 2026 20:30:42 GMT+0900 (한국 표준시)
19217,474490,,,유안타제16호스팩,,KRX_KOSDAQ,COMMON,,,Thu May 02 2024 00:00:00 GMT+0900 (한국 표준시),,LISTED,KRW,true,3,,Tue Aug 18 2026 20:30:42 GMT+0900 (한국 표준시),Tue Aug 18 2026 20:30:42 GMT+0900 (한국 표준시)
19218,493790,,,유안타제17호스팩,,KRX_KOSDAQ,COMMON,,,Thu Jan 23 2025 00:00:00 GMT+0900 (한국 표준시),,LISTED,KRW,true,3,,Tue Aug 18 2026 20:30:42 GMT+0900 (한국 표준시),Tue Aug 18 2026 20:30:42 GMT+0900 (한국 표준시)
19219,263770,,,유에스티,,KRX_KOSDAQ,COMMON,,,Thu Apr 06 2017 00:00:00 GMT+0900 (한국 표준시),,LISTED,KRW,true,3,,Tue Aug 18 2026 20:30:42 GMT+0900 (한국 표준시),Tue Aug 18 2026 20:30:42 GMT+0900 (한국 표준시)
19220,388720,,,유일로보틱스,,KRX_KOSDAQ,COMMON,,,Fri Mar 18 2022 00:00:00 GMT+0900 (한국 표준시),,LISTED,KRW,true,3,,Tue Aug 18 2026 20:30:42 GMT+0900 (한국 표준시),Tue Aug 18 2026 20:30:42 GMT+0900 (한국 표준시)
19221,023410,,,유진기업,,KRX_KOSDAQ,COMMON,,,Fri Oct 07 1994 00:00:00 GMT+0900 (한국 표준시),,LISTED,KRW,true,3,,Tue Aug 18 2026 20:30:42 GMT+0900 (한국 표준시),Tue Aug 18 2026 20:30:42 GMT+0900 (한국 표준시)
19222,468760,,,유진스팩10호,,KRX_KOSDAQ,COMMON,,,Thu Feb 29 2024 00:00:00 GMT+0900 (한국 표준시),,LISTED,KRW,true,3,,Tue Aug 18 2026 20:30:42 GMT+0900 (한국 표준시),Tue Aug 18 2026 20:30:42 GMT+0900 (한국 표준시)
19223,488060,,,유진스팩11호,,KRX_KOSDAQ,COMMON,,,Thu Oct 31 2024 00:00:00 GMT+0900 (한국 표준시),,LISTED,KRW,true,3,,Tue Aug 18 2026 20:30:42 GMT+0900 (한국 표준시),Tue Aug 18 2026 20:30:42 GMT+0900 (한국 표준시)
19224,0105P0,,,유진스팩12호,,KRX_KOSDAQ,COMMON,,,Thu Dec 11 2025 00:00:00 GMT+0900 (한국 표준시),,LISTED,KRW,true,3,,Tue Aug 18 2026 20:30:42 GMT+0900 (한국 표준시),Tue Aug 18 2026 20:30:42 GMT+0900 (한국 표준시)
19225,056080,,,유진로봇,,KRX_KOSDAQ,COMMON,,,Tue Nov 13 2001 00:00:00 GMT+0900 (한국 표준시),,LISTED,KRW,true,3,,Tue Aug 18 2026 20:30:42 GMT+0900 (한국 표준시),Tue Aug 18 2026 20:30:42 GMT+0900 (한국 표준시)
19226,084370,,,유진테크,,KRX_KOSDAQ,COMMON,,,Tue Jan 17 2006 00:00:00 GMT+0900 (한국 표준시),,LISTED,KRW,true,3,,Tue Aug 18 2026 20:30:42 GMT+0900 (한국 표준시),Tue Aug 18 2026 20:30:42 GMT+0900 (한국 표준시)
19227,240600,,,유진테크놀로지,,KRX_KOSDAQ,COMMON,,,Thu Nov 02 2023 00:00:00 GMT+0900 (한국 표준시),,LISTED,KRW,true,3,,Tue Aug 18 2026 20:30:42 GMT+0900 (한국 표준시),Tue Aug 18 2026 20:30:42 GMT+0900 (한국 표준시)
19228,179900,,,유티아이,,KRX_KOSDAQ,COMMON,,,Wed Sep 27 2017 00:00:00 GMT+0900 (한국 표준시),,LISTED,KRW,true,3,,Tue Aug 18 2026 20:30:42 GMT+0900 (한국 표준시),Tue Aug 18 2026 20:30:42 GMT+0900 (한국 표준시)
19229,263050,,,유틸렉스,,KRX_KOSDAQ,COMMON,,,Mon Dec 24 2018 00:00:00 GMT+0900 (한국 표준시),,LISTED,KRW,true,3,,Tue Aug 18 2026 20:30:42 GMT+0900 (한국 표준시),Tue Aug 18 2026 20:30:42 GMT+0900 (한국 표준시)
19230,191410,,,육일씨엔에쓰,,KRX_KOSDAQ,COMMON,,,Thu Dec 24 2015 00:00:00 GMT+0900 (한국 표준시),,LISTED,KRW,true,3,,Tue Aug 18 2026 20:30:42 GMT+0900 (한국 표준시),Tue Aug 18 2026 20:30:42 GMT+0900 (한국 표준시)
19231,372170,,,윤성에프앤씨,,KRX_KOSDAQ,COMMON,,,Mon Nov 14 2022 00:00:00 GMT+0900 (한국 표준시),,LISTED,KRW,true,3,,Tue Aug 18 2026 20:30:42 GMT+0900 (한국 표준시),Tue Aug 18 2026 20:30:42 GMT+0900 (한국 표준시)
19232,146060,,,율촌,,KRX_KOSDAQ,COMMON,,,Fri Sep 08 2023 00:00:00 GMT+0900 (한국 표준시),,LISTED,KRW,true,3,,Tue Aug 18 2026 20:30:42 GMT+0900 (한국 표준시),Tue Aug 18 2026 20:30:42 GMT+0900 (한국 표준시)
19233,039020,,,이건홀딩스,,KRX_KOSDAQ,COMMON,,,Thu May 04 2000 00:00:00 GMT+0900 (한국 표준시),,LISTED,KRW,true,3,,Tue Aug 18 2026 20:30:42 GMT+0900 (한국 표준시),Tue Aug 18 2026 20:30:42 GMT+0900 (한국 표준시)
19234,067920,,,이글루,,KRX_KOSDAQ,COMMON,,,Wed Aug 04 2010 00:00:00 GMT+0900 (한국 표준시),,LISTED,KRW,true,3,,Tue Aug 18 2026 20:30:42 GMT+0900 (한국 표준시),Tue Aug 18 2026 20:30:42 GMT+0900 (한국 표준시)
19235,044960,,,이글벳,,KRX_KOSDAQ,COMMON,,,Thu Nov 16 2000 00:00:00 GMT+0900 (한국 표준시),,LISTED,KRW,true,3,,Tue Aug 18 2026 20:30:42 GMT+0900 (한국 표준시),Tue Aug 18 2026 20:30:42 GMT+0900 (한국 표준시)
19236,303530,,,이노뎁,,KRX_KOSDAQ,COMMON,,,Fri Jun 18 2021 00:00:00 GMT+0900 (한국 표준시),,LISTED,KRW,true,3,,Tue Aug 18 2026 20:30:42 GMT+0900 (한국 표준시),Tue Aug 18 2026 20:30:42 GMT+0900 (한국 표준시)
19237,302430,,,이노메트리,,KRX_KOSDAQ,COMMON,,,Wed Dec 12 2018 00:00:00 GMT+0900 (한국 표준시),,LISTED,KRW,true,3,,Tue Aug 18 2026 20:30:42 GMT+0900 (한국 표준시),Tue Aug 18 2026 20:30:42 GMT+0900 (한국 표준시)
19238,462350,,,이노스페이스,,KRX_KOSDAQ,COMMON,,,Tue Jul 02 2024 00:00:00 GMT+0900 (한국 표준시),,LISTED,KRW,true,3,,Tue Aug 18 2026 20:30:42 GMT+0900 (한국 표준시),Tue Aug 18 2026 20:30:42 GMT+0900 (한국 표준시)
19239,274400,,,이노시뮬레이션,,KRX_KOSDAQ,COMMON,,,Thu Jul 06 2023 00:00:00 GMT+0900 (한국 표준시),,LISTED,KRW,true,3,,Tue Aug 18 2026 20:30:42 GMT+0900 (한국 표준시),Tue Aug 18 2026 20:30:42 GMT+0900 (한국 표준시)
19240,296640,,,이노에이엑스,,KRX_KOSDAQ,COMMON,,,Fri Oct 07 2022 00:00:00 GMT+0900 (한국 표준시),,LISTED,KRW,true,3,,Tue Aug 18 2026 20:30:42 GMT+0900 (한국 표준시),Tue Aug 18 2026 20:30:42 GMT+0900 (한국 표준시)
19241,215790,,,이노인스트루먼트,,KRX_KOSDAQ,COMMON,,,Fri May 08 2015 00:00:00 GMT+0900 (한국 표준시),,LISTED,KRW,true,3,,Tue Aug 18 2026 20:30:42 GMT+0900 (한국 표준시),Tue Aug 18 2026 20:30:42 GMT+0900 (한국 표준시)
19242,344860,,,이노진,,KRX_KOSDAQ,COMMON,,,Mon Feb 20 2023 00:00:00 GMT+0900 (한국 표준시),,LISTED,KRW,true,3,,Tue Aug 18 2026 20:30:42 GMT+0900 (한국 표준시),Tue Aug 18 2026 20:30:42 GMT+0900 (한국 표준시)
19243,333050,,,이노테나,,KRX_KOSDAQ,COMMON,,,Thu Oct 31 2019 00:00:00 GMT+0900 (한국 표준시),,LISTED,KRW,true,3,,Tue Aug 18 2026 20:30:42 GMT+0900 (한국 표준시),Tue Aug 18 2026 20:30:42 GMT+0900 (한국 표준시)
19244,469610,,,이노테크,,KRX_KOSDAQ,COMMON,,,Fri Nov 07 2025 00:00:00 GMT+0900 (한국 표준시),,LISTED,KRW,true,3,,Tue Aug 18 2026 20:30:42 GMT+0900 (한국 표준시),Tue Aug 18 2026 20:30:42 GMT+0900 (한국 표준시)
19245,088390,,,이녹스,,KRX_KOSDAQ,COMMON,,,Fri Oct 20 2006 00:00:00 GMT+0900 (한국 표준시),,LISTED,KRW,true,3,,Tue Aug 18 2026 20:30:42 GMT+0900 (한국 표준시),Tue Aug 18 2026 20:30:42 GMT+0900 (한국 표준시)
19246,272290,,,이녹스첨단소재,,KRX_KOSDAQ,COMMON,,,Mon Jul 10 2017 00:00:00 GMT+0900 (한국 표준시),,LISTED,KRW,true,3,,Tue Aug 18 2026 20:30:42 GMT+0900 (한국 표준시),Tue Aug 18 2026 20:30:42 GMT+0900 (한국 표준시)
19247,053350,,,이니텍,,KRX_KOSDAQ,COMMON,,,Thu Nov 15 2001 00:00:00 GMT+0900 (한국 표준시),,LISTED,KRW,true,3,,Tue Aug 18 2026 20:30:42 GMT+0900 (한국 표준시),Tue Aug 18 2026 20:30:42 GMT+0900 (한국 표준시)
19248,452400,,,이닉스,,KRX_KOSDAQ,COMMON,,,Thu Feb 01 2024 00:00:00 GMT+0900 (한국 표준시),,LISTED,KRW,true,3,,Tue Aug 18 2026 20:30:42 GMT+0900 (한국 표준시),Tue Aug 18 2026 20:30:42 GMT+0900 (한국 표준시)
19249,264850,,,이랜시스,,KRX_KOSDAQ,COMMON,,,Thu Jun 01 2017 00:00:00 GMT+0900 (한국 표준시),,LISTED,KRW,true,3,,Tue Aug 18 2026 20:30:42 GMT+0900 (한국 표준시),Tue Aug 18 2026 20:30:42 GMT+0900 (한국 표준시)
19250,054210,,,이랜텍,,KRX_KOSDAQ,COMMON,,,Thu May 09 2002 00:00:00 GMT+0900 (한국 표준시),,LISTED,KRW,true,3,,Tue Aug 18 2026 20:30:42 GMT+0900 (한국 표준시),Tue Aug 18 2026 20:30:42 GMT+0900 (한국 표준시)
19251,009730,,,이렘,,KRX_KOSDAQ,COMMON,,,Fri Jul 27 1990 00:00:00 GMT+0900 (한국 표준시),,LISTED,KRW,true,3,,Tue Aug 18 2026 20:30:42 GMT+0900 (한국 표준시),Tue Aug 18 2026 20:30:42 GMT+0900 (한국 표준시)
19252,065440,,,이루온,,KRX_KOSDAQ,COMMON,,,Tue Jan 28 2003 00:00:00 GMT+0900 (한국 표준시),,LISTED,KRW,true,3,,Tue Aug 18 2026 20:30:42 GMT+0900 (한국 표준시),Tue Aug 18 2026 20:30:42 GMT+0900 (한국 표준시)
19253,424870,,,이뮨온시아,,KRX_KOSDAQ,COMMON,,,Mon May 19 2025 00:00:00 GMT+0900 (한국 표준시),,LISTED,KRW,true,3,,Tue Aug 18 2026 20:30:42 GMT+0900 (한국 표준시),Tue Aug 18 2026 20:30:42 GMT+0900 (한국 표준시)
19254,115610,,,이미지스,,KRX_KOSDAQ,COMMON,,,Fri Feb 26 2010 00:00:00 GMT+0900 (한국 표준시),,LISTED,KRW,true,3,,Tue Aug 18 2026 20:30:42 GMT+0900 (한국 표준시),Tue Aug 18 2026 20:30:42 GMT+0900 (한국 표준시)
19255,478110,,,이베스트스팩6호,,KRX_KOSDAQ,COMMON,,,Fri Jul 12 2024 00:00:00 GMT+0900 (한국 표준시),,LISTED,KRW,true,3,,Tue Aug 18 2026 20:30:42 GMT+0900 (한국 표준시),Tue Aug 18 2026 20:30:42 GMT+0900 (한국 표준시)
19256,131400,,,이브이첨단소재,,KRX_KOSDAQ,COMMON,,,Mon Dec 27 2010 00:00:00 GMT+0900 (한국 표준시),,LISTED,KRW,true,3,,Tue Aug 18 2026 20:30:42 GMT+0900 (한국 표준시),Tue Aug 18 2026 20:30:42 GMT+0900 (한국 표준시)
19257,351330,,,이삭엔지니어링,,KRX_KOSDAQ,COMMON,,,Wed Apr 21 2021 00:00:00 GMT+0900 (한국 표준시),,LISTED,KRW,true,3,,Tue Aug 18 2026 20:30:42 GMT+0900 (한국 표준시),Tue Aug 18 2026 20:30:42 GMT+0900 (한국 표준시)
19258,080010,,,이상네트웍스,,KRX_KOSDAQ,COMMON,,,Fri Sep 30 2005 00:00:00 GMT+0900 (한국 표준시),,LISTED,KRW,true,3,,Tue Aug 18 2026 20:30:42 GMT+0900 (한국 표준시),Tue Aug 18 2026 20:30:42 GMT+0900 (한국 표준시)
19259,086890,,,이수앱지스,,KRX_KOSDAQ,COMMON,,,Tue Feb 03 2009 00:00:00 GMT+0900 (한국 표준시),,LISTED,KRW,true,3,,Tue Aug 18 2026 20:30:42 GMT+0900 (한국 표준시),Tue Aug 18 2026 20:30:42 GMT+0900 (한국 표준시)
19260,047560,,,이스트소프트,,KRX_KOSDAQ,COMMON,,,Tue Jul 01 2008 00:00:00 GMT+0900 (한국 표준시),,LISTED,KRW,true,3,,Tue Aug 18 2026 20:30:42 GMT+0900 (한국 표준시),Tue Aug 18 2026 20:30:42 GMT+0900 (한국 표준시)
19261,239340,,,이스트에이드,,KRX_KOSDAQ,COMMON,,,Thu Jun 09 2016 00:00:00 GMT+0900 (한국 표준시),,LISTED,KRW,true,3,,Tue Aug 18 2026 20:30:42 GMT+0900 (한국 표준시),Tue Aug 18 2026 20:30:42 GMT+0900 (한국 표준시)
19262,067010,,,이씨에스,,KRX_KOSDAQ,COMMON,,,Tue Dec 18 2007 00:00:00 GMT+0900 (한국 표준시),,LISTED,KRW,true,3,,Tue Aug 18 2026 20:30:42 GMT+0900 (한국 표준시),Tue Aug 18 2026 20:30:42 GMT+0900 (한국 표준시)
19263,418620,,,E8,,KRX_KOSDAQ,COMMON,,,Fri Feb 23 2024 00:00:00 GMT+0900 (한국 표준시),,LISTED,KRW,true,3,,Tue Aug 18 2026 20:30:42 GMT+0900 (한국 표준시),Tue Aug 18 2026 20:30:42 GMT+0900 (한국 표준시)
19264,456070,,,이엔셀,,KRX_KOSDAQ,COMMON,,,Fri Aug 23 2024 00:00:00 GMT+0900 (한국 표준시),,LISTED,KRW,true,3,,Tue Aug 18 2026 20:30:42 GMT+0900 (한국 표준시),Tue Aug 18 2026 20:30:42 GMT+0900 (한국 표준시)
19265,102710,,,이엔에프테크놀로지,,KRX_KOSDAQ,COMMON,,,Thu May 28 2009 00:00:00 GMT+0900 (한국 표준시),,LISTED,KRW,true,3,,Tue Aug 18 2026 20:30:42 GMT+0900 (한국 표준시),Tue Aug 18 2026 20:30:42 GMT+0900 (한국 표준시)
19266,041520,,,이엘씨,,KRX_KOSDAQ,COMMON,,,Fri Jul 04 2003 00:00:00 GMT+0900 (한국 표준시),,LISTED,KRW,true,3,,Tue Aug 18 2026 20:30:42 GMT+0900 (한국 표준시),Tue Aug 18 2026 20:30:42 GMT+0900 (한국 표준시)
19267,063760,,,이엘피,,KRX_KOSDAQ,COMMON,,,Thu Apr 06 2017 00:00:00 GMT+0900 (한국 표준시),,LISTED,KRW,true,3,,Tue Aug 18 2026 20:30:42 GMT+0900 (한국 표준시),Tue Aug 18 2026 20:30:42 GMT+0900 (한국 표준시)
19268,123570,,,이엠넷,,KRX_KOSDAQ,COMMON,,,Fri Nov 25 2011 00:00:00 GMT+0900 (한국 표준시),,LISTED,KRW,true,3,,Tue Aug 18 2026 20:30:42 GMT+0900 (한국 표준시),Tue Aug 18 2026 20:30:42 GMT+0900 (한국 표준시)
19269,083470,,,이엠앤아이,,KRX_KOSDAQ,COMMON,,,Thu Sep 18 2008 00:00:00 GMT+0900 (한국 표준시),,LISTED,KRW,true,3,,Tue Aug 18 2026 20:30:42 GMT+0900 (한국 표준시),Tue Aug 18 2026 20:30:42 GMT+0900 (한국 표준시)
19270,091120,,,이엠텍,,KRX_KOSDAQ,COMMON,,,Wed May 02 2007 00:00:00 GMT+0900 (한국 표준시),,LISTED,KRW,true,3,,Tue Aug 18 2026 20:30:42 GMT+0900 (한국 표준시),Tue Aug 18 2026 20:30:42 GMT+0900 (한국 표준시)
19271,039030,,,이오테크닉스,,KRX_KOSDAQ,COMMON,,,Thu Aug 24 2000 00:00:00 GMT+0900 (한국 표준시),,LISTED,KRW,true,3,,Tue Aug 18 2026 20:30:42 GMT+0900 (한국 표준시),Tue Aug 18 2026 20:30:42 GMT+0900 (한국 표준시)
19272,294090,,,이오플로우,,KRX_KOSDAQ,COMMON,,,Mon Sep 14 2020 00:00:00 GMT+0900 (한국 표준시),,LISTED,KRW,true,3,,Tue Aug 18 2026 20:30:42 GMT+0900 (한국 표준시),Tue Aug 18 2026 20:30:42 GMT+0900 (한국 표준시)
19273,245620,,,EDGC,,KRX_KOSDAQ,COMMON,,,Tue Jun 26 2018 00:00:00 GMT+0900 (한국 표준시),,LISTED,KRW,true,3,,Tue Aug 18 2026 20:30:42 GMT+0900 (한국 표준시),Tue Aug 18 2026 20:30:42 GMT+0900 (한국 표준시)
19274,088290,,,이원컴포텍,,KRX_KOSDAQ,COMMON,,,Tue Dec 01 2009 00:00:00 GMT+0900 (한국 표준시),,LISTED,KRW,true,3,,Tue Aug 18 2026 20:30:42 GMT+0900 (한국 표준시),Tue Aug 18 2026 20:30:42 GMT+0900 (한국 표준시)
19275,037370,,,EG,,KRX_KOSDAQ,COMMON,,,Tue Jan 11 2000 00:00:00 GMT+0900 (한국 표준시),,LISTED,KRW,true,3,,Tue Aug 18 2026 20:30:42 GMT+0900 (한국 표준시),Tue Aug 18 2026 20:30:42 GMT+0900 (한국 표준시)
19276,353810,,,이지바이오,,KRX_KOSDAQ,COMMON,,,Fri Jun 05 2020 00:00:00 GMT+0900 (한국 표준시),,LISTED,KRW,true,3,,Tue Aug 18 2026 20:30:42 GMT+0900 (한국 표준시),Tue Aug 18 2026 20:30:42 GMT+0900 (한국 표준시)
19277,261520,,,이지스,,KRX_KOSDAQ,COMMON,,,Thu Dec 11 2025 00:00:00 GMT+0900 (한국 표준시),,LISTED,KRW,true,3,,Tue Aug 18 2026 20:30:42 GMT+0900 (한국 표준시),Tue Aug 18 2026 20:30:42 GMT+0900 (한국 표준시)
19278,099750,,,이지케어텍,,KRX_KOSDAQ,COMMON,,,Fri Mar 22 2019 00:00:00 GMT+0900 (한국 표준시),,LISTED,KRW,true,3,,Tue Aug 18 2026 20:30:42 GMT+0900 (한국 표준시),Tue Aug 18 2026 20:30:42 GMT+0900 (한국 표준시)
19279,377330,,,이지트로닉스,,KRX_KOSDAQ,COMMON,,,Fri Feb 04 2022 00:00:00 GMT+0900 (한국 표준시),,LISTED,KRW,true,3,,Tue Aug 18 2026 20:30:42 GMT+0900 (한국 표준시),Tue Aug 18 2026 20:30:42 GMT+0900 (한국 표준시)
19280,035810,,,이지홀딩스,,KRX_KOSDAQ,COMMON,,,Tue Nov 23 1999 00:00:00 GMT+0900 (한국 표준시),,LISTED,KRW,true,3,,Tue Aug 18 2026 20:30:42 GMT+0900 (한국 표준시),Tue Aug 18 2026 20:30:42 GMT+0900 (한국 표준시)
19281,092130,,,이크레더블,,KRX_KOSDAQ,COMMON,,,Fri Oct 24 2008 00:00:00 GMT+0900 (한국 표준시),,LISTED,KRW,true,3,,Tue Aug 18 2026 20:30:42 GMT+0900 (한국 표준시),Tue Aug 18 2026 20:30:42 GMT+0900 (한국 표준시)
19282,134060,,,이퓨쳐,,KRX_KOSDAQ,COMMON,,,Wed Apr 27 2011 00:00:00 GMT+0900 (한국 표준시),,LISTED,KRW,true,3,,Tue Aug 18 2026 20:30:42 GMT+0900 (한국 표준시),Tue Aug 18 2026 20:30:42 GMT+0900 (한국 표준시)
19283,001840,,,이화공영,,KRX_KOSDAQ,COMMON,,,Wed Nov 23 1994 00:00:00 GMT+0900 (한국 표준시),,LISTED,KRW,true,3,,Tue Aug 18 2026 20:30:42 GMT+0900 (한국 표준시),Tue Aug 18 2026 20:30:42 GMT+0900 (한국 표준시)
19284,041830,,,인바디,,KRX_KOSDAQ,COMMON,,,Thu Dec 14 2000 00:00:00 GMT+0900 (한국 표준시),,LISTED,KRW,true,3,,Tue Aug 18 2026 20:30:42 GMT+0900 (한국 표준시),Tue Aug 18 2026 20:30:42 GMT+0900 (한국 표준시)
19285,352940,,,인바이오,,KRX_KOSDAQ,COMMON,,,Fri Dec 11 2020 00:00:00 GMT+0900 (한국 표준시),,LISTED,KRW,true,3,,Tue Aug 18 2026 20:30:42 GMT+0900 (한국 표준시),Tue Aug 18 2026 20:30:42 GMT+0900 (한국 표준시)
19286,079950,,,인베니아,,KRX_KOSDAQ,COMMON,,,Fri Feb 04 2005 00:00:00 GMT+0900 (한국 표준시),,LISTED,KRW,true,3,,Tue Aug 18 2026 20:30:42 GMT+0900 (한국 표준시),Tue Aug 18 2026 20:30:42 GMT+0900 (한국 표준시)
19287,0007J0,,,인벤테라,,KRX_KOSDAQ,COMMON,,,Thu Apr 02 2026 00:00:00 GMT+0900 (한국 표준시),,LISTED,KRW,true,3,,Tue Aug 18 2026 20:30:42 GMT+0900 (한국 표준시),Tue Aug 18 2026 20:30:42 GMT+0900 (한국 표준시)
19288,389470,,,인벤티지랩,,KRX_KOSDAQ,COMMON,,,Tue Nov 22 2022 00:00:00 GMT+0900 (한국 표준시),,LISTED,KRW,true,3,,Tue Aug 18 2026 20:30:42 GMT+0900 (한국 표준시),Tue Aug 18 2026 20:30:42 GMT+0900 (한국 표준시)
19289,277410,,,인산가,,KRX_KOSDAQ,COMMON,,,Fri Sep 29 2017 00:00:00 GMT+0900 (한국 표준시),,LISTED,KRW,true,3,,Tue Aug 18 2026 20:30:42 GMT+0900 (한국 표준시),Tue Aug 18 2026 20:30:42 GMT+0900 (한국 표준시)
19290,060150,,,인선이엔티,,KRX_KOSDAQ,COMMON,,,Fri Jun 14 2002 00:00:00 GMT+0900 (한국 표준시),,LISTED,KRW,true,3,,Tue Aug 18 2026 20:30:42 GMT+0900 (한국 표준시),Tue Aug 18 2026 20:30:42 GMT+0900 (한국 표준시)
19291,033230,,,인성정보,,KRX_KOSDAQ,COMMON,,,Fri Jul 30 1999 00:00:00 GMT+0900 (한국 표준시),,LISTED,KRW,true,3,,Tue Aug 18 2026 20:30:42 GMT+0900 (한국 표준시),Tue Aug 18 2026 20:30:42 GMT+0900 (한국 표준시)
19292,450520,,,인스웨이브,,KRX_KOSDAQ,COMMON,,,Mon Sep 25 2023 00:00:00 GMT+0900 (한국 표준시),,LISTED,KRW,true,3,,Tue Aug 18 2026 20:30:42 GMT+0900 (한국 표준시),Tue Aug 18 2026 20:30:42 GMT+0900 (한국 표준시)
19293,465480,,,인스피언,,KRX_KOSDAQ,COMMON,,,Fri Oct 18 2024 00:00:00 GMT+0900 (한국 표준시),,LISTED,KRW,true,3,,Tue Aug 18 2026 20:30:42 GMT+0900 (한국 표준시),Tue Aug 18 2026 20:30:42 GMT+0900 (한국 표준시)
19294,037330,,,인지디스플레,,KRX_KOSDAQ,COMMON,,,Tue Dec 14 1999 00:00:00 GMT+0900 (한국 표준시),,LISTED,KRW,true,3,,Tue Aug 18 2026 20:30:42 GMT+0900 (한국 표준시),Tue Aug 18 2026 20:30:42 GMT+0900 (한국 표준시)
19295,100030,,,인지소프트,,KRX_KOSDAQ,COMMON,,,Tue May 25 2010 00:00:00 GMT+0900 (한국 표준시),,LISTED,KRW,true,3,,Tue Aug 18 2026 20:30:42 GMT+0900 (한국 표준시),Tue Aug 18 2026 20:30:42 GMT+0900 (한국 표준시)
19296,211050,,,인카금융서비스,,KRX_KOSDAQ,COMMON,,,Wed Feb 16 2022 00:00:00 GMT+0900 (한국 표준시),,LISTED,KRW,true,3,,Tue Aug 18 2026 20:30:42 GMT+0900 (한국 표준시),Tue Aug 18 2026 20:30:42 GMT+0900 (한국 표준시)
19297,083640,,,인콘,,KRX_KOSDAQ,COMMON,,,Tue Dec 27 2005 00:00:00 GMT+0900 (한국 표준시),,LISTED,KRW,true,3,,Tue Aug 18 2026 20:30:42 GMT+0900 (한국 표준시),Tue Aug 18 2026 20:30:42 GMT+0900 (한국 표준시)
19298,064090,,,인크레더블버즈,,KRX_KOSDAQ,COMMON,,,Tue Dec 17 2002 00:00:00 GMT+0900 (한국 표준시),,LISTED,KRW,true,3,,Tue Aug 18 2026 20:30:42 GMT+0900 (한국 표준시),Tue Aug 18 2026 20:30:42 GMT+0900 (한국 표준시)
19299,216050,,,인크로스,,KRX_KOSDAQ,COMMON,,,Mon Oct 31 2016 00:00:00 GMT+0900 (한국 표준시),,LISTED,KRW,true,3,,Tue Aug 18 2026 20:30:42 GMT+0900 (한국 표준시),Tue Aug 18 2026 20:30:42 GMT+0900 (한국 표준시)
19300,049070,,,인탑스,,KRX_KOSDAQ,COMMON,,,Thu Feb 21 2002 00:00:00 GMT+0900 (한국 표준시),,LISTED,KRW,true,3,,Tue Aug 18 2026 20:30:42 GMT+0900 (한국 표준시),Tue Aug 18 2026 20:30:42 GMT+0900 (한국 표준시)
19301,119610,,,인터로조,,KRX_KOSDAQ,COMMON,,,Wed Jul 28 2010 00:00:00 GMT+0900 (한국 표준시),,LISTED,KRW,true,3,,Tue Aug 18 2026 20:30:42 GMT+0900 (한국 표준시),Tue Aug 18 2026 20:30:42 GMT+0900 (한국 표준시)
19302,017250,,,인터엠,,KRX_KOSDAQ,COMMON,,,Wed Jan 03 1996 00:00:00 GMT+0900 (한국 표준시),,LISTED,KRW,true,3,,Tue Aug 18 2026 20:30:42 GMT+0900 (한국 표준시),Tue Aug 18 2026 20:30:42 GMT+0900 (한국 표준시)
19303,051370,,,인터플렉스,,KRX_KOSDAQ,COMMON,,,Wed Jan 22 2003 00:00:00 GMT+0900 (한국 표준시),,LISTED,KRW,true,3,,Tue Aug 18 2026 20:30:42 GMT+0900 (한국 표준시),Tue Aug 18 2026 20:30:42 GMT+0900 (한국 표준시)
19304,064290,,,인텍플러스,,KRX_KOSDAQ,COMMON,,,Wed Jan 05 2011 00:00:00 GMT+0900 (한국 표준시),,LISTED,KRW,true,3,,Tue Aug 18 2026 20:30:42 GMT+0900 (한국 표준시),Tue Aug 18 2026 20:30:42 GMT+0900 (한국 표준시)
19305,189300,,,인텔리안테크,,KRX_KOSDAQ,COMMON,,,Tue Oct 18 2016 00:00:00 GMT+0900 (한국 표준시),,LISTED,KRW,true,3,,Tue Aug 18 2026 20:30:42 GMT+0900 (한국 표준시),Tue Aug 18 2026 20:30:42 GMT+0900 (한국 표준시)
19306,287840,,,인투셀,,KRX_KOSDAQ,COMMON,,,Fri May 23 2025 00:00:00 GMT+0900 (한국 표준시),,LISTED,KRW,true,3,,Tue Aug 18 2026 20:30:42 GMT+0900 (한국 표준시),Tue Aug 18 2026 20:30:42 GMT+0900 (한국 표준시)
19307,048530,,,인트론바이오,,KRX_KOSDAQ,COMMON,,,Wed Jan 26 2011 00:00:00 GMT+0900 (한국 표준시),,LISTED,KRW,true,3,,Tue Aug 18 2026 20:30:42 GMT+0900 (한국 표준시),Tue Aug 18 2026 20:30:42 GMT+0900 (한국 표준시)
19308,070590,,,인티큐브,,KRX_KOSDAQ,COMMON,,,Thu Jan 08 2004 00:00:00 GMT+0900 (한국 표준시),,LISTED,KRW,true,3,,Tue Aug 18 2026 20:30:42 GMT+0900 (한국 표준시),Tue Aug 18 2026 20:30:42 GMT+0900 (한국 표준시)
19309,115310,,,인포바인,,KRX_KOSDAQ,COMMON,,,Tue Feb 09 2010 00:00:00 GMT+0900 (한국 표준시),,LISTED,KRW,true,3,,Tue Aug 18 2026 20:30:42 GMT+0900 (한국 표준시),Tue Aug 18 2026 20:30:42 GMT+0900 (한국 표준시)
19310,039290,,,인포뱅크,,KRX_KOSDAQ,COMMON,,,Tue Jul 04 2006 00:00:00 GMT+0900 (한국 표준시),,LISTED,KRW,true,3,,Tue Aug 18 2026 20:30:42 GMT+0900 (한국 표준시),Tue Aug 18 2026 20:30:42 GMT+0900 (한국 표준시)
19311,071200,,,인피니트헬스케어,,KRX_KOSDAQ,COMMON,,,Wed May 26 2010 00:00:00 GMT+0900 (한국 표준시),,LISTED,KRW,true,3,,Tue Aug 18 2026 20:30:42 GMT+0900 (한국 표준시),Tue Aug 18 2026 20:30:42 GMT+0900 (한국 표준시)
19312,101930,,,인화정공,,KRX_KOSDAQ,COMMON,,,Fri Oct 22 2010 00:00:00 GMT+0900 (한국 표준시),,LISTED,KRW,true,3,,Tue Aug 18 2026 20:30:42 GMT+0900 (한국 표준시),Tue Aug 18 2026 20:30:42 GMT+0900 (한국 표준시)
19313,333430,,,일승,,KRX_KOSDAQ,COMMON,,,Wed Nov 06 2019 00:00:00 GMT+0900 (한국 표준시),,LISTED,KRW,true,3,,Tue Aug 18 2026 20:30:42 GMT+0900 (한국 표준시),Tue Aug 18 2026 20:30:42 GMT+0900 (한국 표준시)
19314,068330,,,일신바이오,,KRX_KOSDAQ,COMMON,,,Wed Dec 26 2007 00:00:00 GMT+0900 (한국 표준시),,LISTED,KRW,true,3,,Tue Aug 18 2026 20:30:42 GMT+0900 (한국 표준시),Tue Aug 18 2026 20:30:42 GMT+0900 (한국 표준시)
19315,178780,,,일월지엠엘,,KRX_KOSDAQ,COMMON,,,Tue Jun 30 2015 00:00:00 GMT+0900 (한국 표준시),,LISTED,KRW,true,3,,Tue Aug 18 2026 20:30:42 GMT+0900 (한국 표준시),Tue Aug 18 2026 20:30:42 GMT+0900 (한국 표준시)
19316,019540,,,일지테크,,KRX_KOSDAQ,COMMON,,,Tue Nov 03 1992 00:00:00 GMT+0900 (한국 표준시),,LISTED,KRW,true,3,,Tue Aug 18 2026 20:30:42 GMT+0900 (한국 표준시),Tue Aug 18 2026 20:30:42 GMT+0900 (한국 표준시)
19317,094820,,,일진파워,,KRX_KOSDAQ,COMMON,,,Tue Nov 06 2007 00:00:00 GMT+0900 (한국 표준시),,LISTED,KRW,true,3,,Tue Aug 18 2026 20:30:42 GMT+0900 (한국 표준시),Tue Aug 18 2026 20:30:42 GMT+0900 (한국 표준시)
19318,950140,,,잉글우드랩,,KRX_KOSDAQ,COMMON,,,Fri Oct 14 2016 00:00:00 GMT+0900 (한국 표준시),,LISTED,KRW,true,3,,Tue Aug 18 2026 20:30:42 GMT+0900 (한국 표준시),Tue Aug 18 2026 20:30:42 GMT+0900 (한국 표준시)
19319,049550,,,잉크테크,,KRX_KOSDAQ,COMMON,,,Thu Feb 28 2002 00:00:00 GMT+0900 (한국 표준시),,LISTED,KRW,true,3,,Tue Aug 18 2026 20:30:42 GMT+0900 (한국 표준시),Tue Aug 18 2026 20:30:42 GMT+0900 (한국 표준시)
19320,389020,,,자람테크놀로지,,KRX_KOSDAQ,COMMON,,,Tue Mar 07 2023 00:00:00 GMT+0900 (한국 표준시),,LISTED,KRW,true,3,,Tue Aug 18 2026 20:30:42 GMT+0900 (한국 표준시),Tue Aug 18 2026 20:30:42 GMT+0900 (한국 표준시)
19321,254120,,,자비스,,KRX_KOSDAQ,COMMON,,,Fri Dec 02 2016 00:00:00 GMT+0900 (한국 표준시),,LISTED,KRW,true,3,,Tue Aug 18 2026 20:30:42 GMT+0900 (한국 표준시),Tue Aug 18 2026 20:30:42 GMT+0900 (한국 표준시)
19322,043910,,,자연과환경,,KRX_KOSDAQ,COMMON,,,Fri Nov 18 2005 00:00:00 GMT+0900 (한국 표준시),,LISTED,KRW,true,3,,Tue Aug 18 2026 20:30:42 GMT+0900 (한국 표준시),Tue Aug 18 2026 20:30:42 GMT+0900 (한국 표준시)
19323,234920,,,자이글,,KRX_KOSDAQ,COMMON,,,Tue Sep 06 2016 00:00:00 GMT+0900 (한국 표준시),,LISTED,KRW,true,3,,Tue Aug 18 2026 20:30:42 GMT+0900 (한국 표준시),Tue Aug 18 2026 20:30:42 GMT+0900 (한국 표준시)
19324,289220,,,자이언트스텝,,KRX_KOSDAQ,COMMON,,,Wed Mar 24 2021 00:00:00 GMT+0900 (한국 표준시),,LISTED,KRW,true,3,,Tue Aug 18 2026 20:30:42 GMT+0900 (한국 표준시),Tue Aug 18 2026 20:30:42 GMT+0900 (한국 표준시)
19325,049630,,,재영솔루텍,,KRX_KOSDAQ,COMMON,,,Fri Jan 24 2003 00:00:00 GMT+0900 (한국 표준시),,LISTED,KRW,true,3,,Tue Aug 18 2026 20:30:42 GMT+0900 (한국 표준시),Tue Aug 18 2026 20:30:42 GMT+0900 (한국 표준시)
19326,417840,,,저스템,,KRX_KOSDAQ,COMMON,,,Fri Oct 28 2022 00:00:00 GMT+0900 (한국 표준시),,LISTED,KRW,true,3,,Tue Aug 18 2026 20:30:42 GMT+0900 (한국 표준시),Tue Aug 18 2026 20:30:42 GMT+0900 (한국 표준시)
19327,110020,,,전진바이오팜,,KRX_KOSDAQ,COMMON,,,Fri Dec 14 2018 00:00:00 GMT+0900 (한국 표준시),,LISTED,KRW,true,3,,Tue Aug 18 2026 20:30:42 GMT+0900 (한국 표준시),Tue Aug 18 2026 20:30:42 GMT+0900 (한국 표준시)
19328,208140,,,정다운,,KRX_KOSDAQ,COMMON,,,Wed Dec 17 2014 00:00:00 GMT+0900 (한국 표준시),,LISTED,KRW,true,3,,Tue Aug 18 2026 20:30:42 GMT+0900 (한국 표준시),Tue Aug 18 2026 20:30:42 GMT+0900 (한국 표준시)
19329,040420,,,정상제이엘에스,,KRX_KOSDAQ,COMMON,,,Tue Aug 01 2000 00:00:00 GMT+0900 (한국 표준시),,LISTED,KRW,true,3,,Tue Aug 18 2026 20:30:42 GMT+0900 (한국 표준시),Tue Aug 18 2026 20:30:42 GMT+0900 (한국 표준시)
19330,045510,,,정원엔시스,,KRX_KOSDAQ,COMMON,,,Thu Sep 07 2000 00:00:00 GMT+0900 (한국 표준시),,LISTED,KRW,true,3,,Tue Aug 18 2026 20:30:42 GMT+0900 (한국 표준시),Tue Aug 18 2026 20:30:42 GMT+0900 (한국 표준시)
19331,217190,,,제너셈,,KRX_KOSDAQ,COMMON,,,Fri Sep 25 2015 00:00:00 GMT+0900 (한국 표준시),,LISTED,KRW,true,3,,Tue Aug 18 2026 20:30:42 GMT+0900 (한국 표준시),Tue Aug 18 2026 20:30:42 GMT+0900 (한국 표준시)
19332,095700,,,제넥신,,KRX_KOSDAQ,COMMON,,,Tue Sep 15 2009 00:00:00 GMT+0900 (한국 표준시),,LISTED,KRW,true,3,,Tue Aug 18 2026 20:30:42 GMT+0900 (한국 표준시),Tue Aug 18 2026 20:30:42 GMT+0900 (한국 표준시)
19333,122310,,,제노레이,,KRX_KOSDAQ,COMMON,,,Mon May 28 2018 00:00:00 GMT+0900 (한국 표준시),,LISTED,KRW,true,3,,Tue Aug 18 2026 20:30:42 GMT+0900 (한국 표준시),Tue Aug 18 2026 20:30:42 GMT+0900 (한국 표준시)
19334,361390,,,제노코,,KRX_KOSDAQ,COMMON,,,Wed Mar 24 2021 00:00:00 GMT+0900 (한국 표준시),,LISTED,KRW,true,3,,Tue Aug 18 2026 20:30:42 GMT+0900 (한국 표준시),Tue Aug 18 2026 20:30:42 GMT+0900 (한국 표준시)
19335,225220,,,제놀루션,,KRX_KOSDAQ,COMMON,,,Fri Jul 24 2020 00:00:00 GMT+0900 (한국 표준시),,LISTED,KRW,true,3,,Tue Aug 18 2026 20:30:42 GMT+0900 (한국 표준시),Tue Aug 18 2026 20:30:42 GMT+0900 (한국 표준시)
19336,123330,,,제닉,,KRX_KOSDAQ,COMMON,,,Wed Aug 03 2011 00:00:00 GMT+0900 (한국 표준시),,LISTED,KRW,true,3,,Tue Aug 18 2026 20:30:42 GMT+0900 (한국 표준시),Tue Aug 18 2026 20:30:42 GMT+0900 (한국 표준시)
19337,381620,,,제닉스로보틱스,,KRX_KOSDAQ,COMMON,,,Mon Sep 30 2024 00:00:00 GMT+0900 (한국 표준시),,LISTED,KRW,true,3,,Tue Aug 18 2026 20:30:42 GMT+0900 (한국 표준시),Tue Aug 18 2026 20:30:42 GMT+0900 (한국 표준시)
19338,159580,,,제로투세븐,,KRX_KOSDAQ,COMMON,,,Tue Feb 19 2013 00:00:00 GMT+0900 (한국 표준시),,LISTED,KRW,true,3,,Tue Aug 18 2026 20:30:42 GMT+0900 (한국 표준시),Tue Aug 18 2026 20:30:42 GMT+0900 (한국 표준시)
19339,147830,,,제룡산업,,KRX_KOSDAQ,COMMON,,,Mon Feb 13 2012 00:00:00 GMT+0900 (한국 표준시),,LISTED,KRW,true,3,,Tue Aug 18 2026 20:30:42 GMT+0900 (한국 표준시),Tue Aug 18 2026 20:30:42 GMT+0900 (한국 표준시)
19340,033100,,,제룡전기,,KRX_KOSDAQ,COMMON,,,Mon Aug 18 1997 00:00:00 GMT+0900 (한국 표준시),,LISTED,KRW,true,3,,Tue Aug 18 2026 20:30:42 GMT+0900 (한국 표준시),Tue Aug 18 2026 20:30:42 GMT+0900 (한국 표준시)
19341,079370,,,제우스,,KRX_KOSDAQ,COMMON,,,Wed Feb 01 2006 00:00:00 GMT+0900 (한국 표준시),,LISTED,KRW,true,3,,Tue Aug 18 2026 20:30:42 GMT+0900 (한국 표준시),Tue Aug 18 2026 20:30:42 GMT+0900 (한국 표준시)
19342,067290,,,JW신약,,KRX_KOSDAQ,COMMON,,,Tue Feb 11 2003 00:00:00 GMT+0900 (한국 표준시),,LISTED,KRW,true,3,,Tue Aug 18 2026 20:30:42 GMT+0900 (한국 표준시),Tue Aug 18 2026 20:30:42 GMT+0900 (한국 표준시)
19343,054950,,,제이브이엠,,KRX_KOSDAQ,COMMON,,,Wed Jun 07 2006 00:00:00 GMT+0900 (한국 표준시),,LISTED,KRW,true,3,,Tue Aug 18 2026 20:30:42 GMT+0900 (한국 표준시),Tue Aug 18 2026 20:30:42 GMT+0900 (한국 표준시)
19344,090470,,,제이스로보틱스,,KRX_KOSDAQ,COMMON,,,Wed Jan 10 2007 00:00:00 GMT+0900 (한국 표준시),,LISTED,KRW,true,3,,Tue Aug 18 2026 20:30:42 GMT+0900 (한국 표준시),Tue Aug 18 2026 20:30:42 GMT+0900 (한국 표준시)
19345,023440,,,제이스코홀딩스,,KRX_KOSDAQ,COMMON,,,Fri Oct 07 1994 00:00:00 GMT+0900 (한국 표준시),,LISTED,KRW,true,3,,Tue Aug 18 2026 20:30:42 GMT+0900 (한국 표준시),Tue Aug 18 2026 20:30:42 GMT+0900 (한국 표준시)
19346,137950,,,제이씨케미칼,,KRX_KOSDAQ,COMMON,,,Mon Aug 08 2011 00:00:00 GMT+0900 (한국 표준시),,LISTED,KRW,true,3,,Tue Aug 18 2026 20:30:42 GMT+0900 (한국 표준시),Tue Aug 18 2026 20:30:42 GMT+0900 (한국 표준시)
19347,033320,,,제이씨현시스템,,KRX_KOSDAQ,COMMON,,,Mon Nov 10 1997 00:00:00 GMT+0900 (한국 표준시),,LISTED,KRW,true,3,,Tue Aug 18 2026 20:30:42 GMT+0900 (한국 표준시),Tue Aug 18 2026 20:30:42 GMT+0900 (한국 표준시)
19348,417500,,,제이아이테크,,KRX_KOSDAQ,COMMON,,,Fri Nov 04 2022 00:00:00 GMT+0900 (한국 표준시),,LISTED,KRW,true,3,,Tue Aug 18 2026 20:30:42 GMT+0900 (한국 표준시),Tue Aug 18 2026 20:30:42 GMT+0900 (한국 표준시)
19349,204270,,,제이앤티씨,,KRX_KOSDAQ,COMMON,,,Wed Mar 04 2020 00:00:00 GMT+0900 (한국 표준시),,LISTED,KRW,true,3,,Tue Aug 18 2026 20:30:42 GMT+0900 (한국 표준시),Tue Aug 18 2026 20:30:42 GMT+0900 (한국 표준시)
19350,127120,,,제이에스링크,,KRX_KOSDAQ,COMMON,,,Mon Dec 26 2011 00:00:00 GMT+0900 (한국 표준시),,LISTED,KRW,true,3,,Tue Aug 18 2026 20:30:42 GMT+0900 (한국 표준시),Tue Aug 18 2026 20:30:42 GMT+0900 (한국 표준시)
19351,026040,,,제이에스티나,,KRX_KOSDAQ,COMMON,,,Tue Dec 21 1999 00:00:00 GMT+0900 (한국 표준시),,LISTED,KRW,true,3,,Tue Aug 18 2026 20:30:42 GMT+0900 (한국 표준시),Tue Aug 18 2026 20:30:42 GMT+0900 (한국 표준시)
19352,452160,,,제이엔비,,KRX_KOSDAQ,COMMON,,,Fri Nov 24 2023 00:00:00 GMT+0900 (한국 표준시),,LISTED,KRW,true,3,,Tue Aug 18 2026 20:30:42 GMT+0900 (한국 표준시),Tue Aug 18 2026 20:30:42 GMT+0900 (한국 표준시)
19353,126880,,,제이엔케이글로벌,,KRX_KOSDAQ,COMMON,,,Mon Jan 31 2011 00:00:00 GMT+0900 (한국 표준시),,LISTED,KRW,true,3,,Tue Aug 18 2026 20:30:42 GMT+0900 (한국 표준시),Tue Aug 18 2026 20:30:42 GMT+0900 (한국 표준시)
19354,322510,,,제이엘케이,,KRX_KOSDAQ,COMMON,,,Wed Dec 11 2019 00:00:00 GMT+0900 (한국 표준시),,LISTED,KRW,true,3,,Tue Aug 18 2026 20:30:42 GMT+0900 (한국 표준시),Tue Aug 18 2026 20:30:42 GMT+0900 (한국 표준시)
19355,033050,,,제이엠아이,,KRX_KOSDAQ,COMMON,,,Mon Aug 18 1997 00:00:00 GMT+0900 (한국 표준시),,LISTED,KRW,true,3,,Tue Aug 18 2026 20:30:42 GMT+0900 (한국 표준시),Tue Aug 18 2026 20:30:42 GMT+0900 (한국 표준시)
19356,094970,,,제이엠티,,KRX_KOSDAQ,COMMON,,,Fri Oct 12 2007 00:00:00 GMT+0900 (한국 표준시),,LISTED,KRW,true,3,,Tue Aug 18 2026 20:30:42 GMT+0900 (한국 표준시),Tue Aug 18 2026 20:30:42 GMT+0900 (한국 표준시)
19357,418550,,,제이오,,KRX_KOSDAQ,COMMON,,,Thu Feb 16 2023 00:00:00 GMT+0900 (한국 표준시),,LISTED,KRW,true,3,,Tue Aug 18 2026 20:30:42 GMT+0900 (한국 표준시),Tue Aug 18 2026 20:30:42 GMT+0900 (한국 표준시)
19358,035900,,,JYP Ent.,,KRX_KOSDAQ,COMMON,,,Thu Aug 30 2001 00:00:00 GMT+0900 (한국 표준시),,LISTED,KRW,true,3,,Tue Aug 18 2026 20:30:42 GMT+0900 (한국 표준시),Tue Aug 18 2026 20:30:42 GMT+0900 (한국 표준시)
19359,060230,,,제이케이시냅스,,KRX_KOSDAQ,COMMON,,,Tue Jun 25 2002 00:00:00 GMT+0900 (한국 표준시),,LISTED,KRW,true,3,,Tue Aug 18 2026 20:30:42 GMT+0900 (한국 표준시),Tue Aug 18 2026 20:30:42 GMT+0900 (한국 표준시)
19360,420570,,,제이투케이바이오,,KRX_KOSDAQ,COMMON,,,Mon Mar 25 2024 00:00:00 GMT+0900 (한국 표준시),,LISTED,KRW,true,3,,Tue Aug 18 2026 20:30:42 GMT+0900 (한국 표준시),Tue Aug 18 2026 20:30:42 GMT+0900 (한국 표준시)
19361,089790,,,제이티,,KRX_KOSDAQ,COMMON,,,Fri Oct 27 2006 00:00:00 GMT+0900 (한국 표준시),,LISTED,KRW,true,3,,Tue Aug 18 2026 20:30:42 GMT+0900 (한국 표준시),Tue Aug 18 2026 20:30:42 GMT+0900 (한국 표준시)
19362,950170,,,JTC,,KRX_KOSDAQ,COMMON,,,Fri Apr 06 2018 00:00:00 GMT+0900 (한국 표준시),,LISTED,KRW,true,3,,Tue Aug 18 2026 20:30:42 GMT+0900 (한국 표준시),Tue Aug 18 2026 20:30:42 GMT+0900 (한국 표준시)
19363,0010V0,,,제이피아이헬스케어,,KRX_KOSDAQ,COMMON,,,Thu Aug 21 2025 00:00:00 GMT+0900 (한국 표준시),,LISTED,KRW,true,3,,Tue Aug 18 2026 20:30:42 GMT+0900 (한국 표준시),Tue Aug 18 2026 20:30:42 GMT+0900 (한국 표준시)
19364,412540,,,제일엠앤에스,,KRX_KOSDAQ,COMMON,,,Tue Apr 30 2024 00:00:00 GMT+0900 (한국 표준시),,LISTED,KRW,true,3,,Tue Aug 18 2026 20:30:42 GMT+0900 (한국 표준시),Tue Aug 18 2026 20:30:42 GMT+0900 (한국 표준시)
19365,199820,,,제일일렉트릭,,KRX_KOSDAQ,COMMON,,,Thu Nov 26 2020 00:00:00 GMT+0900 (한국 표준시),,LISTED,KRW,true,3,,Tue Aug 18 2026 20:30:42 GMT+0900 (한국 표준시),Tue Aug 18 2026 20:30:42 GMT+0900 (한국 표준시)
19366,038010,,,제일테크노스,,KRX_KOSDAQ,COMMON,,,Tue Jan 11 2000 00:00:00 GMT+0900 (한국 표준시),,LISTED,KRW,true,3,,Tue Aug 18 2026 20:30:42 GMT+0900 (한국 표준시),Tue Aug 18 2026 20:30:42 GMT+0900 (한국 표준시)
19367,080220,,,제주반도체,,KRX_KOSDAQ,COMMON,,,Tue Feb 01 2005 00:00:00 GMT+0900 (한국 표준시),,LISTED,KRW,true,3,,Tue Aug 18 2026 20:30:42 GMT+0900 (한국 표준시),Tue Aug 18 2026 20:30:42 GMT+0900 (한국 표준시)
19368,216080,,,제테마,,KRX_KOSDAQ,COMMON,,,Thu Nov 14 2019 00:00:00 GMT+0900 (한국 표준시),,LISTED,KRW,true,3,,Tue Aug 18 2026 20:30:42 GMT+0900 (한국 표준시),Tue Aug 18 2026 20:30:42 GMT+0900 (한국 표준시)
19369,337930,,,젝시믹스,,KRX_KOSDAQ,COMMON,,,Thu Aug 13 2020 00:00:00 GMT+0900 (한국 표준시),,LISTED,KRW,true,3,,Tue Aug 18 2026 20:30:42 GMT+0900 (한국 표준시),Tue Aug 18 2026 20:30:42 GMT+0900 (한국 표준시)
19370,229000,,,젠큐릭스,,KRX_KOSDAQ,COMMON,,,Thu Jun 25 2020 00:00:00 GMT+0900 (한국 표준시),,LISTED,KRW,true,3,,Tue Aug 18 2026 20:30:42 GMT+0900 (한국 표준시),Tue Aug 18 2026 20:30:42 GMT+0900 (한국 표준시)
19371,082270,,,젬백스,,KRX_KOSDAQ,COMMON,,,Fri Jun 24 2005 00:00:00 GMT+0900 (한국 표준시),,LISTED,KRW,true,3,,Tue Aug 18 2026 20:30:42 GMT+0900 (한국 표준시),Tue Aug 18 2026 20:30:42 GMT+0900 (한국 표준시)
19372,153890,,,져스텍,,KRX_KOSDAQ,COMMON,,,Mon Jun 29 2026 00:00:00 GMT+0900 (한국 표준시),,LISTED,KRW,true,3,,Tue Aug 18 2026 20:30:42 GMT+0900 (한국 표준시),Tue Aug 18 2026 20:30:42 GMT+0900 (한국 표준시)
19373,034940,,,조아제약,,KRX_KOSDAQ,COMMON,,,Fri Aug 13 1999 00:00:00 GMT+0900 (한국 표준시),,LISTED,KRW,true,3,,Tue Aug 18 2026 20:30:42 GMT+0900 (한국 표준시),Tue Aug 18 2026 20:30:42 GMT+0900 (한국 표준시)
19374,067000,,,조이시티,,KRX_KOSDAQ,COMMON,,,Fri May 30 2008 00:00:00 GMT+0900 (한국 표준시),,LISTED,KRW,true,3,,Tue Aug 18 2026 20:30:42 GMT+0900 (한국 표준시),Tue Aug 18 2026 20:30:42 GMT+0900 (한국 표준시)
19375,309930,,,조이웍스앤코,,KRX_KOSDAQ,COMMON,,,Thu Dec 20 2018 00:00:00 GMT+0900 (한국 표준시),,LISTED,KRW,true,3,,Tue Aug 18 2026 20:30:42 GMT+0900 (한국 표준시),Tue Aug 18 2026 20:30:42 GMT+0900 (한국 표준시)
19376,018700,,,졸스,,KRX_KOSDAQ,COMMON,,,Fri Mar 18 1994 00:00:00 GMT+0900 (한국 표준시),,LISTED,KRW,true,3,,Tue Aug 18 2026 20:30:42 GMT+0900 (한국 표준시),Tue Aug 18 2026 20:30:42 GMT+0900 (한국 표준시)
19377,033340,,,좋은사람들,,KRX_KOSDAQ,COMMON,,,Mon Nov 03 1997 00:00:00 GMT+0900 (한국 표준시),,LISTED,KRW,true,3,,Tue Aug 18 2026 20:30:42 GMT+0900 (한국 표준시),Tue Aug 18 2026 20:30:42 GMT+0900 (한국 표준시)
19378,036930,,,주성엔지니어링,,KRX_KOSDAQ,COMMON,,,Fri Dec 24 1999 00:00:00 GMT+0900 (한국 표준시),,LISTED,KRW,true,3,,Tue Aug 18 2026 20:30:42 GMT+0900 (한국 표준시),Tue Aug 18 2026 20:30:42 GMT+0900 (한국 표준시)
19379,357580,,,아모센스,,KRX_KOSDAQ,COMMON,,,Fri Jun 25 2021 00:00:00 GMT+0900 (한국 표준시),,LISTED,KRW,true,3,,Tue Aug 18 2026 20:30:42 GMT+0900 (한국 표준시),Tue Aug 18 2026 20:30:42 GMT+0900 (한국 표준시)
19380,226400,,,오스테오닉,,KRX_KOSDAQ,COMMON,,,Thu Feb 22 2018 00:00:00 GMT+0900 (한국 표준시),,LISTED,KRW,true,3,,Tue Aug 18 2026 20:30:42 GMT+0900 (한국 표준시),Tue Aug 18 2026 20:30:42 GMT+0900 (한국 표준시)
19381,440320,,,오픈놀,,KRX_KOSDAQ,COMMON,,,Fri Jun 30 2023 00:00:00 GMT+0900 (한국 표준시),,LISTED,KRW,true,3,,Tue Aug 18 2026 20:30:42 GMT+0900 (한국 표준시),Tue Aug 18 2026 20:30:42 GMT+0900 (한국 표준시)
19382,348080,,,큐라티스,,KRX_KOSDAQ,COMMON,,,Thu Jun 15 2023 00:00:00 GMT+0900 (한국 표준시),,LISTED,KRW,true,3,,Tue Aug 18 2026 20:30:42 GMT+0900 (한국 표준시),Tue Aug 18 2026 20:30:42 GMT+0900 (한국 표준시)
19383,072020,,,중앙백신,,KRX_KOSDAQ,COMMON,,,Fri Oct 31 2003 00:00:00 GMT+0900 (한국 표준시),,LISTED,KRW,true,3,,Tue Aug 18 2026 20:30:42 GMT+0900 (한국 표준시),Tue Aug 18 2026 20:30:42 GMT+0900 (한국 표준시)
19384,000440,,,중앙에너비스,,KRX_KOSDAQ,COMMON,,,Wed Mar 24 1993 00:00:00 GMT+0900 (한국 표준시),,LISTED,KRW,true,3,,Tue Aug 18 2026 20:30:42 GMT+0900 (한국 표준시),Tue Aug 18 2026 20:30:42 GMT+0900 (한국 표준시)
19385,051980,,,중앙첨단소재,,KRX_KOSDAQ,COMMON,,,Tue Jul 31 2001 00:00:00 GMT+0900 (한국 표준시),,LISTED,KRW,true,3,,Tue Aug 18 2026 20:30:42 GMT+0900 (한국 표준시),Tue Aug 18 2026 20:30:42 GMT+0900 (한국 표준시)
19386,221800,,,지구홀딩스,,KRX_KOSDAQ,COMMON,,,Thu Nov 02 2023 00:00:00 GMT+0900 (한국 표준시),,LISTED,KRW,true,3,,Tue Aug 18 2026 20:30:42 GMT+0900 (한국 표준시),Tue Aug 18 2026 20:30:42 GMT+0900 (한국 표준시)
19387,228760,,,지노믹트리,,KRX_KOSDAQ,COMMON,,,Wed Mar 27 2019 00:00:00 GMT+0900 (한국 표준시),,LISTED,KRW,true,3,,Tue Aug 18 2026 20:30:42 GMT+0900 (한국 표준시),Tue Aug 18 2026 20:30:42 GMT+0900 (한국 표준시)
19388,314130,,,지놈앤컴퍼니,,KRX_KOSDAQ,COMMON,,,Wed Dec 23 2020 00:00:00 GMT+0900 (한국 표준시),,LISTED,KRW,true,3,,Tue Aug 18 2026 20:30:42 GMT+0900 (한국 표준시),Tue Aug 18 2026 20:30:42 GMT+0900 (한국 표준시)
19389,389030,,,지니너스,,KRX_KOSDAQ,COMMON,,,Mon Nov 08 2021 00:00:00 GMT+0900 (한국 표준시),,LISTED,KRW,true,3,,Tue Aug 18 2026 20:30:42 GMT+0900 (한국 표준시),Tue Aug 18 2026 20:30:42 GMT+0900 (한국 표준시)
19390,263860,,,지니언스,,KRX_KOSDAQ,COMMON,,,Wed Aug 02 2017 00:00:00 GMT+0900 (한국 표준시),,LISTED,KRW,true,3,,Tue Aug 18 2026 20:30:42 GMT+0900 (한국 표준시),Tue Aug 18 2026 20:30:42 GMT+0900 (한국 표준시)
19391,303030,,,지니틱스,,KRX_KOSDAQ,COMMON,,,Thu Aug 30 2018 00:00:00 GMT+0900 (한국 표준시),,LISTED,KRW,true,3,,Tue Aug 18 2026 20:30:42 GMT+0900 (한국 표준시),Tue Aug 18 2026 20:30:42 GMT+0900 (한국 표준시)
19392,208350,,,지란지교시큐리티,,KRX_KOSDAQ,COMMON,,,Wed Dec 24 2014 00:00:00 GMT+0900 (한국 표준시),,LISTED,KRW,true,3,,Tue Aug 18 2026 20:30:42 GMT+0900 (한국 표준시),Tue Aug 18 2026 20:30:42 GMT+0900 (한국 표준시)
19393,446840,,,지슨,,KRX_KOSDAQ,COMMON,,,Wed May 17 2023 00:00:00 GMT+0900 (한국 표준시),,LISTED,KRW,true,3,,Tue Aug 18 2026 20:30:42 GMT+0900 (한국 표준시),Tue Aug 18 2026 20:30:42 GMT+0900 (한국 표준시)
19394,144510,,,지씨셀,,KRX_KOSDAQ,COMMON,,,Thu Jun 23 2016 00:00:00 GMT+0900 (한국 표준시),,LISTED,KRW,true,3,,Tue Aug 18 2026 20:30:42 GMT+0900 (한국 표준시),Tue Aug 18 2026 20:30:42 GMT+0900 (한국 표준시)
19395,340450,,,지씨지놈,,KRX_KOSDAQ,COMMON,,,Wed Jun 11 2025 00:00:00 GMT+0900 (한국 표준시),,LISTED,KRW,true,3,,Tue Aug 18 2026 20:30:42 GMT+0900 (한국 표준시),Tue Aug 18 2026 20:30:42 GMT+0900 (한국 표준시)
19396,306620,,,지아이에스,,KRX_KOSDAQ,COMMON,,,Wed Oct 31 2018 00:00:00 GMT+0900 (한국 표준시),,LISTED,KRW,true,3,,Tue Aug 18 2026 20:30:42 GMT+0900 (한국 표준시),Tue Aug 18 2026 20:30:42 GMT+0900 (한국 표준시)
19397,358570,,,지아이이노베이션,,KRX_KOSDAQ,COMMON,,,Thu Mar 30 2023 00:00:00 GMT+0900 (한국 표준시),,LISTED,KRW,true,3,,Tue Aug 18 2026 20:30:42 GMT+0900 (한국 표준시),Tue Aug 18 2026 20:30:42 GMT+0900 (한국 표준시)
19398,382480,,,지아이텍,,KRX_KOSDAQ,COMMON,,,Thu Oct 21 2021 00:00:00 GMT+0900 (한국 표준시),,LISTED,KRW,true,3,,Tue Aug 18 2026 20:30:42 GMT+0900 (한국 표준시),Tue Aug 18 2026 20:30:42 GMT+0900 (한국 표준시)
19399,382800,,,지앤비에스 에코,,KRX_KOSDAQ,COMMON,,,Fri Oct 29 2021 00:00:00 GMT+0900 (한국 표준시),,LISTED,KRW,true,3,,Tue Aug 18 2026 20:30:42 GMT+0900 (한국 표준시),Tue Aug 18 2026 20:30:42 GMT+0900 (한국 표준시)
19400,051160,,,지어소프트,,KRX_KOSDAQ,COMMON,,,Tue May 28 2002 00:00:00 GMT+0900 (한국 표준시),,LISTED,KRW,true,3,,Tue Aug 18 2026 20:30:42 GMT+0900 (한국 표준시),Tue Aug 18 2026 20:30:42 GMT+0900 (한국 표준시)
19401,053050,,,지에스이,,KRX_KOSDAQ,COMMON,,,Thu Oct 11 2001 00:00:00 GMT+0900 (한국 표준시),,LISTED,KRW,true,3,,Tue Aug 18 2026 20:30:42 GMT+0900 (한국 표준시),Tue Aug 18 2026 20:30:42 GMT+0900 (한국 표준시)
19402,130500,,,GH신소재,,KRX_KOSDAQ,COMMON,,,Fri Aug 02 2013 00:00:00 GMT+0900 (한국 표준시),,LISTED,KRW,true,3,,Tue Aug 18 2026 20:30:42 GMT+0900 (한국 표준시),Tue Aug 18 2026 20:30:42 GMT+0900 (한국 표준시)
19403,388610,,,지에프씨생명과학,,KRX_KOSDAQ,COMMON,,,Mon Jun 30 2025 00:00:00 GMT+0900 (한국 표준시),,LISTED,KRW,true,3,,Tue Aug 18 2026 20:30:42 GMT+0900 (한국 표준시),Tue Aug 18 2026 20:30:42 GMT+0900 (한국 표준시)
19404,493330,,,지에프아이,,KRX_KOSDAQ,COMMON,,,Wed Jan 14 2026 00:00:00 GMT+0900 (한국 표준시),,LISTED,KRW,true,3,,Tue Aug 18 2026 20:30:42 GMT+0900 (한국 표준시),Tue Aug 18 2026 20:30:42 GMT+0900 (한국 표준시)
19405,119850,,,지엔씨에너지,,KRX_KOSDAQ,COMMON,,,Wed Oct 02 2013 00:00:00 GMT+0900 (한국 표준시),,LISTED,KRW,true,3,,Tue Aug 18 2026 20:30:42 GMT+0900 (한국 표준시),Tue Aug 18 2026 20:30:42 GMT+0900 (한국 표준시)
19406,065060,,,지엔코,,KRX_KOSDAQ,COMMON,,,Tue May 28 2002 00:00:00 GMT+0900 (한국 표준시),,LISTED,KRW,true,3,,Tue Aug 18 2026 20:30:42 GMT+0900 (한국 표준시),Tue Aug 18 2026 20:30:42 GMT+0900 (한국 표준시)
19407,204840,,,지엘팜텍,,KRX_KOSDAQ,COMMON,,,Thu Nov 20 2014 00:00:00 GMT+0900 (한국 표준시),,LISTED,KRW,true,3,,Tue Aug 18 2026 20:30:42 GMT+0900 (한국 표준시),Tue Aug 18 2026 20:30:42 GMT+0900 (한국 표준시)
19408,019570,,,GMI벤처,,KRX_KOSDAQ,COMMON,,,Tue Mar 14 1989 00:00:00 GMT+0900 (한국 표준시),,LISTED,KRW,true,3,,Tue Aug 18 2026 20:30:42 GMT+0900 (한국 표준시),Tue Aug 18 2026 20:30:42 GMT+0900 (한국 표준시)
19409,311320,,,지오엘리먼트,,KRX_KOSDAQ,COMMON,,,Thu Nov 11 2021 00:00:00 GMT+0900 (한국 표준시),,LISTED,KRW,true,3,,Tue Aug 18 2026 20:30:42 GMT+0900 (한국 표준시),Tue Aug 18 2026 20:30:42 GMT+0900 (한국 표준시)
19410,456160,,,지투지바이오,,KRX_KOSDAQ,COMMON,,,Thu Aug 14 2025 00:00:00 GMT+0900 (한국 표준시),,LISTED,KRW,true,3,,Tue Aug 18 2026 20:30:42 GMT+0900 (한국 표준시),Tue Aug 18 2026 20:30:42 GMT+0900 (한국 표준시)
19411,388050,,,지투파워,,KRX_KOSDAQ,COMMON,,,Fri Apr 01 2022 00:00:00 GMT+0900 (한국 표준시),,LISTED,KRW,true,3,,Tue Aug 18 2026 20:30:42 GMT+0900 (한국 표준시),Tue Aug 18 2026 20:30:42 GMT+0900 (한국 표준시)
19412,018120,,,진로발효,,KRX_KOSDAQ,COMMON,,,Wed Dec 29 1993 00:00:00 GMT+0900 (한국 표준시),,LISTED,KRW,true,3,,Tue Aug 18 2026 20:30:42 GMT+0900 (한국 표준시),Tue Aug 18 2026 20:30:42 GMT+0900 (한국 표준시)
19413,109820,,,진매트릭스,,KRX_KOSDAQ,COMMON,,,Fri Nov 06 2009 00:00:00 GMT+0900 (한국 표준시),,LISTED,KRW,true,3,,Tue Aug 18 2026 20:30:42 GMT+0900 (한국 표준시),Tue Aug 18 2026 20:30:42 GMT+0900 (한국 표준시)
19414,086060,,,진바이오텍,,KRX_KOSDAQ,COMMON,,,Fri Apr 28 2006 00:00:00 GMT+0900 (한국 표준시),,LISTED,KRW,true,3,,Tue Aug 18 2026 20:30:42 GMT+0900 (한국 표준시),Tue Aug 18 2026 20:30:42 GMT+0900 (한국 표준시)
19415,036890,,,진성티이씨,,KRX_KOSDAQ,COMMON,,,Thu Jul 20 2000 00:00:00 GMT+0900 (한국 표준시),,LISTED,KRW,true,3,,Tue Aug 18 2026 20:30:42 GMT+0900 (한국 표준시),Tue Aug 18 2026 20:30:42 GMT+0900 (한국 표준시)
19416,363250,,,진시스템,,KRX_KOSDAQ,COMMON,,,Wed May 26 2021 00:00:00 GMT+0900 (한국 표준시),,LISTED,KRW,true,3,,Tue Aug 18 2026 20:30:42 GMT+0900 (한국 표준시),Tue Aug 18 2026 20:30:42 GMT+0900 (한국 표준시)
19417,007370,,,진양제약,,KRX_KOSDAQ,COMMON,,,Thu Jul 27 2000 00:00:00 GMT+0900 (한국 표준시),,LISTED,KRW,true,3,,Tue Aug 18 2026 20:30:42 GMT+0900 (한국 표준시),Tue Aug 18 2026 20:30:42 GMT+0900 (한국 표준시)
19418,285800,,,진영,,KRX_KOSDAQ,COMMON,,,Thu Jun 01 2023 00:00:00 GMT+0900 (한국 표준시),,LISTED,KRW,true,3,,Tue Aug 18 2026 20:30:42 GMT+0900 (한국 표준시),Tue Aug 18 2026 20:30:42 GMT+0900 (한국 표준시)
19419,085660,,,차바이오텍,,KRX_KOSDAQ,COMMON,,,Tue Dec 27 2005 00:00:00 GMT+0900 (한국 표준시),,LISTED,KRW,true,3,,Tue Aug 18 2026 20:30:42 GMT+0900 (한국 표준시),Tue Aug 18 2026 20:30:42 GMT+0900 (한국 표준시)
19420,900250,,,크리스탈신소재,,KRX_KOSDAQ,COMMON,,,Thu Jan 28 2016 00:00:00 GMT+0900 (한국 표준시),,LISTED,KRW,true,3,,Tue Aug 18 2026 20:30:42 GMT+0900 (한국 표준시),Tue Aug 18 2026 20:30:42 GMT+0900 (한국 표준시)
19421,351870,,,차이커뮤니케이션,,KRX_KOSDAQ,COMMON,,,Fri Sep 27 2024 00:00:00 GMT+0900 (한국 표준시),,LISTED,KRW,true,3,,Tue Aug 18 2026 20:30:42 GMT+0900 (한국 표준시),Tue Aug 18 2026 20:30:42 GMT+0900 (한국 표준시)
19422,094850,,,참좋은여행,,KRX_KOSDAQ,COMMON,,,Mon Apr 30 2007 00:00:00 GMT+0900 (한국 표준시),,LISTED,KRW,true,3,,Tue Aug 18 2026 20:30:42 GMT+0900 (한국 표준시),Tue Aug 18 2026 20:30:42 GMT+0900 (한국 표준시)
19423,004650,,,창해에탄올,,KRX_KOSDAQ,COMMON,,,Wed Jul 30 2014 00:00:00 GMT+0900 (한국 표준시),,LISTED,KRW,true,3,,Tue Aug 18 2026 20:30:42 GMT+0900 (한국 표준시),Tue Aug 18 2026 20:30:42 GMT+0900 (한국 표준시)
19424,0011T0,,,채비,,KRX_KOSDAQ,COMMON,,,Wed Apr 29 2026 00:00:00 GMT+0900 (한국 표준시),,LISTED,KRW,true,3,,Tue Aug 18 2026 20:30:42 GMT+0900 (한국 표준시),Tue Aug 18 2026 20:30:42 GMT+0900 (한국 표준시)
19425,278280,,,천보,,KRX_KOSDAQ,COMMON,,,Mon Feb 11 2019 00:00:00 GMT+0900 (한국 표준시),,LISTED,KRW,true,3,,Tue Aug 18 2026 20:30:42 GMT+0900 (한국 표준시),Tue Aug 18 2026 20:30:42 GMT+0900 (한국 표준시)
19426,362320,,,청담글로벌,,KRX_KOSDAQ,COMMON,,,Fri Jun 03 2022 00:00:00 GMT+0900 (한국 표준시),,LISTED,KRW,true,3,,Tue Aug 18 2026 20:30:42 GMT+0900 (한국 표준시),Tue Aug 18 2026 20:30:42 GMT+0900 (한국 표준시)
19427,013720,,,청보,,KRX_KOSDAQ,COMMON,,,Wed Dec 29 1993 00:00:00 GMT+0900 (한국 표준시),,LISTED,KRW,true,3,,Tue Aug 18 2026 20:30:42 GMT+0900 (한국 표준시),Tue Aug 18 2026 20:30:42 GMT+0900 (한국 표준시)
19428,066360,,,체리부로,,KRX_KOSDAQ,COMMON,,,Mon Dec 04 2017 00:00:00 GMT+0900 (한국 표준시),,LISTED,KRW,true,3,,Tue Aug 18 2026 20:30:42 GMT+0900 (한국 표준시),Tue Aug 18 2026 20:30:42 GMT+0900 (한국 표준시)
19429,047820,,,초록뱀미디어,,KRX_KOSDAQ,COMMON,,,Tue Dec 24 2002 00:00:00 GMT+0900 (한국 표준시),,LISTED,KRW,true,3,,Tue Aug 18 2026 20:30:42 GMT+0900 (한국 표준시),Tue Aug 18 2026 20:30:42 GMT+0900 (한국 표준시)
19430,291650,,,츌립앤사이언스,,KRX_KOSDAQ,COMMON,,,Wed Sep 16 2020 00:00:00 GMT+0900 (한국 표준시),,LISTED,KRW,true,3,,Tue Aug 18 2026 20:30:42 GMT+0900 (한국 표준시),Tue Aug 18 2026 20:30:42 GMT+0900 (한국 표준시)
19431,094360,,,칩스앤미디어,,KRX_KOSDAQ,COMMON,,,Wed Aug 05 2015 00:00:00 GMT+0900 (한국 표준시),,LISTED,KRW,true,3,,Tue Aug 18 2026 20:30:42 GMT+0900 (한국 표준시),Tue Aug 18 2026 20:30:42 GMT+0900 (한국 표준시)
19432,0082N0,,,카나프테라퓨틱스,,KRX_KOSDAQ,COMMON,,,Mon Mar 16 2026 00:00:00 GMT+0900 (한국 표준시),,LISTED,KRW,true,3,,Tue Aug 18 2026 20:30:42 GMT+0900 (한국 표준시),Tue Aug 18 2026 20:30:42 GMT+0900 (한국 표준시)
19433,016920,,,카스,,KRX_KOSDAQ,COMMON,,,Thu Jan 04 1990 00:00:00 GMT+0900 (한국 표준시),,LISTED,KRW,true,3,,Tue Aug 18 2026 20:30:42 GMT+0900 (한국 표준시),Tue Aug 18 2026 20:30:42 GMT+0900 (한국 표준시)
19434,284620,,,카이노스메드,,KRX_KOSDAQ,COMMON,,,Fri Jun 08 2018 00:00:00 GMT+0900 (한국 표준시),,LISTED,KRW,true,3,,Tue Aug 18 2026 20:30:42 GMT+0900 (한국 표준시),Tue Aug 18 2026 20:30:42 GMT+0900 (한국 표준시)
19435,293490,,,카카오게임즈,,KRX_KOSDAQ,COMMON,,,Thu Sep 10 2020 00:00:00 GMT+0900 (한국 표준시),,LISTED,KRW,true,3,,Tue Aug 18 2026 20:30:42 GMT+0900 (한국 표준시),Tue Aug 18 2026 20:30:42 GMT+0900 (한국 표준시)
19436,140430,,,카티스,,KRX_KOSDAQ,COMMON,,,Fri May 03 2024 00:00:00 GMT+0900 (한국 표준시),,LISTED,KRW,true,3,,Tue Aug 18 2026 20:30:42 GMT+0900 (한국 표준시),Tue Aug 18 2026 20:30:42 GMT+0900 (한국 표준시)
19437,042000,,,카페24,,KRX_KOSDAQ,COMMON,,,Thu Feb 08 2018 00:00:00 GMT+0900 (한국 표준시),,LISTED,KRW,true,3,,Tue Aug 18 2026 20:30:42 GMT+0900 (한국 표준시),Tue Aug 18 2026 20:30:42 GMT+0900 (한국 표준시)
19438,313760,,,캐리,,KRX_KOSDAQ,COMMON,,,Thu Jul 25 2019 00:00:00 GMT+0900 (한국 표준시),,LISTED,KRW,true,3,,Tue Aug 18 2026 20:30:42 GMT+0900 (한국 표준시),Tue Aug 18 2026 20:30:42 GMT+0900 (한국 표준시)
19439,071850,,,캐스텍코리아,,KRX_KOSDAQ,COMMON,,,Tue May 27 2014 00:00:00 GMT+0900 (한국 표준시),,LISTED,KRW,true,3,,Tue Aug 18 2026 20:30:42 GMT+0900 (한국 표준시),Tue Aug 18 2026 20:30:42 GMT+0900 (한국 표준시)
19440,198080,,,캐프,,KRX_KOSDAQ,COMMON,,,Mon Mar 16 2020 00:00:00 GMT+0900 (한국 표준시),,LISTED,KRW,true,3,,Tue Aug 18 2026 20:30:42 GMT+0900 (한국 표준시),Tue Aug 18 2026 20:30:42 GMT+0900 (한국 표준시)
19441,210120,,,캔버스엔,,KRX_KOSDAQ,COMMON,,,Thu Aug 17 2023 00:00:00 GMT+0900 (한국 표준시),,LISTED,KRW,true,3,,Tue Aug 18 2026 20:30:42 GMT+0900 (한국 표준시),Tue Aug 18 2026 20:30:42 GMT+0900 (한국 표준시)
19442,050110,,,캠시스,,KRX_KOSDAQ,COMMON,,,Thu May 17 2001 00:00:00 GMT+0900 (한국 표준시),,LISTED,KRW,true,3,,Tue Aug 18 2026 20:30:42 GMT+0900 (한국 표준시),Tue Aug 18 2026 20:30:42 GMT+0900 (한국 표준시)
19443,452300,,,캡스톤파트너스,,KRX_KOSDAQ,COMMON,,,Wed Nov 15 2023 00:00:00 GMT+0900 (한국 표준시),,LISTED,KRW,true,3,,Tue Aug 18 2026 20:30:42 GMT+0900 (한국 표준시),Tue Aug 18 2026 20:30:42 GMT+0900 (한국 표준시)
19444,451760,,,컨텍,,KRX_KOSDAQ,COMMON,,,Thu Nov 09 2023 00:00:00 GMT+0900 (한국 표준시),,LISTED,KRW,true,3,,Tue Aug 18 2026 20:30:42 GMT+0900 (한국 표준시),Tue Aug 18 2026 20:30:42 GMT+0900 (한국 표준시)
19445,900310,,,컬러레이,,KRX_KOSDAQ,COMMON,,,Thu Aug 10 2017 00:00:00 GMT+0900 (한국 표준시),,LISTED,KRW,true,3,,Tue Aug 18 2026 20:30:42 GMT+0900 (한국 표준시),Tue Aug 18 2026 20:30:42 GMT+0900 (한국 표준시)
19446,078340,,,컴투스,,KRX_KOSDAQ,COMMON,,,Fri Jul 06 2007 00:00:00 GMT+0900 (한국 표준시),,LISTED,KRW,true,3,,Tue Aug 18 2026 20:30:42 GMT+0900 (한국 표준시),Tue Aug 18 2026 20:30:42 GMT+0900 (한국 표준시)
19447,291230,,,컴투스엔,,KRX_KOSDAQ,COMMON,,,Thu Sep 13 2018 00:00:00 GMT+0900 (한국 표준시),,LISTED,KRW,true,3,,Tue Aug 18 2026 20:30:42 GMT+0900 (한국 표준시),Tue Aug 18 2026 20:30:42 GMT+0900 (한국 표준시)
19448,063080,,,컴투스홀딩스,,KRX_KOSDAQ,COMMON,,,Thu Jul 30 2009 00:00:00 GMT+0900 (한국 표준시),,LISTED,KRW,true,3,,Tue Aug 18 2026 20:30:42 GMT+0900 (한국 표준시),Tue Aug 18 2026 20:30:42 GMT+0900 (한국 표준시)
19449,307930,,,컴퍼니케이,,KRX_KOSDAQ,COMMON,,,Thu May 23 2019 00:00:00 GMT+0900 (한국 표준시),,LISTED,KRW,true,3,,Tue Aug 18 2026 20:30:42 GMT+0900 (한국 표준시),Tue Aug 18 2026 20:30:42 GMT+0900 (한국 표준시)
19450,079190,,,케스피온,,KRX_KOSDAQ,COMMON,,,Tue Nov 29 2005 00:00:00 GMT+0900 (한국 표준시),,LISTED,KRW,true,3,,Tue Aug 18 2026 20:30:42 GMT+0900 (한국 표준시),Tue Aug 18 2026 20:30:42 GMT+0900 (한국 표준시)
19451,263700,,,케어랩스,,KRX_KOSDAQ,COMMON,,,Wed Mar 28 2018 00:00:00 GMT+0900 (한국 표준시),,LISTED,KRW,true,3,,Tue Aug 18 2026 20:30:42 GMT+0900 (한국 표준시),Tue Aug 18 2026 20:30:42 GMT+0900 (한국 표준시)
19452,214370,,,케어젠,,KRX_KOSDAQ,COMMON,,,Tue Nov 17 2015 00:00:00 GMT+0900 (한국 표준시),,LISTED,KRW,true,3,,Tue Aug 18 2026 20:30:42 GMT+0900 (한국 표준시),Tue Aug 18 2026 20:30:42 GMT+0900 (한국 표준시)
19453,221980,,,케이디켐,,KRX_KOSDAQ,COMMON,,,Thu Nov 19 2015 00:00:00 GMT+0900 (한국 표준시),,LISTED,KRW,true,3,,Tue Aug 18 2026 20:30:42 GMT+0900 (한국 표준시),Tue Aug 18 2026 20:30:42 GMT+0900 (한국 표준시)
19454,038530,,,케이바이오랩스,,KRX_KOSDAQ,COMMON,,,Fri Jun 09 2000 00:00:00 GMT+0900 (한국 표준시),,LISTED,KRW,true,3,,Tue Aug 18 2026 20:30:42 GMT+0900 (한국 표준시),Tue Aug 18 2026 20:30:42 GMT+0900 (한국 표준시)
19455,024840,,,KBI메탈,,KRX_KOSDAQ,COMMON,,,Thu Dec 29 1994 00:00:00 GMT+0900 (한국 표준시),,LISTED,KRW,true,3,,Tue Aug 18 2026 20:30:42 GMT+0900 (한국 표준시),Tue Aug 18 2026 20:30:42 GMT+0900 (한국 표준시)
19456,478390,,,KB제29호스팩,,KRX_KOSDAQ,COMMON,,,Fri Jun 21 2024 00:00:00 GMT+0900 (한국 표준시),,LISTED,KRW,true,3,,Tue Aug 18 2026 20:30:42 GMT+0900 (한국 표준시),Tue Aug 18 2026 20:30:42 GMT+0900 (한국 표준시)
19457,486630,,,KB제30호스팩,,KRX_KOSDAQ,COMMON,,,Wed Sep 25 2024 00:00:00 GMT+0900 (한국 표준시),,LISTED,KRW,true,3,,Tue Aug 18 2026 20:30:42 GMT+0900 (한국 표준시),Tue Aug 18 2026 20:30:42 GMT+0900 (한국 표준시)
19458,492220,,,KB제31호스팩,,KRX_KOSDAQ,COMMON,,,Thu Dec 12 2024 00:00:00 GMT+0900 (한국 표준시),,LISTED,KRW,true,3,,Tue Aug 18 2026 20:30:42 GMT+0900 (한국 표준시),Tue Aug 18 2026 20:30:42 GMT+0900 (한국 표준시)
19459,0037T0,,,KB제32호스팩,,KRX_KOSDAQ,COMMON,,,Fri Jul 04 2025 00:00:00 GMT+0900 (한국 표준시),,LISTED,KRW,true,3,,Tue Aug 18 2026 20:30:42 GMT+0900 (한국 표준시),Tue Aug 18 2026 20:30:42 GMT+0900 (한국 표준시)
19460,0072Z0,,,KB제33호스팩,,KRX_KOSDAQ,COMMON,,,Tue Sep 30 2025 00:00:00 GMT+0900 (한국 표준시),,LISTED,KRW,true,3,,Tue Aug 18 2026 20:30:42 GMT+0900 (한국 표준시),Tue Aug 18 2026 20:30:42 GMT+0900 (한국 표준시)
19461,318000,,,KBG,,KRX_KOSDAQ,COMMON,,,Thu Aug 01 2019 00:00:00 GMT+0900 (한국 표준시),,LISTED,KRW,true,3,,Tue Aug 18 2026 20:30:42 GMT+0900 (한국 표준시),Tue Aug 18 2026 20:30:42 GMT+0900 (한국 표준시)
19462,192250,,,케이사인,,KRX_KOSDAQ,COMMON,,,Mon Apr 28 2014 00:00:00 GMT+0900 (한국 표준시),,LISTED,KRW,true,3,,Tue Aug 18 2026 20:30:42 GMT+0900 (한국 표준시),Tue Aug 18 2026 20:30:42 GMT+0900 (한국 표준시)
19463,431190,,,케이쓰리아이,,KRX_KOSDAQ,COMMON,,,Tue Aug 20 2024 00:00:00 GMT+0900 (한국 표준시),,LISTED,KRW,true,3,,Tue Aug 18 2026 20:30:42 GMT+0900 (한국 표준시),Tue Aug 18 2026 20:30:42 GMT+0900 (한국 표준시)
19464,021320,,,KCC건설,,KRX_KOSDAQ,COMMON,,,Tue Aug 21 2001 00:00:00 GMT+0900 (한국 표준시),,LISTED,KRW,true,3,,Tue Aug 18 2026 20:30:42 GMT+0900 (한국 표준시),Tue Aug 18 2026 20:30:42 GMT+0900 (한국 표준시)
19465,115500,,,케이씨에스,,KRX_KOSDAQ,COMMON,,,Wed Apr 14 2010 00:00:00 GMT+0900 (한국 표준시),,LISTED,KRW,true,3,,Tue Aug 18 2026 20:30:42 GMT+0900 (한국 표준시),Tue Aug 18 2026 20:30:42 GMT+0900 (한국 표준시)
19466,089150,,,케이씨티,,KRX_KOSDAQ,COMMON,,,Wed Dec 13 2006 00:00:00 GMT+0900 (한국 표준시),,LISTED,KRW,true,3,,Tue Aug 18 2026 20:30:42 GMT+0900 (한국 표준시),Tue Aug 18 2026 20:30:42 GMT+0900 (한국 표준시)
19467,025880,,,케이씨피드,,KRX_KOSDAQ,COMMON,,,Fri Jul 07 1995 00:00:00 GMT+0900 (한국 표준시),,LISTED,KRW,true,3,,Tue Aug 18 2026 20:30:42 GMT+0900 (한국 표준시),Tue Aug 18 2026 20:30:42 GMT+0900 (한국 표준시)
19468,093320,,,케이아이엔엑스,,KRX_KOSDAQ,COMMON,,,Tue Feb 08 2011 00:00:00 GMT+0900 (한국 표준시),,LISTED,KRW,true,3,,Tue Aug 18 2026 20:30:42 GMT+0900 (한국 표준시),Tue Aug 18 2026 20:30:42 GMT+0900 (한국 표준시)
19469,093640,,,케이알엠,,KRX_KOSDAQ,COMMON,,,Fri Oct 19 2007 00:00:00 GMT+0900 (한국 표준시),,LISTED,KRW,true,3,,Tue Aug 18 2026 20:30:42 GMT+0900 (한국 표준시),Tue Aug 18 2026 20:30:42 GMT+0900 (한국 표준시)
19470,487400,,,케이앤에스아이앤씨,,KRX_KOSDAQ,COMMON,,,Thu Aug 13 2026 00:00:00 GMT+0900 (한국 표준시),,LISTED,KRW,true,3,,Tue Aug 18 2026 20:30:42 GMT+0900 (한국 표준시),Tue Aug 18 2026 20:30:42 GMT+0900 (한국 표준시)
19471,101000,,,KS인더스트리,,KRX_KOSDAQ,COMMON,,,Fri Nov 06 2009 00:00:00 GMT+0900 (한국 표준시),,LISTED,KRW,true,3,,Tue Aug 18 2026 20:30:42 GMT+0900 (한국 표준시),Tue Aug 18 2026 20:30:42 GMT+0900 (한국 표준시)
19472,073010,,,케이에스피,,KRX_KOSDAQ,COMMON,,,Fri Dec 17 2004 00:00:00 GMT+0900 (한국 표준시),,LISTED,KRW,true,3,,Tue Aug 18 2026 20:30:42 GMT+0900 (한국 표준시),Tue Aug 18 2026 20:30:42 GMT+0900 (한국 표준시)
19473,060720,,,KH바텍,,KRX_KOSDAQ,COMMON,,,Tue May 21 2002 00:00:00 GMT+0900 (한국 표준시),,LISTED,KRW,true,3,,Tue Aug 18 2026 20:30:42 GMT+0900 (한국 표준시),Tue Aug 18 2026 20:30:42 GMT+0900 (한국 표준시)
19474,122450,,,KX,,KRX_KOSDAQ,COMMON,,,Wed May 25 2011 00:00:00 GMT+0900 (한국 표준시),,LISTED,KRW,true,3,,Tue Aug 18 2026 20:30:42 GMT+0900 (한국 표준시),Tue Aug 18 2026 20:30:42 GMT+0900 (한국 표준시)
19475,052900,,,KX하이텍,,KRX_KOSDAQ,COMMON,,,Tue Jan 18 2005 00:00:00 GMT+0900 (한국 표준시),,LISTED,KRW,true,3,,Tue Aug 18 2026 20:30:42 GMT+0900 (한국 표준시),Tue Aug 18 2026 20:30:42 GMT+0900 (한국 표준시)
19476,105330,,,케이엔더블유,,KRX_KOSDAQ,COMMON,,,Tue Sep 29 2009 00:00:00 GMT+0900 (한국 표준시),,LISTED,KRW,true,3,,Tue Aug 18 2026 20:30:42 GMT+0900 (한국 표준시),Tue Aug 18 2026 20:30:42 GMT+0900 (한국 표준시)
19477,053080,,,케이엔솔,,KRX_KOSDAQ,COMMON,,,Thu Sep 24 2020 00:00:00 GMT+0900 (한국 표준시),,LISTED,KRW,true,3,,Tue Aug 18 2026 20:30:42 GMT+0900 (한국 표준시),Tue Aug 18 2026 20:30:42 GMT+0900 (한국 표준시)
19478,199430,,,케이엔알시스템,,KRX_KOSDAQ,COMMON,,,Thu Mar 07 2024 00:00:00 GMT+0900 (한국 표준시),,LISTED,KRW,true,3,,Tue Aug 18 2026 20:30:42 GMT+0900 (한국 표준시),Tue Aug 18 2026 20:30:42 GMT+0900 (한국 표준시)
19479,432470,,,케이엔에스,,KRX_KOSDAQ,COMMON,,,Wed Dec 06 2023 00:00:00 GMT+0900 (한국 표준시),,LISTED,KRW,true,3,,Tue Aug 18 2026 20:30:42 GMT+0900 (한국 표준시),Tue Aug 18 2026 20:30:42 GMT+0900 (한국 표준시)
19480,058400,,,KNN,,KRX_KOSDAQ,COMMON,,,Wed Nov 03 2010 00:00:00 GMT+0900 (한국 표준시),,LISTED,KRW,true,3,,Tue Aug 18 2026 20:30:42 GMT+0900 (한국 표준시),Tue Aug 18 2026 20:30:42 GMT+0900 (한국 표준시)
19481,272110,,,케이엔제이,,KRX_KOSDAQ,COMMON,,,Fri Oct 25 2019 00:00:00 GMT+0900 (한국 표준시),,LISTED,KRW,true,3,,Tue Aug 18 2026 20:30:42 GMT+0900 (한국 표준시),Tue Aug 18 2026 20:30:42 GMT+0900 (한국 표준시)
19482,039420,,,케이엘넷,,KRX_KOSDAQ,COMMON,,,Tue Mar 12 2002 00:00:00 GMT+0900 (한국 표준시),,LISTED,KRW,true,3,,Tue Aug 18 2026 20:30:42 GMT+0900 (한국 표준시),Tue Aug 18 2026 20:30:42 GMT+0900 (한국 표준시)
19483,083550,,,케이엠,,KRX_KOSDAQ,COMMON,,,Tue Dec 20 2005 00:00:00 GMT+0900 (한국 표준시),,LISTED,KRW,true,3,,Tue Aug 18 2026 20:30:42 GMT+0900 (한국 표준시),Tue Aug 18 2026 20:30:42 GMT+0900 (한국 표준시)
19484,032500,,,케이엠더블유,,KRX_KOSDAQ,COMMON,,,Tue Mar 21 2000 00:00:00 GMT+0900 (한국 표준시),,LISTED,KRW,true,3,,Tue Aug 18 2026 20:30:42 GMT+0900 (한국 표준시),Tue Aug 18 2026 20:30:42 GMT+0900 (한국 표준시)
19485,225430,,,케이엠제약,,KRX_KOSDAQ,COMMON,,,Thu Oct 08 2015 00:00:00 GMT+0900 (한국 표준시),,LISTED,KRW,true,3,,Tue Aug 18 2026 20:30:42 GMT+0900 (한국 표준시),Tue Aug 18 2026 20:30:42 GMT+0900 (한국 표준시)
19486,102370,,,케이옥션,,KRX_KOSDAQ,COMMON,,,Mon Jan 24 2022 00:00:00 GMT+0900 (한국 표준시),,LISTED,KRW,true,3,,Tue Aug 18 2026 20:30:42 GMT+0900 (한국 표준시),Tue Aug 18 2026 20:30:42 GMT+0900 (한국 표준시)
19487,068100,,,케이웨더,,KRX_KOSDAQ,COMMON,,,Thu Feb 22 2024 00:00:00 GMT+0900 (한국 표준시),,LISTED,KRW,true,3,,Tue Aug 18 2026 20:30:42 GMT+0900 (한국 표준시),Tue Aug 18 2026 20:30:42 GMT+0900 (한국 표준시)
19488,106080,,,케이이엠텍,,KRX_KOSDAQ,COMMON,,,Tue Feb 09 2010 00:00:00 GMT+0900 (한국 표준시),,LISTED,KRW,true,3,,Tue Aug 18 2026 20:30:42 GMT+0900 (한국 표준시),Tue Aug 18 2026 20:30:42 GMT+0900 (한국 표준시)
19489,036560,,,KZ정밀,,KRX_KOSDAQ,COMMON,,,Tue Dec 28 1999 00:00:00 GMT+0900 (한국 표준시),,LISTED,KRW,true,3,,Tue Aug 18 2026 20:30:42 GMT+0900 (한국 표준시),Tue Aug 18 2026 20:30:42 GMT+0900 (한국 표준시)
19490,455180,,,케이지에이,,KRX_KOSDAQ,COMMON,,,Tue Jun 17 2025 00:00:00 GMT+0900 (한국 표준시),,LISTED,KRW,true,3,,Tue Aug 18 2026 20:30:42 GMT+0900 (한국 표준시),Tue Aug 18 2026 20:30:42 GMT+0900 (한국 표준시)
19491,151860,,,KG에코솔루션,,KRX_KOSDAQ,COMMON,,,Wed Jul 24 2013 00:00:00 GMT+0900 (한국 표준시),,LISTED,KRW,true,3,,Tue Aug 18 2026 20:30:42 GMT+0900 (한국 표준시),Tue Aug 18 2026 20:30:42 GMT+0900 (한국 표준시)
19492,035600,,,KG이니시스,,KRX_KOSDAQ,COMMON,,,Fri Nov 22 2002 00:00:00 GMT+0900 (한국 표준시),,LISTED,KRW,true,3,,Tue Aug 18 2026 20:30:42 GMT+0900 (한국 표준시),Tue Aug 18 2026 20:30:42 GMT+0900 (한국 표준시)
19493,089600,,,KT나스미디어,,KRX_KOSDAQ,COMMON,,,Wed Jul 17 2013 00:00:00 GMT+0900 (한국 표준시),,LISTED,KRW,true,3,,Tue Aug 18 2026 20:30:42 GMT+0900 (한국 표준시),Tue Aug 18 2026 20:30:42 GMT+0900 (한국 표준시)
19494,418470,,,KT밀리의서재,,KRX_KOSDAQ,COMMON,,,Wed Sep 27 2023 00:00:00 GMT+0900 (한국 표준시),,LISTED,KRW,true,3,,Tue Aug 18 2026 20:30:42 GMT+0900 (한국 표준시),Tue Aug 18 2026 20:30:42 GMT+0900 (한국 표준시)
19495,036030,,,케이티알파,,KRX_KOSDAQ,COMMON,,,Fri Dec 24 1999 00:00:00 GMT+0900 (한국 표준시),,LISTED,KRW,true,3,,Tue Aug 18 2026 20:30:42 GMT+0900 (한국 표준시),Tue Aug 18 2026 20:30:42 GMT+0900 (한국 표준시)
19496,043610,,,KT지니뮤직,,KRX_KOSDAQ,COMMON,,,Thu Jul 20 2000 00:00:00 GMT+0900 (한국 표준시),,LISTED,KRW,true,3,,Tue Aug 18 2026 20:30:42 GMT+0900 (한국 표준시),Tue Aug 18 2026 20:30:42 GMT+0900 (한국 표준시)
19497,064820,,,케이프,,KRX_KOSDAQ,COMMON,,,Tue May 29 2007 00:00:00 GMT+0900 (한국 표준시),,LISTED,KRW,true,3,,Tue Aug 18 2026 20:30:42 GMT+0900 (한국 표준시),Tue Aug 18 2026 20:30:42 GMT+0900 (한국 표준시)
19498,024880,,,케이피에프,,KRX_KOSDAQ,COMMON,,,Thu Dec 29 1994 00:00:00 GMT+0900 (한국 표준시),,LISTED,KRW,true,3,,Tue Aug 18 2026 20:30:42 GMT+0900 (한국 표준시),Tue Aug 18 2026 20:30:42 GMT+0900 (한국 표준시)
19499,042040,,,케이피엠테크,,KRX_KOSDAQ,COMMON,,,Tue Jan 07 2003 00:00:00 GMT+0900 (한국 표준시),,LISTED,KRW,true,3,,Tue Aug 18 2026 20:30:42 GMT+0900 (한국 표준시),Tue Aug 18 2026 20:30:42 GMT+0900 (한국 표준시)
19500,054410,,,케이피티유,,KRX_KOSDAQ,COMMON,,,Thu Apr 25 2002 00:00:00 GMT+0900 (한국 표준시),,LISTED,KRW,true,3,,Tue Aug 18 2026 20:30:42 GMT+0900 (한국 표준시),Tue Aug 18 2026 20:30:42 GMT+0900 (한국 표준시)
19501,288180,,,케이피항공산업,,KRX_KOSDAQ,COMMON,,,Tue May 19 2026 00:00:00 GMT+0900 (한국 표준시),,LISTED,KRW,true,3,,Tue Aug 18 2026 20:30:42 GMT+0900 (한국 표준시),Tue Aug 18 2026 20:30:42 GMT+0900 (한국 표준시)
19502,258610,,,케일럼,,KRX_KOSDAQ,COMMON,,,Tue Aug 22 2017 00:00:00 GMT+0900 (한국 표준시),,LISTED,KRW,true,3,,Tue Aug 18 2026 20:30:42 GMT+0900 (한국 표준시),Tue Aug 18 2026 20:30:42 GMT+0900 (한국 표준시)
19503,274090,,,켄코아에어로스페이스,,KRX_KOSDAQ,COMMON,,,Tue Mar 03 2020 00:00:00 GMT+0900 (한국 표준시),,LISTED,KRW,true,3,,Tue Aug 18 2026 20:30:42 GMT+0900 (한국 표준시),Tue Aug 18 2026 20:30:42 GMT+0900 (한국 표준시)
19504,089010,,,켐트로닉스,,KRX_KOSDAQ,COMMON,,,Wed Jan 17 2007 00:00:00 GMT+0900 (한국 표준시),,LISTED,KRW,true,3,,Tue Aug 18 2026 20:30:42 GMT+0900 (한국 표준시),Tue Aug 18 2026 20:30:42 GMT+0900 (한국 표준시)
19505,220260,,,켐트로스,,KRX_KOSDAQ,COMMON,,,Mon Jul 27 2015 00:00:00 GMT+0900 (한국 표준시),,LISTED,KRW,true,3,,Tue Aug 18 2026 20:30:42 GMT+0900 (한국 표준시),Tue Aug 18 2026 20:30:42 GMT+0900 (한국 표준시)
19506,052400,,,코나아이,,KRX_KOSDAQ,COMMON,,,Thu Oct 18 2001 00:00:00 GMT+0900 (한국 표준시),,LISTED,KRW,true,3,,Tue Aug 18 2026 20:30:42 GMT+0900 (한국 표준시),Tue Aug 18 2026 20:30:42 GMT+0900 (한국 표준시)
19507,402030,,,코난테크놀로지,,KRX_KOSDAQ,COMMON,,,Thu Jul 07 2022 00:00:00 GMT+0900 (한국 표준시),,LISTED,KRW,true,3,,Tue Aug 18 2026 20:30:42 GMT+0900 (한국 표준시),Tue Aug 18 2026 20:30:42 GMT+0900 (한국 표준시)
19508,391710,,,코닉오토메이션,,KRX_KOSDAQ,COMMON,,,Fri Oct 15 2021 00:00:00 GMT+0900 (한국 표준시),,LISTED,KRW,true,3,,Tue Aug 18 2026 20:30:42 GMT+0900 (한국 표준시),Tue Aug 18 2026 20:30:42 GMT+0900 (한국 표준시)
19509,046070,,,코다코,,KRX_KOSDAQ,COMMON,,,Tue Dec 26 2000 00:00:00 GMT+0900 (한국 표준시),,LISTED,KRW,true,3,,Tue Aug 18 2026 20:30:42 GMT+0900 (한국 표준시),Tue Aug 18 2026 20:30:42 GMT+0900 (한국 표준시)
19510,047770,,,코데즈컴바인,,KRX_KOSDAQ,COMMON,,,Tue Sep 18 2001 00:00:00 GMT+0900 (한국 표준시),,LISTED,KRW,true,3,,Tue Aug 18 2026 20:30:42 GMT+0900 (한국 표준시),Tue Aug 18 2026 20:30:42 GMT+0900 (한국 표준시)
19511,080530,,,코디,,KRX_KOSDAQ,COMMON,,,Tue Jan 05 2010 00:00:00 GMT+0900 (한국 표준시),,LISTED,KRW,true,3,,Tue Aug 18 2026 20:30:42 GMT+0900 (한국 표준시),Tue Aug 18 2026 20:30:42 GMT+0900 (한국 표준시)
19512,104540,,,코렌텍,,KRX_KOSDAQ,COMMON,,,Tue Mar 05 2013 00:00:00 GMT+0900 (한국 표준시),,LISTED,KRW,true,3,,Tue Aug 18 2026 20:30:42 GMT+0900 (한국 표준시),Tue Aug 18 2026 20:30:42 GMT+0900 (한국 표준시)
19513,027050,,,코리아나,,KRX_KOSDAQ,COMMON,,,Fri Dec 10 1999 00:00:00 GMT+0900 (한국 표준시),,LISTED,KRW,true,3,,Tue Aug 18 2026 20:30:42 GMT+0900 (한국 표준시),Tue Aug 18 2026 20:30:42 GMT+0900 (한국 표준시)
19514,190650,,,코리아에셋투자증권,,KRX_KOSDAQ,COMMON,,,Wed Nov 20 2019 00:00:00 GMT+0900 (한국 표준시),,LISTED,KRW,true,3,,Tue Aug 18 2026 20:30:42 GMT+0900 (한국 표준시),Tue Aug 18 2026 20:30:42 GMT+0900 (한국 표준시)
19515,123410,,,코리아에프티,,KRX_KOSDAQ,COMMON,,,Fri Aug 27 2010 00:00:00 GMT+0900 (한국 표준시),,LISTED,KRW,true,3,,Tue Aug 18 2026 20:30:42 GMT+0900 (한국 표준시),Tue Aug 18 2026 20:30:42 GMT+0900 (한국 표준시)
19516,036690,,,코맥스,,KRX_KOSDAQ,COMMON,,,Tue Jan 18 2000 00:00:00 GMT+0900 (한국 표준시),,LISTED,KRW,true,3,,Tue Aug 18 2026 20:30:42 GMT+0900 (한국 표준시),Tue Aug 18 2026 20:30:42 GMT+0900 (한국 표준시)
19517,049430,,,코메론,,KRX_KOSDAQ,COMMON,,,Tue Jan 16 2001 00:00:00 GMT+0900 (한국 표준시),,LISTED,KRW,true,3,,Tue Aug 18 2026 20:30:42 GMT+0900 (한국 표준시),Tue Aug 18 2026 20:30:42 GMT+0900 (한국 표준시)
19518,183300,,,코미코,,KRX_KOSDAQ,COMMON,,,Thu Mar 23 2017 00:00:00 GMT+0900 (한국 표준시),,LISTED,KRW,true,3,,Tue Aug 18 2026 20:30:42 GMT+0900 (한국 표준시),Tue Aug 18 2026 20:30:42 GMT+0900 (한국 표준시)
19519,041960,,,코미팜,,KRX_KOSDAQ,COMMON,,,Tue Oct 30 2001 00:00:00 GMT+0900 (한국 표준시),,LISTED,KRW,true,3,,Tue Aug 18 2026 20:30:42 GMT+0900 (한국 표준시),Tue Aug 18 2026 20:30:42 GMT+0900 (한국 표준시)
19520,089890,,,코세스,,KRX_KOSDAQ,COMMON,,,Wed Nov 08 2006 00:00:00 GMT+0900 (한국 표준시),,LISTED,KRW,true,3,,Tue Aug 18 2026 20:30:42 GMT+0900 (한국 표준시),Tue Aug 18 2026 20:30:42 GMT+0900 (한국 표준시)
19521,360350,,,코셈,,KRX_KOSDAQ,COMMON,,,Fri Feb 23 2024 00:00:00 GMT+0900 (한국 표준시),,LISTED,KRW,true,3,,Tue Aug 18 2026 20:30:42 GMT+0900 (한국 표준시),Tue Aug 18 2026 20:30:42 GMT+0900 (한국 표준시)
19522,082660,,,코스나인,,KRX_KOSDAQ,COMMON,,,Wed Oct 05 2005 00:00:00 GMT+0900 (한국 표준시),,LISTED,KRW,true,3,,Tue Aug 18 2026 20:30:42 GMT+0900 (한국 표준시),Tue Aug 18 2026 20:30:42 GMT+0900 (한국 표준시)
19523,043710,,,코스리거글로벌,,KRX_KOSDAQ,COMMON,,,Thu Jul 11 2002 00:00:00 GMT+0900 (한국 표준시),,LISTED,KRW,true,3,,Tue Aug 18 2026 20:30:42 GMT+0900 (한국 표준시),Tue Aug 18 2026 20:30:42 GMT+0900 (한국 표준시)
19524,222040,,,코스맥스엔비티,,KRX_KOSDAQ,COMMON,,,Wed Dec 16 2015 00:00:00 GMT+0900 (한국 표준시),,LISTED,KRW,true,3,,Tue Aug 18 2026 20:30:42 GMT+0900 (한국 표준시),Tue Aug 18 2026 20:30:42 GMT+0900 (한국 표준시)
19525,241710,,,코스메카코리아,,KRX_KOSDAQ,COMMON,,,Fri Oct 28 2016 00:00:00 GMT+0900 (한국 표준시),,LISTED,KRW,true,3,,Tue Aug 18 2026 20:30:42 GMT+0900 (한국 표준시),Tue Aug 18 2026 20:30:42 GMT+0900 (한국 표준시)
19526,439960,,,코스모로보틱스,,KRX_KOSDAQ,COMMON,,,Mon May 11 2026 00:00:00 GMT+0900 (한국 표준시),,LISTED,KRW,true,3,,Tue Aug 18 2026 20:30:42 GMT+0900 (한국 표준시),Tue Aug 18 2026 20:30:42 GMT+0900 (한국 표준시)
19527,355150,,,코스텍시스,,KRX_KOSDAQ,COMMON,,,Fri Sep 18 2020 00:00:00 GMT+0900 (한국 표준시),,LISTED,KRW,true,3,,Tue Aug 18 2026 20:30:42 GMT+0900 (한국 표준시),Tue Aug 18 2026 20:30:42 GMT+0900 (한국 표준시)
19528,166480,,,코아스템켐온,,KRX_KOSDAQ,COMMON,,,Fri Jun 26 2015 00:00:00 GMT+0900 (한국 표준시),,LISTED,KRW,true,3,,Tue Aug 18 2026 20:30:42 GMT+0900 (한국 표준시),Tue Aug 18 2026 20:30:42 GMT+0900 (한국 표준시)
19529,045970,,,코아시아,,KRX_KOSDAQ,COMMON,,,Thu Aug 03 2000 00:00:00 GMT+0900 (한국 표준시),,LISTED,KRW,true,3,,Tue Aug 18 2026 20:30:42 GMT+0900 (한국 표준시),Tue Aug 18 2026 20:30:42 GMT+0900 (한국 표준시)
19530,196450,,,코아시아씨엠,,KRX_KOSDAQ,COMMON,,,Mon Jun 02 2014 00:00:00 GMT+0900 (한국 표준시),,LISTED,KRW,true,3,,Tue Aug 18 2026 20:30:42 GMT+0900 (한국 표준시),Tue Aug 18 2026 20:30:42 GMT+0900 (한국 표준시)
19531,384470,,,코어라인소프트,,KRX_KOSDAQ,COMMON,,,Mon Sep 18 2023 00:00:00 GMT+0900 (한국 표준시),,LISTED,KRW,true,3,,Tue Aug 18 2026 20:30:42 GMT+0900 (한국 표준시),Tue Aug 18 2026 20:30:42 GMT+0900 (한국 표준시)
19532,102940,,,코오롱생명과학,,KRX_KOSDAQ,COMMON,,,Tue Apr 07 2009 00:00:00 GMT+0900 (한국 표준시),,LISTED,KRW,true,3,,Tue Aug 18 2026 20:30:42 GMT+0900 (한국 표준시),Tue Aug 18 2026 20:30:42 GMT+0900 (한국 표준시)
19533,950160,,,코오롱티슈진,,KRX_KOSDAQ,COMMON,,,Mon Nov 06 2017 00:00:00 GMT+0900 (한국 표준시),,LISTED,KRW,true,3,,Tue Aug 18 2026 20:30:42 GMT+0900 (한국 표준시),Tue Aug 18 2026 20:30:42 GMT+0900 (한국 표준시)
19534,056360,,,코위버,,KRX_KOSDAQ,COMMON,,,Tue Dec 04 2001 00:00:00 GMT+0900 (한국 표준시),,LISTED,KRW,true,3,,Tue Aug 18 2026 20:30:42 GMT+0900 (한국 표준시),Tue Aug 18 2026 20:30:42 GMT+0900 (한국 표준시)
19535,282880,,,코윈테크,,KRX_KOSDAQ,COMMON,,,Mon Aug 05 2019 00:00:00 GMT+0900 (한국 표준시),,LISTED,KRW,true,3,,Tue Aug 18 2026 20:30:42 GMT+0900 (한국 표준시),Tue Aug 18 2026 20:30:42 GMT+0900 (한국 표준시)
19536,121850,,,코이즈,,KRX_KOSDAQ,COMMON,,,Thu Sep 27 2012 00:00:00 GMT+0900 (한국 표준시),,LISTED,KRW,true,3,,Tue Aug 18 2026 20:30:42 GMT+0900 (한국 표준시),Tue Aug 18 2026 20:30:42 GMT+0900 (한국 표준시)
19537,448710,,,코츠테크놀로지,,KRX_KOSDAQ,COMMON,,,Thu Aug 10 2023 00:00:00 GMT+0900 (한국 표준시),,LISTED,KRW,true,3,,Tue Aug 18 2026 20:30:42 GMT+0900 (한국 표준시),Tue Aug 18 2026 20:30:42 GMT+0900 (한국 표준시)
19538,126730,,,코칩,,KRX_KOSDAQ,COMMON,,,Tue May 07 2024 00:00:00 GMT+0900 (한국 표준시),,LISTED,KRW,true,3,,Tue Aug 18 2026 20:30:42 GMT+0900 (한국 표준시),Tue Aug 18 2026 20:30:42 GMT+0900 (한국 표준시)
19539,015710,,,코콤,,KRX_KOSDAQ,COMMON,,,Tue Sep 30 1997 00:00:00 GMT+0900 (한국 표준시),,LISTED,KRW,true,3,,Tue Aug 18 2026 20:30:42 GMT+0900 (한국 표준시),Tue Aug 18 2026 20:30:42 GMT+0900 (한국 표준시)
19540,052330,,,코텍,,KRX_KOSDAQ,COMMON,,,Tue Jul 10 2001 00:00:00 GMT+0900 (한국 표준시),,LISTED,KRW,true,3,,Tue Aug 18 2026 20:30:42 GMT+0900 (한국 표준시),Tue Aug 18 2026 20:30:42 GMT+0900 (한국 표준시)
19541,322780,,,코퍼스코리아,,KRX_KOSDAQ,COMMON,,,Fri May 31 2019 00:00:00 GMT+0900 (한국 표준시),,LISTED,KRW,true,3,,Tue Aug 18 2026 20:30:42 GMT+0900 (한국 표준시),Tue Aug 18 2026 20:30:42 GMT+0900 (한국 표준시)
19542,215380,,,콜마바이오텍,,KRX_KOSDAQ,COMMON,,,Mon May 18 2015 00:00:00 GMT+0900 (한국 표준시),,LISTED,KRW,true,3,,Tue Aug 18 2026 20:30:42 GMT+0900 (한국 표준시),Tue Aug 18 2026 20:30:42 GMT+0900 (한국 표준시)
19543,200130,,,콜마비앤에이치,,KRX_KOSDAQ,COMMON,,,Wed Jul 23 2014 00:00:00 GMT+0900 (한국 표준시),,LISTED,KRW,true,3,,Tue Aug 18 2026 20:30:42 GMT+0900 (한국 표준시),Tue Aug 18 2026 20:30:42 GMT+0900 (한국 표준시)
19544,294570,,,쿠콘,,KRX_KOSDAQ,COMMON,,,Wed Apr 28 2021 00:00:00 GMT+0900 (한국 표준시),,LISTED,KRW,true,3,,Tue Aug 18 2026 20:30:42 GMT+0900 (한국 표준시),Tue Aug 18 2026 20:30:42 GMT+0900 (한국 표준시)
19545,464490,,,쿼드메디슨,,KRX_KOSDAQ,COMMON,,,Fri Dec 12 2025 00:00:00 GMT+0900 (한국 표준시),,LISTED,KRW,true,3,,Tue Aug 18 2026 20:30:42 GMT+0900 (한국 표준시),Tue Aug 18 2026 20:30:42 GMT+0900 (한국 표준시)
19546,317690,,,퀀타매트릭스,,KRX_KOSDAQ,COMMON,,,Wed Dec 09 2020 00:00:00 GMT+0900 (한국 표준시),,LISTED,KRW,true,3,,Tue Aug 18 2026 20:30:42 GMT+0900 (한국 표준시),Tue Aug 18 2026 20:30:42 GMT+0900 (한국 표준시)
19547,070300,,,퀀텀레일,,KRX_KOSDAQ,COMMON,,,Wed Jun 09 2010 00:00:00 GMT+0900 (한국 표준시),,LISTED,KRW,true,3,,Tue Aug 18 2026 20:30:42 GMT+0900 (한국 표준시),Tue Aug 18 2026 20:30:42 GMT+0900 (한국 표준시)
19548,432720,,,퀄리타스반도체,,KRX_KOSDAQ,COMMON,,,Fri Oct 27 2023 00:00:00 GMT+0900 (한국 표준시),,LISTED,KRW,true,3,,Tue Aug 18 2026 20:30:42 GMT+0900 (한국 표준시),Tue Aug 18 2026 20:30:42 GMT+0900 (한국 표준시)
19549,365270,,,큐라클,,KRX_KOSDAQ,COMMON,,,Thu Jul 22 2021 00:00:00 GMT+0900 (한국 표준시),,LISTED,KRW,true,3,,Tue Aug 18 2026 20:30:42 GMT+0900 (한국 표준시),Tue Aug 18 2026 20:30:42 GMT+0900 (한국 표준시)
19550,060280,,,큐렉소,,KRX_KOSDAQ,COMMON,,,Wed Jul 03 2002 00:00:00 GMT+0900 (한국 표준시),,LISTED,KRW,true,3,,Tue Aug 18 2026 20:30:42 GMT+0900 (한국 표준시),Tue Aug 18 2026 20:30:42 GMT+0900 (한국 표준시)
19551,372320,,,큐로셀,,KRX_KOSDAQ,COMMON,,,Thu Nov 09 2023 00:00:00 GMT+0900 (한국 표준시),,LISTED,KRW,true,3,,Tue Aug 18 2026 20:30:42 GMT+0900 (한국 표준시),Tue Aug 18 2026 20:30:42 GMT+0900 (한국 표준시)
19552,051780,,,큐로홀딩스,,KRX_KOSDAQ,COMMON,,,Tue Jun 26 2001 00:00:00 GMT+0900 (한국 표준시),,LISTED,KRW,true,3,,Tue Aug 18 2026 20:30:42 GMT+0900 (한국 표준시),Tue Aug 18 2026 20:30:42 GMT+0900 (한국 표준시)
19553,115180,,,큐리언트,,KRX_KOSDAQ,COMMON,,,Mon Feb 29 2016 00:00:00 GMT+0900 (한국 표준시),,LISTED,KRW,true,3,,Tue Aug 18 2026 20:30:42 GMT+0900 (한국 표준시),Tue Aug 18 2026 20:30:42 GMT+0900 (한국 표준시)
19554,494120,,,큐리오시스,,KRX_KOSDAQ,COMMON,,,Thu Nov 13 2025 00:00:00 GMT+0900 (한국 표준시),,LISTED,KRW,true,3,,Tue Aug 18 2026 20:30:42 GMT+0900 (한국 표준시),Tue Aug 18 2026 20:30:42 GMT+0900 (한국 표준시)
19555,445680,,,큐리옥스바이오시스템즈,,KRX_KOSDAQ,COMMON,,,Thu Aug 10 2023 00:00:00 GMT+0900 (한국 표준시),,LISTED,KRW,true,3,,Tue Aug 18 2026 20:30:42 GMT+0900 (한국 표준시),Tue Aug 18 2026 20:30:42 GMT+0900 (한국 표준시)
19556,182360,,,큐브엔터,,KRX_KOSDAQ,COMMON,,,Thu Nov 21 2013 00:00:00 GMT+0900 (한국 표준시),,LISTED,KRW,true,3,,Tue Aug 18 2026 20:30:42 GMT+0900 (한국 표준시),Tue Aug 18 2026 20:30:42 GMT+0900 (한국 표준시)
19557,405100,,,큐알티,,KRX_KOSDAQ,COMMON,,,Wed Nov 02 2022 00:00:00 GMT+0900 (한국 표준시),,LISTED,KRW,true,3,,Tue Aug 18 2026 20:30:42 GMT+0900 (한국 표준시),Tue Aug 18 2026 20:30:42 GMT+0900 (한국 표준시)
19558,066310,,,큐에스아이,,KRX_KOSDAQ,COMMON,,,Fri Nov 24 2006 00:00:00 GMT+0900 (한국 표준시),,LISTED,KRW,true,3,,Tue Aug 18 2026 20:30:42 GMT+0900 (한국 표준시),Tue Aug 18 2026 20:30:42 GMT+0900 (한국 표준시)
19559,377460,,,큐에이드,,KRX_KOSDAQ,COMMON,,,Thu Jun 23 2022 00:00:00 GMT+0900 (한국 표준시),,LISTED,KRW,true,3,,Tue Aug 18 2026 20:30:42 GMT+0900 (한국 표준시),Tue Aug 18 2026 20:30:42 GMT+0900 (한국 표준시)
19560,016600,,,큐캐피탈,,KRX_KOSDAQ,COMMON,,,Mon Jun 21 1993 00:00:00 GMT+0900 (한국 표준시),,LISTED,KRW,true,3,,Tue Aug 18 2026 20:30:42 GMT+0900 (한국 표준시),Tue Aug 18 2026 20:30:42 GMT+0900 (한국 표준시)
19561,355390,,,크라우드웍스,,KRX_KOSDAQ,COMMON,,,Thu Aug 31 2023 00:00:00 GMT+0900 (한국 표준시),,LISTED,KRW,true,3,,Tue Aug 18 2026 20:30:42 GMT+0900 (한국 표준시),Tue Aug 18 2026 20:30:42 GMT+0900 (한국 표준시)
19562,096240,,,크레버스,,KRX_KOSDAQ,COMMON,,,Fri Jun 27 2008 00:00:00 GMT+0900 (한국 표준시),,LISTED,KRW,true,3,,Tue Aug 18 2026 20:30:42 GMT+0900 (한국 표준시),Tue Aug 18 2026 20:30:42 GMT+0900 (한국 표준시)
19563,040350,,,크레오에스지,,KRX_KOSDAQ,COMMON,,,Thu Jan 10 2002 00:00:00 GMT+0900 (한국 표준시),,LISTED,KRW,true,3,,Tue Aug 18 2026 20:30:42 GMT+0900 (한국 표준시),Tue Aug 18 2026 20:30:42 GMT+0900 (한국 표준시)
19564,110790,,,크리스에프앤씨,,KRX_KOSDAQ,COMMON,,,Mon Oct 01 2018 00:00:00 GMT+0900 (한국 표준시),,LISTED,KRW,true,3,,Tue Aug 18 2026 20:30:42 GMT+0900 (한국 표준시),Tue Aug 18 2026 20:30:42 GMT+0900 (한국 표준시)
19565,045520,,,크린앤사이언스,,KRX_KOSDAQ,COMMON,,,Tue Dec 05 2000 00:00:00 GMT+0900 (한국 표준시),,LISTED,KRW,true,3,,Tue Aug 18 2026 20:30:42 GMT+0900 (한국 표준시),Tue Aug 18 2026 20:30:42 GMT+0900 (한국 표준시)
19566,214150,,,클래시스,,KRX_KOSDAQ,COMMON,,,Fri Apr 03 2015 00:00:00 GMT+0900 (한국 표준시),,LISTED,KRW,true,3,,Tue Aug 18 2026 20:30:42 GMT+0900 (한국 표준시),Tue Aug 18 2026 20:30:42 GMT+0900 (한국 표준시)
19567,466100,,,클로봇,,KRX_KOSDAQ,COMMON,,,Mon Oct 28 2024 00:00:00 GMT+0900 (한국 표준시),,LISTED,KRW,true,3,,Tue Aug 18 2026 20:30:42 GMT+0900 (한국 표준시),Tue Aug 18 2026 20:30:42 GMT+0900 (한국 표준시)
19568,237880,,,클리오,,KRX_KOSDAQ,COMMON,,,Wed Nov 09 2016 00:00:00 GMT+0900 (한국 표준시),,LISTED,KRW,true,3,,Tue Aug 18 2026 20:30:42 GMT+0900 (한국 표준시),Tue Aug 18 2026 20:30:42 GMT+0900 (한국 표준시)
19569,139670,,,키네마스터,,KRX_KOSDAQ,COMMON,,,Fri Dec 02 2011 00:00:00 GMT+0900 (한국 표준시),,LISTED,KRW,true,3,,Tue Aug 18 2026 20:30:42 GMT+0900 (한국 표준시),Tue Aug 18 2026 20:30:42 GMT+0900 (한국 표준시)
19570,475430,,,키스트론,,KRX_KOSDAQ,COMMON,,,Mon Jun 02 2025 00:00:00 GMT+0900 (한국 표준시),,LISTED,KRW,true,3,,Tue Aug 18 2026 20:30:42 GMT+0900 (한국 표준시),Tue Aug 18 2026 20:30:42 GMT+0900 (한국 표준시)
19571,487720,,,키움제10호스팩,,KRX_KOSDAQ,COMMON,,,Fri Dec 20 2024 00:00:00 GMT+0900 (한국 표준시),,LISTED,KRW,true,3,,Tue Aug 18 2026 20:30:42 GMT+0900 (한국 표준시),Tue Aug 18 2026 20:30:42 GMT+0900 (한국 표준시)
19572,489480,,,키움제11호스팩,,KRX_KOSDAQ,COMMON,,,Wed Dec 11 2024 00:00:00 GMT+0900 (한국 표준시),,LISTED,KRW,true,3,,Tue Aug 18 2026 20:30:42 GMT+0900 (한국 표준시),Tue Aug 18 2026 20:30:42 GMT+0900 (한국 표준시)
19573,466690,,,키움히어로제1호스팩,,KRX_KOSDAQ,COMMON,,,Fri Dec 12 2025 00:00:00 GMT+0900 (한국 표준시),,LISTED,KRW,true,3,,Tue Aug 18 2026 20:30:42 GMT+0900 (한국 표준시),Tue Aug 18 2026 20:30:42 GMT+0900 (한국 표준시)
19574,0131D0,,,키움히어로제2호스팩,,KRX_KOSDAQ,COMMON,,,Thu Apr 23 2026 00:00:00 GMT+0900 (한국 표준시),,LISTED,KRW,true,3,,Tue Aug 18 2026 20:30:42 GMT+0900 (한국 표준시),Tue Aug 18 2026 20:30:42 GMT+0900 (한국 표준시)
19575,054780,,,키이스트,,KRX_KOSDAQ,COMMON,,,Fri Nov 14 2003 00:00:00 GMT+0900 (한국 표준시),,LISTED,KRW,true,3,,Tue Aug 18 2026 20:30:42 GMT+0900 (한국 표준시),Tue Aug 18 2026 20:30:42 GMT+0900 (한국 표준시)
19576,256940,,,킵스파마,,KRX_KOSDAQ,COMMON,,,Wed Sep 06 2017 00:00:00 GMT+0900 (한국 표준시),,LISTED,KRW,true,3,,Tue Aug 18 2026 20:30:42 GMT+0900 (한국 표준시),Tue Aug 18 2026 20:30:42 GMT+0900 (한국 표준시)
19577,219130,,,타이거일렉,,KRX_KOSDAQ,COMMON,,,Fri Sep 25 2015 00:00:00 GMT+0900 (한국 표준시),,LISTED,KRW,true,3,,Tue Aug 18 2026 20:30:42 GMT+0900 (한국 표준시),Tue Aug 18 2026 20:30:42 GMT+0900 (한국 표준시)
19578,336680,,,탑런토탈솔루션,,KRX_KOSDAQ,COMMON,,,Fri Nov 01 2024 00:00:00 GMT+0900 (한국 표준시),,LISTED,KRW,true,3,,Tue Aug 18 2026 20:30:42 GMT+0900 (한국 표준시),Tue Aug 18 2026 20:30:42 GMT+0900 (한국 표준시)
19579,360070,,,탑머티리얼,,KRX_KOSDAQ,COMMON,,,Tue Oct 18 2022 00:00:00 GMT+0900 (한국 표준시),,LISTED,KRW,true,3,,Tue Aug 18 2026 20:30:42 GMT+0900 (한국 표준시),Tue Aug 18 2026 20:30:42 GMT+0900 (한국 표준시)
19580,065130,,,탑엔지니어링,,KRX_KOSDAQ,COMMON,,,Wed Jan 29 2003 00:00:00 GMT+0900 (한국 표준시),,LISTED,KRW,true,3,,Tue Aug 18 2026 20:30:42 GMT+0900 (한국 표준시),Tue Aug 18 2026 20:30:42 GMT+0900 (한국 표준시)
19581,134580,,,탑코미디어,,KRX_KOSDAQ,COMMON,,,Tue Nov 26 2013 00:00:00 GMT+0900 (한국 표준시),,LISTED,KRW,true,3,,Tue Aug 18 2026 20:30:42 GMT+0900 (한국 표준시),Tue Aug 18 2026 20:30:42 GMT+0900 (한국 표준시)
19582,023160,,,태광,,KRX_KOSDAQ,COMMON,,,Wed Sep 07 1994 00:00:00 GMT+0900 (한국 표준시),,LISTED,KRW,true,3,,Tue Aug 18 2026 20:30:42 GMT+0900 (한국 표준시),Tue Aug 18 2026 20:30:42 GMT+0900 (한국 표준시)
19583,323280,,,태성,,KRX_KOSDAQ,COMMON,,,Mon Jun 24 2019 00:00:00 GMT+0900 (한국 표준시),,LISTED,KRW,true,3,,Tue Aug 18 2026 20:30:42 GMT+0900 (한국 표준시),Tue Aug 18 2026 20:30:42 GMT+0900 (한국 표준시)
19584,053620,,,태양,,KRX_KOSDAQ,COMMON,,,Tue Aug 07 2001 00:00:00 GMT+0900 (한국 표준시),,LISTED,KRW,true,3,,Tue Aug 18 2026 20:30:42 GMT+0900 (한국 표준시),Tue Aug 18 2026 20:30:42 GMT+0900 (한국 표준시)
19585,044490,,,태웅,,KRX_KOSDAQ,COMMON,,,Thu Nov 08 2001 00:00:00 GMT+0900 (한국 표준시),,LISTED,KRW,true,3,,Tue Aug 18 2026 20:30:42 GMT+0900 (한국 표준시),Tue Aug 18 2026 20:30:42 GMT+0900 (한국 표준시)
19586,124560,,,태웅로직스,,KRX_KOSDAQ,COMMON,,,Tue Dec 10 2019 00:00:00 GMT+0900 (한국 표준시),,LISTED,KRW,true,3,,Tue Aug 18 2026 20:30:42 GMT+0900 (한국 표준시),Tue Aug 18 2026 20:30:42 GMT+0900 (한국 표준시)
19587,191420,,,테고사이언스,,KRX_KOSDAQ,COMMON,,,Thu Nov 06 2014 00:00:00 GMT+0900 (한국 표준시),,LISTED,KRW,true,3,,Tue Aug 18 2026 20:30:42 GMT+0900 (한국 표준시),Tue Aug 18 2026 20:30:42 GMT+0900 (한국 표준시)
19588,950250,,,테라뷰,,KRX_KOSDAQ,COMMON,,,Tue Dec 09 2025 00:00:00 GMT+0900 (한국 표준시),,LISTED,KRW,true,3,,Tue Aug 18 2026 20:30:42 GMT+0900 (한국 표준시),Tue Aug 18 2026 20:30:42 GMT+0900 (한국 표준시)
19589,073640,,,테라사이언스,,KRX_KOSDAQ,COMMON,,,Tue Jan 06 2004 00:00:00 GMT+0900 (한국 표준시),,LISTED,KRW,true,3,,Tue Aug 18 2026 20:30:42 GMT+0900 (한국 표준시),Tue Aug 18 2026 20:30:42 GMT+0900 (한국 표준시)
19590,066700,,,테라젠이텍스,,KRX_KOSDAQ,COMMON,,,Thu May 27 2004 00:00:00 GMT+0900 (한국 표준시),,LISTED,KRW,true,3,,Tue Aug 18 2026 20:30:42 GMT+0900 (한국 표준시),Tue Aug 18 2026 20:30:42 GMT+0900 (한국 표준시)
19591,095610,,,테스,,KRX_KOSDAQ,COMMON,,,Tue May 20 2008 00:00:00 GMT+0900 (한국 표준시),,LISTED,KRW,true,3,,Tue Aug 18 2026 20:30:42 GMT+0900 (한국 표준시),Tue Aug 18 2026 20:30:42 GMT+0900 (한국 표준시)
19592,064520,,,테크엘,,KRX_KOSDAQ,COMMON,,,Wed Dec 04 2002 00:00:00 GMT+0900 (한국 표준시),,LISTED,KRW,true,3,,Tue Aug 18 2026 20:30:42 GMT+0900 (한국 표준시),Tue Aug 18 2026 20:30:42 GMT+0900 (한국 표준시)
19593,089030,,,테크윙,,KRX_KOSDAQ,COMMON,,,Thu Nov 10 2011 00:00:00 GMT+0900 (한국 표준시),,LISTED,KRW,true,3,,Tue Aug 18 2026 20:30:42 GMT+0900 (한국 표준시),Tue Aug 18 2026 20:30:42 GMT+0900 (한국 표준시)
19594,054450,,,텔레칩스,,KRX_KOSDAQ,COMMON,,,Fri Dec 10 2004 00:00:00 GMT+0900 (한국 표준시),,LISTED,KRW,true,3,,Tue Aug 18 2026 20:30:42 GMT+0900 (한국 표준시),Tue Aug 18 2026 20:30:42 GMT+0900 (한국 표준시)
19595,200230,,,텔콘RF제약,,KRX_KOSDAQ,COMMON,,,Mon Nov 24 2014 00:00:00 GMT+0900 (한국 표준시),,LISTED,KRW,true,3,,Tue Aug 18 2026 20:30:42 GMT+0900 (한국 표준시),Tue Aug 18 2026 20:30:42 GMT+0900 (한국 표준시)
19596,393210,,,토마토시스템,,KRX_KOSDAQ,COMMON,,,Thu Apr 27 2023 00:00:00 GMT+0900 (한국 표준시),,LISTED,KRW,true,3,,Tue Aug 18 2026 20:30:42 GMT+0900 (한국 표준시),Tue Aug 18 2026 20:30:42 GMT+0900 (한국 표준시)
19597,475960,,,토모큐브,,KRX_KOSDAQ,COMMON,,,Thu Nov 07 2024 00:00:00 GMT+0900 (한국 표준시),,LISTED,KRW,true,3,,Tue Aug 18 2026 20:30:42 GMT+0900 (한국 표준시),Tue Aug 18 2026 20:30:42 GMT+0900 (한국 표준시)
19598,215480,,,토박스코리아,,KRX_KOSDAQ,COMMON,,,Wed May 13 2015 00:00:00 GMT+0900 (한국 표준시),,LISTED,KRW,true,3,,Tue Aug 18 2026 20:30:42 GMT+0900 (한국 표준시),Tue Aug 18 2026 20:30:42 GMT+0900 (한국 표준시)
19599,051360,,,토비스,,KRX_KOSDAQ,COMMON,,,Fri Nov 19 2004 00:00:00 GMT+0900 (한국 표준시),,LISTED,KRW,true,3,,Tue Aug 18 2026 20:30:42 GMT+0900 (한국 표준시),Tue Aug 18 2026 20:30:42 GMT+0900 (한국 표준시)
19600,045340,,,토탈소프트,,KRX_KOSDAQ,COMMON,,,Fri Jul 19 2002 00:00:00 GMT+0900 (한국 표준시),,LISTED,KRW,true,3,,Tue Aug 18 2026 20:30:42 GMT+0900 (한국 표준시),Tue Aug 18 2026 20:30:42 GMT+0900 (한국 표준시)
19601,108230,,,톱텍,,KRX_KOSDAQ,COMMON,,,Tue Sep 15 2009 00:00:00 GMT+0900 (한국 표준시),,LISTED,KRW,true,3,,Tue Aug 18 2026 20:30:42 GMT+0900 (한국 표준시),Tue Aug 18 2026 20:30:42 GMT+0900 (한국 표준시)
19602,079970,,,투비소프트,,KRX_KOSDAQ,COMMON,,,Tue Jun 01 2010 00:00:00 GMT+0900 (한국 표준시),,LISTED,KRW,true,3,,Tue Aug 18 2026 20:30:42 GMT+0900 (한국 표준시),Tue Aug 18 2026 20:30:42 GMT+0900 (한국 표준시)
19603,199800,,,툴젠,,KRX_KOSDAQ,COMMON,,,Fri Dec 10 2021 00:00:00 GMT+0900 (한국 표준시),,LISTED,KRW,true,3,,Tue Aug 18 2026 20:30:42 GMT+0900 (한국 표준시),Tue Aug 18 2026 20:30:42 GMT+0900 (한국 표준시)
19604,417790,,,트루엔,,KRX_KOSDAQ,COMMON,,,Wed May 17 2023 00:00:00 GMT+0900 (한국 표준시),,LISTED,KRW,true,3,,Tue Aug 18 2026 20:30:42 GMT+0900 (한국 표준시),Tue Aug 18 2026 20:30:42 GMT+0900 (한국 표준시)
19605,290090,,,트윔,,KRX_KOSDAQ,COMMON,,,Wed Nov 17 2021 00:00:00 GMT+0900 (한국 표준시),,LISTED,KRW,true,3,,Tue Aug 18 2026 20:30:42 GMT+0900 (한국 표준시),Tue Aug 18 2026 20:30:42 GMT+0900 (한국 표준시)
19606,026150,,,특수건설,,KRX_KOSDAQ,COMMON,,,Wed Aug 06 1997 00:00:00 GMT+0900 (한국 표준시),,LISTED,KRW,true,3,,Tue Aug 18 2026 20:30:42 GMT+0900 (한국 표준시),Tue Aug 18 2026 20:30:42 GMT+0900 (한국 표준시)
19607,464280,,,티디에스팜,,KRX_KOSDAQ,COMMON,,,Wed Aug 21 2024 00:00:00 GMT+0900 (한국 표준시),,LISTED,KRW,true,3,,Tue Aug 18 2026 20:30:42 GMT+0900 (한국 표준시),Tue Aug 18 2026 20:30:42 GMT+0900 (한국 표준시)
19608,117730,,,티로보틱스,,KRX_KOSDAQ,COMMON,,,Thu Nov 29 2018 00:00:00 GMT+0900 (한국 표준시),,LISTED,KRW,true,3,,Tue Aug 18 2026 20:30:42 GMT+0900 (한국 표준시),Tue Aug 18 2026 20:30:42 GMT+0900 (한국 표준시)
19609,033830,,,티비씨,,KRX_KOSDAQ,COMMON,,,Mon Nov 29 2010 00:00:00 GMT+0900 (한국 표준시),,LISTED,KRW,true,3,,Tue Aug 18 2026 20:30:42 GMT+0900 (한국 표준시),Tue Aug 18 2026 20:30:42 GMT+0900 (한국 표준시)
19610,057680,,,티사이언티픽,,KRX_KOSDAQ,COMMON,,,Tue Jun 18 2002 00:00:00 GMT+0900 (한국 표준시),,LISTED,KRW,true,3,,Tue Aug 18 2026 20:30:42 GMT+0900 (한국 표준시),Tue Aug 18 2026 20:30:42 GMT+0900 (한국 표준시)
19611,204610,,,티쓰리,,KRX_KOSDAQ,COMMON,,,Thu Nov 17 2022 00:00:00 GMT+0900 (한국 표준시),,LISTED,KRW,true,3,,Tue Aug 18 2026 20:30:42 GMT+0900 (한국 표준시),Tue Aug 18 2026 20:30:42 GMT+0900 (한국 표준시)
19612,125020,,,티씨머티리얼즈,,KRX_KOSDAQ,COMMON,,,Thu May 15 2025 00:00:00 GMT+0900 (한국 표준시),,LISTED,KRW,true,3,,Tue Aug 18 2026 20:30:42 GMT+0900 (한국 표준시),Tue Aug 18 2026 20:30:42 GMT+0900 (한국 표준시)
19613,064760,,,티씨케이,,KRX_KOSDAQ,COMMON,,,Mon Aug 18 2003 00:00:00 GMT+0900 (한국 표준시),,LISTED,KRW,true,3,,Tue Aug 18 2026 20:30:42 GMT+0900 (한국 표준시),Tue Aug 18 2026 20:30:42 GMT+0900 (한국 표준시)
19614,246710,,,티앤알바이오팹,,KRX_KOSDAQ,COMMON,,,Wed Nov 28 2018 00:00:00 GMT+0900 (한국 표준시),,LISTED,KRW,true,3,,Tue Aug 18 2026 20:30:42 GMT+0900 (한국 표준시),Tue Aug 18 2026 20:30:42 GMT+0900 (한국 표준시)
19615,340570,,,티앤엘,,KRX_KOSDAQ,COMMON,,,Fri Nov 20 2020 00:00:00 GMT+0900 (한국 표준시),,LISTED,KRW,true,3,,Tue Aug 18 2026 20:30:42 GMT+0900 (한국 표준시),Tue Aug 18 2026 20:30:42 GMT+0900 (한국 표준시)
19616,043220,,,티에스넥스젠,,KRX_KOSDAQ,COMMON,,,Tue Jul 03 2001 00:00:00 GMT+0900 (한국 표준시),,LISTED,KRW,true,3,,Tue Aug 18 2026 20:30:42 GMT+0900 (한국 표준시),Tue Aug 18 2026 20:30:42 GMT+0900 (한국 표준시)
19617,277880,,,티에스아이,,KRX_KOSDAQ,COMMON,,,Wed Jul 22 2020 00:00:00 GMT+0900 (한국 표준시),,LISTED,KRW,true,3,,Tue Aug 18 2026 20:30:42 GMT+0900 (한국 표준시),Tue Aug 18 2026 20:30:42 GMT+0900 (한국 표준시)
19618,131290,,,티에스이,,KRX_KOSDAQ,COMMON,,,Wed Jan 05 2011 00:00:00 GMT+0900 (한국 표준시),,LISTED,KRW,true,3,,Tue Aug 18 2026 20:30:42 GMT+0900 (한국 표준시),Tue Aug 18 2026 20:30:42 GMT+0900 (한국 표준시)
19619,246690,,,TS인베스트먼트,,KRX_KOSDAQ,COMMON,,,Thu Dec 15 2016 00:00:00 GMT+0900 (한국 표준시),,LISTED,KRW,true,3,,Tue Aug 18 2026 20:30:42 GMT+0900 (한국 표준시),Tue Aug 18 2026 20:30:42 GMT+0900 (한국 표준시)
19620,317240,,,TS트릴리온,,KRX_KOSDAQ,COMMON,,,Mon Apr 29 2019 00:00:00 GMT+0900 (한국 표준시),,LISTED,KRW,true,3,,Tue Aug 18 2026 20:30:42 GMT+0900 (한국 표준시),Tue Aug 18 2026 20:30:42 GMT+0900 (한국 표준시)
19621,425420,,,티에프이,,KRX_KOSDAQ,COMMON,,,Thu Nov 17 2022 00:00:00 GMT+0900 (한국 표준시),,LISTED,KRW,true,3,,Tue Aug 18 2026 20:30:42 GMT+0900 (한국 표준시),Tue Aug 18 2026 20:30:42 GMT+0900 (한국 표준시)
19622,484810,,,티엑스알로보틱스,,KRX_KOSDAQ,COMMON,,,Thu Mar 20 2025 00:00:00 GMT+0900 (한국 표준시),,LISTED,KRW,true,3,,Tue Aug 18 2026 20:30:42 GMT+0900 (한국 표준시),Tue Aug 18 2026 20:30:42 GMT+0900 (한국 표준시)
19623,131100,,,티엔엔터테인먼트,,KRX_KOSDAQ,COMMON,,,Tue Jun 14 2011 00:00:00 GMT+0900 (한국 표준시),,LISTED,KRW,true,3,,Tue Aug 18 2026 20:30:42 GMT+0900 (한국 표준시),Tue Aug 18 2026 20:30:42 GMT+0900 (한국 표준시)
19624,356860,,,티엘비,,KRX_KOSDAQ,COMMON,,,Mon Dec 14 2020 00:00:00 GMT+0900 (한국 표준시),,LISTED,KRW,true,3,,Tue Aug 18 2026 20:30:42 GMT+0900 (한국 표준시),Tue Aug 18 2026 20:30:42 GMT+0900 (한국 표준시)
19625,321550,,,티움바이오,,KRX_KOSDAQ,COMMON,,,Fri Nov 22 2019 00:00:00 GMT+0900 (한국 표준시),,LISTED,KRW,true,3,,Tue Aug 18 2026 20:30:42 GMT+0900 (한국 표준시),Tue Aug 18 2026 20:30:42 GMT+0900 (한국 표준시)
19626,425040,,,티이엠씨,,KRX_KOSDAQ,COMMON,,,Thu Jan 19 2023 00:00:00 GMT+0900 (한국 표준시),,LISTED,KRW,true,3,,Tue Aug 18 2026 20:30:42 GMT+0900 (한국 표준시),Tue Aug 18 2026 20:30:42 GMT+0900 (한국 표준시)
19627,241790,,,티이엠씨씨엔에스,,KRX_KOSDAQ,COMMON,,,Thu Dec 01 2016 00:00:00 GMT+0900 (한국 표준시),,LISTED,KRW,true,3,,Tue Aug 18 2026 20:30:42 GMT+0900 (한국 표준시),Tue Aug 18 2026 20:30:42 GMT+0900 (한국 표준시)
19628,032540,,,TJ미디어,,KRX_KOSDAQ,COMMON,,,Wed Apr 16 1997 00:00:00 GMT+0900 (한국 표준시),,LISTED,KRW,true,3,,Tue Aug 18 2026 20:30:42 GMT+0900 (한국 표준시),Tue Aug 18 2026 20:30:42 GMT+0900 (한국 표준시)
19629,022220,,,티케이지애강,,KRX_KOSDAQ,COMMON,,,Tue Apr 11 2006 00:00:00 GMT+0900 (한국 표준시),,LISTED,KRW,true,3,,Tue Aug 18 2026 20:30:42 GMT+0900 (한국 표준시),Tue Aug 18 2026 20:30:42 GMT+0900 (한국 표준시)
19630,104480,,,티케이케미칼,,KRX_KOSDAQ,COMMON,,,Tue Apr 26 2011 00:00:00 GMT+0900 (한국 표준시),,LISTED,KRW,true,3,,Tue Aug 18 2026 20:30:42 GMT+0900 (한국 표준시),Tue Aug 18 2026 20:30:42 GMT+0900 (한국 표준시)
19631,081150,,,티플랙스,,KRX_KOSDAQ,COMMON,,,Thu Apr 23 2009 00:00:00 GMT+0900 (한국 표준시),,LISTED,KRW,true,3,,Tue Aug 18 2026 20:30:42 GMT+0900 (한국 표준시),Tue Aug 18 2026 20:30:42 GMT+0900 (한국 표준시)
19632,130740,,,티피씨글로벌,,KRX_KOSDAQ,COMMON,,,Tue Feb 08 2011 00:00:00 GMT+0900 (한국 표준시),,LISTED,KRW,true,3,,Tue Aug 18 2026 20:30:42 GMT+0900 (한국 표준시),Tue Aug 18 2026 20:30:42 GMT+0900 (한국 표준시)
19633,084730,,,팅크웨어,,KRX_KOSDAQ,COMMON,,,Fri May 19 2006 00:00:00 GMT+0900 (한국 표준시),,LISTED,KRW,true,3,,Tue Aug 18 2026 20:30:42 GMT+0900 (한국 표준시),Tue Aug 18 2026 20:30:42 GMT+0900 (한국 표준시)
19634,440110,,,파두,,KRX_KOSDAQ,COMMON,,,Mon Aug 07 2023 00:00:00 GMT+0900 (한국 표준시),,LISTED,KRW,true,3,,Tue Aug 18 2026 20:30:42 GMT+0900 (한국 표준시),Tue Aug 18 2026 20:30:42 GMT+0900 (한국 표준시)
19635,288330,,,파라택시스코리아,,KRX_KOSDAQ,COMMON,,,Fri Dec 20 2019 00:00:00 GMT+0900 (한국 표준시),,LISTED,KRW,true,3,,Tue Aug 18 2026 20:30:42 GMT+0900 (한국 표준시),Tue Aug 18 2026 20:30:42 GMT+0900 (한국 표준시)
19636,290560,,,파라택시스이더리움,,KRX_KOSDAQ,COMMON,,,Fri Nov 03 2023 00:00:00 GMT+0900 (한국 표준시),,LISTED,KRW,true,3,,Tue Aug 18 2026 20:30:42 GMT+0900 (한국 표준시),Tue Aug 18 2026 20:30:42 GMT+0900 (한국 표준시)
19637,033540,,,파라텍,,KRX_KOSDAQ,COMMON,,,Fri Dec 26 1997 00:00:00 GMT+0900 (한국 표준시),,LISTED,KRW,true,3,,Tue Aug 18 2026 20:30:42 GMT+0900 (한국 표준시),Tue Aug 18 2026 20:30:42 GMT+0900 (한국 표준시)
19638,388870,,,파로스아이바이오,,KRX_KOSDAQ,COMMON,,,Thu Jul 27 2023 00:00:00 GMT+0900 (한국 표준시),,LISTED,KRW,true,3,,Tue Aug 18 2026 20:30:42 GMT+0900 (한국 표준시),Tue Aug 18 2026 20:30:42 GMT+0900 (한국 표준시)
19639,043200,,,파루,,KRX_KOSDAQ,COMMON,,,Wed Jul 19 2000 00:00:00 GMT+0900 (한국 표준시),,LISTED,KRW,true,3,,Tue Aug 18 2026 20:30:42 GMT+0900 (한국 표준시),Tue Aug 18 2026 20:30:42 GMT+0900 (한국 표준시)
19640,214450,,,파마리서치,,KRX_KOSDAQ,COMMON,,,Fri Jul 24 2015 00:00:00 GMT+0900 (한국 표준시),,LISTED,KRW,true,3,,Tue Aug 18 2026 20:30:42 GMT+0900 (한국 표준시),Tue Aug 18 2026 20:30:42 GMT+0900 (한국 표준시)
19641,177830,,,파버나인,,KRX_KOSDAQ,COMMON,,,Mon Aug 04 2014 00:00:00 GMT+0900 (한국 표준시),,LISTED,KRW,true,3,,Tue Aug 18 2026 20:30:42 GMT+0900 (한국 표준시),Tue Aug 18 2026 20:30:42 GMT+0900 (한국 표준시)
19642,037070,,,파세코,,KRX_KOSDAQ,COMMON,,,Tue Jan 04 2000 00:00:00 GMT+0900 (한국 표준시),,LISTED,KRW,true,3,,Tue Aug 18 2026 20:30:42 GMT+0900 (한국 표준시),Tue Aug 18 2026 20:30:42 GMT+0900 (한국 표준시)
19643,150900,,,파수AI,,KRX_KOSDAQ,COMMON,,,Fri Oct 18 2013 00:00:00 GMT+0900 (한국 표준시),,LISTED,KRW,true,3,,Tue Aug 18 2026 20:30:42 GMT+0900 (한국 표준시),Tue Aug 18 2026 20:30:42 GMT+0900 (한국 표준시)
19644,037030,,,파워넷,,KRX_KOSDAQ,COMMON,,,Thu Jun 07 2018 00:00:00 GMT+0900 (한국 표준시),,LISTED,KRW,true,3,,Tue Aug 18 2026 20:30:42 GMT+0900 (한국 표준시),Tue Aug 18 2026 20:30:42 GMT+0900 (한국 표준시)
19645,047310,,,파워로직스,,KRX_KOSDAQ,COMMON,,,Fri Jul 25 2003 00:00:00 GMT+0900 (한국 표준시),,LISTED,KRW,true,3,,Tue Aug 18 2026 20:30:42 GMT+0900 (한국 표준시),Tue Aug 18 2026 20:30:42 GMT+0900 (한국 표준시)
19646,368770,,,파이버프로,,KRX_KOSDAQ,COMMON,,,Thu Jan 21 2021 00:00:00 GMT+0900 (한국 표준시),,LISTED,KRW,true,3,,Tue Aug 18 2026 20:30:42 GMT+0900 (한국 표준시),Tue Aug 18 2026 20:30:42 GMT+0900 (한국 표준시)
19647,170790,,,파이오링크,,KRX_KOSDAQ,COMMON,,,Thu Aug 01 2013 00:00:00 GMT+0900 (한국 표준시),,LISTED,KRW,true,3,,Tue Aug 18 2026 20:30:42 GMT+0900 (한국 표준시),Tue Aug 18 2026 20:30:42 GMT+0900 (한국 표준시)
19648,900100,,,파이온엑스,,KRX_KOSDAQ,COMMON,,,Wed Apr 21 2010 00:00:00 GMT+0900 (한국 표준시),,LISTED,KRW,true,3,,Tue Aug 18 2026 20:30:42 GMT+0900 (한국 표준시),Tue Aug 18 2026 20:30:42 GMT+0900 (한국 표준시)
19649,049120,,,파인디앤씨,,KRX_KOSDAQ,COMMON,,,Thu Jul 26 2001 00:00:00 GMT+0900 (한국 표준시),,LISTED,KRW,true,3,,Tue Aug 18 2026 20:30:42 GMT+0900 (한국 표준시),Tue Aug 18 2026 20:30:42 GMT+0900 (한국 표준시)
19650,038950,,,파인디지털,,KRX_KOSDAQ,COMMON,,,Thu May 04 2000 00:00:00 GMT+0900 (한국 표준시),,LISTED,KRW,true,3,,Tue Aug 18 2026 20:30:42 GMT+0900 (한국 표준시),Tue Aug 18 2026 20:30:42 GMT+0900 (한국 표준시)
19651,387570,,,파인메딕스,,KRX_KOSDAQ,COMMON,,,Thu Dec 26 2024 00:00:00 GMT+0900 (한국 표준시),,LISTED,KRW,true,3,,Tue Aug 18 2026 20:30:42 GMT+0900 (한국 표준시),Tue Aug 18 2026 20:30:42 GMT+0900 (한국 표준시)
19652,441270,,,파인엠텍,,KRX_KOSDAQ,COMMON,,,Fri Oct 07 2022 00:00:00 GMT+0900 (한국 표준시),,LISTED,KRW,true,3,,Tue Aug 18 2026 20:30:42 GMT+0900 (한국 표준시),Tue Aug 18 2026 20:30:42 GMT+0900 (한국 표준시)
19653,106240,,,파인테크닉스,,KRX_KOSDAQ,COMMON,,,Mon Mar 16 2009 00:00:00 GMT+0900 (한국 표준시),,LISTED,KRW,true,3,,Tue Aug 18 2026 20:30:42 GMT+0900 (한국 표준시),Tue Aug 18 2026 20:30:42 GMT+0900 (한국 표준시)
19654,131760,,,파인텍,,KRX_KOSDAQ,COMMON,,,Mon Aug 17 2015 00:00:00 GMT+0900 (한국 표준시),,LISTED,KRW,true,3,,Tue Aug 18 2026 20:30:42 GMT+0900 (한국 표준시),Tue Aug 18 2026 20:30:42 GMT+0900 (한국 표준시)
19655,065690,,,파커스,,KRX_KOSDAQ,COMMON,,,Tue Jul 16 2002 00:00:00 GMT+0900 (한국 표준시),,LISTED,KRW,true,3,,Tue Aug 18 2026 20:30:42 GMT+0900 (한국 표준시),Tue Aug 18 2026 20:30:42 GMT+0900 (한국 표준시)
19656,140860,,,파크시스템스,,KRX_KOSDAQ,COMMON,,,Thu Dec 17 2015 00:00:00 GMT+0900 (한국 표준시),,LISTED,KRW,true,3,,Tue Aug 18 2026 20:30:42 GMT+0900 (한국 표준시),Tue Aug 18 2026 20:30:42 GMT+0900 (한국 표준시)
19657,091700,,,파트론,,KRX_KOSDAQ,COMMON,,,Wed Dec 13 2006 00:00:00 GMT+0900 (한국 표준시),,LISTED,KRW,true,3,,Tue Aug 18 2026 20:30:42 GMT+0900 (한국 표준시),Tue Aug 18 2026 20:30:42 GMT+0900 (한국 표준시)
19658,032800,,,판타지오,,KRX_KOSDAQ,COMMON,,,Thu Jun 26 1997 00:00:00 GMT+0900 (한국 표준시),,LISTED,KRW,true,3,,Tue Aug 18 2026 20:30:42 GMT+0900 (한국 표준시),Tue Aug 18 2026 20:30:42 GMT+0900 (한국 표준시)
19659,318010,,,팜스빌,,KRX_KOSDAQ,COMMON,,,Tue Oct 22 2019 00:00:00 GMT+0900 (한국 표준시),,LISTED,KRW,true,3,,Tue Aug 18 2026 20:30:42 GMT+0900 (한국 표준시),Tue Aug 18 2026 20:30:42 GMT+0900 (한국 표준시)
19660,027710,,,팜스토리,,KRX_KOSDAQ,COMMON,,,Sat Jul 06 1996 00:00:00 GMT+0900 (한국 표준시),,LISTED,KRW,true,3,,Tue Aug 18 2026 20:30:42 GMT+0900 (한국 표준시),Tue Aug 18 2026 20:30:42 GMT+0900 (한국 표준시)
19661,225590,,,패션플랫폼,,KRX_KOSDAQ,COMMON,,,Mon Oct 05 2015 00:00:00 GMT+0900 (한국 표준시),,LISTED,KRW,true,3,,Tue Aug 18 2026 20:30:42 GMT+0900 (한국 표준시),Tue Aug 18 2026 20:30:42 GMT+0900 (한국 표준시)
19662,054300,,,팬스타엔터프라이즈,,KRX_KOSDAQ,COMMON,,,Thu Jan 10 2002 00:00:00 GMT+0900 (한국 표준시),,LISTED,KRW,true,3,,Tue Aug 18 2026 20:30:42 GMT+0900 (한국 표준시),Tue Aug 18 2026 20:30:42 GMT+0900 (한국 표준시)
19663,068050,,,팬엔터테인먼트,,KRX_KOSDAQ,COMMON,,,Fri Jul 07 2006 00:00:00 GMT+0900 (한국 표준시),,LISTED,KRW,true,3,,Tue Aug 18 2026 20:30:42 GMT+0900 (한국 표준시),Tue Aug 18 2026 20:30:42 GMT+0900 (한국 표준시)
19664,222110,,,팬젠,,KRX_KOSDAQ,COMMON,,,Fri Mar 11 2016 00:00:00 GMT+0900 (한국 표준시),,LISTED,KRW,true,3,,Tue Aug 18 2026 20:30:42 GMT+0900 (한국 표준시),Tue Aug 18 2026 20:30:42 GMT+0900 (한국 표준시)
19665,271830,,,팸텍,,KRX_KOSDAQ,COMMON,,,Tue May 23 2023 00:00:00 GMT+0900 (한국 표준시),,LISTED,KRW,true,3,,Tue Aug 18 2026 20:30:42 GMT+0900 (한국 표준시),Tue Aug 18 2026 20:30:42 GMT+0900 (한국 표준시)
19666,263750,,,펄어비스,,KRX_KOSDAQ,COMMON,,,Thu Sep 14 2017 00:00:00 GMT+0900 (한국 표준시),,LISTED,KRW,true,3,,Tue Aug 18 2026 20:30:42 GMT+0900 (한국 표준시),Tue Aug 18 2026 20:30:42 GMT+0900 (한국 표준시)
19667,251970,,,펌텍코리아,,KRX_KOSDAQ,COMMON,,,Thu Jul 04 2019 00:00:00 GMT+0900 (한국 표준시),,LISTED,KRW,true,3,,Tue Aug 18 2026 20:30:42 GMT+0900 (한국 표준시),Tue Aug 18 2026 20:30:42 GMT+0900 (한국 표준시)
19668,187660,,,페니트리움바이오,,KRX_KOSDAQ,COMMON,,,Thu Jun 03 2021 00:00:00 GMT+0900 (한국 표준시),,LISTED,KRW,true,3,,Tue Aug 18 2026 20:30:42 GMT+0900 (한국 표준시),Tue Aug 18 2026 20:30:42 GMT+0900 (한국 표준시)
19669,0015S0,,,페스카로,,KRX_KOSDAQ,COMMON,,,Wed Dec 10 2025 00:00:00 GMT+0900 (한국 표준시),,LISTED,KRW,true,3,,Tue Aug 18 2026 20:30:42 GMT+0900 (한국 표준시),Tue Aug 18 2026 20:30:42 GMT+0900 (한국 표준시)
19670,168360,,,펨트론,,KRX_KOSDAQ,COMMON,,,Thu Nov 24 2022 00:00:00 GMT+0900 (한국 표준시),,LISTED,KRW,true,3,,Tue Aug 18 2026 20:30:42 GMT+0900 (한국 표준시),Tue Aug 18 2026 20:30:42 GMT+0900 (한국 표준시)
19671,087010,,,펩트론,,KRX_KOSDAQ,COMMON,,,Wed Jul 22 2015 00:00:00 GMT+0900 (한국 표준시),,LISTED,KRW,true,3,,Tue Aug 18 2026 20:30:42 GMT+0900 (한국 표준시),Tue Aug 18 2026 20:30:42 GMT+0900 (한국 표준시)
19672,064800,,,포니링크,,KRX_KOSDAQ,COMMON,,,Thu Aug 22 2002 00:00:00 GMT+0900 (한국 표준시),,LISTED,KRW,true,3,,Tue Aug 18 2026 20:30:42 GMT+0900 (한국 표준시),Tue Aug 18 2026 20:30:42 GMT+0900 (한국 표준시)
19673,119500,,,포메탈,,KRX_KOSDAQ,COMMON,,,Fri Sep 17 2010 00:00:00 GMT+0900 (한국 표준시),,LISTED,KRW,true,3,,Tue Aug 18 2026 20:30:42 GMT+0900 (한국 표준시),Tue Aug 18 2026 20:30:42 GMT+0900 (한국 표준시)
19674,389140,,,포바이포,,KRX_KOSDAQ,COMMON,,,Thu Apr 28 2022 00:00:00 GMT+0900 (한국 표준시),,LISTED,KRW,true,3,,Tue Aug 18 2026 20:30:42 GMT+0900 (한국 표준시),Tue Aug 18 2026 20:30:42 GMT+0900 (한국 표준시)
19675,105760,,,포스뱅크,,KRX_KOSDAQ,COMMON,,,Mon Jan 29 2024 00:00:00 GMT+0900 (한국 표준시),,LISTED,KRW,true,3,,Tue Aug 18 2026 20:30:42 GMT+0900 (한국 표준시),Tue Aug 18 2026 20:30:42 GMT+0900 (한국 표준시)
19676,189690,,,포시에스,,KRX_KOSDAQ,COMMON,,,Wed Feb 11 2015 00:00:00 GMT+0900 (한국 표준시),,LISTED,KRW,true,3,,Tue Aug 18 2026 20:30:42 GMT+0900 (한국 표준시),Tue Aug 18 2026 20:30:42 GMT+0900 (한국 표준시)
19677,318020,,,포인트모바일,,KRX_KOSDAQ,COMMON,,,Thu Dec 03 2020 00:00:00 GMT+0900 (한국 표준시),,LISTED,KRW,true,3,,Tue Aug 18 2026 20:30:42 GMT+0900 (한국 표준시),Tue Aug 18 2026 20:30:42 GMT+0900 (한국 표준시)
19678,256630,,,포인트엔지니어링,,KRX_KOSDAQ,COMMON,,,Tue May 02 2017 00:00:00 GMT+0900 (한국 표준시),,LISTED,KRW,true,3,,Tue Aug 18 2026 20:30:42 GMT+0900 (한국 표준시),Tue Aug 18 2026 20:30:42 GMT+0900 (한국 표준시)
19679,331380,,,포커스에이아이,,KRX_KOSDAQ,COMMON,,,Wed Oct 02 2019 00:00:00 GMT+0900 (한국 표준시),,LISTED,KRW,true,3,,Tue Aug 18 2026 20:30:42 GMT+0900 (한국 표준시),Tue Aug 18 2026 20:30:42 GMT+0900 (한국 표준시)
19680,208710,,,포톤,,KRX_KOSDAQ,COMMON,,,Wed Dec 24 2014 00:00:00 GMT+0900 (한국 표준시),,LISTED,KRW,true,3,,Tue Aug 18 2026 20:30:42 GMT+0900 (한국 표준시),Tue Aug 18 2026 20:30:42 GMT+0900 (한국 표준시)
19681,472850,,,폰드그룹,,KRX_KOSDAQ,COMMON,,,Fri Feb 02 2024 00:00:00 GMT+0900 (한국 표준시),,LISTED,KRW,true,3,,Tue Aug 18 2026 20:30:42 GMT+0900 (한국 표준시),Tue Aug 18 2026 20:30:42 GMT+0900 (한국 표준시)
19682,220180,,,폴라리스AI핸디,,KRX_KOSDAQ,COMMON,,,Thu Nov 24 2016 00:00:00 GMT+0900 (한국 표준시),,LISTED,KRW,true,3,,Tue Aug 18 2026 20:30:42 GMT+0900 (한국 표준시),Tue Aug 18 2026 20:30:42 GMT+0900 (한국 표준시)
19683,234100,,,폴라리스세원,,KRX_KOSDAQ,COMMON,,,Fri Oct 20 2017 00:00:00 GMT+0900 (한국 표준시),,LISTED,KRW,true,3,,Tue Aug 18 2026 20:30:42 GMT+0900 (한국 표준시),Tue Aug 18 2026 20:30:42 GMT+0900 (한국 표준시)
19684,039980,,,폴라리스AI,,KRX_KOSDAQ,COMMON,,,Tue Aug 13 2002 00:00:00 GMT+0900 (한국 표준시),,LISTED,KRW,true,3,,Tue Aug 18 2026 20:30:42 GMT+0900 (한국 표준시),Tue Aug 18 2026 20:30:42 GMT+0900 (한국 표준시)
19685,041910,,,폴라리스AI파마,,KRX_KOSDAQ,COMMON,,,Fri Feb 06 2004 00:00:00 GMT+0900 (한국 표준시),,LISTED,KRW,true,3,,Tue Aug 18 2026 20:30:42 GMT+0900 (한국 표준시),Tue Aug 18 2026 20:30:42 GMT+0900 (한국 표준시)
19686,041020,,,폴라리스오피스,,KRX_KOSDAQ,COMMON,,,Fri Oct 28 2005 00:00:00 GMT+0900 (한국 표준시),,LISTED,KRW,true,3,,Tue Aug 18 2026 20:30:42 GMT+0900 (한국 표준시),Tue Aug 18 2026 20:30:42 GMT+0900 (한국 표준시)
19687,114630,,,폴라리스우노,,KRX_KOSDAQ,COMMON,,,Fri Jan 15 2010 00:00:00 GMT+0900 (한국 표준시),,LISTED,KRW,true,3,,Tue Aug 18 2026 20:30:42 GMT+0900 (한국 표준시),Tue Aug 18 2026 20:30:42 GMT+0900 (한국 표준시)
19688,487580,,,폴레드,,KRX_KOSDAQ,COMMON,,,Thu May 14 2026 00:00:00 GMT+0900 (한국 표준시),,LISTED,KRW,true,3,,Tue Aug 18 2026 20:30:42 GMT+0900 (한국 표준시),Tue Aug 18 2026 20:30:42 GMT+0900 (한국 표준시)
19689,290720,,,푸드나무,,KRX_KOSDAQ,COMMON,,,Thu Oct 04 2018 00:00:00 GMT+0900 (한국 표준시),,LISTED,KRW,true,3,,Tue Aug 18 2026 20:30:42 GMT+0900 (한국 표준시),Tue Aug 18 2026 20:30:42 GMT+0900 (한국 표준시)
19690,005670,,,푸드웰,,KRX_KOSDAQ,COMMON,,,Tue Dec 07 1993 00:00:00 GMT+0900 (한국 표준시),,LISTED,KRW,true,3,,Tue Aug 18 2026 20:30:42 GMT+0900 (한국 표준시),Tue Aug 18 2026 20:30:42 GMT+0900 (한국 표준시)
19691,094940,,,푸른로보틱스,,KRX_KOSDAQ,COMMON,,,Fri Sep 14 2007 00:00:00 GMT+0900 (한국 표준시),,LISTED,KRW,true,3,,Tue Aug 18 2026 20:30:42 GMT+0900 (한국 표준시),Tue Aug 18 2026 20:30:42 GMT+0900 (한국 표준시)
19692,007330,,,푸른저축은행,,KRX_KOSDAQ,COMMON,,,Tue Dec 07 1993 00:00:00 GMT+0900 (한국 표준시),,LISTED,KRW,true,3,,Tue Aug 18 2026 20:30:42 GMT+0900 (한국 표준시),Tue Aug 18 2026 20:30:42 GMT+0900 (한국 표준시)
19693,093380,,,풍강,,KRX_KOSDAQ,COMMON,,,Fri Jun 01 2007 00:00:00 GMT+0900 (한국 표준시),,LISTED,KRW,true,3,,Tue Aug 18 2026 20:30:42 GMT+0900 (한국 표준시),Tue Aug 18 2026 20:30:42 GMT+0900 (한국 표준시)
19694,023900,,,풍국주정,,KRX_KOSDAQ,COMMON,,,Wed Nov 23 1994 00:00:00 GMT+0900 (한국 표준시),,LISTED,KRW,true,3,,Tue Aug 18 2026 20:30:42 GMT+0900 (한국 표준시),Tue Aug 18 2026 20:30:42 GMT+0900 (한국 표준시)
19695,371950,,,풍원정밀,,KRX_KOSDAQ,COMMON,,,Mon Feb 28 2022 00:00:00 GMT+0900 (한국 표준시),,LISTED,KRW,true,3,,Tue Aug 18 2026 20:30:42 GMT+0900 (한국 표준시),Tue Aug 18 2026 20:30:42 GMT+0900 (한국 표준시)
19696,298060,,,풍전약품,,KRX_KOSDAQ,COMMON,,,Wed Jun 17 2020 00:00:00 GMT+0900 (한국 표준시),,LISTED,KRW,true,3,,Tue Aug 18 2026 20:30:42 GMT+0900 (한국 표준시),Tue Aug 18 2026 20:30:42 GMT+0900 (한국 표준시)
19697,370090,,,퓨런티어,,KRX_KOSDAQ,COMMON,,,Wed Feb 23 2022 00:00:00 GMT+0900 (한국 표준시),,LISTED,KRW,true,3,,Tue Aug 18 2026 20:30:42 GMT+0900 (한국 표준시),Tue Aug 18 2026 20:30:42 GMT+0900 (한국 표준시)
19698,445180,,,퓨릿,,KRX_KOSDAQ,COMMON,,,Wed Oct 18 2023 00:00:00 GMT+0900 (한국 표준시),,LISTED,KRW,true,3,,Tue Aug 18 2026 20:30:42 GMT+0900 (한국 표준시),Tue Aug 18 2026 20:30:42 GMT+0900 (한국 표준시)
19699,220100,,,퓨쳐켐,,KRX_KOSDAQ,COMMON,,,Thu Dec 01 2016 00:00:00 GMT+0900 (한국 표준시),,LISTED,KRW,true,3,,Tue Aug 18 2026 20:30:42 GMT+0900 (한국 표준시),Tue Aug 18 2026 20:30:42 GMT+0900 (한국 표준시)
19700,035200,,,프럼파스트,,KRX_KOSDAQ,COMMON,,,Tue Jan 15 2002 00:00:00 GMT+0900 (한국 표준시),,LISTED,KRW,true,3,,Tue Aug 18 2026 20:30:42 GMT+0900 (한국 표준시),Tue Aug 18 2026 20:30:42 GMT+0900 (한국 표준시)
19701,334970,,,프레스티지바이오로직스,,KRX_KOSDAQ,COMMON,,,Thu Mar 11 2021 00:00:00 GMT+0900 (한국 표준시),,LISTED,KRW,true,3,,Tue Aug 18 2026 20:30:42 GMT+0900 (한국 표준시),Tue Aug 18 2026 20:30:42 GMT+0900 (한국 표준시)
19702,321260,,,프로이천,,KRX_KOSDAQ,COMMON,,,Fri May 31 2019 00:00:00 GMT+0900 (한국 표준시),,LISTED,KRW,true,3,,Tue Aug 18 2026 20:30:42 GMT+0900 (한국 표준시),Tue Aug 18 2026 20:30:42 GMT+0900 (한국 표준시)
19703,053610,,,프로텍,,KRX_KOSDAQ,COMMON,,,Fri Aug 17 2001 00:00:00 GMT+0900 (한국 표준시),,LISTED,KRW,true,3,,Tue Aug 18 2026 20:30:42 GMT+0900 (한국 표준시),Tue Aug 18 2026 20:30:42 GMT+0900 (한국 표준시)
19704,468530,,,프로티나,,KRX_KOSDAQ,COMMON,,,Tue Jul 29 2025 00:00:00 GMT+0900 (한국 표준시),,LISTED,KRW,true,3,,Tue Aug 18 2026 20:30:42 GMT+0900 (한국 표준시),Tue Aug 18 2026 20:30:42 GMT+0900 (한국 표준시)
19705,303360,,,프로티아,,KRX_KOSDAQ,COMMON,,,Fri Jun 16 2023 00:00:00 GMT+0900 (한국 표준시),,LISTED,KRW,true,3,,Tue Aug 18 2026 20:30:42 GMT+0900 (한국 표준시),Tue Aug 18 2026 20:30:42 GMT+0900 (한국 표준시)
19706,377220,,,프롬바이오,,KRX_KOSDAQ,COMMON,,,Tue Sep 28 2021 00:00:00 GMT+0900 (한국 표준시),,LISTED,KRW,true,3,,Tue Aug 18 2026 20:30:42 GMT+0900 (한국 표준시),Tue Aug 18 2026 20:30:42 GMT+0900 (한국 표준시)
19707,335810,,,프리시젼바이오,,KRX_KOSDAQ,COMMON,,,Tue Dec 22 2020 00:00:00 GMT+0900 (한국 표준시),,LISTED,KRW,true,3,,Tue Aug 18 2026 20:30:42 GMT+0900 (한국 표준시),Tue Aug 18 2026 20:30:42 GMT+0900 (한국 표준시)
19708,053160,,,프리엠스,,KRX_KOSDAQ,COMMON,,,Tue Oct 30 2001 00:00:00 GMT+0900 (한국 표준시),,LISTED,KRW,true,3,,Tue Aug 18 2026 20:30:42 GMT+0900 (한국 표준시),Tue Aug 18 2026 20:30:42 GMT+0900 (한국 표준시)
19709,405000,,,플라즈맵,,KRX_KOSDAQ,COMMON,,,Fri Oct 21 2022 00:00:00 GMT+0900 (한국 표준시),,LISTED,KRW,true,3,,Tue Aug 18 2026 20:30:42 GMT+0900 (한국 표준시),Tue Aug 18 2026 20:30:42 GMT+0900 (한국 표준시)
19710,041590,,,플래스크,,KRX_KOSDAQ,COMMON,,,Fri Nov 01 2002 00:00:00 GMT+0900 (한국 표준시),,LISTED,KRW,true,3,,Tue Aug 18 2026 20:30:42 GMT+0900 (한국 표준시),Tue Aug 18 2026 20:30:42 GMT+0900 (한국 표준시)
19711,367000,,,플래티어,,KRX_KOSDAQ,COMMON,,,Thu Aug 12 2021 00:00:00 GMT+0900 (한국 표준시),,LISTED,KRW,true,3,,Tue Aug 18 2026 20:30:42 GMT+0900 (한국 표준시),Tue Aug 18 2026 20:30:42 GMT+0900 (한국 표준시)
19712,075130,,,플랜티넷,,KRX_KOSDAQ,COMMON,,,Fri Jun 10 2005 00:00:00 GMT+0900 (한국 표준시),,LISTED,KRW,true,3,,Tue Aug 18 2026 20:30:42 GMT+0900 (한국 표준시),Tue Aug 18 2026 20:30:42 GMT+0900 (한국 표준시)
19713,237820,,,플레이디,,KRX_KOSDAQ,COMMON,,,Thu Mar 12 2020 00:00:00 GMT+0900 (한국 표준시),,LISTED,KRW,true,3,,Tue Aug 18 2026 20:30:42 GMT+0900 (한국 표준시),Tue Aug 18 2026 20:30:42 GMT+0900 (한국 표준시)
19714,023770,,,플레이위드,,KRX_KOSDAQ,COMMON,,,Mon Nov 07 1994 00:00:00 GMT+0900 (한국 표준시),,LISTED,KRW,true,3,,Tue Aug 18 2026 20:30:42 GMT+0900 (한국 표준시),Tue Aug 18 2026 20:30:42 GMT+0900 (한국 표준시)
19715,300080,,,플리토,,KRX_KOSDAQ,COMMON,,,Wed Jul 17 2019 00:00:00 GMT+0900 (한국 표준시),,LISTED,KRW,true,3,,Tue Aug 18 2026 20:30:42 GMT+0900 (한국 표준시),Tue Aug 18 2026 20:30:42 GMT+0900 (한국 표준시)
19716,033790,,,피노,,KRX_KOSDAQ,COMMON,,,Tue Jun 26 2001 00:00:00 GMT+0900 (한국 표준시),,LISTED,KRW,true,3,,Tue Aug 18 2026 20:30:42 GMT+0900 (한국 표준시),Tue Aug 18 2026 20:30:42 GMT+0900 (한국 표준시)
19717,032580,,,피델릭스,,KRX_KOSDAQ,COMMON,,,Tue Apr 22 1997 00:00:00 GMT+0900 (한국 표준시),,LISTED,KRW,true,3,,Tue Aug 18 2026 20:30:42 GMT+0900 (한국 표준시),Tue Aug 18 2026 20:30:42 GMT+0900 (한국 표준시)
19718,0117P0,,,피스피스스튜디오,,KRX_KOSDAQ,COMMON,,,Mon Jun 08 2026 00:00:00 GMT+0900 (한국 표준시),,LISTED,KRW,true,3,,Tue Aug 18 2026 20:30:42 GMT+0900 (한국 표준시),Tue Aug 18 2026 20:30:42 GMT+0900 (한국 표준시)
19719,051380,,,피씨디렉트,,KRX_KOSDAQ,COMMON,,,Fri Feb 15 2002 00:00:00 GMT+0900 (한국 표준시),,LISTED,KRW,true,3,,Tue Aug 18 2026 20:30:42 GMT+0900 (한국 표준시),Tue Aug 18 2026 20:30:42 GMT+0900 (한국 표준시)
19720,241820,,,피씨엘,,KRX_KOSDAQ,COMMON,,,Thu Feb 23 2017 00:00:00 GMT+0900 (한국 표준시),,LISTED,KRW,true,3,,Tue Aug 18 2026 20:30:42 GMT+0900 (한국 표준시),Tue Aug 18 2026 20:30:42 GMT+0900 (한국 표준시)
19721,452450,,,피아이이,,KRX_KOSDAQ,COMMON,,,Tue Feb 04 2025 00:00:00 GMT+0900 (한국 표준시),,LISTED,KRW,true,3,,Tue Aug 18 2026 20:30:42 GMT+0900 (한국 표준시),Tue Aug 18 2026 20:30:42 GMT+0900 (한국 표준시)
19722,237750,,,피앤씨테크,,KRX_KOSDAQ,COMMON,,,Mon Jul 04 2016 00:00:00 GMT+0900 (한국 표준시),,LISTED,KRW,true,3,,Tue Aug 18 2026 20:30:42 GMT+0900 (한국 표준시),Tue Aug 18 2026 20:30:42 GMT+0900 (한국 표준시)
19723,460940,,,피앤에스로보틱스,,KRX_KOSDAQ,COMMON,,,Wed Jul 31 2024 00:00:00 GMT+0900 (한국 표준시),,LISTED,KRW,true,3,,Tue Aug 18 2026 20:30:42 GMT+0900 (한국 표준시),Tue Aug 18 2026 20:30:42 GMT+0900 (한국 표준시)
19724,332570,,,PS일렉트로닉스,,KRX_KOSDAQ,COMMON,,,Fri Jul 31 2020 00:00:00 GMT+0900 (한국 표준시),,LISTED,KRW,true,3,,Tue Aug 18 2026 20:30:42 GMT+0900 (한국 표준시),Tue Aug 18 2026 20:30:42 GMT+0900 (한국 표준시)
19725,319660,,,피에스케이,,KRX_KOSDAQ,COMMON,,,Fri May 10 2019 00:00:00 GMT+0900 (한국 표준시),,LISTED,KRW,true,3,,Tue Aug 18 2026 20:30:42 GMT+0900 (한국 표준시),Tue Aug 18 2026 20:30:42 GMT+0900 (한국 표준시)
19726,031980,,,피에스케이홀딩스,,KRX_KOSDAQ,COMMON,,,Tue Jan 07 1997 00:00:00 GMT+0900 (한국 표준시),,LISTED,KRW,true,3,,Tue Aug 18 2026 20:30:42 GMT+0900 (한국 표준시),Tue Aug 18 2026 20:30:42 GMT+0900 (한국 표준시)
19727,002230,,,피에스텍,,KRX_KOSDAQ,COMMON,,,Fri Jan 04 1991 00:00:00 GMT+0900 (한국 표준시),,LISTED,KRW,true,3,,Tue Aug 18 2026 20:30:42 GMT+0900 (한국 표준시),Tue Aug 18 2026 20:30:42 GMT+0900 (한국 표준시)
19728,043370,,,피에이치에이,,KRX_KOSDAQ,COMMON,,,Thu Dec 13 2001 00:00:00 GMT+0900 (한국 표준시),,LISTED,KRW,true,3,,Tue Aug 18 2026 20:30:42 GMT+0900 (한국 표준시),Tue Aug 18 2026 20:30:42 GMT+0900 (한국 표준시)
19729,239890,,,피엔에이치테크,,KRX_KOSDAQ,COMMON,,,Tue Feb 16 2021 00:00:00 GMT+0900 (한국 표준시),,LISTED,KRW,true,3,,Tue Aug 18 2026 20:30:42 GMT+0900 (한국 표준시),Tue Aug 18 2026 20:30:42 GMT+0900 (한국 표준시)
19730,347740,,,피엔케이피부임상연구센타,,KRX_KOSDAQ,COMMON,,,Wed Sep 09 2020 00:00:00 GMT+0900 (한국 표준시),,LISTED,KRW,true,3,,Tue Aug 18 2026 20:30:42 GMT+0900 (한국 표준시),Tue Aug 18 2026 20:30:42 GMT+0900 (한국 표준시)
19731,137400,,,피엔티,,KRX_KOSDAQ,COMMON,,,Fri Jul 06 2012 00:00:00 GMT+0900 (한국 표준시),,LISTED,KRW,true,3,,Tue Aug 18 2026 20:30:42 GMT+0900 (한국 표준시),Tue Aug 18 2026 20:30:42 GMT+0900 (한국 표준시)
19732,257370,,,피엔티엠에스,,KRX_KOSDAQ,COMMON,,,Thu Sep 13 2018 00:00:00 GMT+0900 (한국 표준시),,LISTED,KRW,true,3,,Tue Aug 18 2026 20:30:42 GMT+0900 (한국 표준시),Tue Aug 18 2026 20:30:42 GMT+0900 (한국 표준시)
19733,024940,,,PN풍년,,KRX_KOSDAQ,COMMON,,,Wed Jan 04 1995 00:00:00 GMT+0900 (한국 표준시),,LISTED,KRW,true,3,,Tue Aug 18 2026 20:30:42 GMT+0900 (한국 표준시),Tue Aug 18 2026 20:30:42 GMT+0900 (한국 표준시)
19734,147760,,,피엠티,,KRX_KOSDAQ,COMMON,,,Mon Dec 12 2016 00:00:00 GMT+0900 (한국 표준시),,LISTED,KRW,true,3,,Tue Aug 18 2026 20:30:42 GMT+0900 (한국 표준시),Tue Aug 18 2026 20:30:42 GMT+0900 (한국 표준시)
19735,128660,,,피제이메탈,,KRX_KOSDAQ,COMMON,,,Mon Dec 13 2010 00:00:00 GMT+0900 (한국 표준시),,LISTED,KRW,true,3,,Tue Aug 18 2026 20:30:42 GMT+0900 (한국 표준시),Tue Aug 18 2026 20:30:42 GMT+0900 (한국 표준시)
19736,006140,,,피제이전자,,KRX_KOSDAQ,COMMON,,,Tue Dec 07 1993 00:00:00 GMT+0900 (한국 표준시),,LISTED,KRW,true,3,,Tue Aug 18 2026 20:30:42 GMT+0900 (한국 표준시),Tue Aug 18 2026 20:30:42 GMT+0900 (한국 표준시)
19737,376180,,,피코그램,,KRX_KOSDAQ,COMMON,,,Wed Nov 03 2021 00:00:00 GMT+0900 (한국 표준시),,LISTED,KRW,true,3,,Tue Aug 18 2026 20:30:42 GMT+0900 (한국 표준시),Tue Aug 18 2026 20:30:42 GMT+0900 (한국 표준시)
19738,304840,,,피플바이오,,KRX_KOSDAQ,COMMON,,,Mon Oct 19 2020 00:00:00 GMT+0900 (한국 표준시),,LISTED,KRW,true,3,,Tue Aug 18 2026 20:30:42 GMT+0900 (한국 표준시),Tue Aug 18 2026 20:30:42 GMT+0900 (한국 표준시)
19739,087600,,,픽셀플러스,,KRX_KOSDAQ,COMMON,,,Fri Jun 12 2015 00:00:00 GMT+0900 (한국 표준시),,LISTED,KRW,true,3,,Tue Aug 18 2026 20:30:42 GMT+0900 (한국 표준시),Tue Aug 18 2026 20:30:42 GMT+0900 (한국 표준시)
19740,291810,,,핀텔,,KRX_KOSDAQ,COMMON,,,Thu Oct 20 2022 00:00:00 GMT+0900 (한국 표준시),,LISTED,KRW,true,3,,Tue Aug 18 2026 20:30:42 GMT+0900 (한국 표준시),Tue Aug 18 2026 20:30:42 GMT+0900 (한국 표준시)
19741,378340,,,필에너지,,KRX_KOSDAQ,COMMON,,,Fri Jul 14 2023 00:00:00 GMT+0900 (한국 표준시),,LISTED,KRW,true,3,,Tue Aug 18 2026 20:30:42 GMT+0900 (한국 표준시),Tue Aug 18 2026 20:30:42 GMT+0900 (한국 표준시)
19742,161580,,,필옵틱스,,KRX_KOSDAQ,COMMON,,,Thu Jun 01 2017 00:00:00 GMT+0900 (한국 표준시),,LISTED,KRW,true,3,,Tue Aug 18 2026 20:30:42 GMT+0900 (한국 표준시),Tue Aug 18 2026 20:30:42 GMT+0900 (한국 표준시)
19743,347770,,,핌스,,KRX_KOSDAQ,COMMON,,,Fri Sep 18 2020 00:00:00 GMT+0900 (한국 표준시),,LISTED,KRW,true,3,,Tue Aug 18 2026 20:30:42 GMT+0900 (한국 표준시),Tue Aug 18 2026 20:30:42 GMT+0900 (한국 표준시)
19744,163730,,,핑거,,KRX_KOSDAQ,COMMON,,,Fri Jan 29 2021 00:00:00 GMT+0900 (한국 표준시),,LISTED,KRW,true,3,,Tue Aug 18 2026 20:30:42 GMT+0900 (한국 표준시),Tue Aug 18 2026 20:30:42 GMT+0900 (한국 표준시)
19745,417180,,,핑거스토리,,KRX_KOSDAQ,COMMON,,,Thu Dec 08 2022 00:00:00 GMT+0900 (한국 표준시),,LISTED,KRW,true,3,,Tue Aug 18 2026 20:30:42 GMT+0900 (한국 표준시),Tue Aug 18 2026 20:30:42 GMT+0900 (한국 표준시)
19746,469900,,,하나31호스팩,,KRX_KOSDAQ,COMMON,,,Tue Mar 05 2024 00:00:00 GMT+0900 (한국 표준시),,LISTED,KRW,true,3,,Tue Aug 18 2026 20:30:42 GMT+0900 (한국 표준시),Tue Aug 18 2026 20:30:42 GMT+0900 (한국 표준시)
19747,475240,,,하나32호스팩,,KRX_KOSDAQ,COMMON,,,Wed Mar 27 2024 00:00:00 GMT+0900 (한국 표준시),,LISTED,KRW,true,3,,Tue Aug 18 2026 20:30:42 GMT+0900 (한국 표준시),Tue Aug 18 2026 20:30:42 GMT+0900 (한국 표준시)
19748,475250,,,하나33호스팩,,KRX_KOSDAQ,COMMON,,,Wed Apr 24 2024 00:00:00 GMT+0900 (한국 표준시),,LISTED,KRW,true,3,,Tue Aug 18 2026 20:30:42 GMT+0900 (한국 표준시),Tue Aug 18 2026 20:30:42 GMT+0900 (한국 표준시)
19749,484130,,,하나34호스팩,,KRX_KOSDAQ,COMMON,,,Tue Nov 19 2024 00:00:00 GMT+0900 (한국 표준시),,LISTED,KRW,true,3,,Tue Aug 18 2026 20:30:42 GMT+0900 (한국 표준시),Tue Aug 18 2026 20:30:42 GMT+0900 (한국 표준시)
19750,0041L0,,,하나35호스팩,,KRX_KOSDAQ,COMMON,,,Wed Aug 06 2025 00:00:00 GMT+0900 (한국 표준시),,LISTED,KRW,true,3,,Tue Aug 18 2026 20:30:42 GMT+0900 (한국 표준시),Tue Aug 18 2026 20:30:42 GMT+0900 (한국 표준시)
19751,0101C0,,,하나36호스팩,,KRX_KOSDAQ,COMMON,,,Mon Dec 22 2025 00:00:00 GMT+0900 (한국 표준시),,LISTED,KRW,true,3,,Tue Aug 18 2026 20:30:42 GMT+0900 (한국 표준시),Tue Aug 18 2026 20:30:42 GMT+0900 (한국 표준시)
19752,299030,,,하나기술,,KRX_KOSDAQ,COMMON,,,Wed Nov 25 2020 00:00:00 GMT+0900 (한국 표준시),,LISTED,KRW,true,3,,Tue Aug 18 2026 20:30:42 GMT+0900 (한국 표준시),Tue Aug 18 2026 20:30:42 GMT+0900 (한국 표준시)
19753,067310,,,하나마이크론,,KRX_KOSDAQ,COMMON,,,Tue Oct 11 2005 00:00:00 GMT+0900 (한국 표준시),,LISTED,KRW,true,3,,Tue Aug 18 2026 20:30:42 GMT+0900 (한국 표준시),Tue Aug 18 2026 20:30:42 GMT+0900 (한국 표준시)
19754,166090,,,하나머티리얼즈,,KRX_KOSDAQ,COMMON,,,Fri Apr 28 2017 00:00:00 GMT+0900 (한국 표준시),,LISTED,KRW,true,3,,Tue Aug 18 2026 20:30:42 GMT+0900 (한국 표준시),Tue Aug 18 2026 20:30:42 GMT+0900 (한국 표준시)
19755,136480,,,하림,,KRX_KOSDAQ,COMMON,,,Mon May 02 2011 00:00:00 GMT+0900 (한국 표준시),,LISTED,KRW,true,3,,Tue Aug 18 2026 20:30:42 GMT+0900 (한국 표준시),Tue Aug 18 2026 20:30:42 GMT+0900 (한국 표준시)
19756,003380,,,하림지주,,KRX_KOSDAQ,COMMON,,,Fri Jun 30 2017 00:00:00 GMT+0900 (한국 표준시),,LISTED,KRW,true,3,,Tue Aug 18 2026 20:30:42 GMT+0900 (한국 표준시),Tue Aug 18 2026 20:30:42 GMT+0900 (한국 표준시)
19757,450330,,,하스,,KRX_KOSDAQ,COMMON,,,Wed Jul 03 2024 00:00:00 GMT+0900 (한국 표준시),,LISTED,KRW,true,3,,Tue Aug 18 2026 20:30:42 GMT+0900 (한국 표준시),Tue Aug 18 2026 20:30:42 GMT+0900 (한국 표준시)
19758,101670,,,하이드로리튬,,KRX_KOSDAQ,COMMON,,,Tue Jul 15 2008 00:00:00 GMT+0900 (한국 표준시),,LISTED,KRW,true,3,,Tue Aug 18 2026 20:30:42 GMT+0900 (한국 표준시),Tue Aug 18 2026 20:30:42 GMT+0900 (한국 표준시)
19759,365590,,,하이딥,,KRX_KOSDAQ,COMMON,,,Mon Dec 21 2020 00:00:00 GMT+0900 (한국 표준시),,LISTED,KRW,true,3,,Tue Aug 18 2026 20:30:42 GMT+0900 (한국 표준시),Tue Aug 18 2026 20:30:42 GMT+0900 (한국 표준시)
19760,149980,,,하이로닉,,KRX_KOSDAQ,COMMON,,,Wed Dec 17 2014 00:00:00 GMT+0900 (한국 표준시),,LISTED,KRW,true,3,,Tue Aug 18 2026 20:30:42 GMT+0900 (한국 표준시),Tue Aug 18 2026 20:30:42 GMT+0900 (한국 표준시)
19761,013030,,,하이록코리아,,KRX_KOSDAQ,COMMON,,,Fri Dec 15 1989 00:00:00 GMT+0900 (한국 표준시),,LISTED,KRW,true,3,,Tue Aug 18 2026 20:30:42 GMT+0900 (한국 표준시),Tue Aug 18 2026 20:30:42 GMT+0900 (한국 표준시)
19762,126700,,,하이비젼시스템,,KRX_KOSDAQ,COMMON,,,Fri Sep 10 2010 00:00:00 GMT+0900 (한국 표준시),,LISTED,KRW,true,3,,Tue Aug 18 2026 20:30:42 GMT+0900 (한국 표준시),Tue Aug 18 2026 20:30:42 GMT+0900 (한국 표준시)
19763,160190,,,하이젠알앤엠,,KRX_KOSDAQ,COMMON,,,Thu Jun 27 2024 00:00:00 GMT+0900 (한국 표준시),,LISTED,KRW,true,3,,Tue Aug 18 2026 20:30:42 GMT+0900 (한국 표준시),Tue Aug 18 2026 20:30:42 GMT+0900 (한국 표준시)
19764,221840,,,하이즈항공,,KRX_KOSDAQ,COMMON,,,Wed Nov 25 2015 00:00:00 GMT+0900 (한국 표준시),,LISTED,KRW,true,3,,Tue Aug 18 2026 20:30:42 GMT+0900 (한국 표준시),Tue Aug 18 2026 20:30:42 GMT+0900 (한국 표준시)
19765,106190,,,하이텍팜,,KRX_KOSDAQ,COMMON,,,Wed Jul 28 2010 00:00:00 GMT+0900 (한국 표준시),,LISTED,KRW,true,3,,Tue Aug 18 2026 20:30:42 GMT+0900 (한국 표준시),Tue Aug 18 2026 20:30:42 GMT+0900 (한국 표준시)
19766,065650,,,하이퍼코퍼레이션,,KRX_KOSDAQ,COMMON,,,Tue Jan 21 2003 00:00:00 GMT+0900 (한국 표준시),,LISTED,KRW,true,3,,Tue Aug 18 2026 20:30:42 GMT+0900 (한국 표준시),Tue Aug 18 2026 20:30:42 GMT+0900 (한국 표준시)
19767,066130,,,하츠,,KRX_KOSDAQ,COMMON,,,Tue Feb 11 2003 00:00:00 GMT+0900 (한국 표준시),,LISTED,KRW,true,3,,Tue Aug 18 2026 20:30:42 GMT+0900 (한국 표준시),Tue Aug 18 2026 20:30:42 GMT+0900 (한국 표준시)
19768,004590,,,한국가구,,KRX_KOSDAQ,COMMON,,,Thu Jun 03 1993 00:00:00 GMT+0900 (한국 표준시),,LISTED,KRW,true,3,,Tue Aug 18 2026 20:30:42 GMT+0900 (한국 표준시),Tue Aug 18 2026 20:30:42 GMT+0900 (한국 표준시)
19769,039340,,,한국경제TV,,KRX_KOSDAQ,COMMON,,,Fri Jul 30 2004 00:00:00 GMT+0900 (한국 표준시),,LISTED,KRW,true,3,,Tue Aug 18 2026 20:30:42 GMT+0900 (한국 표준시),Tue Aug 18 2026 20:30:42 GMT+0900 (한국 표준시)
19770,034950,,,한국기업평가,,KRX_KOSDAQ,COMMON,,,Thu Feb 07 2002 00:00:00 GMT+0900 (한국 표준시),,LISTED,KRW,true,3,,Tue Aug 18 2026 20:30:42 GMT+0900 (한국 표준시),Tue Aug 18 2026 20:30:42 GMT+0900 (한국 표준시)
19771,222980,,,한국맥널티,,KRX_KOSDAQ,COMMON,,,Wed Dec 23 2015 00:00:00 GMT+0900 (한국 표준시),,LISTED,KRW,true,3,,Tue Aug 18 2026 20:30:42 GMT+0900 (한국 표준시),Tue Aug 18 2026 20:30:42 GMT+0900 (한국 표준시)
19772,256840,,,한국비엔씨,,KRX_KOSDAQ,COMMON,,,Wed Dec 28 2016 00:00:00 GMT+0900 (한국 표준시),,LISTED,KRW,true,3,,Tue Aug 18 2026 20:30:42 GMT+0900 (한국 표준시),Tue Aug 18 2026 20:30:42 GMT+0900 (한국 표준시)
19773,219750,,,한국비티비,,KRX_KOSDAQ,COMMON,,,Fri Sep 21 2018 00:00:00 GMT+0900 (한국 표준시),,LISTED,KRW,true,3,,Tue Aug 18 2026 20:30:42 GMT+0900 (한국 표준시),Tue Aug 18 2026 20:30:42 GMT+0900 (한국 표준시)
19774,025550,,,한국선재,,KRX_KOSDAQ,COMMON,,,Mon Jun 19 1995 00:00:00 GMT+0900 (한국 표준시),,LISTED,KRW,true,3,,Tue Aug 18 2026 20:30:42 GMT+0900 (한국 표준시),Tue Aug 18 2026 20:30:42 GMT+0900 (한국 표준시)
19775,017890,,,한국알콜,,KRX_KOSDAQ,COMMON,,,Tue Aug 04 1992 00:00:00 GMT+0900 (한국 표준시),,LISTED,KRW,true,3,,Tue Aug 18 2026 20:30:42 GMT+0900 (한국 표준시),Tue Aug 18 2026 20:30:42 GMT+0900 (한국 표준시)
19776,080720,,,한국유니온제약,,KRX_KOSDAQ,COMMON,,,Thu Jul 26 2018 00:00:00 GMT+0900 (한국 표준시),,LISTED,KRW,true,3,,Tue Aug 18 2026 20:30:42 GMT+0900 (한국 표준시),Tue Aug 18 2026 20:30:42 GMT+0900 (한국 표준시)
19777,041460,,,한국전자인증,,KRX_KOSDAQ,COMMON,,,Fri Nov 19 2010 00:00:00 GMT+0900 (한국 표준시),,LISTED,KRW,true,3,,Tue Aug 18 2026 20:30:42 GMT+0900 (한국 표준시),Tue Aug 18 2026 20:30:42 GMT+0900 (한국 표준시)
19778,101680,,,한국정밀기계,,KRX_KOSDAQ,COMMON,,,Tue May 19 2009 00:00:00 GMT+0900 (한국 표준시),,LISTED,KRW,true,3,,Tue Aug 18 2026 20:30:42 GMT+0900 (한국 표준시),Tue Aug 18 2026 20:30:42 GMT+0900 (한국 표준시)
19779,039740,,,한국정보공학,,KRX_KOSDAQ,COMMON,,,Thu Jul 06 2000 00:00:00 GMT+0900 (한국 표준시),,LISTED,KRW,true,3,,Tue Aug 18 2026 20:30:42 GMT+0900 (한국 표준시),Tue Aug 18 2026 20:30:42 GMT+0900 (한국 표준시)
19780,053300,,,한국정보인증,,KRX_KOSDAQ,COMMON,,,Tue Feb 04 2014 00:00:00 GMT+0900 (한국 표준시),,LISTED,KRW,true,3,,Tue Aug 18 2026 20:30:42 GMT+0900 (한국 표준시),Tue Aug 18 2026 20:30:42 GMT+0900 (한국 표준시)
19781,025770,,,한국정보통신,,KRX_KOSDAQ,COMMON,,,Tue Jan 20 1998 00:00:00 GMT+0900 (한국 표준시),,LISTED,KRW,true,3,,Tue Aug 18 2026 20:30:42 GMT+0900 (한국 표준시),Tue Aug 18 2026 20:30:42 GMT+0900 (한국 표준시)
19782,479880,,,한국제15호스팩,,KRX_KOSDAQ,COMMON,,,Wed Jun 26 2024 00:00:00 GMT+0900 (한국 표준시),,LISTED,KRW,true,3,,Tue Aug 18 2026 20:30:42 GMT+0900 (한국 표준시),Tue Aug 18 2026 20:30:42 GMT+0900 (한국 표준시)
19783,0164H0,,,한국제16호스팩,,KRX_KOSDAQ,COMMON,,,Tue Jun 30 2026 00:00:00 GMT+0900 (한국 표준시),,LISTED,KRW,true,3,,Tue Aug 18 2026 20:30:42 GMT+0900 (한국 표준시),Tue Aug 18 2026 20:30:42 GMT+0900 (한국 표준시)
19784,062970,,,한국첨단소재,,KRX_KOSDAQ,COMMON,,,Thu Dec 26 2019 00:00:00 GMT+0900 (한국 표준시),,LISTED,KRW,true,3,,Tue Aug 18 2026 20:30:42 GMT+0900 (한국 표준시),Tue Aug 18 2026 20:30:42 GMT+0900 (한국 표준시)
19785,023760,,,한국캐피탈,,KRX_KOSDAQ,COMMON,,,Mon Nov 07 1994 00:00:00 GMT+0900 (한국 표준시),,LISTED,KRW,true,3,,Tue Aug 18 2026 20:30:42 GMT+0900 (한국 표준시),Tue Aug 18 2026 20:30:42 GMT+0900 (한국 표준시)
19786,054040,,,한국컴퓨터,,KRX_KOSDAQ,COMMON,,,Tue Jan 15 2002 00:00:00 GMT+0900 (한국 표준시),,LISTED,KRW,true,3,,Tue Aug 18 2026 20:30:42 GMT+0900 (한국 표준시),Tue Aug 18 2026 20:30:42 GMT+0900 (한국 표준시)
19787,021650,,,한국큐빅,,KRX_KOSDAQ,COMMON,,,Fri Jan 24 2003 00:00:00 GMT+0900 (한국 표준시),,LISTED,KRW,true,3,,Tue Aug 18 2026 20:30:42 GMT+0900 (한국 표준시),Tue Aug 18 2026 20:30:42 GMT+0900 (한국 표준시)
19788,032300,,,한국파마,,KRX_KOSDAQ,COMMON,,,Mon Aug 10 2020 00:00:00 GMT+0900 (한국 표준시),,LISTED,KRW,true,3,,Tue Aug 18 2026 20:30:42 GMT+0900 (한국 표준시),Tue Aug 18 2026 20:30:42 GMT+0900 (한국 표준시)
19789,037230,,,한국팩키지,,KRX_KOSDAQ,COMMON,,,Tue Dec 21 1999 00:00:00 GMT+0900 (한국 표준시),,LISTED,KRW,true,3,,Tue Aug 18 2026 20:30:42 GMT+0900 (한국 표준시),Tue Aug 18 2026 20:30:42 GMT+0900 (한국 표준시)
19790,448900,,,한국피아이엠,,KRX_KOSDAQ,COMMON,,,Fri Apr 04 2025 00:00:00 GMT+0900 (한국 표준시),,LISTED,KRW,true,3,,Tue Aug 18 2026 20:30:42 GMT+0900 (한국 표준시),Tue Aug 18 2026 20:30:42 GMT+0900 (한국 표준시)
19791,052600,,,한네트,,KRX_KOSDAQ,COMMON,,,Tue Jul 10 2001 00:00:00 GMT+0900 (한국 표준시),,LISTED,KRW,true,3,,Tue Aug 18 2026 20:30:42 GMT+0900 (한국 표준시),Tue Aug 18 2026 20:30:42 GMT+0900 (한국 표준시)
19792,256150,,,한독크린텍,,KRX_KOSDAQ,COMMON,,,Thu Sep 05 2019 00:00:00 GMT+0900 (한국 표준시),,LISTED,KRW,true,3,,Tue Aug 18 2026 20:30:42 GMT+0900 (한국 표준시),Tue Aug 18 2026 20:30:42 GMT+0900 (한국 표준시)
19793,092460,,,한라IMS,,KRX_KOSDAQ,COMMON,,,Tue May 22 2007 00:00:00 GMT+0900 (한국 표준시),,LISTED,KRW,true,3,,Tue Aug 18 2026 20:30:42 GMT+0900 (한국 표준시),Tue Aug 18 2026 20:30:42 GMT+0900 (한국 표준시)
19794,125490,,,한라캐스트,,KRX_KOSDAQ,COMMON,,,Wed Aug 20 2025 00:00:00 GMT+0900 (한국 표준시),,LISTED,KRW,true,3,,Tue Aug 18 2026 20:30:42 GMT+0900 (한국 표준시),Tue Aug 18 2026 20:30:42 GMT+0900 (한국 표준시)
19795,452190,,,한빛레이저,,KRX_KOSDAQ,COMMON,,,Thu Jan 04 2024 00:00:00 GMT+0900 (한국 표준시),,LISTED,KRW,true,3,,Tue Aug 18 2026 20:30:42 GMT+0900 (한국 표준시),Tue Aug 18 2026 20:30:42 GMT+0900 (한국 표준시)
19796,047080,,,한빛소프트,,KRX_KOSDAQ,COMMON,,,Thu Jan 10 2002 00:00:00 GMT+0900 (한국 표준시),,LISTED,KRW,true,3,,Tue Aug 18 2026 20:30:42 GMT+0900 (한국 표준시),Tue Aug 18 2026 20:30:42 GMT+0900 (한국 표준시)
19797,452280,,,한선엔지니어링,,KRX_KOSDAQ,COMMON,,,Fri Nov 24 2023 00:00:00 GMT+0900 (한국 표준시),,LISTED,KRW,true,3,,Tue Aug 18 2026 20:30:42 GMT+0900 (한국 표준시),Tue Aug 18 2026 20:30:42 GMT+0900 (한국 표준시)
19798,066980,,,한성크린텍,,KRX_KOSDAQ,COMMON,,,Fri Jan 17 2003 00:00:00 GMT+0900 (한국 표준시),,LISTED,KRW,true,3,,Tue Aug 18 2026 20:30:42 GMT+0900 (한국 표준시),Tue Aug 18 2026 20:30:42 GMT+0900 (한국 표준시)
19799,114810,,,한솔아이원스,,KRX_KOSDAQ,COMMON,,,Thu Feb 07 2013 00:00:00 GMT+0900 (한국 표준시),,LISTED,KRW,true,3,,Tue Aug 18 2026 20:30:42 GMT+0900 (한국 표준시),Tue Aug 18 2026 20:30:42 GMT+0900 (한국 표준시)
19800,042520,,,한스바이오메드,,KRX_KOSDAQ,COMMON,,,Fri Oct 09 2009 00:00:00 GMT+0900 (한국 표준시),,LISTED,KRW,true,3,,Tue Aug 18 2026 20:30:42 GMT+0900 (한국 표준시),Tue Aug 18 2026 20:30:42 GMT+0900 (한국 표준시)
19801,430690,,,한싹,,KRX_KOSDAQ,COMMON,,,Wed Oct 04 2023 00:00:00 GMT+0900 (한국 표준시),,LISTED,KRW,true,3,,Tue Aug 18 2026 20:30:42 GMT+0900 (한국 표준시),Tue Aug 18 2026 20:30:42 GMT+0900 (한국 표준시)
19802,078350,,,한양디지텍,,KRX_KOSDAQ,COMMON,,,Fri May 14 2004 00:00:00 GMT+0900 (한국 표준시),,LISTED,KRW,true,3,,Tue Aug 18 2026 20:30:42 GMT+0900 (한국 표준시),Tue Aug 18 2026 20:30:42 GMT+0900 (한국 표준시)
19803,045100,,,한양이엔지,,KRX_KOSDAQ,COMMON,,,Thu Aug 31 2000 00:00:00 GMT+0900 (한국 표준시),,LISTED,KRW,true,3,,Tue Aug 18 2026 20:30:42 GMT+0900 (한국 표준시),Tue Aug 18 2026 20:30:42 GMT+0900 (한국 표준시)
19804,320000,,,한울반도체,,KRX_KOSDAQ,COMMON,,,Wed Sep 18 2019 00:00:00 GMT+0900 (한국 표준시),,LISTED,KRW,true,3,,Tue Aug 18 2026 20:30:42 GMT+0900 (한국 표준시),Tue Aug 18 2026 20:30:42 GMT+0900 (한국 표준시)
19805,091440,,,한울소재과학,,KRX_KOSDAQ,COMMON,,,Fri Feb 01 2008 00:00:00 GMT+0900 (한국 표준시),,LISTED,KRW,true,3,,Tue Aug 18 2026 20:30:42 GMT+0900 (한국 표준시),Tue Aug 18 2026 20:30:42 GMT+0900 (한국 표준시)
19806,276730,,,한울앤제주,,KRX_KOSDAQ,COMMON,,,Wed May 26 2021 00:00:00 GMT+0900 (한국 표준시),,LISTED,KRW,true,3,,Tue Aug 18 2026 20:30:42 GMT+0900 (한국 표준시),Tue Aug 18 2026 20:30:42 GMT+0900 (한국 표준시)
19807,024740,,,한일단조,,KRX_KOSDAQ,COMMON,,,Fri Nov 29 1996 00:00:00 GMT+0900 (한국 표준시),,LISTED,KRW,true,3,,Tue Aug 18 2026 20:30:42 GMT+0900 (한국 표준시),Tue Aug 18 2026 20:30:42 GMT+0900 (한국 표준시)
19808,005860,,,한일사료,,KRX_KOSDAQ,COMMON,,,Mon Nov 07 1994 00:00:00 GMT+0900 (한국 표준시),,LISTED,KRW,true,3,,Tue Aug 18 2026 20:30:42 GMT+0900 (한국 표준시),Tue Aug 18 2026 20:30:42 GMT+0900 (한국 표준시)
19809,007770,,,한일화학,,KRX_KOSDAQ,COMMON,,,Mon Sep 07 1992 00:00:00 GMT+0900 (한국 표준시),,LISTED,KRW,true,3,,Tue Aug 18 2026 20:30:42 GMT+0900 (한국 표준시),Tue Aug 18 2026 20:30:42 GMT+0900 (한국 표준시)
19810,198940,,,한주라이트메탈,,KRX_KOSDAQ,COMMON,,,Thu Jan 19 2023 00:00:00 GMT+0900 (한국 표준시),,LISTED,KRW,true,3,,Tue Aug 18 2026 20:30:42 GMT+0900 (한국 표준시),Tue Aug 18 2026 20:30:42 GMT+0900 (한국 표준시)
19811,058450,,,한주에이알티,,KRX_KOSDAQ,COMMON,,,Thu Jan 17 2002 00:00:00 GMT+0900 (한국 표준시),,LISTED,KRW,true,3,,Tue Aug 18 2026 20:30:42 GMT+0900 (한국 표준시),Tue Aug 18 2026 20:30:42 GMT+0900 (한국 표준시)
19812,107640,,,한중엔시에스,,KRX_KOSDAQ,COMMON,,,Mon Jun 24 2024 00:00:00 GMT+0900 (한국 표준시),,LISTED,KRW,true,3,,Tue Aug 18 2026 20:30:42 GMT+0900 (한국 표준시),Tue Aug 18 2026 20:30:42 GMT+0900 (한국 표준시)
19813,079170,,,한창산업,,KRX_KOSDAQ,COMMON,,,Tue Feb 01 2005 00:00:00 GMT+0900 (한국 표준시),,LISTED,KRW,true,3,,Tue Aug 18 2026 20:30:42 GMT+0900 (한국 표준시),Tue Aug 18 2026 20:30:42 GMT+0900 (한국 표준시)
19814,030520,,,한컴,,KRX_KOSDAQ,COMMON,,,Tue Sep 24 1996 00:00:00 GMT+0900 (한국 표준시),,LISTED,KRW,true,3,,Tue Aug 18 2026 20:30:42 GMT+0900 (한국 표준시),Tue Aug 18 2026 20:30:42 GMT+0900 (한국 표준시)
19815,054920,,,한컴위드,,KRX_KOSDAQ,COMMON,,,Thu Nov 01 2001 00:00:00 GMT+0900 (한국 표준시),,LISTED,KRW,true,3,,Tue Aug 18 2026 20:30:42 GMT+0900 (한국 표준시),Tue Aug 18 2026 20:30:42 GMT+0900 (한국 표준시)
19816,457370,,,한켐,,KRX_KOSDAQ,COMMON,,,Tue Oct 22 2024 00:00:00 GMT+0900 (한국 표준시),,LISTED,KRW,true,3,,Tue Aug 18 2026 20:30:42 GMT+0900 (한국 표준시),Tue Aug 18 2026 20:30:42 GMT+0900 (한국 표준시)
19817,002680,,,한탑,,KRX_KOSDAQ,COMMON,,,Fri Jul 07 1995 00:00:00 GMT+0900 (한국 표준시),,LISTED,KRW,true,3,,Tue Aug 18 2026 20:30:42 GMT+0900 (한국 표준시),Tue Aug 18 2026 20:30:42 GMT+0900 (한국 표준시)
19818,098070,,,한텍,,KRX_KOSDAQ,COMMON,,,Thu Mar 20 2025 00:00:00 GMT+0900 (한국 표준시),,LISTED,KRW,true,3,,Tue Aug 18 2026 20:30:42 GMT+0900 (한국 표준시),Tue Aug 18 2026 20:30:42 GMT+0900 (한국 표준시)
19819,408470,,,한패스,,KRX_KOSDAQ,COMMON,,,Wed Mar 25 2026 00:00:00 GMT+0900 (한국 표준시),,LISTED,KRW,true,3,,Tue Aug 18 2026 20:30:42 GMT+0900 (한국 표준시),Tue Aug 18 2026 20:30:42 GMT+0900 (한국 표준시)
19820,498390,,,한화플러스제5호스팩,,KRX_KOSDAQ,COMMON,,,Thu Mar 20 2025 00:00:00 GMT+0900 (한국 표준시),,LISTED,KRW,true,3,,Tue Aug 18 2026 20:30:42 GMT+0900 (한국 표준시),Tue Aug 18 2026 20:30:42 GMT+0900 (한국 표준시)
19821,034810,,,해성산업,,KRX_KOSDAQ,COMMON,,,Fri Apr 16 1999 00:00:00 GMT+0900 (한국 표준시),,LISTED,KRW,true,3,,Tue Aug 18 2026 20:30:42 GMT+0900 (한국 표준시),Tue Aug 18 2026 20:30:42 GMT+0900 (한국 표준시)
19822,03481K,,,해성산업1우,,KRX_KOSDAQ,PREFERRED,,,Thu Dec 02 2021 00:00:00 GMT+0900 (한국 표준시),,LISTED,KRW,true,3,,Tue Aug 18 2026 20:30:42 GMT+0900 (한국 표준시),Tue Aug 18 2026 20:30:42 GMT+0900 (한국 표준시)
19823,059270,,,해성에어로보틱스,,KRX_KOSDAQ,COMMON,,,Wed Apr 21 2021 00:00:00 GMT+0900 (한국 표준시),,LISTED,KRW,true,3,,Tue Aug 18 2026 20:30:42 GMT+0900 (한국 표준시),Tue Aug 18 2026 20:30:42 GMT+0900 (한국 표준시)
19824,076610,,,해성옵틱스,,KRX_KOSDAQ,COMMON,,,Wed Nov 06 2013 00:00:00 GMT+0900 (한국 표준시),,LISTED,KRW,true,3,,Tue Aug 18 2026 20:30:42 GMT+0900 (한국 표준시),Tue Aug 18 2026 20:30:42 GMT+0900 (한국 표준시)
19825,900270,,,헝셩그룹,,KRX_KOSDAQ,COMMON,,,Thu Aug 18 2016 00:00:00 GMT+0900 (한국 표준시),,LISTED,KRW,true,3,,Tue Aug 18 2026 20:30:42 GMT+0900 (한국 표준시),Tue Aug 18 2026 20:30:42 GMT+0900 (한국 표준시)
19826,214180,,,헥토이노베이션,,KRX_KOSDAQ,COMMON,,,Tue Jun 30 2015 00:00:00 GMT+0900 (한국 표준시),,LISTED,KRW,true,3,,Tue Aug 18 2026 20:30:42 GMT+0900 (한국 표준시),Tue Aug 18 2026 20:30:42 GMT+0900 (한국 표준시)
19827,234340,,,헥토파이낸셜,,KRX_KOSDAQ,COMMON,,,Fri Jul 12 2019 00:00:00 GMT+0900 (한국 표준시),,LISTED,KRW,true,3,,Tue Aug 18 2026 20:30:42 GMT+0900 (한국 표준시),Tue Aug 18 2026 20:30:42 GMT+0900 (한국 표준시)
19828,084990,,,헬릭스미스,,KRX_KOSDAQ,COMMON,,,Thu Dec 29 2005 00:00:00 GMT+0900 (한국 표준시),,LISTED,KRW,true,3,,Tue Aug 18 2026 20:30:42 GMT+0900 (한국 표준시),Tue Aug 18 2026 20:30:42 GMT+0900 (한국 표준시)
19829,170030,,,현대공업,,KRX_KOSDAQ,COMMON,,,Wed Dec 04 2013 00:00:00 GMT+0900 (한국 표준시),,LISTED,KRW,true,3,,Tue Aug 18 2026 20:30:42 GMT+0900 (한국 표준시),Tue Aug 18 2026 20:30:42 GMT+0900 (한국 표준시)
19830,319400,,,현대무벡스,,KRX_KOSDAQ,COMMON,,,Wed May 08 2019 00:00:00 GMT+0900 (한국 표준시),,LISTED,KRW,true,3,,Tue Aug 18 2026 20:30:42 GMT+0900 (한국 표준시),Tue Aug 18 2026 20:30:42 GMT+0900 (한국 표준시)
19831,052260,,,현대바이오랜드,,KRX_KOSDAQ,COMMON,,,Thu May 17 2001 00:00:00 GMT+0900 (한국 표준시),,LISTED,KRW,true,3,,Tue Aug 18 2026 20:30:42 GMT+0900 (한국 표준시),Tue Aug 18 2026 20:30:42 GMT+0900 (한국 표준시)
19832,048410,,,현대바이오,,KRX_KOSDAQ,COMMON,,,Thu Aug 08 2002 00:00:00 GMT+0900 (한국 표준시),,LISTED,KRW,true,3,,Tue Aug 18 2026 20:30:42 GMT+0900 (한국 표준시),Tue Aug 18 2026 20:30:42 GMT+0900 (한국 표준시)
19833,016790,,,현대사료,,KRX_KOSDAQ,COMMON,,,Fri Jun 01 2018 00:00:00 GMT+0900 (한국 표준시),,LISTED,KRW,true,3,,Tue Aug 18 2026 20:30:42 GMT+0900 (한국 표준시),Tue Aug 18 2026 20:30:42 GMT+0900 (한국 표준시)
19834,041440,,,현대에버다임,,KRX_KOSDAQ,COMMON,,,Fri Nov 14 2003 00:00:00 GMT+0900 (한국 표준시),,LISTED,KRW,true,3,,Tue Aug 18 2026 20:30:42 GMT+0900 (한국 표준시),Tue Aug 18 2026 20:30:42 GMT+0900 (한국 표준시)
19835,039010,,,현대에이치티,,KRX_KOSDAQ,COMMON,,,Thu Jul 20 2000 00:00:00 GMT+0900 (한국 표준시),,LISTED,KRW,true,3,,Tue Aug 18 2026 20:30:42 GMT+0900 (한국 표준시),Tue Aug 18 2026 20:30:42 GMT+0900 (한국 표준시)
19836,090850,,,현대이지웰,,KRX_KOSDAQ,COMMON,,,Fri Dec 27 2013 00:00:00 GMT+0900 (한국 표준시),,LISTED,KRW,true,3,,Tue Aug 18 2026 20:30:42 GMT+0900 (한국 표준시),Tue Aug 18 2026 20:30:42 GMT+0900 (한국 표준시)
19837,460930,,,현대힘스,,KRX_KOSDAQ,COMMON,,,Fri Jan 26 2024 00:00:00 GMT+0900 (한국 표준시),,LISTED,KRW,true,3,,Tue Aug 18 2026 20:30:42 GMT+0900 (한국 표준시),Tue Aug 18 2026 20:30:42 GMT+0900 (한국 표준시)
19838,092300,,,현우산업,,KRX_KOSDAQ,COMMON,,,Wed Oct 24 2007 00:00:00 GMT+0900 (한국 표준시),,LISTED,KRW,true,3,,Tue Aug 18 2026 20:30:42 GMT+0900 (한국 표준시),Tue Aug 18 2026 20:30:42 GMT+0900 (한국 표준시)
19839,308100,,,형지글로벌,,KRX_KOSDAQ,COMMON,,,Mon Jun 10 2019 00:00:00 GMT+0900 (한국 표준시),,LISTED,KRW,true,3,,Tue Aug 18 2026 20:30:42 GMT+0900 (한국 표준시),Tue Aug 18 2026 20:30:42 GMT+0900 (한국 표준시)
19840,011080,,,형지I&C,,KRX_KOSDAQ,COMMON,,,Fri Jul 02 2004 00:00:00 GMT+0900 (한국 표준시),,LISTED,KRW,true,3,,Tue Aug 18 2026 20:30:42 GMT+0900 (한국 표준시),Tue Aug 18 2026 20:30:42 GMT+0900 (한국 표준시)
19841,064240,,,홈캐스트,,KRX_KOSDAQ,COMMON,,,Wed Jun 11 2003 00:00:00 GMT+0900 (한국 표준시),,LISTED,KRW,true,3,,Tue Aug 18 2026 20:30:42 GMT+0900 (한국 표준시),Tue Aug 18 2026 20:30:42 GMT+0900 (한국 표준시)
19842,039610,,,화성밸브,,KRX_KOSDAQ,COMMON,,,Thu Mar 16 2000 00:00:00 GMT+0900 (한국 표준시),,LISTED,KRW,true,3,,Tue Aug 18 2026 20:30:42 GMT+0900 (한국 표준시),Tue Aug 18 2026 20:30:42 GMT+0900 (한국 표준시)
19843,126640,,,화신정공,,KRX_KOSDAQ,COMMON,,,Tue Aug 31 2010 00:00:00 GMT+0900 (한국 표준시),,LISTED,KRW,true,3,,Tue Aug 18 2026 20:30:42 GMT+0900 (한국 표준시),Tue Aug 18 2026 20:30:42 GMT+0900 (한국 표준시)
19844,127980,,,화인써키트,,KRX_KOSDAQ,COMMON,,,Fri Feb 17 2023 00:00:00 GMT+0900 (한국 표준시),,LISTED,KRW,true,3,,Tue Aug 18 2026 20:30:42 GMT+0900 (한국 표준시),Tue Aug 18 2026 20:30:42 GMT+0900 (한국 표준시)
19845,061250,,,화일약품,,KRX_KOSDAQ,COMMON,,,Thu Apr 18 2002 00:00:00 GMT+0900 (한국 표준시),,LISTED,KRW,true,3,,Tue Aug 18 2026 20:30:42 GMT+0900 (한국 표준시),Tue Aug 18 2026 20:30:42 GMT+0900 (한국 표준시)
19846,097870,,,효성오앤비,,KRX_KOSDAQ,COMMON,,,Tue Apr 08 2008 00:00:00 GMT+0900 (한국 표준시),,LISTED,KRW,true,3,,Tue Aug 18 2026 20:30:42 GMT+0900 (한국 표준시),Tue Aug 18 2026 20:30:42 GMT+0900 (한국 표준시)
19847,290270,,,휴네시온,,KRX_KOSDAQ,COMMON,,,Thu Aug 02 2018 00:00:00 GMT+0900 (한국 표준시),,LISTED,KRW,true,3,,Tue Aug 18 2026 20:30:42 GMT+0900 (한국 표준시),Tue Aug 18 2026 20:30:42 GMT+0900 (한국 표준시)
19848,353190,,,휴럼,,KRX_KOSDAQ,COMMON,,,Wed Jun 17 2020 00:00:00 GMT+0900 (한국 표준시),,LISTED,KRW,true,3,,Tue Aug 18 2026 20:30:42 GMT+0900 (한국 표준시),Tue Aug 18 2026 20:30:42 GMT+0900 (한국 표준시)
19849,090710,,,휴림로봇,,KRX_KOSDAQ,COMMON,,,Tue Dec 05 2006 00:00:00 GMT+0900 (한국 표준시),,LISTED,KRW,true,3,,Tue Aug 18 2026 20:30:42 GMT+0900 (한국 표준시),Tue Aug 18 2026 20:30:42 GMT+0900 (한국 표준시)
19850,078590,,,휴림에이텍,,KRX_KOSDAQ,COMMON,,,Thu Oct 27 2005 00:00:00 GMT+0900 (한국 표준시),,LISTED,KRW,true,3,,Tue Aug 18 2026 20:30:42 GMT+0900 (한국 표준시),Tue Aug 18 2026 20:30:42 GMT+0900 (한국 표준시)
19851,205470,,,휴마시스,,KRX_KOSDAQ,COMMON,,,Mon Dec 01 2014 00:00:00 GMT+0900 (한국 표준시),,LISTED,KRW,true,3,,Tue Aug 18 2026 20:30:42 GMT+0900 (한국 표준시),Tue Aug 18 2026 20:30:42 GMT+0900 (한국 표준시)
19852,115160,,,휴맥스,,KRX_KOSDAQ,COMMON,,,Mon Nov 16 2009 00:00:00 GMT+0900 (한국 표준시),,LISTED,KRW,true,3,,Tue Aug 18 2026 20:30:42 GMT+0900 (한국 표준시),Tue Aug 18 2026 20:30:42 GMT+0900 (한국 표준시)
19853,028080,,,휴맥스홀딩스,,KRX_KOSDAQ,COMMON,,,Wed Apr 16 1997 00:00:00 GMT+0900 (한국 표준시),,LISTED,KRW,true,3,,Tue Aug 18 2026 20:30:42 GMT+0900 (한국 표준시),Tue Aug 18 2026 20:30:42 GMT+0900 (한국 표준시)
19854,200670,,,휴메딕스,,KRX_KOSDAQ,COMMON,,,Fri Dec 26 2014 00:00:00 GMT+0900 (한국 표준시),,LISTED,KRW,true,3,,Tue Aug 18 2026 20:30:42 GMT+0900 (한국 표준시),Tue Aug 18 2026 20:30:42 GMT+0900 (한국 표준시)
19855,065510,,,휴비츠,,KRX_KOSDAQ,COMMON,,,Fri Oct 31 2003 00:00:00 GMT+0900 (한국 표준시),,LISTED,KRW,true,3,,Tue Aug 18 2026 20:30:42 GMT+0900 (한국 표준시),Tue Aug 18 2026 20:30:42 GMT+0900 (한국 표준시)
19856,263920,,,휴엠앤씨,,KRX_KOSDAQ,COMMON,,,Thu Sep 28 2017 00:00:00 GMT+0900 (한국 표준시),,LISTED,KRW,true,3,,Tue Aug 18 2026 20:30:42 GMT+0900 (한국 표준시),Tue Aug 18 2026 20:30:42 GMT+0900 (한국 표준시)
19857,243070,,,휴온스,,KRX_KOSDAQ,COMMON,,,Fri Jun 03 2016 00:00:00 GMT+0900 (한국 표준시),,LISTED,KRW,true,3,,Tue Aug 18 2026 20:30:42 GMT+0900 (한국 표준시),Tue Aug 18 2026 20:30:42 GMT+0900 (한국 표준시)
19858,084110,,,휴온스글로벌,,KRX_KOSDAQ,COMMON,,,Tue Dec 19 2006 00:00:00 GMT+0900 (한국 표준시),,LISTED,KRW,true,3,,Tue Aug 18 2026 20:30:42 GMT+0900 (한국 표준시),Tue Aug 18 2026 20:30:42 GMT+0900 (한국 표준시)
19859,145020,,,휴젤,,KRX_KOSDAQ,COMMON,,,Thu Dec 24 2015 00:00:00 GMT+0900 (한국 표준시),,LISTED,KRW,true,3,,Tue Aug 18 2026 20:30:42 GMT+0900 (한국 표준시),Tue Aug 18 2026 20:30:42 GMT+0900 (한국 표준시)
19860,024060,,,흥구석유,,KRX_KOSDAQ,COMMON,,,Wed Dec 07 1994 00:00:00 GMT+0900 (한국 표준시),,LISTED,KRW,true,3,,Tue Aug 18 2026 20:30:42 GMT+0900 (한국 표준시),Tue Aug 18 2026 20:30:42 GMT+0900 (한국 표준시)
19861,010240,,,흥국,,KRX_KOSDAQ,COMMON,,,Tue May 12 2009 00:00:00 GMT+0900 (한국 표준시),,LISTED,KRW,true,3,,Tue Aug 18 2026 20:30:42 GMT+0900 (한국 표준시),Tue Aug 18 2026 20:30:42 GMT+0900 (한국 표준시)
19862,189980,,,흥국에프엔비,,KRX_KOSDAQ,COMMON,,,Fri Aug 07 2015 00:00:00 GMT+0900 (한국 표준시),,LISTED,KRW,true,3,,Tue Aug 18 2026 20:30:42 GMT+0900 (한국 표준시),Tue Aug 18 2026 20:30:42 GMT+0900 (한국 표준시)
19863,037440,,,희림,,KRX_KOSDAQ,COMMON,,,Thu Feb 03 2000 00:00:00 GMT+0900 (한국 표준시),,LISTED,KRW,true,3,,Tue Aug 18 2026 20:30:42 GMT+0900 (한국 표준시),Tue Aug 18 2026 20:30:42 GMT+0900 (한국 표준시)
19864,238490,,,힘스,,KRX_KOSDAQ,COMMON,,,Thu Jul 20 2017 00:00:00 GMT+0900 (한국 표준시),,LISTED,KRW,true,3,,Tue Aug 18 2026 20:30:42 GMT+0900 (한국 표준시),Tue Aug 18 2026 20:30:42 GMT+0900 (한국 표준시)
