source_market,source_record_index,source_identifier,stock_code,instrument_name,raw_security_type,normalized_security_type,included_in_stock_service,exclusion_reason,duplicate_group,listing_date_raw,listing_date_normalized,validation_result
KOSPI,0,KR7095570008,095570,AJ네트웍스,주권,COMMON,TRUE,,,20150821,2015-08-21,VALID
KOSPI,1,KR7006840003,006840,AK홀딩스,주권,COMMON,TRUE,,,19990811,1999-08-11,VALID
KOSPI,2,KR7282330000,282330,BGF리테일,주권,COMMON,TRUE,,,20171208,2017-12-08,VALID
KOSPI,3,KR7027410000,027410,BGF,주권,COMMON,TRUE,,,20140519,2014-05-19,VALID
KOSPI,4,KR7138930003,138930,BNK금융지주,주권,COMMON,TRUE,,,20110330,2011-03-30,VALID
KOSPI,5,KR7001461003,001465,BYC우,주권,PREFERRED,TRUE,,,19890905,1989-09-05,VALID
KOSPI,6,KR7001460005,001460,BYC,주권,COMMON,TRUE,,,19750602,1975-06-02,VALID
KOSPI,7,KR7001041003,001045,CJ우,주권,PREFERRED,TRUE,,,19890818,1989-08-18,VALID
KOSPI,8,KR700104K010,00104K,CJ4우(전환),주권,PREFERRED,TRUE,,,20190809,2019-08-09,VALID
KOSPI,9,KR7001040005,001040,CJ,주권,COMMON,TRUE,,,19730629,1973-06-29,VALID
KOSPI,10,KR7011151008,011155,CJ씨푸드1우,주권,PREFERRED,TRUE,,,19900113,1990-01-13,VALID
KOSPI,11,KR7011150000,011150,CJ씨푸드,주권,COMMON,TRUE,,,19881126,1988-11-26,VALID
KOSPI,12,KR7000590000,000590,CS홀딩스,주권,COMMON,TRUE,,,19751222,1975-12-22,VALID
KOSPI,13,KR7012030003,012030,DB,주권,COMMON,TRUE,,,19930106,1993-01-06,VALID
KOSPI,14,KR7005830005,005830,DB손해보험,주권,COMMON,TRUE,,,19730628,1973-06-28,VALID
KOSPI,15,KR7016610008,016610,DB증권,주권,COMMON,TRUE,,,19880627,1988-06-27,VALID
KOSPI,16,KR7000990002,000990,DB하이텍,주권,COMMON,TRUE,,,19751212,1975-12-12,VALID
KOSPI,17,KR7001530005,001530,DI동일,주권,COMMON,TRUE,,,19640104,1964-01-04,VALID
KOSPI,18,KR7000211003,000215,DL우,주권,PREFERRED,TRUE,,,19890821,1989-08-21,VALID
KOSPI,19,KR7000210005,000210,DL,주권,COMMON,TRUE,,,19760202,1976-02-02,VALID
KOSPI,20,KR737550K011,37550K,DL이앤씨우,주권,PREFERRED,TRUE,,,20210125,2021-01-25,VALID
KOSPI,21,KR737550K029,37550L,DL이앤씨2우(전환),주권,PREFERRED,TRUE,,,20220428,2022-04-28,VALID
KOSPI,22,KR7375500006,375500,DL이앤씨,주권,COMMON,TRUE,,,20210125,2021-01-25,VALID
KOSPI,23,KR7155660004,155660,DSR,주권,COMMON,TRUE,,,20130515,2013-05-15,VALID
KOSPI,24,KR7069730000,069730,DSR제강,주권,COMMON,TRUE,,,20030128,2003-01-28,VALID
KOSPI,25,KR7017860008,017860,DS단석,주권,COMMON,TRUE,,,20231222,2023-12-22,VALID
KOSPI,26,KR7017940008,017940,E1,주권,COMMON,TRUE,,,19970827,1997-08-27,VALID
KOSPI,27,KR7365550003,365550,ESR켄달스퀘어리츠,부동산투자회사,REIT,TRUE,,,20201223,2020-12-23,VALID
KOSPI,28,KR7383220001,383220,F&F,주권,COMMON,TRUE,,,20210521,2021-05-21,VALID
KOSPI,29,KR7007700008,007700,F&F홀딩스,주권,COMMON,TRUE,,,19841004,1984-10-04,VALID
KOSPI,30,KR7078931003,078935,GS우,주권,PREFERRED,TRUE,,,20040805,2004-08-05,VALID
KOSPI,31,KR7006360002,006360,GS건설,주권,COMMON,TRUE,,,19810803,1981-08-03,VALID
KOSPI,32,KR7078930005,078930,GS,주권,COMMON,TRUE,,,20040805,2004-08-05,VALID
KOSPI,33,KR7012630000,012630,HDC,주권,COMMON,TRUE,,,19961016,1996-10-16,VALID
KOSPI,34,KR7097230007,097230,HJ중공업,주권,COMMON,TRUE,,,20070831,2007-08-31,VALID
KOSPI,35,KR7014790000,014790,HL D&I,주권,COMMON,TRUE,,,19940812,1994-08-12,VALID
KOSPI,36,KR7204320006,204320,HL만도,주권,COMMON,TRUE,,,20141006,2014-10-06,VALID
KOSPI,37,KR7060980000,060980,HL홀딩스,주권,COMMON,TRUE,,,20100519,2010-05-19,VALID
KOSPI,38,KR7035000009,035000,HS애드,주권,COMMON,TRUE,,,19990811,1999-08-11,VALID
KOSPI,39,KR7015360001,015360,INVENI,주권,COMMON,TRUE,,,19961224,1996-12-24,VALID
KOSPI,40,KR7175330000,175330,JB금융지주,주권,COMMON,TRUE,,,20130718,2013-07-18,VALID
KOSPI,41,KR7234080000,234080,JW생명과학,주권,COMMON,TRUE,,,20161027,2016-10-27,VALID
KOSPI,42,KR7001061001,001065,JW중외제약우,주권,PREFERRED,TRUE,,,19941021,1994-10-21,VALID
KOSPI,43,KR7001062009,001067,JW중외제약2우B,주권,PREFERRED,TRUE,,,19980413,1998-04-13,VALID
KOSPI,44,KR7001060003,001060,JW중외제약,주권,COMMON,TRUE,,,19760614,1976-06-14,VALID
KOSPI,45,KR7096760004,096760,JW홀딩스,주권,COMMON,TRUE,,,20070731,2007-07-31,VALID
KOSPI,46,KR7105560007,105560,KB금융,주권,COMMON,TRUE,,,20081010,2008-10-10,VALID
KOSPI,47,KR7432320000,432320,KB스타리츠,부동산투자회사,REIT,TRUE,,,20221006,2022-10-06,VALID
KOSPI,48,KR7009070004,009070,KCTC,주권,COMMON,TRUE,,,19780929,1978-09-29,VALID
KOSPI,49,KR7003620002,003620,KG모빌리티,주권,COMMON,TRUE,,,19750529,1975-05-29,VALID
KOSPI,50,KR7016380008,016380,KG스틸,주권,COMMON,TRUE,,,19860203,1986-02-03,VALID
KOSPI,51,KR7001390004,001390,KG케미칼,주권,COMMON,TRUE,,,19890825,1989-08-25,VALID
KOSPI,52,KR7001940006,001940,KISCO홀딩스,주권,COMMON,TRUE,,,19891113,1989-11-13,VALID
KOSPI,53,KR7025000001,025000,KPX케미칼,주권,COMMON,TRUE,,,19941227,1994-12-27,VALID
KOSPI,54,KR7092230002,092230,KPX홀딩스,주권,COMMON,TRUE,,,20061012,2006-10-12,VALID
KOSPI,55,KR7000040006,000040,KR모터스,주권,COMMON,TRUE,,,19760525,1976-05-25,VALID
KOSPI,56,KR7093050003,093050,LF,주권,COMMON,TRUE,,,20061201,2006-12-01,VALID
KOSPI,57,KR7003551009,003555,LG우,주권,PREFERRED,TRUE,,,19881118,1988-11-18,VALID
KOSPI,58,KR7034220004,034220,LG디스플레이,주권,COMMON,TRUE,,,20040723,2004-07-23,VALID
KOSPI,59,KR7003550001,003550,LG,주권,COMMON,TRUE,,,19700213,1970-02-13,VALID
KOSPI,60,KR7051901007,051905,LG생활건강우,주권,PREFERRED,TRUE,,,20010425,2001-04-25,VALID
KOSPI,61,KR7051900009,051900,LG생활건강,주권,COMMON,TRUE,,,20010425,2001-04-25,VALID
KOSPI,62,KR7373220003,373220,LG에너지솔루션,주권,COMMON,TRUE,,,20220127,2022-01-27,VALID
KOSPI,63,KR7032640005,032640,LG유플러스,주권,COMMON,TRUE,,,20080421,2008-04-21,VALID
KOSPI,64,KR7011070000,011070,LG이노텍,주권,COMMON,TRUE,,,20080724,2008-07-24,VALID
KOSPI,65,KR7066571001,066575,LG전자우,주권,PREFERRED,TRUE,,,20020422,2002-04-22,VALID
KOSPI,66,KR7066570003,066570,LG전자,주권,COMMON,TRUE,,,20020422,2002-04-22,VALID
KOSPI,67,KR7051911006,051915,LG화학우,주권,PREFERRED,TRUE,,,20010425,2001-04-25,VALID
KOSPI,68,KR7051910008,051910,LG화학,주권,COMMON,TRUE,,,20010425,2001-04-25,VALID
KOSPI,69,KR7079550000,079550,LIG디펜스앤에어로스페이스,주권,COMMON,TRUE,,,20151002,2015-10-02,VALID
KOSPI,70,KR7010120004,010120,LS ELECTRIC,주권,COMMON,TRUE,,,19940711,1994-07-11,VALID
KOSPI,71,KR7000680009,000680,LS네트웍스,주권,COMMON,TRUE,,,19731115,1973-11-15,VALID
KOSPI,72,KR7006260004,006260,LS,주권,COMMON,TRUE,,,19770630,1977-06-30,VALID
KOSPI,73,KR7229640008,229640,LS에코에너지,주권,COMMON,TRUE,,,20160922,2016-09-22,VALID
KOSPI,74,KR7108320003,108320,LX세미콘,주권,COMMON,TRUE,,,20221103,2022-11-03,VALID
KOSPI,75,KR7001120005,001120,LX인터내셔널,주권,COMMON,TRUE,,,19760130,1976-01-30,VALID
KOSPI,76,KR7023150006,023150,MH에탄올,주권,COMMON,TRUE,,,19961224,1996-12-24,VALID
KOSPI,77,KR7035420009,035420,NAVER,주권,COMMON,TRUE,,,20081128,2008-11-28,VALID
KOSPI,78,KR7181710005,181710,NHN,주권,COMMON,TRUE,,,20130829,2013-08-29,VALID
KOSPI,79,KR7338100001,338100,NH프라임리츠,부동산투자회사,REIT,TRUE,,,20191205,2019-12-05,VALID
KOSPI,80,KR7034310003,034310,NICE,주권,COMMON,TRUE,,,20040204,2004-02-04,VALID
KOSPI,81,KR7008260002,008260,NI스틸,주권,COMMON,TRUE,,,19750628,1975-06-28,VALID
KOSPI,82,KR7004251005,004255,NPC우,주권,PREFERRED,TRUE,,,19900115,1990-01-15,VALID
KOSPI,83,KR7004250007,004250,NPC,주권,COMMON,TRUE,,,19690908,1969-09-08,VALID
KOSPI,84,KR7456040005,456040,OCI,주권,COMMON,TRUE,,,20230530,2023-05-30,VALID
KOSPI,85,KR7010951002,010955,S-Oil우,주권,PREFERRED,TRUE,,,19920528,1992-05-28,VALID
KOSPI,86,KR7010950004,010950,S-Oil,주권,COMMON,TRUE,,,19870527,1987-05-27,VALID
KOSPI,87,KR7005090006,005090,SGC에너지,주권,COMMON,TRUE,,,19930106,1993-01-06,VALID
KOSPI,88,KR7001380005,001380,SG글로벌,주권,COMMON,TRUE,,,19760629,1976-06-29,VALID
KOSPI,89,KR7001770007,001770,SHD,주권,COMMON,TRUE,,,19881123,1988-11-23,VALID
KOSPI,90,KR7002360006,002360,SH에너지화학,주권,COMMON,TRUE,,,19851223,1985-12-23,VALID
KOSPI,91,KR7009160003,009160,SIMPAC,주권,COMMON,TRUE,,,19890729,1989-07-29,VALID
KOSPI,92,KR7123700007,123700,SJM,주권,COMMON,TRUE,,,20100531,2010-05-31,VALID
KOSPI,93,KR7025530007,025530,SJM홀딩스,주권,COMMON,TRUE,,,19970212,1997-02-12,VALID
KOSPI,94,KR703473K016,03473K,SK우,주권,PREFERRED,TRUE,,,20150817,2015-08-17,VALID
KOSPI,95,KR7011790003,011790,SKC,주권,COMMON,TRUE,,,19970718,1997-07-18,VALID
KOSPI,96,KR7018670000,018670,SK가스,주권,COMMON,TRUE,,,19970827,1997-08-27,VALID
KOSPI,97,KR7001740000,001740,SK네트웍스,주권,COMMON,TRUE,,,19770630,1977-06-30,VALID
KOSPI,98,KR7210980009,210980,SK디앤디,주권,COMMON,TRUE,,,20150623,2015-06-23,VALID
KOSPI,99,KR7395400005,395400,SK리츠,부동산투자회사,REIT,TRUE,,,20210914,2021-09-14,VALID
KOSPI,100,KR7034730002,034730,SK,주권,COMMON,TRUE,,,20091111,2009-11-11,VALID
KOSPI,101,KR7402340004,402340,SK스퀘어,주권,COMMON,TRUE,,,20211129,2021-11-29,VALID
KOSPI,102,KR7361610009,361610,SK아이이테크놀로지,주권,COMMON,TRUE,,,20210511,2021-05-11,VALID
KOSPI,103,KR7100090000,100090,SK오션플랜트,주권,COMMON,TRUE,,,20230419,2023-04-19,VALID
KOSPI,104,KR7096771001,096775,SK이노베이션우,주권,PREFERRED,TRUE,,,20070725,2007-07-25,VALID
KOSPI,105,KR7096770003,096770,SK이노베이션,주권,COMMON,TRUE,,,20070725,2007-07-25,VALID
KOSPI,106,KR7001511005,001515,SK증권우,주권,PREFERRED,TRUE,,,19890829,1989-08-29,VALID
KOSPI,107,KR7001510007,001510,SK증권,주권,COMMON,TRUE,,,19860920,1986-09-20,VALID
KOSPI,108,KR728513K010,28513K,SK케미칼우,주권,PREFERRED,TRUE,,,20180105,2018-01-05,VALID
KOSPI,109,KR7285130001,285130,SK케미칼,주권,COMMON,TRUE,,,20180105,2018-01-05,VALID
KOSPI,110,KR7017670001,017670,SK텔레콤,주권,COMMON,TRUE,,,19891107,1989-11-07,VALID
KOSPI,111,KR7003570009,003570,SNT다이내믹스,주권,COMMON,TRUE,,,19760708,1976-07-08,VALID
KOSPI,112,KR7064960008,064960,SNT모티브,주권,COMMON,TRUE,,,20020311,2002-03-11,VALID
KOSPI,113,KR7100840008,100840,SNT에너지,주권,COMMON,TRUE,,,20080222,2008-02-22,VALID
KOSPI,114,KR7036530004,036530,SNT홀딩스,주권,COMMON,TRUE,,,20021022,2002-10-22,VALID
KOSPI,115,KR7465770006,465770,STX그린로지스,주권,COMMON,TRUE,,,20230915,2023-09-15,VALID
KOSPI,116,KR7011810009,011810,STX,주권,COMMON,TRUE,,,19900912,1990-09-12,VALID
KOSPI,117,KR7077970002,077970,STX엔진,주권,COMMON,TRUE,,,20040510,2004-05-10,VALID
KOSPI,118,KR7084870005,084870,TBH글로벌,주권,COMMON,TRUE,,,20051219,2005-12-19,VALID
KOSPI,119,KR7002710002,002710,TCC스틸,주권,COMMON,TRUE,,,19841221,1984-12-21,VALID
KOSPI,120,KR7024070005,024070,WISCOM,주권,COMMON,TRUE,,,19961122,1996-11-22,VALID
KOSPI,121,KR7000500009,000500,가온전선,주권,COMMON,TRUE,,,19870608,1987-06-08,VALID
KOSPI,122,KR7000860007,000860,강남제비스코,주권,COMMON,TRUE,,,19751112,1975-11-12,VALID
KOSPI,123,KR7035250000,035250,강원랜드,주권,COMMON,TRUE,,,20030904,2003-09-04,VALID
KOSPI,124,KR7011420007,011420,갤럭시아에스엠,주권,COMMON,TRUE,,,19891114,1989-11-14,VALID
KOSPI,125,KR7002100006,002100,경농,주권,COMMON,TRUE,,,19770630,1977-06-30,VALID
KOSPI,126,KR7009450008,009450,경동나비엔,주권,COMMON,TRUE,,,19930831,1993-08-31,VALID
KOSPI,127,KR7267290005,267290,경동도시가스,주권,COMMON,TRUE,,,20170512,2017-05-12,VALID
KOSPI,128,KR7012320008,012320,경동인베스트,주권,COMMON,TRUE,,,19970307,1997-03-07,VALID
KOSPI,129,KR7000050005,000050,경방,주권,COMMON,TRUE,,,19560303,1956-03-03,VALID
KOSPI,130,KR7214390007,214390,경보제약,주권,COMMON,TRUE,,,20150629,2015-06-29,VALID
KOSPI,131,KR7012610002,012610,경인양행,주권,COMMON,TRUE,,,19951005,1995-10-05,VALID
KOSPI,132,KR7009140005,009140,경인전자,주권,COMMON,TRUE,,,19890620,1989-06-20,VALID
KOSPI,133,KR7013580006,013580,계룡건설,주권,COMMON,TRUE,,,19960130,1996-01-30,VALID
KOSPI,134,KR7012201000,012205,계양전기우,주권,PREFERRED,TRUE,,,19890802,1989-08-02,VALID
KOSPI,135,KR7012200002,012200,계양전기,주권,COMMON,TRUE,,,19880706,1988-07-06,VALID
KOSPI,136,KR7002140002,002140,고려산업,주권,COMMON,TRUE,,,19910114,1991-01-14,VALID
KOSPI,137,KR7010130003,010130,고려아연,주권,COMMON,TRUE,,,19900728,1990-07-28,VALID
KOSPI,138,KR7002240000,002240,고려제강,주권,COMMON,TRUE,,,19760525,1976-05-25,VALID
KOSPI,139,KR7009290008,009290,광동제약,주권,COMMON,TRUE,,,19891117,1989-11-17,VALID
KOSPI,140,KR7017040007,017040,광명전기,주권,COMMON,TRUE,,,19900914,1990-09-14,VALID
KOSPI,141,KR7017900002,017900,광전자,주권,COMMON,TRUE,,,19961016,1996-10-16,VALID
KOSPI,142,KR7037710001,037710,광주신세계,주권,COMMON,TRUE,,,20020207,2002-02-07,VALID
KOSPI,143,KR7030610000,030610,교보증권,주권,COMMON,TRUE,,,20020718,2002-07-18,VALID
KOSPI,144,KR7339770000,339770,교촌에프앤비,주권,COMMON,TRUE,,,20201112,2020-11-12,VALID
KOSPI,145,KR7007690001,007690,국도화학,주권,COMMON,TRUE,,,19890805,1989-08-05,VALID
KOSPI,146,KR7002720001,002720,국제약품,주권,COMMON,TRUE,,,19751227,1975-12-27,VALID
KOSPI,147,KR7114090004,114090,GKL,주권,COMMON,TRUE,,,20091119,2009-11-19,VALID
KOSPI,148,KR7083420000,083420,그린케미칼,주권,COMMON,TRUE,,,20051020,2005-10-20,VALID
KOSPI,149,KR7014530000,014530,극동유화,주권,COMMON,TRUE,,,19910131,1991-01-31,VALID
KOSPI,150,KR7014281000,014285,금강공업우,주권,PREFERRED,TRUE,,,19890731,1989-07-31,VALID
KOSPI,151,KR7014280002,014280,금강공업,주권,COMMON,TRUE,,,19880910,1988-09-10,VALID
KOSPI,152,KR7008870008,008870,금비,주권,COMMON,TRUE,,,19900608,1990-06-08,VALID
KOSPI,153,KR7001570001,001570,금양,주권,COMMON,TRUE,,,19761217,1976-12-17,VALID
KOSPI,154,KR7002991008,002995,금호건설우,주권,PREFERRED,TRUE,,,19881006,1988-10-06,VALID
KOSPI,155,KR7002990000,002990,금호건설,주권,COMMON,TRUE,,,19760626,1976-06-26,VALID
KOSPI,156,KR7011781002,011785,금호석유화학우,주권,PREFERRED,TRUE,,,19881020,1988-10-20,VALID
KOSPI,157,KR7011780004,011780,금호석유화학,주권,COMMON,TRUE,,,19880122,1988-01-22,VALID
KOSPI,158,KR7214330003,214330,금호에이치티,주권,COMMON,TRUE,,,20151111,2015-11-11,VALID
KOSPI,159,KR7001210004,001210,금호전기,주권,COMMON,TRUE,,,19731115,1973-11-15,VALID
KOSPI,160,KR7073240004,073240,금호타이어,주권,COMMON,TRUE,,,20050217,2005-02-17,VALID
KOSPI,161,KR7092440007,092440,기신정기,주권,COMMON,TRUE,,,20071030,2007-10-30,VALID
KOSPI,162,KR7000270009,000270,기아,주권,COMMON,TRUE,,,19730721,1973-07-21,VALID
KOSPI,163,KR7013700000,013700,까뮤이앤씨,주권,COMMON,TRUE,,,19891130,1989-11-30,VALID
KOSPI,164,KR7004541009,004545,깨끗한나라우,주권,PREFERRED,TRUE,,,19881121,1988-11-21,VALID
KOSPI,165,KR7004540001,004540,깨끗한나라,주권,COMMON,TRUE,,,19750625,1975-06-25,VALID
KOSPI,166,KR7030190003,030190,NICE평가정보,주권,COMMON,TRUE,,,20230808,2023-08-08,VALID
KOSPI,167,KR7001260009,001260,남광토건,주권,COMMON,TRUE,,,19761228,1976-12-28,VALID
KOSPI,168,KR7008351009,008355,남선알미우,주권,PREFERRED,TRUE,,,19891223,1989-12-23,VALID
KOSPI,169,KR7008350001,008350,남선알미늄,주권,COMMON,TRUE,,,19780522,1978-05-22,VALID
KOSPI,170,KR7004270005,004270,남성,주권,COMMON,TRUE,,,19891114,1989-11-14,VALID
KOSPI,171,KR7003921004,003925,남양유업우,주권,PREFERRED,TRUE,,,19880620,1988-06-20,VALID
KOSPI,172,KR7003920006,003920,남양유업,주권,COMMON,TRUE,,,19780624,1978-06-24,VALID
KOSPI,173,KR7025860008,025860,남해화학,주권,COMMON,TRUE,,,19951110,1995-11-10,VALID
KOSPI,174,KR7005721006,005725,넥센우,주권,PREFERRED,TRUE,,,19890923,1989-09-23,VALID
KOSPI,175,KR7005720008,005720,넥센,주권,COMMON,TRUE,,,19871219,1987-12-19,VALID
KOSPI,176,KR7002351005,002355,넥센타이어1우B,주권,PREFERRED,TRUE,,,19990608,1999-06-08,VALID
KOSPI,177,KR7002350007,002350,넥센타이어,주권,COMMON,TRUE,,,19760519,1976-05-19,VALID
KOSPI,178,KR7092790005,092790,넥스틸,주권,COMMON,TRUE,,,20230821,2023-08-21,VALID
KOSPI,179,KR7251270005,251270,넷마블,주권,COMMON,TRUE,,,20170512,2017-05-12,VALID
KOSPI,180,KR7090351008,090355,노루페인트우,주권,PREFERRED,TRUE,,,20060703,2006-07-03,VALID
KOSPI,181,KR7090350000,090350,노루페인트,주권,COMMON,TRUE,,,20060703,2006-07-03,VALID
KOSPI,182,KR7000321000,000325,노루홀딩스우,주권,PREFERRED,TRUE,,,19890121,1989-01-21,VALID
KOSPI,183,KR7000320002,000320,노루홀딩스,주권,COMMON,TRUE,,,19730810,1973-08-10,VALID
KOSPI,184,KR7006280002,006280,녹십자,주권,COMMON,TRUE,,,19890801,1989-08-01,VALID
KOSPI,185,KR7005252002,005257,녹십자홀딩스2우,주권,PREFERRED,TRUE,,,19970319,1997-03-19,VALID
KOSPI,186,KR7005250006,005250,녹십자홀딩스,주권,COMMON,TRUE,,,19780828,1978-08-28,VALID
KOSPI,187,KR7004370003,004370,농심,주권,COMMON,TRUE,,,19760630,1976-06-30,VALID
KOSPI,188,KR7072710007,072710,농심홀딩스,주권,COMMON,TRUE,,,20030730,2003-07-30,VALID
KOSPI,189,KR7058730003,058730,다스코,주권,COMMON,TRUE,,,20040802,2004-08-02,VALID
KOSPI,190,KR7030210009,030210,다올투자증권,주권,COMMON,TRUE,,,19961119,1996-11-19,VALID
KOSPI,191,KR7023590003,023590,다우기술,주권,COMMON,TRUE,,,19970827,1997-08-27,VALID
KOSPI,192,KR7145210001,145210,다이나믹디자인,주권,COMMON,TRUE,,,20150319,2015-03-19,VALID
KOSPI,193,KR7483650008,483650,달바글로벌,주권,COMMON,TRUE,,,20250522,2025-05-22,VALID
KOSPI,194,KR7019680008,019680,대교,주권,COMMON,TRUE,,,20040203,2004-02-03,VALID
KOSPI,195,KR7019681006,019685,대교우B,주권,PREFERRED,TRUE,,,20040203,2004-02-03,VALID
KOSPI,196,KR7006370001,006370,대구백화점,주권,COMMON,TRUE,,,19881010,1988-10-10,VALID
KOSPI,197,KR700806K010,00806K,대덕1우,주권,PREFERRED,TRUE,,,20181219,2018-12-19,VALID
KOSPI,198,KR7008060006,008060,대덕,주권,COMMON,TRUE,,,19890126,1989-01-26,VALID
KOSPI,199,KR7353200009,353200,대덕전자,주권,COMMON,TRUE,,,20200521,2020-05-21,VALID
KOSPI,200,KR735320K011,35320K,대덕전자1우,주권,PREFERRED,TRUE,,,20200521,2020-05-21,VALID
KOSPI,201,KR7000490003,000490,대동,주권,COMMON,TRUE,,,19750627,1975-06-27,VALID
KOSPI,202,KR7005750005,005750,대림바스,주권,COMMON,TRUE,,,19921223,1992-12-23,VALID
KOSPI,203,KR7006570006,006570,대림통상,주권,COMMON,TRUE,,,19751120,1975-11-20,VALID
KOSPI,204,KR7001681006,001685,대상우,주권,PREFERRED,TRUE,,,19891121,1989-11-21,VALID
KOSPI,205,KR7001680008,001680,대상,주권,COMMON,TRUE,,,19700401,1970-04-01,VALID
KOSPI,206,KR7084691005,084695,대상홀딩스우,주권,PREFERRED,TRUE,,,20050817,2005-08-17,VALID
KOSPI,207,KR7084690007,084690,대상홀딩스,주권,COMMON,TRUE,,,20050817,2005-08-17,VALID
KOSPI,208,KR7128820008,128820,대성산업,주권,COMMON,TRUE,,,20100730,2010-07-30,VALID
KOSPI,209,KR7117580001,117580,대성에너지,주권,COMMON,TRUE,,,20101224,2010-12-24,VALID
KOSPI,210,KR7016710006,016710,대성홀딩스,주권,COMMON,TRUE,,,19991222,1999-12-22,VALID
KOSPI,211,KR70030R0007,0030R0,대신밸류리츠,부동산투자회사,REIT,TRUE,,,20250710,2025-07-10,VALID
KOSPI,212,KR7003541000,003545,대신증권우,주권,PREFERRED,TRUE,,,19880901,1988-09-01,VALID
KOSPI,213,KR7003542008,003547,대신증권2우B,주권,PREFERRED,TRUE,,,20071109,2007-11-09,VALID
KOSPI,214,KR7003540002,003540,대신증권,주권,COMMON,TRUE,,,19751001,1975-10-01,VALID
KOSPI,215,KR7009190000,009190,대양금속,주권,COMMON,TRUE,,,19940429,1994-04-29,VALID
KOSPI,216,KR7014160006,014160,대영포장,주권,COMMON,TRUE,,,19900306,1990-03-06,VALID
KOSPI,217,KR7047040001,047040,대우건설,주권,COMMON,TRUE,,,20010323,2001-03-23,VALID
KOSPI,218,KR7003090008,003090,대웅,주권,COMMON,TRUE,,,19730626,1973-06-26,VALID
KOSPI,219,KR7069620003,069620,대웅제약,주권,COMMON,TRUE,,,20021101,2002-11-01,VALID
KOSPI,220,KR7000430009,000430,대원강업,주권,COMMON,TRUE,,,19770622,1977-06-22,VALID
KOSPI,221,KR7006341002,006345,대원전선우,주권,PREFERRED,TRUE,,,19890621,1989-06-21,VALID
KOSPI,222,KR7006340004,006340,대원전선,주권,COMMON,TRUE,,,19880504,1988-05-04,VALID
KOSPI,223,KR7003220001,003220,대원제약,주권,COMMON,TRUE,,,19991215,1999-12-15,VALID
KOSPI,224,KR7024890006,024890,대원화성,주권,COMMON,TRUE,,,19971028,1997-10-28,VALID
KOSPI,225,KR7015230006,015230,대창단조,주권,COMMON,TRUE,,,19890725,1989-07-25,VALID
KOSPI,226,KR7012800009,012800,대창,주권,COMMON,TRUE,,,19891205,1989-12-05,VALID
KOSPI,227,KR7001070002,001070,대한방직,주권,COMMON,TRUE,,,19731228,1973-12-28,VALID
KOSPI,228,KR7006650006,006650,대한유화,주권,COMMON,TRUE,,,19990811,1999-08-11,VALID
KOSPI,229,KR7001440007,001440,대한전선,주권,COMMON,TRUE,,,19681227,1968-12-27,VALID
KOSPI,230,KR7084010008,084010,대한제강,주권,COMMON,TRUE,,,20051031,2005-10-31,VALID
KOSPI,231,KR7001791003,001795,대한제당우,주권,PREFERRED,TRUE,,,19950121,1995-01-21,VALID
KOSPI,232,KR7001790005,001790,대한제당,주권,COMMON,TRUE,,,19681227,1968-12-27,VALID
KOSPI,233,KR7001130004,001130,대한제분,주권,COMMON,TRUE,,,19701125,1970-11-25,VALID
KOSPI,234,KR7439260001,439260,대한조선,주권,COMMON,TRUE,,,20250801,2025-08-01,VALID
KOSPI,235,KR7003491008,003495,대한항공우,주권,PREFERRED,TRUE,,,19900331,1990-03-31,VALID
KOSPI,236,KR7003490000,003490,대한항공,주권,COMMON,TRUE,,,19660318,1966-03-18,VALID
KOSPI,237,KR7005880000,005880,대한해운,주권,COMMON,TRUE,,,19920423,1992-04-23,VALID
KOSPI,238,KR7003830007,003830,대한화섬,주권,COMMON,TRUE,,,19851223,1985-12-23,VALID
KOSPI,239,KR7016090003,016090,대현,주권,COMMON,TRUE,,,19900920,1990-09-20,VALID
KOSPI,240,KR7069460004,069460,대호에이엘,주권,COMMON,TRUE,,,20021111,2002-11-11,VALID
KOSPI,241,KR7475560009,475560,더본코리아,주권,COMMON,TRUE,,,20241106,2024-11-06,VALID
KOSPI,242,KR7192080000,192080,더블유게임즈,주권,COMMON,TRUE,,,20190312,2019-03-12,VALID
KOSPI,243,KR7004831004,004835,덕성우,주권,PREFERRED,TRUE,,,19891219,1989-12-19,VALID
KOSPI,244,KR7004830006,004830,덕성,주권,COMMON,TRUE,,,19870925,1987-09-25,VALID
KOSPI,245,KR7145720009,145720,덴티움,주권,COMMON,TRUE,,,20170315,2017-03-15,VALID
KOSPI,246,KR7002150001,002150,도화엔지니어링,주권,COMMON,TRUE,,,20100812,2010-08-12,VALID
KOSPI,247,KR7460850001,460850,동국씨엠,주권,COMMON,TRUE,,,20230616,2023-06-16,VALID
KOSPI,248,KR7460860000,460860,동국제강,주권,COMMON,TRUE,,,20230616,2023-06-16,VALID
KOSPI,249,KR7001230002,001230,동국홀딩스,주권,COMMON,TRUE,,,19880509,1988-05-09,VALID
KOSPI,250,KR7004140000,004140,동방,주권,COMMON,TRUE,,,19880810,1988-08-10,VALID
KOSPI,251,KR7007590003,007590,동방아그로,주권,COMMON,TRUE,,,19770629,1977-06-29,VALID
KOSPI,252,KR7005961008,005965,동부건설우,주권,PREFERRED,TRUE,,,19900621,1990-06-21,VALID
KOSPI,253,KR7005960000,005960,동부건설,주권,COMMON,TRUE,,,19781030,1978-10-30,VALID
KOSPI,254,KR7026960005,026960,동서,주권,COMMON,TRUE,,,20160715,2016-07-15,VALID
KOSPI,255,KR7002210003,002210,동성제약,주권,COMMON,TRUE,,,19900119,1990-01-19,VALID
KOSPI,256,KR7102260007,102260,동성케미컬,주권,COMMON,TRUE,,,20080623,2008-06-23,VALID
KOSPI,257,KR7000640003,000640,동아쏘시오홀딩스,주권,COMMON,TRUE,,,19700210,1970-02-10,VALID
KOSPI,258,KR7170900005,170900,동아에스티,주권,COMMON,TRUE,,,20130408,2013-04-08,VALID
KOSPI,259,KR7028100006,028100,동아지질,주권,COMMON,TRUE,,,20090612,2009-06-12,VALID
KOSPI,260,KR7001521004,001525,동양우,주권,PREFERRED,TRUE,,,19890930,1989-09-30,VALID
KOSPI,261,KR7001522002,001527,동양2우B,주권,PREFERRED,TRUE,,,19990128,1999-01-28,VALID
KOSPI,262,KR7084670009,084670,동양고속,주권,COMMON,TRUE,,,20050725,2005-07-25,VALID
KOSPI,263,KR7001520006,001520,동양,주권,COMMON,TRUE,,,19760625,1976-06-25,VALID
KOSPI,264,KR7082640004,082640,동양생명,주권,COMMON,TRUE,,,20091008,2009-10-08,VALID
KOSPI,265,KR7018500009,018500,동원모빌리티,주권,COMMON,TRUE,,,19951110,1995-11-10,VALID
KOSPI,266,KR7006040000,006040,동원산업,주권,COMMON,TRUE,,,19890307,1989-03-07,VALID
KOSPI,267,KR7030720007,030720,동원수산,주권,COMMON,TRUE,,,19961122,1996-11-22,VALID
KOSPI,268,KR7014821003,014825,동원시스템즈우,주권,PREFERRED,TRUE,,,19950121,1995-01-21,VALID
KOSPI,269,KR7014820005,014820,동원시스템즈,주권,COMMON,TRUE,,,19940329,1994-03-29,VALID
KOSPI,270,KR7111380002,111380,동인기연,주권,COMMON,TRUE,,,20231121,2023-11-21,VALID
KOSPI,271,KR7163560006,163560,동일고무벨트,주권,COMMON,TRUE,,,20121019,2012-10-19,VALID
KOSPI,272,KR7004890000,004890,동일산업,주권,COMMON,TRUE,,,20050630,2005-06-30,VALID
KOSPI,273,KR7002690006,002690,동일제강,주권,COMMON,TRUE,,,20150924,2015-09-24,VALID
KOSPI,274,KR7000020008,000020,동화약품,주권,COMMON,TRUE,,,19760324,1976-03-24,VALID
KOSPI,275,KR7000151001,000155,두산우,주권,PREFERRED,TRUE,,,19860731,1986-07-31,VALID
KOSPI,276,KR7000152009,000157,두산2우B,주권,PREFERRED,TRUE,,,19991203,1999-12-03,VALID
KOSPI,277,KR7454910001,454910,두산로보틱스,주권,COMMON,TRUE,,,20231005,2023-10-05,VALID
KOSPI,278,KR7241560002,241560,두산밥캣,주권,COMMON,TRUE,,,20161118,2016-11-18,VALID
KOSPI,279,KR7000150003,000150,두산,주권,COMMON,TRUE,,,19730629,1973-06-29,VALID
KOSPI,280,KR7034020008,034020,두산에너빌리티,주권,COMMON,TRUE,,,20001025,2000-10-25,VALID
KOSPI,281,KR733626K013,33626K,두산퓨얼셀1우,주권,PREFERRED,TRUE,,,20191018,2019-10-18,VALID
KOSPI,282,KR733626K021,33626L,두산퓨얼셀2우B,주권,PREFERRED,TRUE,,,20191018,2019-10-18,VALID
KOSPI,283,KR7336260005,336260,두산퓨얼셀,주권,COMMON,TRUE,,,20191018,2019-10-18,VALID
KOSPI,284,KR7016740003,016740,두올,주권,COMMON,TRUE,,,20160729,2016-07-29,VALID
KOSPI,285,KR7192650000,192650,드림텍,주권,COMMON,TRUE,,,20190314,2019-03-14,VALID
KOSPI,286,KR7024090003,024090,디씨엠,주권,COMMON,TRUE,,,19990818,1999-08-18,VALID
KOSPI,287,KR7003160009,003160,디아이,주권,COMMON,TRUE,,,19960731,1996-07-31,VALID
KOSPI,288,KR7092200005,092200,디아이씨,주권,COMMON,TRUE,,,20071018,2007-10-18,VALID
KOSPI,289,KR7004840005,004840,DRB동일,주권,COMMON,TRUE,,,19760521,1976-05-21,VALID
KOSPI,290,KR7377190004,377190,디앤디플랫폼리츠,부동산투자회사,REIT,TRUE,,,20210827,2021-08-27,VALID
KOSPI,291,KR7000300004,000300,DH오토넥스,주권,COMMON,TRUE,,,19750609,1975-06-09,VALID
KOSPI,292,KR7007340003,007340,DN오토모티브,주권,COMMON,TRUE,,,19880924,1988-09-24,VALID
KOSPI,293,KR7024900003,024900,디와이덕양,주권,COMMON,TRUE,,,19970623,1997-06-23,VALID
KOSPI,294,KR7013570007,013570,디와이,주권,COMMON,TRUE,,,19890530,1989-05-30,VALID
KOSPI,295,KR7002880003,002880,디와이에이,주권,COMMON,TRUE,,,19770218,1977-02-18,VALID
KOSPI,296,KR7210540001,210540,디와이파워,주권,COMMON,TRUE,,,20150115,2015-01-15,VALID
KOSPI,297,KR7092780006,092780,DYP,주권,COMMON,TRUE,,,20171208,2017-12-08,VALID
KOSPI,298,KR7015590003,015590,DKME,주권,COMMON,TRUE,,,19890527,1989-05-27,VALID
KOSPI,299,KR7032350001,032350,롯데관광개발,주권,COMMON,TRUE,,,20060608,2006-06-08,VALID
KOSPI,300,KR7089860001,089860,롯데렌탈,주권,COMMON,TRUE,,,20210819,2021-08-19,VALID
KOSPI,301,KR7330590001,330590,롯데리츠,부동산투자회사,REIT,TRUE,,,20191030,2019-10-30,VALID
KOSPI,302,KR7000400002,000400,롯데손해보험,주권,COMMON,TRUE,,,19710416,1971-04-16,VALID
KOSPI,303,KR7023530009,023530,롯데쇼핑,주권,COMMON,TRUE,,,20060209,2006-02-09,VALID
KOSPI,304,KR7020150009,020150,롯데에너지머티리얼즈,주권,COMMON,TRUE,,,20110304,2011-03-04,VALID
KOSPI,305,KR7280360009,280360,롯데웰푸드,주권,COMMON,TRUE,,,20171030,2017-10-30,VALID
KOSPI,306,KR7286940002,286940,롯데이노베이트,주권,COMMON,TRUE,,,20180727,2018-07-27,VALID
KOSPI,307,KR7004000006,004000,롯데정밀화학,주권,COMMON,TRUE,,,19760415,1976-04-15,VALID
KOSPI,308,KR700499K014,00499K,롯데지주우,주권,PREFERRED,TRUE,,,20171030,2017-10-30,VALID
KOSPI,309,KR7004990008,004990,롯데지주,주권,COMMON,TRUE,,,19740216,1974-02-16,VALID
KOSPI,310,KR7005301007,005305,롯데칠성우,주권,PREFERRED,TRUE,,,19890921,1989-09-21,VALID
KOSPI,311,KR7005300009,005300,롯데칠성,주권,COMMON,TRUE,,,19730621,1973-06-21,VALID
KOSPI,312,KR7011170008,011170,롯데케미칼,주권,COMMON,TRUE,,,19910530,1991-05-30,VALID
KOSPI,313,KR7071840003,071840,롯데하이마트,주권,COMMON,TRUE,,,20110629,2011-06-29,VALID
KOSPI,314,KR7027740000,027740,마니커,주권,COMMON,TRUE,,,20021029,2002-10-29,VALID
KOSPI,315,KR7357430008,357430,마스턴프리미어리츠,부동산투자회사,REIT,TRUE,,,20220531,2022-05-31,VALID
KOSPI,316,KR7001080001,001080,만호제강,주권,COMMON,TRUE,,,19770618,1977-06-18,VALID
KOSPI,317,KR7088980008,088980,맥쿼리인프라,사회간접자본투융자회사,FUND,FALSE,EXCLUDE_FUND,,20060315,2006-03-15,VALID
KOSPI,318,KR7138040001,138040,메리츠금융지주,주권,COMMON,TRUE,,,20110513,2011-05-13,VALID
KOSPI,319,KR7090370008,090370,메타랩스,주권,COMMON,TRUE,,,20061226,2006-12-26,VALID
KOSPI,320,KR7118000009,118000,메타케어,주권,COMMON,TRUE,,,20091230,2009-12-30,VALID
KOSPI,321,KR7017180001,017180,명문제약,주권,COMMON,TRUE,,,20080710,2008-07-10,VALID
KOSPI,322,KR7009900002,009900,명신산업,주권,COMMON,TRUE,,,20201207,2020-12-07,VALID
KOSPI,323,KR7317450005,317450,명인제약,주권,COMMON,TRUE,,,20251001,2025-10-01,VALID
KOSPI,324,KR7012690004,012690,모나리자,주권,COMMON,TRUE,,,19881014,1988-10-14,VALID
KOSPI,325,KR7005360003,005360,모나미,주권,COMMON,TRUE,,,19740626,1974-06-26,VALID
KOSPI,326,KR7070960000,070960,모나용평,주권,COMMON,TRUE,,,20160527,2016-05-27,VALID
KOSPI,327,KR7009680000,009680,모토닉,주권,COMMON,TRUE,,,19940114,1994-01-14,VALID
KOSPI,328,KR7009200007,009200,무림페이퍼,주권,COMMON,TRUE,,,19900609,1990-06-09,VALID
KOSPI,329,KR7009580002,009580,무림P&P,주권,COMMON,TRUE,,,19890620,1989-06-20,VALID
KOSPI,330,KR7033920000,033920,무학,주권,COMMON,TRUE,,,20100720,2010-07-20,VALID
KOSPI,331,KR7008420002,008420,문배철강,주권,COMMON,TRUE,,,19941105,1994-11-05,VALID
KOSPI,332,KR7025560004,025560,미래산업,주권,COMMON,TRUE,,,19961122,1996-11-22,VALID
KOSPI,333,KR7007120009,007120,미래아이앤지,주권,COMMON,TRUE,,,19991126,1999-11-26,VALID
KOSPI,334,KR7396690000,396690,미래에셋글로벌리츠,부동산투자회사,REIT,TRUE,,,20211203,2021-12-03,VALID
KOSPI,335,KR7094800000,094800,맵스리얼티,투자회사,FUND,FALSE,EXCLUDE_FUND,,20070409,2007-04-09,VALID
KOSPI,336,KR7357250000,357250,미래에셋맵스리츠,부동산투자회사,REIT,TRUE,,,20200805,2020-08-05,VALID
KOSPI,337,KR7085620003,085620,미래에셋생명,주권,COMMON,TRUE,,,20150708,2015-07-08,VALID
KOSPI,338,KR7006801005,006805,미래에셋증권우,주권,PREFERRED,TRUE,,,19890408,1989-04-08,VALID
KOSPI,339,KR700680K019,00680K,미래에셋증권2우B,주권,PREFERRED,TRUE,,,20180314,2018-03-14,VALID
KOSPI,340,KR7006800007,006800,미래에셋증권,주권,COMMON,TRUE,,,19750930,1975-09-30,VALID
KOSPI,341,KR7081660003,081660,미스토홀딩스,주권,COMMON,TRUE,,,20100928,2010-09-28,VALID
KOSPI,342,KR7002840007,002840,미원상사,주권,COMMON,TRUE,,,19890925,1989-09-25,VALID
KOSPI,343,KR7268280005,268280,미원에스씨,주권,COMMON,TRUE,,,20170522,2017-05-22,VALID
KOSPI,344,KR7107590002,107590,미원홀딩스,주권,COMMON,TRUE,,,20090302,2009-03-02,VALID
KOSPI,345,KR7134380005,134380,미원화학,주권,COMMON,TRUE,,,20110215,2011-02-15,VALID
KOSPI,346,KR7003650009,003650,미창석유,주권,COMMON,TRUE,,,19890927,1989-09-27,VALID
KOSPI,347,KR7377740006,377740,바이오노트,주권,COMMON,TRUE,,,20221222,2022-12-22,VALID
KOSPI,348,KR7003610003,003610,방림,주권,COMMON,TRUE,,,19890530,1989-05-30,VALID
KOSPI,349,KR7035150002,035150,백산,주권,COMMON,TRUE,,,19990811,1999-08-11,VALID
KOSPI,350,KR7002410009,002410,범양건영,주권,COMMON,TRUE,,,19880525,1988-05-25,VALID
KOSPI,351,KR7007210008,007210,벽산,주권,COMMON,TRUE,,,19720104,1972-01-04,VALID
KOSPI,352,KR7002760007,002760,보락,주권,COMMON,TRUE,,,19891130,1989-11-30,VALID
KOSPI,353,KR7003850005,003850,보령,주권,COMMON,TRUE,,,19881024,1988-10-24,VALID
KOSPI,354,KR7000890004,000890,보해양조,주권,COMMON,TRUE,,,19880923,1988-09-23,VALID
KOSPI,355,KR7003000007,003000,부광약품,주권,COMMON,TRUE,,,19880805,1988-08-05,VALID
KOSPI,356,KR7001271006,001275,부국증권우,주권,PREFERRED,TRUE,,,19891110,1989-11-10,VALID
KOSPI,357,KR7001270008,001270,부국증권,주권,COMMON,TRUE,,,19880719,1988-07-19,VALID
KOSPI,358,KR7026940007,026940,부국철강,주권,COMMON,TRUE,,,20081014,2008-10-14,VALID
KOSPI,359,KR7011390002,011390,부산산업,주권,COMMON,TRUE,,,19900914,1990-09-14,VALID
KOSPI,360,KR7005030002,005030,부산주공,주권,COMMON,TRUE,,,19751226,1975-12-26,VALID
KOSPI,361,KR7006740005,006740,블루산업개발,주권,COMMON,TRUE,,,19960703,1996-07-03,VALID
KOSPI,362,KR7002070001,002070,비비안,주권,COMMON,TRUE,,,19760713,1976-07-13,VALID
KOSPI,363,KR7100220003,100220,비상교육,주권,COMMON,TRUE,,,20080630,2008-06-30,VALID
KOSPI,364,KR7090460007,090460,비에이치,주권,COMMON,TRUE,,,20230620,2023-06-20,VALID
KOSPI,365,KR7005180005,005180,빙그레,주권,COMMON,TRUE,,,19780831,1978-08-31,VALID
KOSPI,366,KR7003960002,003960,사조대림,주권,COMMON,TRUE,,,19760916,1976-09-16,VALID
KOSPI,367,KR7008040008,008040,사조동아원,주권,COMMON,TRUE,,,19890624,1989-06-24,VALID
KOSPI,368,KR7007160005,007160,사조산업,주권,COMMON,TRUE,,,19890725,1989-07-25,VALID
KOSPI,369,KR7014710008,014710,사조씨푸드,주권,COMMON,TRUE,,,20120629,2012-06-29,VALID
KOSPI,370,KR7006090005,006090,사조오양,주권,COMMON,TRUE,,,19861224,1986-12-24,VALID
KOSPI,371,KR7062040001,062040,산일전기,주권,COMMON,TRUE,,,20240729,2024-07-29,VALID
KOSPI,372,KR7005610001,005610,삼립,주권,COMMON,TRUE,,,19750502,1975-05-02,VALID
KOSPI,373,KR7001470004,001470,삼부토건,주권,COMMON,TRUE,,,19760626,1976-06-26,VALID
KOSPI,374,KR7028050003,028050,삼성E&A,주권,COMMON,TRUE,,,19961224,1996-12-24,VALID
KOSPI,375,KR7448730002,448730,삼성FN리츠,부동산투자회사,REIT,TRUE,,,20230410,2023-04-10,VALID
KOSPI,376,KR7006401004,006405,삼성SDI우,주권,PREFERRED,TRUE,,,19891124,1989-11-24,VALID
KOSPI,377,KR7006400006,006400,삼성SDI,주권,COMMON,TRUE,,,19790227,1979-02-27,VALID
KOSPI,378,KR7006660005,006660,삼성공조,주권,COMMON,TRUE,,,19871128,1987-11-28,VALID
KOSPI,379,KR702826K016,02826K,삼성물산우B,주권,PREFERRED,TRUE,,,20150915,2015-09-15,VALID
KOSPI,380,KR7028260008,028260,삼성물산,주권,COMMON,TRUE,,,20141218,2014-12-18,VALID
KOSPI,381,KR7207940008,207940,삼성바이오로직스,주권,COMMON,TRUE,,,20161110,2016-11-10,VALID
KOSPI,382,KR7032830002,032830,삼성생명,주권,COMMON,TRUE,,,20100512,2010-05-12,VALID
KOSPI,383,KR7018260000,018260,삼성에스디에스,주권,COMMON,TRUE,,,20141114,2014-11-14,VALID
KOSPI,384,KR70126Z0002,0126Z0,삼성에피스홀딩스,주권,COMMON,TRUE,,,20251124,2025-11-24,VALID
KOSPI,385,KR7009151002,009155,삼성전기우,주권,PREFERRED,TRUE,,,19891010,1989-10-10,VALID
KOSPI,386,KR7009150004,009150,삼성전기,주권,COMMON,TRUE,,,19790227,1979-02-27,VALID
KOSPI,387,KR7005931001,005935,삼성전자우,주권,PREFERRED,TRUE,,,19890925,1989-09-25,VALID
KOSPI,388,KR7005930003,005930,삼성전자,주권,COMMON,TRUE,,,19750611,1975-06-11,VALID
KOSPI,389,KR7001360007,001360,삼성제약,주권,COMMON,TRUE,,,19750704,1975-07-04,VALID
KOSPI,390,KR7010140002,010140,삼성중공업,주권,COMMON,TRUE,,,19940128,1994-01-28,VALID
KOSPI,391,KR7016360000,016360,삼성증권,주권,COMMON,TRUE,,,19880328,1988-03-28,VALID
KOSPI,392,KR7068290006,068290,삼성출판사,주권,COMMON,TRUE,,,20020805,2002-08-05,VALID
KOSPI,393,KR7029780004,029780,삼성카드,주권,COMMON,TRUE,,,20070627,2007-06-27,VALID
KOSPI,394,KR7000811000,000815,삼성화재우,주권,PREFERRED,TRUE,,,19900410,1990-04-10,VALID
KOSPI,395,KR7000810002,000810,삼성화재,주권,COMMON,TRUE,,,19750630,1975-06-30,VALID
KOSPI,396,KR7006110001,006110,삼아알미늄,주권,COMMON,TRUE,,,19801205,1980-12-05,VALID
KOSPI,397,KR70120G0001,0120G0,삼양바이오팜,주권,COMMON,TRUE,,,20251124,2025-11-24,VALID
KOSPI,398,KR7145991006,145995,삼양사우,주권,PREFERRED,TRUE,,,20111205,2011-12-05,VALID
KOSPI,399,KR7145990008,145990,삼양사,주권,COMMON,TRUE,,,20111205,2011-12-05,VALID
KOSPI,400,KR7003230000,003230,삼양식품,주권,COMMON,TRUE,,,19750630,1975-06-30,VALID
KOSPI,401,KR7272550005,272550,삼양패키징,주권,COMMON,TRUE,,,20171129,2017-11-29,VALID
KOSPI,402,KR7000070003,000070,삼양홀딩스,주권,COMMON,TRUE,,,19681227,1968-12-27,VALID
KOSPI,403,KR7002810000,002810,삼영무역,주권,COMMON,TRUE,,,19880328,1988-03-28,VALID
KOSPI,404,KR7003720000,003720,삼영,주권,COMMON,TRUE,,,19760630,1976-06-30,VALID
KOSPI,405,KR7005680004,005680,삼영전자,주권,COMMON,TRUE,,,19761228,1976-12-28,VALID
KOSPI,406,KR7023000003,023000,삼원강재,주권,COMMON,TRUE,,,20110722,2011-07-22,VALID
KOSPI,407,KR7004380002,004380,삼익THK,주권,COMMON,TRUE,,,19890926,1989-09-26,VALID
KOSPI,408,KR7002450005,002450,삼익악기,주권,COMMON,TRUE,,,19880930,1988-09-30,VALID
KOSPI,409,KR7004440004,004440,삼일씨엔에스,주권,COMMON,TRUE,,,20160330,2016-03-30,VALID
KOSPI,410,KR7000520007,000520,삼일제약,주권,COMMON,TRUE,,,19850529,1985-05-29,VALID
KOSPI,411,KR7009770009,009770,삼정펄프,주권,COMMON,TRUE,,,20061017,2006-10-17,VALID
KOSPI,412,KR7005500004,005500,삼진제약,주권,COMMON,TRUE,,,19880618,1988-06-18,VALID
KOSPI,413,KR7004690004,004690,삼천리,주권,COMMON,TRUE,,,19761223,1976-12-23,VALID
KOSPI,414,KR7010960003,010960,삼호개발,주권,COMMON,TRUE,,,20050512,2005-05-12,VALID
KOSPI,415,KR7004450003,004450,삼화왕관,주권,COMMON,TRUE,,,19760528,1976-05-28,VALID
KOSPI,416,KR7009470006,009470,삼화전기,주권,COMMON,TRUE,,,19861124,1986-11-24,VALID
KOSPI,417,KR7011230000,011230,삼화전자,주권,COMMON,TRUE,,,19870525,1987-05-25,VALID
KOSPI,418,KR7001820000,001820,삼화콘덴서,주권,COMMON,TRUE,,,19760626,1976-06-26,VALID
KOSPI,419,KR7001290006,001290,상상인증권,주권,COMMON,TRUE,,,19880923,1988-09-23,VALID
KOSPI,420,KR7041650003,041650,상신브레이크,주권,COMMON,TRUE,,,20041027,2004-10-27,VALID
KOSPI,421,KR7075180000,075180,새론오토모티브,주권,COMMON,TRUE,,,20051021,2005-10-21,VALID
KOSPI,422,KR7007540008,007540,샘표,주권,COMMON,TRUE,,,19760629,1976-06-29,VALID
KOSPI,423,KR7248170003,248170,샘표식품,주권,COMMON,TRUE,,,20160809,2016-08-09,VALID
KOSPI,424,KR7007860000,007860,서연,주권,COMMON,TRUE,,,19890909,1989-09-09,VALID
KOSPI,425,KR7200880003,200880,서연이화,주권,COMMON,TRUE,,,20140808,2014-08-08,VALID
KOSPI,426,KR7017390006,017390,서울가스,주권,COMMON,TRUE,,,19950818,1995-08-18,VALID
KOSPI,427,KR7031210008,031210,서울보증보험,주권,COMMON,TRUE,,,20250314,2025-03-14,VALID
KOSPI,428,KR7004411005,004415,서울식품우,주권,PREFERRED,TRUE,,,19890522,1989-05-22,VALID
KOSPI,429,KR7004410007,004410,서울식품,주권,COMMON,TRUE,,,19731228,1973-12-28,VALID
KOSPI,430,KR7021050000,021050,서원,주권,COMMON,TRUE,,,19960130,1996-01-30,VALID
KOSPI,431,KR7008490005,008490,서흥,주권,COMMON,TRUE,,,19900327,1990-03-27,VALID
KOSPI,432,KR7007610009,007610,선도전기,주권,COMMON,TRUE,,,19891130,1989-11-30,VALID
KOSPI,433,KR7002820009,002820,SUN&L,주권,COMMON,TRUE,,,19760522,1976-05-22,VALID
KOSPI,434,KR7136490000,136490,선진,주권,COMMON,TRUE,,,20110216,2011-02-16,VALID
KOSPI,435,KR7014911002,014915,성문전자우,주권,PREFERRED,TRUE,,,19900324,1990-03-24,VALID
KOSPI,436,KR7014910004,014910,성문전자,주권,COMMON,TRUE,,,19900324,1990-03-24,VALID
KOSPI,437,KR7004981007,004985,성신양회우,주권,PREFERRED,TRUE,,,19881221,1988-12-21,VALID
KOSPI,438,KR7004980009,004980,성신양회,주권,COMMON,TRUE,,,19760630,1976-06-30,VALID
KOSPI,439,KR7000180000,000180,성창기업지주,주권,COMMON,TRUE,,,19760602,1976-06-02,VALID
KOSPI,440,KR7002420008,002420,세기상사,주권,COMMON,TRUE,,,19681227,1968-12-27,VALID
KOSPI,441,KR7004361002,004365,세방우,주권,PREFERRED,TRUE,,,19891021,1989-10-21,VALID
KOSPI,442,KR7004360004,004360,세방,주권,COMMON,TRUE,,,19770519,1977-05-19,VALID
KOSPI,443,KR7004490009,004490,세방전지,주권,COMMON,TRUE,,,19871128,1987-11-28,VALID
KOSPI,444,KR7001430008,001430,세아베스틸지주,주권,COMMON,TRUE,,,19910312,1991-03-12,VALID
KOSPI,445,KR7306200007,306200,세아제강,주권,COMMON,TRUE,,,20181005,2018-10-05,VALID
KOSPI,446,KR7003030004,003030,세아제강지주,주권,COMMON,TRUE,,,19690513,1969-05-13,VALID
KOSPI,447,KR7058650003,058650,세아홀딩스,주권,COMMON,TRUE,,,20010730,2001-07-30,VALID
KOSPI,448,KR7013000005,013000,세우글로벌,주권,COMMON,TRUE,,,19890905,1989-09-05,VALID
KOSPI,449,KR7021820006,021820,세원정공,주권,COMMON,TRUE,,,19960703,1996-07-03,VALID
KOSPI,450,KR7067830000,067830,세이브존I&C,주권,COMMON,TRUE,,,20020725,2002-07-25,VALID
KOSPI,451,KR7075580001,075580,세진중공업,주권,COMMON,TRUE,,,20151130,2015-11-30,VALID
KOSPI,452,KR7068270008,068270,셀트리온,주권,COMMON,TRUE,,,20180209,2018-02-09,VALID
KOSPI,453,KR733637K010,33637K,솔루스첨단소재1우,주권,PREFERRED,TRUE,,,20191018,2019-10-18,VALID
KOSPI,454,KR733637K028,33637L,솔루스첨단소재2우B,주권,PREFERRED,TRUE,,,20191018,2019-10-18,VALID
KOSPI,455,KR7336370002,336370,솔루스첨단소재,주권,COMMON,TRUE,,,20191018,2019-10-18,VALID
KOSPI,456,KR7248070005,248070,솔루엠,주권,COMMON,TRUE,,,20210202,2021-02-02,VALID
KOSPI,457,KR7004430005,004430,송원산업,주권,COMMON,TRUE,,,19770625,1977-06-25,VALID
KOSPI,458,KR7017550005,017550,수산세보틱스,주권,COMMON,TRUE,,,19910830,1991-08-30,VALID
KOSPI,459,KR7126720002,126720,수산인더스트리,주권,COMMON,TRUE,,,20220801,2022-08-01,VALID
KOSPI,460,KR7026890004,026890,스틱인베스트먼트,주권,COMMON,TRUE,,,19971125,1997-11-25,VALID
KOSPI,461,KR7134790005,134790,시디즈,주권,COMMON,TRUE,,,20110125,2011-01-25,VALID
KOSPI,462,KR7000480004,000480,CR홀딩스,주권,COMMON,TRUE,,,19780630,1978-06-30,VALID
KOSPI,463,KR7462870007,462870,시프트업,주권,COMMON,TRUE,,,20240711,2024-07-11,VALID
KOSPI,464,KR7016590002,016590,신대양제지,주권,COMMON,TRUE,,,19951221,1995-12-21,VALID
KOSPI,465,KR7029530003,029530,신도리코,주권,COMMON,TRUE,,,19961224,1996-12-24,VALID
KOSPI,466,KR7004970000,004970,신라교역,주권,COMMON,TRUE,,,19760630,1976-06-30,VALID
KOSPI,467,KR7011930005,011930,신성이엔지,주권,COMMON,TRUE,,,19960731,1996-07-31,VALID
KOSPI,468,KR7004170007,004170,신세계,주권,COMMON,TRUE,,,19850819,1985-08-19,VALID
KOSPI,469,KR7035510007,035510,신세계 I&C,주권,COMMON,TRUE,,,20060518,2006-05-18,VALID
KOSPI,470,KR7031430002,031430,신세계인터내셔날,주권,COMMON,TRUE,,,20110714,2011-07-14,VALID
KOSPI,471,KR7006880009,006880,신송홀딩스,주권,COMMON,TRUE,,,20131121,2013-11-21,VALID
KOSPI,472,KR7005800008,005800,신영와코루,주권,COMMON,TRUE,,,19761228,1976-12-28,VALID
KOSPI,473,KR7001720002,001720,신영증권,주권,COMMON,TRUE,,,19870824,1987-08-24,VALID
KOSPI,474,KR7009270000,009270,신원,주권,COMMON,TRUE,,,19880824,1988-08-24,VALID
KOSPI,475,KR7002700003,002700,신일전자,주권,COMMON,TRUE,,,19750930,1975-09-30,VALID
KOSPI,476,KR7002870004,002870,신풍,주권,COMMON,TRUE,,,19760630,1976-06-30,VALID
KOSPI,477,KR7019171008,019175,신풍제약우,주권,PREFERRED,TRUE,,,19900120,1990-01-20,VALID
KOSPI,478,KR7019170000,019170,신풍제약,주권,COMMON,TRUE,,,19900120,1990-01-20,VALID
KOSPI,479,KR7481850006,481850,신한글로벌액티브리츠,부동산투자회사,REIT,TRUE,,,20240701,2024-07-01,VALID
KOSPI,480,KR7055550008,055550,신한지주,주권,COMMON,TRUE,,,20010910,2001-09-10,VALID
KOSPI,481,KR7404990004,404990,신한서부티엔디리츠,부동산투자회사,REIT,TRUE,,,20211210,2021-12-10,VALID
KOSPI,482,KR7293940003,293940,신한알파리츠,부동산투자회사,REIT,TRUE,,,20180808,2018-08-08,VALID
KOSPI,483,KR7004080008,004080,신흥,주권,COMMON,TRUE,,,19910208,1991-02-08,VALID
KOSPI,484,KR7004770004,004770,써니전자,주권,COMMON,TRUE,,,19870422,1987-04-22,VALID
KOSPI,485,KR7403550007,403550,쏘카,주권,COMMON,TRUE,,,20220822,2022-08-22,VALID
KOSPI,486,KR7004920005,004920,씨아이테크,주권,COMMON,TRUE,,,19891130,1989-11-30,VALID
KOSPI,487,KR7112610001,112610,씨에스윈드,주권,COMMON,TRUE,,,20141127,2014-11-27,VALID
KOSPI,488,KR7000120006,000120,CJ대한통운,주권,COMMON,TRUE,,,19560702,1956-07-02,VALID
KOSPI,489,KR7079160008,079160,CJ CGV,주권,COMMON,TRUE,,,20041224,2004-12-24,VALID
KOSPI,490,KR7097951008,097955,CJ제일제당 우,주권,PREFERRED,TRUE,,,20070928,2007-09-28,VALID
KOSPI,491,KR7097950000,097950,CJ제일제당,주권,COMMON,TRUE,,,20070928,2007-09-28,VALID
KOSPI,492,KR7480370006,480370,씨케이솔루션,주권,COMMON,TRUE,,,20250317,2025-03-17,VALID
KOSPI,493,KR7308170000,308170,씨티알모빌리티,주권,COMMON,TRUE,,,20191125,2019-11-25,VALID
KOSPI,494,KR7008700007,008700,아남전자,주권,COMMON,TRUE,,,19840811,1984-08-11,VALID
KOSPI,495,KR7090431008,090435,아모레퍼시픽우,주권,PREFERRED,TRUE,,,20060629,2006-06-29,VALID
KOSPI,496,KR7090430000,090430,아모레퍼시픽,주권,COMMON,TRUE,,,20060629,2006-06-29,VALID
KOSPI,497,KR7002791002,002795,아모레퍼시픽홀딩스우,주권,PREFERRED,TRUE,,,19890630,1989-06-30,VALID
KOSPI,498,KR700279K010,00279K,아모레퍼시픽홀딩스3우C,주권,PREFERRED,TRUE,,,20191226,2019-12-26,VALID
KOSPI,499,KR7002790004,002790,아모레퍼시픽홀딩스,주권,COMMON,TRUE,,,19730430,1973-04-30,VALID
KOSPI,500,KR7002030005,002030,아세아,주권,COMMON,TRUE,,,19740603,1974-06-03,VALID
KOSPI,501,KR7183190008,183190,아세아시멘트,주권,COMMON,TRUE,,,20131106,2013-11-06,VALID
KOSPI,502,KR7002310001,002310,아세아제지,주권,COMMON,TRUE,,,19881215,1988-12-15,VALID
KOSPI,503,KR7012170007,012170,아센디오,주권,COMMON,TRUE,,,19891220,1989-12-20,VALID
KOSPI,504,KR7267850006,267850,아시아나IDT,주권,COMMON,TRUE,,,20181123,2018-11-23,VALID
KOSPI,505,KR7020560009,020560,아시아나항공,주권,COMMON,TRUE,,,20080328,2008-03-28,VALID
KOSPI,506,KR7122900004,122900,아이마켓코리아,주권,COMMON,TRUE,,,20100730,2010-07-30,VALID
KOSPI,507,KR7010780005,010780,아이에스동서,주권,COMMON,TRUE,,,19860127,1986-01-27,VALID
KOSPI,508,KR7139130009,139130,iM금융지주,주권,COMMON,TRUE,,,20110607,2011-06-07,VALID
KOSPI,509,KR7031820004,031820,아이티센씨티에스,주권,COMMON,TRUE,,,19970212,1997-02-12,VALID
KOSPI,510,KR7294870001,294870,IPARK현대산업개발,주권,COMMON,TRUE,,,20180612,2018-06-12,VALID
KOSPI,511,KR7139990006,139990,아주스틸,주권,COMMON,TRUE,,,20210820,2021-08-20,VALID
KOSPI,512,KR7009320003,009320,아진전자부품,주권,COMMON,TRUE,,,19890825,1989-08-25,VALID
KOSPI,513,KR7001780006,001780,알루코,주권,COMMON,TRUE,,,20070607,2007-06-07,VALID
KOSPI,514,KR7018250001,018250,애경산업,주권,COMMON,TRUE,,,20180322,2018-03-22,VALID
KOSPI,515,KR7161000005,161000,애경케미칼,주권,COMMON,TRUE,,,20120917,2012-09-17,VALID
KOSPI,516,KR7011090008,011090,에넥스,주권,COMMON,TRUE,,,19950708,1995-07-08,VALID
KOSPI,517,KR7137310009,137310,에스디바이오센서,주권,COMMON,TRUE,,,20210716,2021-07-16,VALID
KOSPI,518,KR7003080009,003080,SB성보,주권,COMMON,TRUE,,,19761223,1976-12-23,VALID
KOSPI,519,KR7034120006,034120,SBS,주권,COMMON,TRUE,,,20030625,2003-06-25,VALID
KOSPI,520,KR7005850003,005850,에스엘,주권,COMMON,TRUE,,,19881108,1988-11-08,VALID
KOSPI,521,KR7010580009,010580,에스엠벡셀,주권,COMMON,TRUE,,,19941227,1994-12-27,VALID
KOSPI,522,KR7002170009,002170,SYTS,주권,COMMON,TRUE,,,19891110,1989-11-10,VALID
KOSPI,523,KR7012750006,012750,에스원,주권,COMMON,TRUE,,,19960130,1996-01-30,VALID
KOSPI,524,KR7033530007,033530,SJG세종,주권,COMMON,TRUE,,,20020925,2002-09-25,VALID
KOSPI,525,KR7004060000,004060,SG세계물산,주권,COMMON,TRUE,,,19760419,1976-04-19,VALID
KOSPI,526,KR7006121008,006125,SK디스커버리우,주권,PREFERRED,TRUE,,,19891124,1989-11-24,VALID
KOSPI,527,KR7006120000,006120,SK디스커버리,주권,COMMON,TRUE,,,19760629,1976-06-29,VALID
KOSPI,528,KR7302440003,302440,SK바이오사이언스,주권,COMMON,TRUE,,,20210318,2021-03-18,VALID
KOSPI,529,KR7326030004,326030,SK바이오팜,주권,COMMON,TRUE,,,20200702,2020-07-02,VALID
KOSPI,530,KR7475150009,475150,SK이터닉스,주권,COMMON,TRUE,,,20240329,2024-03-29,VALID
KOSPI,531,KR7000660001,000660,SK하이닉스,주권,COMMON,TRUE,,,19961226,1996-12-26,VALID
KOSPI,532,KR7000390005,000390,SP삼화,주권,COMMON,TRUE,,,19930910,1993-09-10,VALID
KOSPI,533,KR7023960008,023960,에쓰씨엔지니어링,주권,COMMON,TRUE,,,19970623,1997-06-23,VALID
KOSPI,534,KR7298690009,298690,에어부산,주권,COMMON,TRUE,,,20181227,2018-12-27,VALID
KOSPI,535,KR7078520004,078520,에이블씨엔씨,주권,COMMON,TRUE,,,20110907,2011-09-07,VALID
KOSPI,536,KR7015260003,015260,에이엔피,주권,COMMON,TRUE,,,19880118,1988-01-18,VALID
KOSPI,537,KR7267270007,267270,HD건설기계,주권,COMMON,TRUE,,,20170510,2017-05-10,VALID
KOSPI,538,KR7039570007,039570,HDC랩스,주권,COMMON,TRUE,,,20150924,2015-09-24,VALID
KOSPI,539,KR7089470009,089470,HDC현대EP,주권,COMMON,TRUE,,,20060925,2006-09-25,VALID
KOSPI,540,KR7009540006,009540,HD한국조선해양,주권,COMMON,TRUE,,,19990824,1999-08-24,VALID
KOSPI,541,KR7443060009,443060,HD현대마린솔루션,주권,COMMON,TRUE,,,20240508,2024-05-08,VALID
KOSPI,542,KR7071970008,071970,HD현대마린엔진,주권,COMMON,TRUE,,,20090515,2009-05-15,VALID
KOSPI,543,KR7267250009,267250,HD현대,주권,COMMON,TRUE,,,20170510,2017-05-10,VALID
KOSPI,544,KR7322000001,322000,HD현대에너지솔루션,주권,COMMON,TRUE,,,20191119,2019-11-19,VALID
KOSPI,545,KR7267260008,267260,HD현대일렉트릭,주권,COMMON,TRUE,,,20170510,2017-05-10,VALID
KOSPI,546,KR7329180004,329180,HD현대중공업,주권,COMMON,TRUE,,,20210917,2021-09-17,VALID
KOSPI,547,KR7002460004,002460,HS화성,주권,COMMON,TRUE,,,19880929,1988-09-29,VALID
KOSPI,548,KR7487570004,487570,HS효성,주권,COMMON,TRUE,,,20240729,2024-07-29,VALID
KOSPI,549,KR7298050006,298050,HS효성첨단소재,주권,COMMON,TRUE,,,20180713,2018-07-13,VALID
KOSPI,550,KR7003580008,003580,HLB글로벌,주권,COMMON,TRUE,,,19900323,1990-03-23,VALID
KOSPI,551,KR7011200003,011200,HMM,주권,COMMON,TRUE,,,19951005,1995-10-05,VALID
KOSPI,552,KR7003060001,003060,에이프로젠바이오로직스,주권,COMMON,TRUE,,,19841019,1984-10-19,VALID
KOSPI,553,KR7007460009,007460,에이프로젠,주권,COMMON,TRUE,,,19950708,1995-07-08,VALID
KOSPI,554,KR7244920005,244920,에이플러스에셋,주권,COMMON,TRUE,,,20201120,2020-11-20,VALID
KOSPI,555,KR7278470000,278470,에이피알,주권,COMMON,TRUE,,,20240227,2024-02-27,VALID
KOSPI,556,KR7450080007,450080,에코프로머티,주권,COMMON,TRUE,,,20231117,2023-11-17,VALID
KOSPI,557,KR7019490002,019490,엑시큐어하이트론,주권,COMMON,TRUE,,,19981104,1998-11-04,VALID
KOSPI,558,KR7036570000,036570,NC,주권,COMMON,TRUE,,,20030522,2003-05-22,VALID
KOSPI,559,KR7400760005,400760,NH올원리츠,부동산투자회사,REIT,TRUE,,,20211118,2021-11-18,VALID
KOSPI,560,KR7005941000,005945,NH투자증권우,주권,PREFERRED,TRUE,,,19880913,1988-09-13,VALID
KOSPI,561,KR7005940002,005940,NH투자증권,주권,COMMON,TRUE,,,19750930,1975-09-30,VALID
KOSPI,562,KR7085310001,085310,엔케이,주권,COMMON,TRUE,,,20080124,2008-01-24,VALID
KOSPI,563,KYG5307W1015,900140,엘브이엠씨홀딩스,외국주권,COMMON,TRUE,,,20101130,2010-11-30,VALID
KOSPI,564,KR7066970005,066970,엘앤에프,주권,COMMON,TRUE,,,20240129,2024-01-29,VALID
KOSPI,565,KR7108671009,108675,LX하우시스우,주권,PREFERRED,TRUE,,,20090420,2009-04-20,VALID
KOSPI,566,KR7108670001,108670,LX하우시스,주권,COMMON,TRUE,,,20090420,2009-04-20,VALID
KOSPI,567,KR738380K012,38380K,LX홀딩스1우,주권,PREFERRED,TRUE,,,20210527,2021-05-27,VALID
KOSPI,568,KR7383800000,383800,LX홀딩스,주권,COMMON,TRUE,,,20210527,2021-05-27,VALID
KOSPI,569,KR7064400005,064400,LG씨엔에스,주권,COMMON,TRUE,,,20250205,2025-02-05,VALID
KOSPI,570,KR7037560000,037560,LG헬로비전,주권,COMMON,TRUE,,,20121109,2012-11-09,VALID
KOSPI,571,KR7097520001,097520,엠씨넥스,주권,COMMON,TRUE,,,20210706,2021-07-06,VALID
KOSPI,572,KR7484870001,484870,엠앤씨솔루션,주권,COMMON,TRUE,,,20241216,2024-12-16,VALID
KOSPI,573,KR7014440002,014440,영보화학,주권,COMMON,TRUE,,,19970827,1997-08-27,VALID
KOSPI,574,KR7111770004,111770,영원무역,주권,COMMON,TRUE,,,20090730,2009-07-30,VALID
KOSPI,575,KR7009970005,009970,영원무역홀딩스,주권,COMMON,TRUE,,,19881107,1988-11-07,VALID
KOSPI,576,KR7003520004,003520,영진약품,주권,COMMON,TRUE,,,19730625,1973-06-25,VALID
KOSPI,577,KR7000670000,000670,영풍,주권,COMMON,TRUE,,,19760612,1976-06-12,VALID
KOSPI,578,KR7012280004,012280,영화금속,주권,COMMON,TRUE,,,19900125,1990-01-25,VALID
KOSPI,579,KR7012160008,012160,영흥,주권,COMMON,TRUE,,,20100125,2010-01-25,VALID
KOSPI,580,KR7007310006,007310,오뚜기,주권,COMMON,TRUE,,,19940812,1994-08-12,VALID
KOSPI,581,KR7002630002,002630,오리엔트바이오,주권,COMMON,TRUE,,,19761228,1976-12-28,VALID
KOSPI,582,KR7271560005,271560,오리온,주권,COMMON,TRUE,,,20170707,2017-07-07,VALID
KOSPI,583,KR7001800002,001800,오리온홀딩스,주권,COMMON,TRUE,,,19750627,1975-06-27,VALID
KOSPI,584,KR7010060002,010060,OCI홀딩스,주권,COMMON,TRUE,,,19850709,1985-07-09,VALID
KOSPI,585,KR7005320007,005320,온타이드,주권,COMMON,TRUE,,,19961224,1996-12-24,VALID
KOSPI,586,KR7037270006,037270,YG PLUS,주권,COMMON,TRUE,,,20030801,2003-08-01,VALID
KOSPI,587,KR7011690005,011690,와이투솔루션,주권,COMMON,TRUE,,,19951221,1995-12-21,VALID
KOSPI,588,KR7316140003,316140,우리금융지주,주권,COMMON,TRUE,,,20190213,2019-02-13,VALID
KOSPI,589,KR7011300001,011300,우성머티리얼스,주권,COMMON,TRUE,,,19951110,1995-11-10,VALID
KOSPI,590,KR7006980007,006980,우성,주권,COMMON,TRUE,,,19881010,1988-10-10,VALID
KOSPI,591,KR7017370008,017370,우신시스템,주권,COMMON,TRUE,,,20020528,2002-05-28,VALID
KOSPI,592,KR7105840003,105840,우진,주권,COMMON,TRUE,,,20100726,2010-07-26,VALID
KOSPI,593,KR7010400000,010400,우진아이엔에스,주권,COMMON,TRUE,,,20180914,2018-09-14,VALID
KOSPI,594,KR7049800006,049800,우진플라임,주권,COMMON,TRUE,,,20060524,2006-05-24,VALID
KOSPI,595,KR7016880007,016880,웅진,주권,COMMON,TRUE,,,19941105,1994-11-05,VALID
KOSPI,596,KR7095720009,095720,웅진씽크빅,주권,COMMON,TRUE,,,20070531,2007-05-31,VALID
KOSPI,597,KR7005820006,005820,원림,주권,COMMON,TRUE,,,19900420,1990-04-20,VALID
KOSPI,598,KR7008600009,008600,윌비스,주권,COMMON,TRUE,,,19890728,1989-07-28,VALID
KOSPI,599,KR7014830004,014830,유니드,주권,COMMON,TRUE,,,20041203,2004-12-03,VALID
KOSPI,600,KR7446070005,446070,유니드비티플러스,주권,COMMON,TRUE,,,20221128,2022-11-28,VALID
KOSPI,601,KR7047400007,047400,유니온머티리얼,주권,COMMON,TRUE,,,20090929,2009-09-29,VALID
KOSPI,602,KR7000910000,000910,유니온,주권,COMMON,TRUE,,,19960703,1996-07-03,VALID
KOSPI,603,KR7011330008,011330,유니켐,주권,COMMON,TRUE,,,19891214,1989-12-14,VALID
KOSPI,604,KR7077500007,077500,유니퀘스트,주권,COMMON,TRUE,,,20040805,2004-08-05,VALID
KOSPI,605,KR7002920007,002920,유성기업,주권,COMMON,TRUE,,,19881010,1988-10-10,VALID
KOSPI,606,KR7000700005,000700,유수홀딩스,주권,COMMON,TRUE,,,19560303,1956-03-03,VALID
KOSPI,607,KR7003471000,003475,유안타증권우,주권,PREFERRED,TRUE,,,19890322,1989-03-22,VALID
KOSPI,608,KR7003470002,003470,유안타증권,주권,COMMON,TRUE,,,19880121,1988-01-21,VALID
KOSPI,609,KR7072130008,072130,유엔젤,주권,COMMON,TRUE,,,20030701,2003-07-01,VALID
KOSPI,610,KR7000221002,000225,유유제약1우,주권,PREFERRED,TRUE,,,19900105,1990-01-05,VALID
KOSPI,611,KR7000222000,000227,유유제약2우B,주권,PREFERRED,TRUE,,,20000620,2000-06-20,VALID
KOSPI,612,KR7000220004,000220,유유제약,주권,COMMON,TRUE,,,19751118,1975-11-18,VALID
KOSPI,613,KR7001200005,001200,유진투자증권,주권,COMMON,TRUE,,,19870824,1987-08-24,VALID
KOSPI,614,KR7000101006,000105,유한양행우,주권,PREFERRED,TRUE,,,19950221,1995-02-21,VALID
KOSPI,615,KR7000100008,000100,유한양행,주권,COMMON,TRUE,,,19621101,1962-11-01,VALID
KOSPI,616,KR7003461001,003465,유화증권우,주권,PREFERRED,TRUE,,,19900220,1990-02-20,VALID
KOSPI,617,KR7003460003,003460,유화증권,주권,COMMON,TRUE,,,19870824,1987-08-24,VALID
KOSPI,618,KR7008730004,008730,율촌화학,주권,COMMON,TRUE,,,19880830,1988-08-30,VALID
KOSPI,619,KR7008250003,008250,이건산업,주권,COMMON,TRUE,,,19881021,1988-10-21,VALID
KOSPI,620,KR7025820002,025820,이구산업,주권,COMMON,TRUE,,,19950818,1995-08-18,VALID
KOSPI,621,KR7214320004,214320,이노션,주권,COMMON,TRUE,,,20150717,2015-07-17,VALID
KOSPI,622,KR7088260005,088260,이리츠코크렙,부동산투자회사,REIT,TRUE,,,20180627,2018-06-27,VALID
KOSPI,623,KR7139480008,139480,이마트,주권,COMMON,TRUE,,,20110610,2011-06-10,VALID
KOSPI,624,KR7457190007,457190,이수스페셜티케미컬,주권,COMMON,TRUE,,,20230531,2023-05-31,VALID
KOSPI,625,KR7007660004,007660,이수페타시스,주권,COMMON,TRUE,,,20031007,2003-10-07,VALID
KOSPI,626,KR7005950001,005950,이수화학,주권,COMMON,TRUE,,,19880428,1988-04-28,VALID
KOSPI,627,KR7015020001,015020,이스타코,주권,COMMON,TRUE,,,19881223,1988-12-23,VALID
KOSPI,628,KR7074610007,074610,이엔플러스,주권,COMMON,TRUE,,,20031223,2003-12-23,VALID
KOSPI,629,KR7102460003,102460,이연제약,주권,COMMON,TRUE,,,20100610,2010-06-10,VALID
KOSPI,630,KR7084680008,084680,이월드,주권,COMMON,TRUE,,,20050726,2005-07-26,VALID
KOSPI,631,KR7350520003,350520,이지스레지던스리츠,부동산투자회사,REIT,TRUE,,,20200805,2020-08-05,VALID
KOSPI,632,KR7334890001,334890,이지스밸류플러스리츠,부동산투자회사,REIT,TRUE,,,20200716,2020-07-16,VALID
KOSPI,633,KR7000760009,000760,이화산업,주권,COMMON,TRUE,,,19940429,1994-04-29,VALID
KOSPI,634,KR7014990006,014990,인디에프,주권,COMMON,TRUE,,,19890620,1989-06-20,VALID
KOSPI,635,KR7101140002,101140,인바이오젠,주권,COMMON,TRUE,,,20080402,2008-04-02,VALID
KOSPI,636,KR7023800006,023800,인지컨트롤스,주권,COMMON,TRUE,,,19970623,1997-06-23,VALID
KOSPI,637,KR7034590000,034590,인천도시가스,주권,COMMON,TRUE,,,20061107,2006-11-07,VALID
KOSPI,638,KR7129260006,129260,인터지스,주권,COMMON,TRUE,,,20111216,2011-12-16,VALID
KOSPI,639,KR7023810005,023810,인팩,주권,COMMON,TRUE,,,20040921,2004-09-21,VALID
KOSPI,640,KR7249420001,249420,일동제약,주권,COMMON,TRUE,,,20160831,2016-08-31,VALID
KOSPI,641,KR7000230003,000230,일동홀딩스,주권,COMMON,TRUE,,,19750628,1975-06-28,VALID
KOSPI,642,KR7013360003,013360,일성건설,주권,COMMON,TRUE,,,19891202,1989-12-02,VALID
KOSPI,643,KR7003120003,003120,일성아이에스,주권,COMMON,TRUE,,,19850114,1985-01-14,VALID
KOSPI,644,KR7003200003,003200,일신방직,주권,COMMON,TRUE,,,19730523,1973-05-23,VALID
KOSPI,645,KR7007110000,007110,일신석재,주권,COMMON,TRUE,,,19860304,1986-03-04,VALID
KOSPI,646,KR7007571003,007575,일양약품우,주권,PREFERRED,TRUE,,,19891221,1989-12-21,VALID
KOSPI,647,KR7007570005,007570,일양약품,주권,COMMON,TRUE,,,19740828,1974-08-28,VALID
KOSPI,648,KR7081000002,081000,일진다이아,주권,COMMON,TRUE,,,20041222,2004-12-22,VALID
KOSPI,649,KR7020760005,020760,일진디스플,주권,COMMON,TRUE,,,20020109,2002-01-09,VALID
KOSPI,650,KR7103590006,103590,일진전기,주권,COMMON,TRUE,,,20080801,2008-08-01,VALID
KOSPI,651,KR7271940009,271940,일진하이솔루스,주권,COMMON,TRUE,,,20210901,2021-09-01,VALID
KOSPI,652,KR7015860000,015860,일진홀딩스,주권,COMMON,TRUE,,,19900322,1990-03-22,VALID
KOSPI,653,KR7226320000,226320,잇츠한불,주권,COMMON,TRUE,,,20151228,2015-12-28,VALID
KOSPI,654,KR7317400000,317400,자이에스앤디,주권,COMMON,TRUE,,,20191106,2019-11-06,VALID
KOSPI,655,KR7033240003,033240,자화전자,주권,COMMON,TRUE,,,19990106,1999-01-06,VALID
KOSPI,656,KR7000950006,000950,전방,주권,COMMON,TRUE,,,19681021,1968-10-21,VALID
KOSPI,657,KR7079900007,079900,전진건설로봇,주권,COMMON,TRUE,,,20240819,2024-08-19,VALID
KOSPI,658,KR7348950007,348950,제이알글로벌리츠,부동산투자회사,REIT,TRUE,,,20200807,2020-08-07,VALID
KOSPI,659,KR7194370003,194370,제이에스코퍼레이션,주권,COMMON,TRUE,,,20160204,2016-02-04,VALID
KOSPI,660,KR7030000004,030000,제일기획,주권,COMMON,TRUE,,,19980303,1998-03-03,VALID
KOSPI,661,KR7271980005,271980,제일약품,주권,COMMON,TRUE,,,20170717,2017-07-17,VALID
KOSPI,662,KR7001560002,001560,제일연마,주권,COMMON,TRUE,,,20051209,2005-12-09,VALID
KOSPI,663,KR7002620003,002620,제일파마홀딩스,주권,COMMON,TRUE,,,19880120,1988-01-20,VALID
KOSPI,664,KR7006220008,006220,제주은행,주권,COMMON,TRUE,,,19721228,1972-12-28,VALID
KOSPI,665,KR7089590004,089590,제주항공,주권,COMMON,TRUE,,,20151106,2015-11-06,VALID
KOSPI,666,KR7004910006,004910,조광페인트,주권,COMMON,TRUE,,,19761227,1976-12-27,VALID
KOSPI,667,KR7004700001,004700,조광피혁,주권,COMMON,TRUE,,,19770527,1977-05-27,VALID
KOSPI,668,KR7001550003,001550,조비,주권,COMMON,TRUE,,,19761228,1976-12-28,VALID
KOSPI,669,KR7462520008,462520,조선내화,주권,COMMON,TRUE,,,20230728,2023-07-28,VALID
KOSPI,670,KR7120030002,120030,조선선재,주권,COMMON,TRUE,,,20100219,2010-02-19,VALID
KOSPI,671,KR7018470005,018470,조일알미늄,주권,COMMON,TRUE,,,19881122,1988-11-22,VALID
KOSPI,672,KR7002600005,002600,조흥,주권,COMMON,TRUE,,,19761223,1976-12-23,VALID
KOSPI,673,KR7063160006,063160,종근당바이오,주권,COMMON,TRUE,,,20011211,2001-12-11,VALID
KOSPI,674,KR7185750007,185750,종근당,주권,COMMON,TRUE,,,20131206,2013-12-06,VALID
KOSPI,675,KR7001630003,001630,종근당홀딩스,주권,COMMON,TRUE,,,19760630,1976-06-30,VALID
KOSPI,676,KR7109070003,109070,주성코퍼레이션,주권,COMMON,TRUE,,,20090317,2009-03-17,VALID
KOSPI,677,KR7023450000,023450,동남합성,주권,COMMON,TRUE,,,19961224,1996-12-24,VALID
KOSPI,678,KR7002380004,002380,KCC,주권,COMMON,TRUE,,,19730625,1973-06-25,VALID
KOSPI,679,KR7044380004,044380,주연테크,주권,COMMON,TRUE,,,20061115,2006-11-15,VALID
KOSPI,680,KR7024110009,024110,기업은행,주권,COMMON,TRUE,,,20031224,2003-12-24,VALID
KOSPI,681,KR7013890009,013890,지누스,주권,COMMON,TRUE,,,20191030,2019-10-30,VALID
KOSPI,682,KR7001250000,001250,GS글로벌,주권,COMMON,TRUE,,,19760626,1976-06-26,VALID
KOSPI,683,KR7007070006,007070,GS리테일,주권,COMMON,TRUE,,,20111223,2011-12-23,VALID
KOSPI,684,KR7499790004,499790,GS피앤엘,주권,COMMON,TRUE,,,20241223,2024-12-23,VALID
KOSPI,685,KR7013870001,013870,지엠비코리아,주권,COMMON,TRUE,,,20121120,2012-11-20,VALID
KOSPI,686,KR7071320006,071320,지역난방공사,주권,COMMON,TRUE,,,20100129,2010-01-29,VALID
KOSPI,687,KR7088790001,088790,진도,주권,COMMON,TRUE,,,20060328,2006-03-28,VALID
KOSPI,688,KR7003780004,003780,진양산업,주권,COMMON,TRUE,,,19730626,1973-06-26,VALID
KOSPI,689,KR7010640001,010640,진양폴리,주권,COMMON,TRUE,,,19890930,1989-09-30,VALID
KOSPI,690,KR7100250000,100250,진양홀딩스,주권,COMMON,TRUE,,,20080215,2008-02-15,VALID
KOSPI,691,KR7051630002,051630,진양화학,주권,COMMON,TRUE,,,20010129,2001-01-29,VALID
KOSPI,692,KR7272450008,272450,진에어,주권,COMMON,TRUE,,,20171208,2017-12-08,VALID
KOSPI,693,KR7011000007,011000,진원생명과학,주권,COMMON,TRUE,,,19871116,1987-11-16,VALID
KOSPI,694,KR7002781003,002785,진흥기업우B,주권,PREFERRED,TRUE,,,20030616,2003-06-16,VALID
KOSPI,695,KR7002782001,002787,진흥기업2우B,주권,PREFERRED,TRUE,,,20061205,2006-12-05,VALID
KOSPI,696,KR7002780005,002780,진흥기업,주권,COMMON,TRUE,,,19770625,1977-06-25,VALID
KOSPI,697,KR7025620006,025620,차AI헬스케어,주권,COMMON,TRUE,,,19950708,1995-07-08,VALID
KOSPI,698,KR7009310004,009310,참엔지니어링,주권,COMMON,TRUE,,,19871112,1987-11-12,VALID
KOSPI,699,KR7000650002,000650,천일고속,주권,COMMON,TRUE,,,19770623,1977-06-23,VALID
KOSPI,700,KR7033250002,033250,체시스,주권,COMMON,TRUE,,,19990811,1999-08-11,VALID
KOSPI,701,KR7323410001,323410,카카오뱅크,주권,COMMON,TRUE,,,20210806,2021-08-06,VALID
KOSPI,702,KR7035720002,035720,카카오,주권,COMMON,TRUE,,,20170710,2017-07-10,VALID
KOSPI,703,KR7377300009,377300,카카오페이,주권,COMMON,TRUE,,,20211103,2021-11-03,VALID
KOSPI,704,KR7006380000,006380,카프로,주권,COMMON,TRUE,,,19740528,1974-05-28,VALID
KOSPI,705,KR7279570006,279570,케이뱅크,주권,COMMON,TRUE,,,20260305,2026-03-05,VALID
KOSPI,706,KR7415640002,415640,KB발해인프라,사회간접자본투융자회사,FUND,FALSE,EXCLUDE_FUND,,20241129,2024-11-29,VALID
KOSPI,707,KR7001620004,001620,케이비아이동국실업,주권,COMMON,TRUE,,,19900915,1990-09-15,VALID
KOSPI,708,KR7008970006,008970,KBI동양철관,주권,COMMON,TRUE,,,19770305,1977-03-05,VALID
KOSPI,709,KR7009440009,009440,KC그린홀딩스,주권,COMMON,TRUE,,,19941105,1994-11-05,VALID
KOSPI,710,KR7029460003,029460,케이씨,주권,COMMON,TRUE,,,19971125,1997-11-25,VALID
KOSPI,711,KR7344820006,344820,KCC글라스,주권,COMMON,TRUE,,,20200121,2020-01-21,VALID
KOSPI,712,KR7119650000,119650,KC코트렐,주권,COMMON,TRUE,,,20100129,2010-01-29,VALID
KOSPI,713,KR7281820001,281820,케이씨텍,주권,COMMON,TRUE,,,20171205,2017-12-05,VALID
KOSPI,714,KR7044450005,044450,KSS해운,주권,COMMON,TRUE,,,20071026,2007-10-26,VALID
KOSPI,715,KR7092220003,092220,KEC,주권,COMMON,TRUE,,,20061016,2006-10-16,VALID
KOSPI,716,KR7381970003,381970,케이카,주권,COMMON,TRUE,,,20211013,2021-10-13,VALID
KOSPI,717,KR7145270005,145270,케이탑리츠,부동산투자회사,REIT,TRUE,,,20120131,2012-01-31,VALID
KOSPI,718,KR7030200000,030200,KT,주권,COMMON,TRUE,,,19981223,1998-12-23,VALID
KOSPI,719,KR7053210001,053210,스카이라이프,주권,COMMON,TRUE,,,20110603,2011-06-03,VALID
KOSPI,720,KR7058850009,058850,KTcs,주권,COMMON,TRUE,,,20100916,2010-09-16,VALID
KOSPI,721,KR7058860008,058860,KTis,주권,COMMON,TRUE,,,20101217,2010-12-17,VALID
KOSPI,722,KR7033780008,033780,KT&G,주권,COMMON,TRUE,,,19991008,1999-10-08,VALID
KOSPI,723,KR7417310000,417310,코람코더원리츠,부동산투자회사,REIT,TRUE,,,20220328,2022-03-28,VALID
KOSPI,724,KR7357120005,357120,코람코라이프인프라리츠,부동산투자회사,REIT,TRUE,,,20200831,2020-08-31,VALID
KOSPI,725,KR7007811003,007815,코리아써우,주권,PREFERRED,TRUE,,,19890704,1989-07-04,VALID
KOSPI,726,KR700781K015,00781K,코리아써키트2우B,주권,PREFERRED,TRUE,,,20130617,2013-06-17,VALID
KOSPI,727,KR7007810005,007810,코리아써키트,주권,COMMON,TRUE,,,19850909,1985-09-09,VALID
KOSPI,728,KR7003690005,003690,코리안리,주권,COMMON,TRUE,,,19691222,1969-12-22,VALID
KOSPI,729,KR7192820009,192820,코스맥스,주권,COMMON,TRUE,,,20140407,2014-04-07,VALID
KOSPI,730,KR7044820009,044820,코스맥스비티아이,주권,COMMON,TRUE,,,20061113,2006-11-13,VALID
KOSPI,731,KR7005070008,005070,코스모신소재,주권,COMMON,TRUE,,,19870928,1987-09-28,VALID
KOSPI,732,KR7005420005,005420,코스모화학,주권,COMMON,TRUE,,,19870723,1987-07-23,VALID
KOSPI,733,KR7071950000,071950,코아스,주권,COMMON,TRUE,,,20050804,2005-08-04,VALID
KOSPI,734,KR7002021004,002025,코오롱우,주권,PREFERRED,TRUE,,,19890822,1989-08-22,VALID
KOSPI,735,KR7003071008,003075,코오롱글로벌우,주권,PREFERRED,TRUE,,,19891211,1989-12-11,VALID
KOSPI,736,KR7003070000,003070,코오롱글로벌,주권,COMMON,TRUE,,,19780915,1978-09-15,VALID
KOSPI,737,KR7002020006,002020,코오롱,주권,COMMON,TRUE,,,19750623,1975-06-23,VALID
KOSPI,738,KR7120111000,120115,코오롱인더우,주권,PREFERRED,TRUE,,,20100201,2010-02-01,VALID
KOSPI,739,KR7120110002,120110,코오롱인더,주권,COMMON,TRUE,,,20100201,2010-02-01,VALID
KOSPI,740,KR7021240007,021240,코웨이,주권,COMMON,TRUE,,,20010807,2001-08-07,VALID
KOSPI,741,KR7036420008,036420,콘텐트리중앙,주권,COMMON,TRUE,,,20191018,2019-10-18,VALID
KOSPI,742,KR7024720005,024720,콜마홀딩스,주권,COMMON,TRUE,,,20020409,2002-04-09,VALID
KOSPI,743,KR7192400000,192400,쿠쿠홀딩스,주권,COMMON,TRUE,,,20140806,2014-08-06,VALID
KOSPI,744,KR7284740008,284740,쿠쿠홈시스,주권,COMMON,TRUE,,,20180111,2018-01-11,VALID
KOSPI,745,KR726490K013,26490K,크라운제과우,주권,PREFERRED,TRUE,,,20170411,2017-04-11,VALID
KOSPI,746,KR7264900002,264900,크라운제과,주권,COMMON,TRUE,,,20170411,2017-04-11,VALID
KOSPI,747,KR7005741004,005745,크라운해태홀딩스우,주권,PREFERRED,TRUE,,,19941122,1994-11-22,VALID
KOSPI,748,KR7005740006,005740,크라운해태홀딩스,주권,COMMON,TRUE,,,19760630,1976-06-30,VALID
KOSPI,749,KR7259960003,259960,크래프톤,주권,COMMON,TRUE,,,20210810,2021-08-10,VALID
KOSPI,750,KR7020120002,020120,키다리스튜디오,주권,COMMON,TRUE,,,19960703,1996-07-03,VALID
KOSPI,751,KR7039490008,039490,키움증권,주권,COMMON,TRUE,,,20090803,2009-08-03,VALID
KOSPI,752,KR7014580005,014580,태경비케이,주권,COMMON,TRUE,,,19910307,1991-03-07,VALID
KOSPI,753,KR7015890007,015890,태경산업,주권,COMMON,TRUE,,,19960130,1996-01-30,VALID
KOSPI,754,KR7006890008,006890,태경케미컬,주권,COMMON,TRUE,,,20030128,2003-01-28,VALID
KOSPI,755,KR7003240009,003240,태광산업,주권,COMMON,TRUE,,,19751227,1975-12-27,VALID
KOSPI,756,KR7011280005,011280,태림포장,주권,COMMON,TRUE,,,19881220,1988-12-20,VALID
KOSPI,757,KR7004101002,004105,태양금속우,주권,PREFERRED,TRUE,,,19900108,1990-01-08,VALID
KOSPI,758,KR7004100004,004100,태양금속,주권,COMMON,TRUE,,,19760525,1976-05-25,VALID
KOSPI,759,KR7009410002,009410,태영건설,주권,COMMON,TRUE,,,19891113,1989-11-13,VALID
KOSPI,760,KR7009411000,009415,태영건설우,주권,PREFERRED,TRUE,,,19941122,1994-11-22,VALID
KOSPI,761,KR7001420009,001420,태원물산,주권,COMMON,TRUE,,,19750624,1975-06-24,VALID
KOSPI,762,KR7055490007,055490,테이팩스,주권,COMMON,TRUE,,,20171031,2017-10-31,VALID
KOSPI,763,KR7078000007,078000,텔코웨어,주권,COMMON,TRUE,,,20040720,2004-07-20,VALID
KOSPI,764,KR7214420002,214420,토니모리,주권,COMMON,TRUE,,,20150710,2015-07-10,VALID
KOSPI,765,KR7091810002,091810,트리니티항공,주권,COMMON,TRUE,,,20180801,2018-08-01,VALID
KOSPI,766,KR7019180009,019180,티에이치엔,주권,COMMON,TRUE,,,19960731,1996-07-31,VALID
KOSPI,767,KR7217590009,217590,티엠씨,주권,COMMON,TRUE,,,20251215,2025-12-15,VALID
KOSPI,768,KR7002900009,002900,TYM,주권,COMMON,TRUE,,,19730626,1973-06-26,VALID
KOSPI,769,KR736328K013,36328K,티와이홀딩스우,주권,PREFERRED,TRUE,,,20200922,2020-09-22,VALID
KOSPI,770,KR7363280009,363280,티와이홀딩스,주권,COMMON,TRUE,,,20200922,2020-09-22,VALID
KOSPI,771,KR7004870002,004870,티웨이홀딩스,주권,COMMON,TRUE,,,19770630,1977-06-30,VALID
KOSPI,772,KR7069260008,069260,TKG휴켐스,주권,COMMON,TRUE,,,20021007,2002-10-07,VALID
KOSPI,773,KR7007980006,007980,TP,주권,COMMON,TRUE,,,19941227,1994-12-27,VALID
KOSPI,774,KR7034230003,034230,파라다이스,주권,COMMON,TRUE,,,20240624,2024-06-24,VALID
KOSPI,775,KR7005690003,005690,파미셀,주권,COMMON,TRUE,,,19880520,1988-05-20,VALID
KOSPI,776,KR7036580009,036580,팜스코,주권,COMMON,TRUE,,,19991025,1999-10-25,VALID
KOSPI,777,KR7004720009,004720,팜젠사이언스,주권,COMMON,TRUE,,,19900615,1990-06-15,VALID
KOSPI,778,KR7028670008,028670,팬오션,주권,COMMON,TRUE,,,20070921,2007-09-21,VALID
KOSPI,779,KR7010820009,010820,퍼스텍,주권,COMMON,TRUE,,,19890510,1989-05-10,VALID
KOSPI,780,KR7016800005,016800,퍼시스,주권,COMMON,TRUE,,,19961224,1996-12-24,VALID
KOSPI,781,KR7001020007,001020,페이퍼코리아,주권,COMMON,TRUE,,,19760626,1976-06-26,VALID
KOSPI,782,KR7090080003,090080,평화산업,주권,COMMON,TRUE,,,20060602,2006-06-02,VALID
KOSPI,783,KR7010770006,010770,평화홀딩스,주권,COMMON,TRUE,,,19860331,1986-03-31,VALID
KOSPI,784,KR7022100002,022100,포스코DX,주권,COMMON,TRUE,,,20240102,2024-01-02,VALID
KOSPI,785,KR7058430000,058430,포스코스틸리온,주권,COMMON,TRUE,,,20020816,2002-08-16,VALID
KOSPI,786,KR7047050000,047050,포스코인터내셔널,주권,COMMON,TRUE,,,20010323,2001-03-23,VALID
KOSPI,787,KR7003670007,003670,포스코퓨처엠,주권,COMMON,TRUE,,,20190529,2019-05-29,VALID
KOSPI,788,KR7005490008,005490,POSCO홀딩스,주권,COMMON,TRUE,,,19880610,1988-06-10,VALID
KOSPI,789,KR7017810003,017810,풀무원,주권,COMMON,TRUE,,,19951005,1995-10-05,VALID
KOSPI,790,KR7103140000,103140,풍산,주권,COMMON,TRUE,,,20080730,2008-07-30,VALID
KOSPI,791,KR7005810007,005810,풍산홀딩스,주권,COMMON,TRUE,,,19880728,1988-07-28,VALID
KOSPI,792,KR8702070002,950210,프레스티지바이오파마,주식예탁증권,DR,FALSE,EXCLUDE_DR,,20210205,2021-02-05,VALID
KOSPI,793,KR7006490007,006490,프리티,주권,COMMON,TRUE,,,19850117,1985-01-17,VALID
KOSPI,794,KR7009810003,009810,플레이그램,주권,COMMON,TRUE,,,19880831,1988-08-31,VALID
KOSPI,795,KR7178920005,178920,PI첨단소재,주권,COMMON,TRUE,,,20210809,2021-08-09,VALID
KOSPI,796,KR7001340009,001340,PKC,주권,COMMON,TRUE,,,19760610,1976-06-10,VALID
KOSPI,797,KR7086790003,086790,하나금융지주,주권,COMMON,TRUE,,,20051212,2005-12-12,VALID
KOSPI,798,KR7293480000,293480,하나제약,주권,COMMON,TRUE,,,20181002,2018-10-02,VALID
KOSPI,799,KR7039130000,039130,하나투어,주권,COMMON,TRUE,,,20111101,2011-11-01,VALID
KOSPI,800,KR7352820005,352820,하이브,주권,COMMON,TRUE,,,20201015,2020-10-15,VALID
KOSPI,801,KR7071090005,071090,하이스틸,주권,COMMON,TRUE,,,20030217,2003-02-17,VALID
KOSPI,802,KR7000082008,000087,하이트진로2우B,주권,PREFERRED,TRUE,,,20110926,2011-09-26,VALID
KOSPI,803,KR7000080002,000080,하이트진로,주권,COMMON,TRUE,,,20091019,2009-10-19,VALID
KOSPI,804,KR7000141002,000145,하이트진로홀딩스우,주권,PREFERRED,TRUE,,,19870929,1987-09-29,VALID
KOSPI,805,KR7000140004,000140,하이트진로홀딩스,주권,COMMON,TRUE,,,19730919,1973-09-19,VALID
KOSPI,806,KR7036460004,036460,한국가스공사,주권,COMMON,TRUE,,,19991215,1999-12-15,VALID
KOSPI,807,KR7005430004,005430,한국공항,주권,COMMON,TRUE,,,19761228,1976-12-28,VALID
KOSPI,808,KR7010040004,010040,한국내화,주권,COMMON,TRUE,,,20001016,2000-10-16,VALID
KOSPI,809,KR7025540006,025540,한국단자,주권,COMMON,TRUE,,,19961016,1996-10-16,VALID
KOSPI,810,KR7010100006,010100,한국무브넥스,주권,COMMON,TRUE,,,19871002,1987-10-02,VALID
KOSPI,811,KR7004090007,004090,한국석유,주권,COMMON,TRUE,,,19770625,1977-06-25,VALID
KOSPI,812,KR7002200004,002200,한국수출포장,주권,COMMON,TRUE,,,19740628,1974-06-28,VALID
KOSPI,813,KR7002960003,002960,한국쉘석유,주권,COMMON,TRUE,,,19880810,1988-08-10,VALID
KOSPI,814,KR7000240002,000240,한국앤컴퍼니,주권,COMMON,TRUE,,,19681227,1968-12-27,VALID
KOSPI,815,KR7033270000,033270,유나이티드제약,주권,COMMON,TRUE,,,20071023,2007-10-23,VALID
KOSPI,816,KR7123890006,123890,한국자산신탁,주권,COMMON,TRUE,,,20160713,2016-07-13,VALID
KOSPI,817,KR7015760002,015760,한국전력,주권,COMMON,TRUE,,,19890810,1989-08-10,VALID
KOSPI,818,KR7052690005,052690,한전기술,주권,COMMON,TRUE,,,20091214,2009-12-14,VALID
KOSPI,819,KR7006200000,006200,한국전자홀딩스,주권,COMMON,TRUE,,,19791130,1979-11-30,VALID
KOSPI,820,KR7027970003,027970,한국제지,주권,COMMON,TRUE,,,19960703,1996-07-03,VALID
KOSPI,821,KR7023350002,023350,한국종합기술,주권,COMMON,TRUE,,,20110428,2011-04-28,VALID
KOSPI,822,KR7025890005,025890,한국주강,주권,COMMON,TRUE,,,19970718,1997-07-18,VALID
KOSPI,823,KR7000970004,000970,한국주철관,주권,COMMON,TRUE,,,19691212,1969-12-12,VALID
KOSPI,824,KR7104700000,104700,한국철강,주권,COMMON,TRUE,,,20080929,2008-09-29,VALID
KOSPI,825,KR7017960006,017960,한국카본,주권,COMMON,TRUE,,,19950708,1995-07-08,VALID
KOSPI,826,KR7161890009,161890,한국콜마,주권,COMMON,TRUE,,,20121019,2012-10-19,VALID
KOSPI,827,KR7161390000,161390,한국타이어앤테크놀로지,주권,COMMON,TRUE,,,20121004,2012-10-04,VALID
KOSPI,828,KR7034830000,034830,한국토지신탁,주권,COMMON,TRUE,,,20160711,2016-07-11,VALID
KOSPI,829,KR7071051007,071055,한국금융지주우,주권,PREFERRED,TRUE,,,20030721,2003-07-21,VALID
KOSPI,830,KR7071050009,071050,한국금융지주,주권,COMMON,TRUE,,,20030721,2003-07-21,VALID
KOSPI,831,KR7007280001,007280,한국특강,주권,COMMON,TRUE,,,19891113,1989-11-13,VALID
KOSPI,832,KR7047810007,047810,한국항공우주,주권,COMMON,TRUE,,,20110630,2011-06-30,VALID
KOSPI,833,KR7123690000,123690,한국화장품,주권,COMMON,TRUE,,,20100601,2010-06-01,VALID
KOSPI,834,KR7003350006,003350,한국화장품제조,주권,COMMON,TRUE,,,19780206,1978-02-06,VALID
KOSPI,835,KR7011500006,011500,한농화성,주권,COMMON,TRUE,,,20030109,2003-01-09,VALID
KOSPI,836,KR7002390003,002390,한독,주권,COMMON,TRUE,,,19760630,1976-06-30,VALID
KOSPI,837,KR7053690004,053690,한미글로벌,주권,COMMON,TRUE,,,20090623,2009-06-23,VALID
KOSPI,838,KR7042700005,042700,한미반도체,주권,COMMON,TRUE,,,20050722,2005-07-22,VALID
KOSPI,839,KR7008930000,008930,한미사이언스,주권,COMMON,TRUE,,,19880620,1988-06-20,VALID
KOSPI,840,KR7128940004,128940,한미약품,주권,COMMON,TRUE,,,20100730,2010-07-30,VALID
KOSPI,841,KR7009240003,009240,한샘,주권,COMMON,TRUE,,,20020716,2002-07-16,VALID
KOSPI,842,KR7020000006,020000,한섬,주권,COMMON,TRUE,,,19960703,1996-07-03,VALID
KOSPI,843,KR7003680006,003680,한성기업,주권,COMMON,TRUE,,,19890126,1989-01-26,VALID
KOSPI,844,KR7105630008,105630,한세실업,주권,COMMON,TRUE,,,20090320,2009-03-20,VALID
KOSPI,845,KR7069640001,069640,한세엠케이,주권,COMMON,TRUE,,,20110621,2011-06-21,VALID
KOSPI,846,KR7016450009,016450,한세예스24홀딩스,주권,COMMON,TRUE,,,20000106,2000-01-06,VALID
KOSPI,847,KR7009180001,009180,한솔로지스틱스,주권,COMMON,TRUE,,,19891113,1989-11-13,VALID
KOSPI,848,KR7213500002,213500,한솔제지,주권,COMMON,TRUE,,,20150126,2015-01-26,VALID
KOSPI,849,KR7014680003,014680,한솔케미칼,주권,COMMON,TRUE,,,19890520,1989-05-20,VALID
KOSPI,850,KR7004710000,004710,한솔테크닉스,주권,COMMON,TRUE,,,19880706,1988-07-06,VALID
KOSPI,851,KR7004150009,004150,한솔홀딩스,주권,COMMON,TRUE,,,19720517,1972-05-17,VALID
KOSPI,852,KR7025750001,025750,한솔홈데코,주권,COMMON,TRUE,,,20031104,2003-11-04,VALID
KOSPI,853,KR7004960001,004960,한신공영,주권,COMMON,TRUE,,,19760707,1976-07-07,VALID
KOSPI,854,KR7011700002,011700,한신기계,주권,COMMON,TRUE,,,19870724,1987-07-24,VALID
KOSPI,855,KR7001751007,001755,한양증권우,주권,PREFERRED,TRUE,,,19891024,1989-10-24,VALID
KOSPI,856,KR7001750009,001750,한양증권,주권,COMMON,TRUE,,,19880304,1988-03-04,VALID
KOSPI,857,KR7018880005,018880,한온시스템,주권,COMMON,TRUE,,,19960731,1996-07-31,VALID
KOSPI,858,KR7009420001,009420,한올바이오파마,주권,COMMON,TRUE,,,19891218,1989-12-18,VALID
KOSPI,859,KR7014130009,014130,한익스프레스,주권,COMMON,TRUE,,,19890725,1989-07-25,VALID
KOSPI,860,KR7300720000,300720,한일시멘트,주권,COMMON,TRUE,,,20180806,2018-08-06,VALID
KOSPI,861,KR7002220002,002220,한일철강,주권,COMMON,TRUE,,,19881007,1988-10-07,VALID
KOSPI,862,KR7003300001,003300,한일홀딩스,주권,COMMON,TRUE,,,19691120,1969-11-20,VALID
KOSPI,863,KR7051600005,051600,한전KPS,주권,COMMON,TRUE,,,20071214,2007-12-14,VALID
KOSPI,864,KR7130660004,130660,한전산업,주권,COMMON,TRUE,,,20101216,2010-12-16,VALID
KOSPI,865,KR7002320000,002320,한진,주권,COMMON,TRUE,,,19740812,1974-08-12,VALID
KOSPI,866,KR7003480001,003480,한진중공업홀딩스,주권,COMMON,TRUE,,,19560303,1956-03-03,VALID
KOSPI,867,KR718064K016,18064K,한진칼우,주권,PREFERRED,TRUE,,,20130916,2013-09-16,VALID
KOSPI,868,KR7180640005,180640,한진칼,주권,COMMON,TRUE,,,20130916,2013-09-16,VALID
KOSPI,869,KR7005110002,005110,한창,주권,COMMON,TRUE,,,19760601,1976-06-01,VALID
KOSPI,870,KR7009460007,009460,한창제지,주권,COMMON,TRUE,,,19871223,1987-12-23,VALID
KOSPI,871,KR7372910000,372910,한컴라이프케어,주권,COMMON,TRUE,,,20210817,2021-08-17,VALID
KOSPI,872,KR700088K015,00088K,한화3우B,주권,PREFERRED,TRUE,,,20161019,2016-10-19,VALID
KOSPI,873,KR745226K018,45226K,한화갤러리아우,주권,PREFERRED,TRUE,,,20230331,2023-03-31,VALID
KOSPI,874,KR7452260003,452260,한화갤러리아,주권,COMMON,TRUE,,,20230331,2023-03-31,VALID
KOSPI,875,KR7451800007,451800,한화리츠,부동산투자회사,REIT,TRUE,,,20230327,2023-03-27,VALID
KOSPI,876,KR7000880005,000880,한화,주권,COMMON,TRUE,,,19760624,1976-06-24,VALID
KOSPI,877,KR7489790006,489790,한화비전,주권,COMMON,TRUE,,,20240927,2024-09-27,VALID
KOSPI,878,KR7088350004,088350,한화생명,주권,COMMON,TRUE,,,20100317,2010-03-17,VALID
KOSPI,879,KR7000370007,000370,한화손해보험,주권,COMMON,TRUE,,,19750630,1975-06-30,VALID
KOSPI,880,KR7009831009,009835,한화솔루션우,주권,PREFERRED,TRUE,,,19891121,1989-11-21,VALID
KOSPI,881,KR7009830001,009830,한화솔루션,주권,COMMON,TRUE,,,19740619,1974-06-19,VALID
KOSPI,882,KR7272210006,272210,한화시스템,주권,COMMON,TRUE,,,20191113,2019-11-13,VALID
KOSPI,883,KR7012450003,012450,한화에어로스페이스,주권,COMMON,TRUE,,,19870527,1987-05-27,VALID
KOSPI,884,KR7082740002,082740,한화엔진,주권,COMMON,TRUE,,,20110104,2011-01-04,VALID
KOSPI,885,KR7042660001,042660,한화오션,주권,COMMON,TRUE,,,20010202,2001-02-02,VALID
KOSPI,886,KR7003531001,003535,한화투자증권우,주권,PREFERRED,TRUE,,,19890506,1989-05-06,VALID
KOSPI,887,KR7003530003,003530,한화투자증권,주권,COMMON,TRUE,,,19861125,1986-11-25,VALID
KOSPI,888,KR7195870001,195870,해성디에스,주권,COMMON,TRUE,,,20160624,2016-06-24,VALID
KOSPI,889,KR7101530004,101530,해태제과식품,주권,COMMON,TRUE,,,20160511,2016-05-11,VALID
KOSPI,890,KR7143210003,143210,핸즈코퍼레이션,주권,COMMON,TRUE,,,20161202,2016-12-02,VALID
KOSPI,891,KR7000721001,000725,현대건설우,주권,PREFERRED,TRUE,,,19890921,1989-09-21,VALID
KOSPI,892,KR7000720003,000720,현대건설,주권,COMMON,TRUE,,,19841222,1984-12-22,VALID
KOSPI,893,KR7453340002,453340,현대그린푸드,주권,COMMON,TRUE,,,20230410,2023-04-10,VALID
KOSPI,894,KR7086280005,086280,현대글로비스,주권,COMMON,TRUE,,,20051226,2005-12-26,VALID
KOSPI,895,KR7064350002,064350,현대로템,주권,COMMON,TRUE,,,20131030,2013-10-30,VALID
KOSPI,896,KR7079430005,079430,현대리바트,주권,COMMON,TRUE,,,20051122,2005-11-22,VALID
KOSPI,897,KR7012330007,012330,현대모비스,주권,COMMON,TRUE,,,19890905,1989-09-05,VALID
KOSPI,898,KR7069960003,069960,현대백화점,주권,COMMON,TRUE,,,20021125,2002-11-25,VALID
KOSPI,899,KR7004560009,004560,현대비앤지스틸,주권,COMMON,TRUE,,,19870324,1987-03-24,VALID
KOSPI,900,KR7004310009,004310,현대약품,주권,COMMON,TRUE,,,19780628,1978-06-28,VALID
KOSPI,901,KR7017800004,017800,현대엘리베이터,주권,COMMON,TRUE,,,19960703,1996-07-03,VALID
KOSPI,902,KR7307950006,307950,현대오토에버,주권,COMMON,TRUE,,,20190328,2019-03-28,VALID
KOSPI,903,KR7011210002,011210,현대위아,주권,COMMON,TRUE,,,20110221,2011-02-21,VALID
KOSPI,904,KR7005381009,005385,현대차우,주권,PREFERRED,TRUE,,,19890911,1989-09-11,VALID
KOSPI,905,KR7005382007,005387,현대차2우B,주권,PREFERRED,TRUE,,,19981202,1998-12-02,VALID
KOSPI,906,KR7005383005,005389,현대차3우B,주권,PREFERRED,TRUE,,,19990415,1999-04-15,VALID
KOSPI,907,KR7005380001,005380,현대차,주권,COMMON,TRUE,,,19740628,1974-06-28,VALID
KOSPI,908,KR7004020004,004020,현대제철,주권,COMMON,TRUE,,,19870523,1987-05-23,VALID
KOSPI,909,KR7005440003,005440,현대지에프홀딩스,주권,COMMON,TRUE,,,19890822,1989-08-22,VALID
KOSPI,910,KR7001500008,001500,현대차증권,주권,COMMON,TRUE,,,19900609,1990-06-09,VALID
KOSPI,911,KR7011760006,011760,현대코퍼레이션,주권,COMMON,TRUE,,,19771201,1977-12-01,VALID
KOSPI,912,KR7227840006,227840,현대코퍼레이션홀딩스,주권,COMMON,TRUE,,,20151023,2015-10-23,VALID
KOSPI,913,KR7126560002,126560,현대퓨처넷,주권,COMMON,TRUE,,,20101223,2010-12-23,VALID
KOSPI,914,KR7001450006,001450,현대해상,주권,COMMON,TRUE,,,19890825,1989-08-25,VALID
KOSPI,915,KR7093240000,093240,형지엘리트,주권,COMMON,TRUE,,,20090928,2009-09-28,VALID
KOSPI,916,KR7003010006,003010,혜인,주권,COMMON,TRUE,,,19880920,1988-09-20,VALID
KOSPI,917,KR7111110003,111110,호전실업,주권,COMMON,TRUE,,,20170202,2017-02-02,VALID
KOSPI,918,KR7008771008,008775,호텔신라우,주권,PREFERRED,TRUE,,,19910809,1991-08-09,VALID
KOSPI,919,KR7008770000,008770,호텔신라,주권,COMMON,TRUE,,,19910312,1991-03-12,VALID
KOSPI,920,KR7378850002,378850,화승알앤에이,주권,COMMON,TRUE,,,20210315,2021-03-15,VALID
KOSPI,921,KR7241590009,241590,화승엔터프라이즈,주권,COMMON,TRUE,,,20161004,2016-10-04,VALID
KOSPI,922,KR7006060008,006060,화승인더,주권,COMMON,TRUE,,,19910204,1991-02-04,VALID
KOSPI,923,KR7013520002,013520,화승코퍼레이션,주권,COMMON,TRUE,,,19910222,1991-02-22,VALID
KOSPI,924,KR7010690006,010690,화신,주권,COMMON,TRUE,,,19940114,1994-01-14,VALID
KOSPI,925,KR7133820001,133820,화인베스틸,주권,COMMON,TRUE,,,20140722,2014-07-22,VALID
KOSPI,926,KR7010660009,010660,화천기계,주권,COMMON,TRUE,,,19881212,1988-12-12,VALID
KOSPI,927,KR7000850008,000850,화천기공,주권,COMMON,TRUE,,,19991118,1999-11-18,VALID
KOSPI,928,KR7016580003,016580,환인제약,주권,COMMON,TRUE,,,19960703,1996-07-03,VALID
KOSPI,929,KR7032560005,032560,황금에스티,주권,COMMON,TRUE,,,20091029,2009-10-29,VALID
KOSPI,930,KR7004800009,004800,효성,주권,COMMON,TRUE,,,19730630,1973-06-30,VALID
KOSPI,931,KR7094280005,094280,효성ITX,주권,COMMON,TRUE,,,20071025,2007-10-25,VALID
KOSPI,932,KR7298040007,298040,효성중공업,주권,COMMON,TRUE,,,20180713,2018-07-13,VALID
KOSPI,933,KR7298020009,298020,효성티앤씨,주권,COMMON,TRUE,,,20180713,2018-07-13,VALID
KOSPI,934,KR7298000001,298000,효성화학,주권,COMMON,TRUE,,,20180713,2018-07-13,VALID
KOSPI,935,KR7093370005,093370,후성,주권,COMMON,TRUE,,,20061222,2006-12-22,VALID
KOSPI,936,KR7005870001,005870,휴니드,주권,COMMON,TRUE,,,19910903,1991-09-03,VALID
KOSPI,937,KR7079980009,079980,휴비스,주권,COMMON,TRUE,,,20120223,2012-02-23,VALID
KOSPI,938,KR7005010004,005010,휴스틸,주권,COMMON,TRUE,,,19730629,1973-06-29,VALID
KOSPI,939,KR7000541003,000545,흥국화재우,주권,PREFERRED,TRUE,,,19900320,1990-03-20,VALID
KOSPI,940,KR7000540005,000540,흥국화재,주권,COMMON,TRUE,,,19741205,1974-12-05,VALID
KOSPI,941,KR7003280005,003280,흥아해운,주권,COMMON,TRUE,,,19760629,1976-06-29,VALID
KOSDAQ,942,KR7098120009,098120,마이크로컨텍솔,주권,COMMON,TRUE,,,20080923,2008-09-23,VALID
KOSDAQ,943,KR7009520008,009520,포스코엠텍,주권,COMMON,TRUE,,,19971110,1997-11-10,VALID
KOSDAQ,944,KR7079810008,079810,APS이노베이션,주권,COMMON,TRUE,,,20050126,2005-01-26,VALID
KOSDAQ,945,KR7058820002,058820,CMG제약,주권,COMMON,TRUE,,,20010831,2001-08-31,VALID
KOSDAQ,946,KR7050120005,050120,ES큐브,주권,COMMON,TRUE,,,20020425,2002-04-25,VALID
KOSDAQ,947,KR7032620007,032620,GC메디아이,주권,COMMON,TRUE,,,19970502,1997-05-02,VALID
KOSDAQ,948,KR7024850000,024850,HLB이노베이션,주권,COMMON,TRUE,,,20010118,2001-01-18,VALID
KOSDAQ,949,KR7024120008,024120,KB오토시스,주권,COMMON,TRUE,,,19941207,1994-12-07,VALID
KOSDAQ,950,KR7044180008,044180,KD,주권,COMMON,TRUE,,,20001116,2000-11-16,VALID
KOSDAQ,951,KR7046440004,046440,KG파이낸셜,주권,COMMON,TRUE,,,20041214,2004-12-14,VALID
KOSDAQ,952,KR7073490005,073490,LIG아큐버,주권,COMMON,TRUE,,,20050204,2005-02-04,VALID
KOSDAQ,953,KR7091970004,091970,LSK아이로봇,주권,COMMON,TRUE,,,20070130,2007-01-30,VALID
KOSDAQ,954,KR7086960002,086960,MDS테크,주권,COMMON,TRUE,,,20060926,2006-09-26,VALID
KOSDAQ,955,KR7054050000,054050,NH농우바이오,주권,COMMON,TRUE,,,20020402,2002-04-02,VALID
KOSDAQ,956,KR7063570006,063570,NICE인프라,주권,COMMON,TRUE,,,20060714,2006-07-14,VALID
KOSDAQ,957,KR7222080004,222080,SFA넥셀,주권,COMMON,TRUE,,,20150902,2015-09-02,VALID
KOSDAQ,958,KR7041930009,041930,SY동아,주권,COMMON,TRUE,,,20011226,2001-12-26,VALID
KOSDAQ,959,KR7048770002,048770,TPC로보틱스,주권,COMMON,TRUE,,,20010116,2001-01-16,VALID
KOSDAQ,960,KR7079940003,079940,가비아,주권,COMMON,TRUE,,,20051019,2005-10-19,VALID
KOSDAQ,961,KR7078890001,078890,가온그룹,주권,COMMON,TRUE,,,20050712,2005-07-12,VALID
KOSDAQ,962,KR7399720002,399720,가온칩스,주권,COMMON,TRUE,,,20220520,2022-05-20,VALID
KOSDAQ,963,KR7036620003,036620,감성코퍼레이션,주권,COMMON,TRUE,,,20000111,2000-01-11,VALID
KOSDAQ,964,KR7198440000,198440,강동씨앤엘,주권,COMMON,TRUE,,,20140813,2014-08-13,VALID
KOSDAQ,965,KR7217730001,217730,강스템바이오텍,주권,COMMON,TRUE,,,20151221,2015-12-21,VALID
KOSDAQ,966,KR7114190002,114190,강원에너지,주권,COMMON,TRUE,,,20091120,2009-11-20,VALID
KOSDAQ,967,KR7094480001,094480,갤럭시아머니트리,주권,COMMON,TRUE,,,20070720,2007-07-20,VALID
KOSDAQ,968,KR7039240007,039240,경남스틸,주권,COMMON,TRUE,,,20000307,2000-03-07,VALID
KOSDAQ,969,KR7053950002,053950,경남제약,주권,COMMON,TRUE,,,20011106,2001-11-06,VALID
KOSDAQ,970,KR7011040003,011040,경동제약,주권,COMMON,TRUE,,,19921218,1992-12-18,VALID
KOSDAQ,971,KR7024910002,024910,경창산업,주권,COMMON,TRUE,,,19941229,1994-12-29,VALID
KOSDAQ,972,KR7049720006,049720,고려신용정보,주권,COMMON,TRUE,,,20020131,2002-01-31,VALID
KOSDAQ,973,KR7014570006,014570,고려제약,주권,COMMON,TRUE,,,20001207,2000-12-07,VALID
KOSDAQ,974,KR7348150004,348150,고바이오랩,주권,COMMON,TRUE,,,20201118,2020-11-18,VALID
KOSDAQ,975,KR8344390008,950190,고스트스튜디오,주식예탁증권,DR,FALSE,EXCLUDE_DR,,20200818,2020-08-18,VALID
KOSDAQ,976,KR7098460009,098460,고영,주권,COMMON,TRUE,,,20080603,2008-06-03,VALID
KOSDAQ,977,KR7035290006,035290,골드앤에스,주권,COMMON,TRUE,,,19991207,1999-12-07,VALID
KOSDAQ,978,KR7215000001,215000,골프존,주권,COMMON,TRUE,,,20150403,2015-04-03,VALID
KOSDAQ,979,KR7121440002,121440,골프존홀딩스,주권,COMMON,TRUE,,,20110520,2011-05-20,VALID
KOSDAQ,980,KR7029480001,029480,광무,주권,COMMON,TRUE,,,19960827,1996-08-27,VALID
KOSDAQ,981,KR7026910000,026910,광진실업,주권,COMMON,TRUE,,,19960103,1996-01-03,VALID
KOSDAQ,982,KR7465320000,465320,교보15호스팩,주권,SPAC,FALSE,EXCLUDE_SPAC,,20231205,2023-12-05,VALID
KOSDAQ,983,KR7482520004,482520,교보16호스팩,주권,SPAC,FALSE,EXCLUDE_SPAC,,20240813,2024-08-13,VALID
KOSDAQ,984,KR7489210005,489210,교보17호스팩,주권,SPAC,FALSE,EXCLUDE_SPAC,,20241121,2024-11-21,VALID
KOSDAQ,985,KR70041B0002,0041B0,교보18호스팩,주권,SPAC,FALSE,EXCLUDE_SPAC,,20250814,2025-08-14,VALID
KOSDAQ,986,KR70098T0004,0098T0,교보19호스팩,주권,SPAC,FALSE,EXCLUDE_SPAC,,20251212,2025-12-12,VALID
KOSDAQ,987,KR70132G0007,0132G0,교보20호스팩,주권,SPAC,FALSE,EXCLUDE_SPAC,,20260402,2026-04-02,VALID
KOSDAQ,988,KR7053270005,053270,구영테크,주권,COMMON,TRUE,,,20020207,2002-02-07,VALID
KOSDAQ,989,KR7066620006,066620,국보디자인,주권,COMMON,TRUE,,,20020905,2002-09-05,VALID
KOSDAQ,990,KR7043650001,043650,국순당,주권,COMMON,TRUE,,,20000824,2000-08-24,VALID
KOSDAQ,991,KR7006050009,006050,국영지앤엠,주권,COMMON,TRUE,,,19941007,1994-10-07,VALID
KOSDAQ,992,KR7060480001,060480,국일신동,주권,COMMON,TRUE,,,20141229,2014-12-29,VALID
KOSDAQ,993,KR7078130002,078130,국일제지,주권,COMMON,TRUE,,,20041022,2004-10-22,VALID
KOSDAQ,994,KR7307750000,307750,국전,주권,COMMON,TRUE,,,20181219,2018-12-19,VALID
KOSDAQ,995,KR7035080001,035080,그래디언트,주권,COMMON,TRUE,,,19990705,1999-07-05,VALID
KOSDAQ,996,KR7318060001,318060,그래피,주권,COMMON,TRUE,,,20250825,2025-08-25,VALID
KOSDAQ,997,HK0000307485,900290,GRT,외국주권,COMMON,TRUE,,,20161025,2016-10-25,VALID
KOSDAQ,998,KR7453450009,453450,그리드위즈,주권,COMMON,TRUE,,,20240614,2024-06-14,VALID
KOSDAQ,999,KR7204020002,204020,그리티,주권,COMMON,TRUE,,,20180723,2018-07-23,VALID
KOSDAQ,1000,KR70015G0009,0015G0,그린광학,주권,COMMON,TRUE,,,20251117,2025-11-17,VALID
KOSDAQ,1001,KR7402490007,402490,그린리소스,주권,COMMON,TRUE,,,20231124,2023-11-24,VALID
KOSDAQ,1002,KR7114450000,114450,그린생명과학,주권,COMMON,TRUE,,,20091222,2009-12-22,VALID
KOSDAQ,1003,KR7186230009,186230,그린플러스,주권,COMMON,TRUE,,,20190807,2019-08-07,VALID
KOSDAQ,1004,KR7083450007,083450,GST,주권,COMMON,TRUE,,,20060201,2006-02-01,VALID
KOSDAQ,1005,KYG3931T1076,900070,글로벌에스엠,외국주권,COMMON,TRUE,,,20091223,2009-12-23,VALID
KOSDAQ,1006,KR7204620009,204620,글로벌텍스프리,주권,COMMON,TRUE,,,20141119,2014-11-19,VALID
KOSDAQ,1007,KR7019660000,019660,글로본,주권,COMMON,TRUE,,,19920604,1992-06-04,VALID
KOSDAQ,1008,KR7053260006,053260,금강철강,주권,COMMON,TRUE,,,20020104,2002-01-04,VALID
KOSDAQ,1009,KR7282720002,282720,금양그린파워,주권,COMMON,TRUE,,,20230313,2023-03-13,VALID
KOSDAQ,1010,KR7036190007,036190,금화피에스시,주권,COMMON,TRUE,,,20001226,2000-12-26,VALID
KOSDAQ,1011,KR7049080005,049080,기가레인,주권,COMMON,TRUE,,,20131219,2013-12-19,VALID
KOSDAQ,1012,KR7420770000,420770,기가비스,주권,COMMON,TRUE,,,20230524,2023-05-24,VALID
KOSDAQ,1013,KR7035460005,035460,기산텔레콤,주권,COMMON,TRUE,,,19991118,1999-11-18,VALID
KOSDAQ,1014,KR7407400001,407400,꿈비,주권,COMMON,TRUE,,,20230209,2023-02-09,VALID
KOSDAQ,1015,KR7187790001,187790,나노,주권,COMMON,TRUE,,,20140508,2014-05-08,VALID
KOSDAQ,1016,KR7121600001,121600,나노신소재,주권,COMMON,TRUE,,,20110209,2011-02-09,VALID
KOSDAQ,1017,KR7286750005,286750,나노실리칸첨단소재,주권,COMMON,TRUE,,,20190819,2019-08-19,VALID
KOSDAQ,1018,KR7247660004,247660,나노씨엠에스,주권,COMMON,TRUE,,,20210309,2021-03-09,VALID
KOSDAQ,1019,KR7039860002,039860,나노엔텍,주권,COMMON,TRUE,,,20000816,2000-08-16,VALID
KOSDAQ,1020,KR7417010006,417010,나노팀,주권,COMMON,TRUE,,,20230303,2023-03-03,VALID
KOSDAQ,1021,KR7405920000,405920,나라셀라,주권,COMMON,TRUE,,,20230602,2023-06-02,VALID
KOSDAQ,1022,KR7478340003,478340,나라스페이스테크놀로지,주권,COMMON,TRUE,,,20251217,2025-12-17,VALID
KOSDAQ,1023,KR7051490001,051490,나라엠앤디,주권,COMMON,TRUE,,,20010612,2001-06-12,VALID
KOSDAQ,1024,KR7137080008,137080,나래나노텍,주권,COMMON,TRUE,,,20220208,2022-02-08,VALID
KOSDAQ,1025,KR7190510008,190510,나무가,주권,COMMON,TRUE,,,20151112,2015-11-12,VALID
KOSDAQ,1026,KR7242040004,242040,나무에이엑스,주권,COMMON,TRUE,,,20160907,2016-09-07,VALID
KOSDAQ,1027,KR7459510004,459510,나우로보틱스,주권,COMMON,TRUE,,,20250508,2025-05-08,VALID
KOSDAQ,1028,KR7293580007,293580,나우IB,주권,COMMON,TRUE,,,20181004,2018-10-04,VALID
KOSDAQ,1029,KR7138610001,138610,나이벡,주권,COMMON,TRUE,,,20110713,2011-07-13,VALID
KOSDAQ,1030,KR7130580004,130580,나이스디앤비,주권,COMMON,TRUE,,,20111222,2011-12-22,VALID
KOSDAQ,1031,KR7036800001,036800,나이스정보통신,주권,COMMON,TRUE,,,20000503,2000-05-03,VALID
KOSDAQ,1032,KR7366030005,366030,나인앤컴퍼니,주권,COMMON,TRUE,,,20220323,2022-03-23,VALID
KOSDAQ,1033,KR7267320000,267320,나인테크,주권,COMMON,TRUE,,,20170622,2017-06-22,VALID
KOSDAQ,1034,KR7111710000,111710,남화산업,주권,COMMON,TRUE,,,20181129,2018-11-29,VALID
KOSDAQ,1035,KR7091590000,091590,남화토건,주권,COMMON,TRUE,,,20120131,2012-01-31,VALID
KOSDAQ,1036,KR7168330009,168330,내츄럴엔도텍,주권,COMMON,TRUE,,,20131031,2013-10-31,VALID
KOSDAQ,1037,KR7094860004,094860,네오리진,주권,COMMON,TRUE,,,20070416,2007-04-16,VALID
KOSDAQ,1038,KR70218L0007,0218L0,네오뷰,주권,COMMON,TRUE,,,20260727,2026-07-27,VALID
KOSDAQ,1039,KR7253590004,253590,네오셈,주권,COMMON,TRUE,,,20180404,2018-04-04,VALID
KOSDAQ,1040,KR7212560007,212560,네오오토,주권,COMMON,TRUE,,,20151118,2015-11-18,VALID
KOSDAQ,1041,KR7095660007,095660,네오위즈,주권,COMMON,TRUE,,,20070702,2007-07-02,VALID
KOSDAQ,1042,KR7042420000,042420,네오위즈홀딩스,주권,COMMON,TRUE,,,20000627,2000-06-27,VALID
KOSDAQ,1043,KR8840140006,950220,네오이뮨텍,주식예탁증권,DR,FALSE,EXCLUDE_DR,,20210316,2021-03-16,VALID
KOSDAQ,1044,KR7311390009,311390,네오크레마,주권,COMMON,TRUE,,,20190822,2019-08-22,VALID
KOSDAQ,1045,KR7085910008,085910,네오티스,주권,COMMON,TRUE,,,20071001,2007-10-01,VALID
KOSDAQ,1046,KR7092730001,092730,네오팜,주권,COMMON,TRUE,,,20070130,2007-01-30,VALID
KOSDAQ,1047,KR7153460001,153460,네이블,주권,COMMON,TRUE,,,20120719,2012-07-19,VALID
KOSDAQ,1048,KR7007390008,007390,네이처셀,주권,COMMON,TRUE,,,19921130,1992-11-30,VALID
KOSDAQ,1049,KR7033640004,033640,네패스,주권,COMMON,TRUE,,,19991214,1999-12-14,VALID
KOSDAQ,1050,KR7330860008,330860,네패스아크,주권,COMMON,TRUE,,,20201117,2020-11-17,VALID
KOSDAQ,1051,KR7351320007,351320,넥사다이내믹스,주권,COMMON,TRUE,,,20200622,2020-06-22,VALID
KOSDAQ,1052,KR7089140008,089140,넥스턴앤롤코리아,주권,COMMON,TRUE,,,20061101,2006-11-01,VALID
KOSDAQ,1053,KR7389650003,389650,넥스트바이오메디컬,주권,COMMON,TRUE,,,20240820,2024-08-20,VALID
KOSDAQ,1054,KR7137940003,137940,넥스트아이,주권,COMMON,TRUE,,,20110614,2011-06-14,VALID
KOSDAQ,1055,KR7160550000,160550,NEW,주권,COMMON,TRUE,,,20141223,2014-12-23,VALID
KOSDAQ,1056,KR7396270001,396270,넥스트칩,주권,COMMON,TRUE,,,20220701,2022-07-01,VALID
KOSDAQ,1057,KR7348210006,348210,넥스틴,주권,COMMON,TRUE,,,20201008,2020-10-08,VALID
KOSDAQ,1058,KR7225570001,225570,넥슨게임즈,주권,COMMON,TRUE,,,20150925,2015-09-25,VALID
KOSDAQ,1059,KR7205500002,205500,넥써쓰,주권,COMMON,TRUE,,,20141112,2014-11-12,VALID
KOSDAQ,1060,KR7217270008,217270,넵튠,주권,COMMON,TRUE,,,20150618,2015-06-18,VALID
KOSDAQ,1061,KR7104620000,104620,노랑풍선,주권,COMMON,TRUE,,,20190130,2019-01-30,VALID
KOSDAQ,1062,KR7473980001,473980,노머스,주권,COMMON,TRUE,,,20241112,2024-11-12,VALID
KOSDAQ,1063,KR7194700001,194700,노바렉스,주권,COMMON,TRUE,,,20181114,2018-11-14,VALID
KOSDAQ,1064,KR7285490009,285490,노바텍,주권,COMMON,TRUE,,,20181102,2018-11-02,VALID
KOSDAQ,1065,KR7145170007,145170,노브랜드,주권,COMMON,TRUE,,,20240523,2024-05-23,VALID
KOSDAQ,1066,KR7376930004,376930,노을,주권,COMMON,TRUE,,,20220303,2022-03-03,VALID
KOSDAQ,1067,KR7486990005,486990,노타,주권,COMMON,TRUE,,,20251103,2025-11-03,VALID
KOSDAQ,1068,KR7142280007,142280,녹십자엠에스,주권,COMMON,TRUE,,,20141217,2014-12-17,VALID
KOSDAQ,1069,KR7234690006,234690,녹십자웰빙,주권,COMMON,TRUE,,,20191014,2019-10-14,VALID
KOSDAQ,1070,KR7154030001,154030,아시아종묘,주권,COMMON,TRUE,,,20180212,2018-02-12,VALID
KOSDAQ,1071,KR7403490006,403490,우듬지팜,주권,COMMON,TRUE,,,20230919,2023-09-19,VALID
KOSDAQ,1072,KR7069140002,069140,누리플랜,주권,COMMON,TRUE,,,20101026,2010-10-26,VALID
KOSDAQ,1073,KR7040160004,040160,누리플렉스,주권,COMMON,TRUE,,,20000829,2000-08-29,VALID
KOSDAQ,1074,KR7332290006,332290,누보,주권,COMMON,TRUE,,,20191011,2019-10-11,VALID
KOSDAQ,1075,KR7348340001,348340,뉴로메카,주권,COMMON,TRUE,,,20221104,2022-11-04,VALID
KOSDAQ,1076,KR7380550004,380550,뉴로핏,주권,COMMON,TRUE,,,20250725,2025-07-25,VALID
KOSDAQ,1077,KR7060260007,060260,뉴보텍,주권,COMMON,TRUE,,,20020205,2002-02-05,VALID
KOSDAQ,1078,KR7463020008,463020,뉴엔AI,주권,COMMON,TRUE,,,20250704,2025-07-04,VALID
KOSDAQ,1079,KR7123840001,123840,뉴온,주권,COMMON,TRUE,,,20101005,2010-10-05,VALID
KOSDAQ,1080,KR7012340006,012340,뉴인텍,주권,COMMON,TRUE,,,19970212,1997-02-12,VALID
KOSDAQ,1081,KR7462310004,462310,뉴키즈온,주권,COMMON,TRUE,,,20250709,2025-07-09,VALID
KOSDAQ,1082,KR7270870009,270870,뉴트리,주권,COMMON,TRUE,,,20181213,2018-12-13,VALID
KOSDAQ,1083,KR7144960002,144960,뉴파워프라즈마,주권,COMMON,TRUE,,,20161130,2016-11-30,VALID
KOSDAQ,1084,KR7085670008,085670,뉴프렉스,주권,COMMON,TRUE,,,20060117,2006-01-17,VALID
KOSDAQ,1085,KR7064260003,064260,다날,주권,COMMON,TRUE,,,20040723,2004-07-23,VALID
KOSDAQ,1086,KR7340360007,340360,다보링크,주권,COMMON,TRUE,,,20191219,2019-12-19,VALID
KOSDAQ,1087,KR7039560008,039560,다산네트웍스,주권,COMMON,TRUE,,,20000622,2000-06-22,VALID
KOSDAQ,1088,KR7208860007,208860,다산디엠씨,주권,COMMON,TRUE,,,20160728,2016-07-28,VALID
KOSDAQ,1089,KR7154040000,154040,다산솔루에타,주권,COMMON,TRUE,,,20131227,2013-12-27,VALID
KOSDAQ,1090,KR7032190001,032190,다우데이타,주권,COMMON,TRUE,,,19991221,1999-12-21,VALID
KOSDAQ,1091,KR7323350009,323350,다원넥스뷰,주권,COMMON,TRUE,,,20240611,2024-06-11,VALID
KOSDAQ,1092,KR7068240001,068240,다원시스,주권,COMMON,TRUE,,,20100914,2010-09-14,VALID
KOSDAQ,1093,KR7290660000,290660,다이나믹솔루션,주권,COMMON,TRUE,,,20181128,2018-11-28,VALID
KOSDAQ,1094,KR7464580000,464580,닷밀,주권,COMMON,TRUE,,,20241113,2024-11-13,VALID
KOSDAQ,1095,KR7020400008,020400,대동금속,주권,COMMON,TRUE,,,19930730,1993-07-30,VALID
KOSDAQ,1096,KR7008830002,008830,대동기어,주권,COMMON,TRUE,,,19910517,1991-05-17,VALID
KOSDAQ,1097,KR7048470009,048470,대동스틸,주권,COMMON,TRUE,,,20020110,2002-01-10,VALID
KOSDAQ,1098,KR7004780003,004780,대륙제관,주권,COMMON,TRUE,,,19941229,1994-12-29,VALID
KOSDAQ,1099,KR7017650003,017650,대림제지,주권,COMMON,TRUE,,,19941107,1994-11-07,VALID
KOSDAQ,1100,KR7389260001,389260,대명에너지,주권,COMMON,TRUE,,,20220516,2022-05-16,VALID
KOSDAQ,1101,KR7317850006,317850,대모,주권,COMMON,TRUE,,,20190724,2019-07-24,VALID
KOSDAQ,1102,KR7290670009,290670,대보마그네틱,주권,COMMON,TRUE,,,20181106,2018-11-06,VALID
KOSDAQ,1103,KR7078140001,078140,대봉엘에스,주권,COMMON,TRUE,,,20051223,2005-12-23,VALID
KOSDAQ,1104,KR7065150005,065150,대산F&B,주권,COMMON,TRUE,,,20070718,2007-07-18,VALID
KOSDAQ,1105,KR7036480002,036480,대성미생물,주권,COMMON,TRUE,,,20000404,2000-04-04,VALID
KOSDAQ,1106,KR7027830009,027830,대성창투,주권,COMMON,TRUE,,,19991130,1999-11-30,VALID
KOSDAQ,1107,KR7129920005,129920,대성하이텍,주권,COMMON,TRUE,,,20220822,2022-08-22,VALID
KOSDAQ,1108,KR7471050005,471050,대신밸런스제17호스팩,주권,SPAC,FALSE,EXCLUDE_SPAC,,20240124,2024-01-24,VALID
KOSDAQ,1109,KR7482690005,482690,대신밸런스제19호스팩,주권,SPAC,FALSE,EXCLUDE_SPAC,,20241120,2024-11-20,VALID
KOSDAQ,1110,KR70134X0004,0134X0,대신밸런스제20호스팩,주권,SPAC,FALSE,EXCLUDE_SPAC,,20260605,2026-06-05,VALID
KOSDAQ,1111,KR7020180006,020180,대신정보통신,주권,COMMON,TRUE,,,19951006,1995-10-06,VALID
KOSDAQ,1112,KR7045390002,045390,대아티아이,주권,COMMON,TRUE,,,20010517,2001-05-17,VALID
KOSDAQ,1113,KR7108380007,108380,대양전기공업,주권,COMMON,TRUE,,,20110708,2011-07-08,VALID
KOSDAQ,1114,KR7007680002,007680,대원,주권,COMMON,TRUE,,,20171201,2017-12-01,VALID
KOSDAQ,1115,KR7048910004,048910,대원미디어,주권,COMMON,TRUE,,,20010731,2001-07-31,VALID
KOSDAQ,1116,KR7005710009,005710,대원산업,주권,COMMON,TRUE,,,19930621,1993-06-21,VALID
KOSDAQ,1117,KR7120240007,120240,대정화금,주권,COMMON,TRUE,,,20101220,2010-12-20,VALID
KOSDAQ,1118,KR7003310000,003310,대주산업,주권,COMMON,TRUE,,,19920801,1992-08-01,VALID
KOSDAQ,1119,KR7078600004,078600,대주전자재료,주권,COMMON,TRUE,,,20041210,2004-12-10,VALID
KOSDAQ,1120,KR7393970009,393970,대진첨단소재,주권,COMMON,TRUE,,,20250306,2025-03-06,VALID
KOSDAQ,1121,KR7096350004,096350,대창솔루션,주권,COMMON,TRUE,,,20071217,2007-12-17,VALID
KOSDAQ,1122,KR7140520008,140520,대창스틸,주권,COMMON,TRUE,,,20141205,2014-12-05,VALID
KOSDAQ,1123,KR7131220006,131220,대한과학,주권,COMMON,TRUE,,,20111011,2011-10-11,VALID
KOSDAQ,1124,KR7010170009,010170,대한광통신,주권,COMMON,TRUE,,,19941107,1994-11-07,VALID
KOSDAQ,1125,KR7054670005,054670,대한뉴팜,주권,COMMON,TRUE,,,20020226,2002-02-26,VALID
KOSDAQ,1126,KR7023910003,023910,대한약품,주권,COMMON,TRUE,,,19941123,1994-11-23,VALID
KOSDAQ,1127,KR7021040001,021040,대호특수강,주권,COMMON,TRUE,,,19960827,1996-08-27,VALID
KOSDAQ,1128,KR7021041009,021045,대호특수강우,주권,PREFERRED,TRUE,,,20010913,2001-09-13,VALID
KOSDAQ,1129,KR7067080002,067080,대화제약,주권,COMMON,TRUE,,,20030214,2003-02-14,VALID
KOSDAQ,1130,KR7298540006,298540,더네이쳐홀딩스,주권,COMMON,TRUE,,,20200727,2020-07-27,VALID
KOSDAQ,1131,KR7032860009,032860,더라미,주권,COMMON,TRUE,,,19970704,1997-07-04,VALID
KOSDAQ,1132,KR7393890009,393890,더블유씨피,주권,COMMON,TRUE,,,20220930,2022-09-30,VALID
KOSDAQ,1133,KR7299170001,299170,더블유에스아이,주권,COMMON,TRUE,,,20180921,2018-09-21,VALID
KOSDAQ,1134,KR7089230007,089230,THE E&M,주권,COMMON,TRUE,,,20061010,2006-10-10,VALID
KOSDAQ,1135,KR7462860008,462860,더즌,주권,COMMON,TRUE,,,20250324,2025-03-24,VALID
KOSDAQ,1136,KR7224060004,224060,더코디,주권,COMMON,TRUE,,,20151229,2015-12-29,VALID
KOSDAQ,1137,KR7403850001,403850,더핑크퐁컴퍼니,주권,COMMON,TRUE,,,20251118,2025-11-18,VALID
KOSDAQ,1138,KR7213420003,213420,덕산네오룩스,주권,COMMON,TRUE,,,20150206,2015-02-06,VALID
KOSDAQ,1139,KR7317330009,317330,덕산테코피아,주권,COMMON,TRUE,,,20190802,2019-08-02,VALID
KOSDAQ,1140,KR7077360006,077360,덕산하이메탈,주권,COMMON,TRUE,,,20051014,2005-10-14,VALID
KOSDAQ,1141,KR7090410002,090410,덕신이피씨,주권,COMMON,TRUE,,,20140801,2014-08-01,VALID
KOSDAQ,1142,KR70001A0001,0001A0,덕양에너젠,주권,COMMON,TRUE,,,20260130,2026-01-30,VALID
KOSDAQ,1143,KR7263600009,263600,덕우전자,주권,COMMON,TRUE,,,20170828,2017-08-28,VALID
KOSDAQ,1144,KR7194480000,194480,데브시스터즈,주권,COMMON,TRUE,,,20141006,2014-10-06,VALID
KOSDAQ,1145,KR7373160001,373160,데이원컴퍼니,주권,COMMON,TRUE,,,20250124,2025-01-24,VALID
KOSDAQ,1146,KR7263800005,263800,데이타솔루션,주권,COMMON,TRUE,,,20170803,2017-08-03,VALID
KOSDAQ,1147,KR7206560005,206560,덱스터,주권,COMMON,TRUE,,,20151222,2015-12-22,VALID
KOSDAQ,1148,KR7261200000,261200,덴티스,주권,COMMON,TRUE,,,20170626,2017-06-26,VALID
KOSDAQ,1149,KR7484120001,484120,도우인시스,주권,COMMON,TRUE,,,20250723,2025-07-23,VALID
KOSDAQ,1150,KR7067990002,067990,도이치모터스,주권,COMMON,TRUE,,,20041203,2004-12-03,VALID
KOSDAQ,1151,KR7006620009,006620,동구바이오제약,주권,COMMON,TRUE,,,20180213,2018-02-13,VALID
KOSDAQ,1152,KR7005160007,005160,동국산업,주권,COMMON,TRUE,,,19990625,1999-06-25,VALID
KOSDAQ,1153,KR7303810006,303810,동국생명과학,주권,COMMON,TRUE,,,20250217,2025-02-17,VALID
KOSDAQ,1154,KR7075970004,075970,동국알앤에스,주권,COMMON,TRUE,,,20040213,2004-02-13,VALID
KOSDAQ,1155,KR7100130004,100130,동국S&C,주권,COMMON,TRUE,,,20090831,2009-08-31,VALID
KOSDAQ,1156,KR7086450004,086450,동국제약,주권,COMMON,TRUE,,,20070529,2007-05-29,VALID
KOSDAQ,1157,KR7240550004,240550,동방메디컬,주권,COMMON,TRUE,,,20250213,2025-02-13,VALID
KOSDAQ,1158,KR7099410003,099410,동방선기,주권,COMMON,TRUE,,,20091110,2009-11-10,VALID
KOSDAQ,1159,KR7033500000,033500,동성화인텍,주권,COMMON,TRUE,,,19971219,1997-12-19,VALID
KOSDAQ,1160,KR7025950007,025950,동신건설,주권,COMMON,TRUE,,,19950807,1995-08-07,VALID
KOSDAQ,1161,KR7088130000,088130,동아엘텍,주권,COMMON,TRUE,,,20070103,2007-01-03,VALID
KOSDAQ,1162,KR7060380003,060380,동양에스텍,주권,COMMON,TRUE,,,20020205,2002-02-05,VALID
KOSDAQ,1163,KR7079960001,079960,동양이엔피,주권,COMMON,TRUE,,,20050201,2005-02-01,VALID
KOSDAQ,1164,KR7228340006,228340,동양파일,주권,COMMON,TRUE,,,20160406,2016-04-06,VALID
KOSDAQ,1165,KR7088910005,088910,동우팜투테이블,주권,COMMON,TRUE,,,20060623,2006-06-23,VALID
KOSDAQ,1166,KR7094170008,094170,동운아나텍,주권,COMMON,TRUE,,,20150630,2015-06-30,VALID
KOSDAQ,1167,KR7013120001,013120,동원개발,주권,COMMON,TRUE,,,19941229,1994-12-29,VALID
KOSDAQ,1168,KR7109860007,109860,동일금속,주권,COMMON,TRUE,,,20090728,2009-07-28,VALID
KOSDAQ,1169,KR7032960007,032960,동일기연,주권,COMMON,TRUE,,,19970718,1997-07-18,VALID
KOSDAQ,1170,KR7023790009,023790,동일스틸럭스,주권,COMMON,TRUE,,,19941107,1994-11-07,VALID
KOSDAQ,1171,KR7005290002,005290,동진쎄미켐,주권,COMMON,TRUE,,,19991221,1999-12-21,VALID
KOSDAQ,1172,KR7025900002,025900,동화기업,주권,COMMON,TRUE,,,19950807,1995-08-07,VALID
KOSDAQ,1173,KR7131970006,131970,두산테스나,주권,COMMON,TRUE,,,20131022,2013-10-22,VALID
KOSDAQ,1174,KR7073190001,073190,듀오백,주권,COMMON,TRUE,,,20040206,2004-02-06,VALID
KOSDAQ,1175,KR7176750008,176750,듀켐바이오,주권,COMMON,TRUE,,,20241220,2024-12-20,VALID
KOSDAQ,1176,KR7030350003,030350,드래곤플라이,주권,COMMON,TRUE,,,19971110,1997-11-10,VALID
KOSDAQ,1177,KR7203650007,203650,드림시큐리티,주권,COMMON,TRUE,,,20141013,2014-10-13,VALID
KOSDAQ,1178,KR7223250002,223250,드림씨아이에스,주권,COMMON,TRUE,,,20200522,2020-05-22,VALID
KOSDAQ,1179,KR7060570009,060570,드림어스컴퍼니,주권,COMMON,TRUE,,,20031219,2003-12-19,VALID
KOSDAQ,1180,KR7362990004,362990,드림인사이트,주권,COMMON,TRUE,,,20240125,2024-01-25,VALID
KOSDAQ,1181,KR7016670002,016670,디모아,주권,COMMON,TRUE,,,19930421,1993-04-21,VALID
KOSDAQ,1182,KR7187870001,187870,디바이스,주권,COMMON,TRUE,,,20171220,2017-12-20,VALID
KOSDAQ,1183,KR7477760003,477760,DB금융스팩12호,주권,SPAC,FALSE,EXCLUDE_SPAC,,20240618,2024-06-18,VALID
KOSDAQ,1184,KR7489730002,489730,디비금융제13호스팩,주권,SPAC,FALSE,EXCLUDE_SPAC,,20241128,2024-11-28,VALID
KOSDAQ,1185,KR70004Y0000,0004Y0,디비금융제14호스팩,주권,SPAC,FALSE,EXCLUDE_SPAC,,20250722,2025-07-22,VALID
KOSDAQ,1186,KR7110990009,110990,디아이티,주권,COMMON,TRUE,,,20180807,2018-08-07,VALID
KOSDAQ,1187,KR7263690000,263690,디알젬,주권,COMMON,TRUE,,,20181122,2018-11-22,VALID
KOSDAQ,1188,KR7214680001,214680,디알텍,주권,COMMON,TRUE,,,20150420,2015-04-20,VALID
KOSDAQ,1189,KR7347850000,347850,디앤디파마텍,주권,COMMON,TRUE,,,20240502,2024-05-02,VALID
KOSDAQ,1190,KR7263720005,263720,디앤씨미디어,주권,COMMON,TRUE,,,20170801,2017-08-01,VALID
KOSDAQ,1191,KR7376300000,376300,디어유,주권,COMMON,TRUE,,,20211110,2021-11-10,VALID
KOSDAQ,1192,KR7241520006,241520,DSC인베스트먼트,주권,COMMON,TRUE,,,20161219,2016-12-19,VALID
KOSDAQ,1193,KR7104040001,104040,디에스엠,주권,COMMON,TRUE,,,20090123,2009-01-23,VALID
KOSDAQ,1194,KR7109740001,109740,디에스케이,주권,COMMON,TRUE,,,20090923,2009-09-23,VALID
KOSDAQ,1195,KR7031860000,031860,디에이치엑스컴퍼니,주권,COMMON,TRUE,,,19970107,1997-01-07,VALID
KOSDAQ,1196,KR7290120005,290120,DH오토리드,주권,COMMON,TRUE,,,20181207,2018-12-07,VALID
KOSDAQ,1197,KR7025440009,025440,DH오토웨어,주권,COMMON,TRUE,,,19950522,1995-05-22,VALID
KOSDAQ,1198,KR7196490007,196490,디에이테크놀로지,주권,COMMON,TRUE,,,20141119,2014-11-19,VALID
KOSDAQ,1199,KR7066900002,066900,디에이피,주권,COMMON,TRUE,,,20040514,2004-05-14,VALID
KOSDAQ,1200,KR7180400004,180400,DXVX,주권,COMMON,TRUE,,,20151120,2015-11-20,VALID
KOSDAQ,1201,KR7092070002,092070,디엔에프,주권,COMMON,TRUE,,,20071116,2007-11-16,VALID
KOSDAQ,1202,KR7068790005,068790,DMS,주권,COMMON,TRUE,,,20041001,2004-10-01,VALID
KOSDAQ,1203,KR7039840004,039840,디오,주권,COMMON,TRUE,,,20000629,2000-06-29,VALID
KOSDAQ,1204,KR7219550001,219550,디와이디,주권,COMMON,TRUE,,,20150722,2015-07-22,VALID
KOSDAQ,1205,KR7310870001,310870,디와이씨,주권,COMMON,TRUE,,,20181220,2018-12-20,VALID
KOSDAQ,1206,KR7104460001,104460,디와이피엔에프,주권,COMMON,TRUE,,,20091222,2009-12-22,VALID
KOSDAQ,1207,KR7113810006,113810,디젠스,주권,COMMON,TRUE,,,20121122,2012-11-22,VALID
KOSDAQ,1208,KR7043360007,043360,디지아이,주권,COMMON,TRUE,,,20010720,2001-07-20,VALID
KOSDAQ,1209,KR7099520009,099520,DGI,주권,COMMON,TRUE,,,20091222,2009-12-22,VALID
KOSDAQ,1210,KR7197140007,197140,디지캡,주권,COMMON,TRUE,,,20180907,2018-09-07,VALID
KOSDAQ,1211,KR7068930007,068930,디지털대성,주권,COMMON,TRUE,,,20031017,2003-10-17,VALID
KOSDAQ,1212,KR7033130006,033130,디지틀조선,주권,COMMON,TRUE,,,19970806,1997-08-06,VALID
KOSDAQ,1213,KR7105740005,105740,디케이락,주권,COMMON,TRUE,,,20101112,2010-11-12,VALID
KOSDAQ,1214,KR7263020000,263020,디케이앤디,주권,COMMON,TRUE,,,20181120,2018-11-20,VALID
KOSDAQ,1215,KR7290550003,290550,디케이티,주권,COMMON,TRUE,,,20181221,2018-12-21,VALID
KOSDAQ,1216,KR7066670001,066670,디티씨,주권,COMMON,TRUE,,,20021230,2002-12-30,VALID
KOSDAQ,1217,KR7187220009,187220,디티앤씨,주권,COMMON,TRUE,,,20141217,2014-12-17,VALID
KOSDAQ,1218,KR7383930005,383930,디티앤씨알오,주권,COMMON,TRUE,,,20221111,2022-11-11,VALID
KOSDAQ,1219,KR7131180002,131180,딜리,주권,COMMON,TRUE,,,20110131,2011-01-31,VALID
KOSDAQ,1220,KR7483350005,483350,딜리셔스,주권,COMMON,TRUE,,,20260812,2026-08-12,VALID
KOSDAQ,1221,KR7315640003,315640,딥노이드,주권,COMMON,TRUE,,,20210817,2021-08-17,VALID
KOSDAQ,1222,HK0000057197,900110,딥커머스,외국주권,COMMON,TRUE,,,20100423,2010-04-23,VALID
KOSDAQ,1223,KR7317120004,317120,라닉스,주권,COMMON,TRUE,,,20190918,2019-09-18,VALID
KOSDAQ,1224,KR7462510009,462510,라메디텍,주권,COMMON,TRUE,,,20240617,2024-06-17,VALID
KOSDAQ,1225,KR7232680009,232680,라온로보틱스,주권,COMMON,TRUE,,,20210617,2021-06-17,VALID
KOSDAQ,1226,KR7042510008,042510,라온시큐어,주권,COMMON,TRUE,,,20010103,2001-01-03,VALID
KOSDAQ,1227,KR7418420006,418420,라온텍,주권,COMMON,TRUE,,,20230309,2023-03-09,VALID
KOSDAQ,1228,KR7300120003,300120,라온피플,주권,COMMON,TRUE,,,20191018,2019-10-18,VALID
KOSDAQ,1229,KR7171120009,171120,라이온켐텍,주권,COMMON,TRUE,,,20131119,2013-11-19,VALID
KOSDAQ,1230,KR7388790008,388790,라이콤,주권,COMMON,TRUE,,,20210903,2021-09-03,VALID
KOSDAQ,1231,KR7214260002,214260,라파스,주권,COMMON,TRUE,,,20191111,2019-11-11,VALID
KOSDAQ,1232,KR7171010002,171010,램테크놀러지,주권,COMMON,TRUE,,,20131118,2013-11-18,VALID
KOSDAQ,1233,KR7084650001,084650,랩지노믹스,주권,COMMON,TRUE,,,20141216,2014-12-16,VALID
KOSDAQ,1234,KR7217500008,217500,러셀,주권,COMMON,TRUE,,,20150616,2015-06-16,VALID
KOSDAQ,1235,KR7038390001,038390,레드캡투어,주권,COMMON,TRUE,,,20000201,2000-02-01,VALID
KOSDAQ,1236,KR7387690001,387690,레메디,주권,COMMON,TRUE,,,20260713,2026-07-13,VALID
KOSDAQ,1237,KR7294140009,294140,레몬,주권,COMMON,TRUE,,,20200228,2020-02-28,VALID
KOSDAQ,1238,KR7365660000,365660,레몬헬스케어,주권,COMMON,TRUE,,,20260706,2026-07-06,VALID
KOSDAQ,1239,KR7443250006,443250,레뷰코퍼레이션,주권,COMMON,TRUE,,,20231006,2023-10-06,VALID
KOSDAQ,1240,KR7228670006,228670,레이,주권,COMMON,TRUE,,,20190808,2019-08-08,VALID
KOSDAQ,1241,KR7228850004,228850,레이언스,주권,COMMON,TRUE,,,20160411,2016-04-11,VALID
KOSDAQ,1242,KR7412350001,412350,레이저쎌,주권,COMMON,TRUE,,,20220624,2022-06-24,VALID
KOSDAQ,1243,KR7199550005,199550,레이저옵텍,주권,COMMON,TRUE,,,20240201,2024-02-01,VALID
KOSDAQ,1244,KR7281740001,281740,레이크머티리얼즈,주권,COMMON,TRUE,,,20171212,2017-12-12,VALID
KOSDAQ,1245,KR7277810008,277810,레인보우로보틱스,주권,COMMON,TRUE,,,20210203,2021-02-03,VALID
KOSDAQ,1246,KR7215100009,215100,로보로보,주권,COMMON,TRUE,,,20150422,2015-04-22,VALID
KOSDAQ,1247,KR7090360009,090360,로보스타,주권,COMMON,TRUE,,,20111017,2011-10-17,VALID
KOSDAQ,1248,KR7108490004,108490,로보티즈,주권,COMMON,TRUE,,,20181026,2018-10-26,VALID
KOSDAQ,1249,HK0000295359,900260,로스웰,외국주권,COMMON,TRUE,,,20160630,2016-06-30,VALID
KOSDAQ,1250,KR7033290008,033290,로젠,주권,COMMON,TRUE,,,19971013,1997-10-13,VALID
KOSDAQ,1251,KR7067730002,067730,로지시스,주권,COMMON,TRUE,,,20150729,2015-07-29,VALID
KOSDAQ,1252,KR7071280002,071280,로체시스템즈,주권,COMMON,TRUE,,,20031114,2003-11-14,VALID
KOSDAQ,1253,KR7376900007,376900,로킷헬스케어,주권,COMMON,TRUE,,,20250512,2025-05-12,VALID
KOSDAQ,1254,KR7214610008,214610,롤링스톤,주권,COMMON,TRUE,,,20201022,2020-10-22,VALID
KOSDAQ,1255,KR7328130000,328130,루닛,주권,COMMON,TRUE,,,20220721,2022-07-21,VALID
KOSDAQ,1256,KR7038060000,038060,루멘스,주권,COMMON,TRUE,,,20060808,2006-08-08,VALID
KOSDAQ,1257,KR7474170008,474170,루미르,주권,COMMON,TRUE,,,20241021,2024-10-21,VALID
KOSDAQ,1258,KR7195990007,195990,루트K,주권,COMMON,TRUE,,,20150413,2015-04-13,VALID
KOSDAQ,1259,KR7141080002,141080,리가켐바이오,주권,COMMON,TRUE,,,20130510,2013-05-10,VALID
KOSDAQ,1260,KR7058470006,058470,리노공업,주권,COMMON,TRUE,,,20011218,2001-12-18,VALID
KOSDAQ,1261,KR7016100000,016100,리더스코스메틱,주권,COMMON,TRUE,,,20030115,2003-01-15,VALID
KOSDAQ,1262,KR7012700001,012700,리드코프,주권,COMMON,TRUE,,,19960119,1996-01-19,VALID
KOSDAQ,1263,KR7302550009,302550,리메드,주권,COMMON,TRUE,,,20191206,2019-12-06,VALID
KOSDAQ,1264,KR7491000006,491000,리브스메드,주권,COMMON,TRUE,,,20251224,2025-12-24,VALID
KOSDAQ,1265,KR7394420004,394420,리센스메디컬,주권,COMMON,TRUE,,,20260331,2026-03-31,VALID
KOSDAQ,1266,KR7073570004,073570,리튬포어스,주권,COMMON,TRUE,,,20040106,2004-01-06,VALID
KOSDAQ,1267,KR7377450002,377450,리파인,주권,COMMON,TRUE,,,20211029,2021-10-29,VALID
KOSDAQ,1268,KR7277070009,277070,린드먼아시아,주권,COMMON,TRUE,,,20180314,2018-03-14,VALID
KOSDAQ,1269,KR7042500009,042500,링네트,주권,COMMON,TRUE,,,20020110,2002-01-10,VALID
KOSDAQ,1270,KR7193250008,193250,링크드,주권,COMMON,TRUE,,,20141229,2014-12-29,VALID
KOSDAQ,1271,KR7474650009,474650,링크솔루션,주권,COMMON,TRUE,,,20250610,2025-06-10,VALID
KOSDAQ,1272,KR7219420007,219420,링크제니시스,주권,COMMON,TRUE,,,20180205,2018-02-05,VALID
KOSDAQ,1273,KR7439090002,439090,마녀공장,주권,COMMON,TRUE,,,20230608,2023-06-08,VALID
KOSDAQ,1274,KR7195500004,195500,마니커에프앤지,주권,COMMON,TRUE,,,20190820,2019-08-20,VALID
KOSDAQ,1275,KR7377480009,377480,마음AI,주권,COMMON,TRUE,,,20211123,2021-11-23,VALID
KOSDAQ,1276,KR7305090003,305090,마이크로디지탈,주권,COMMON,TRUE,,,20190605,2019-06-05,VALID
KOSDAQ,1277,KR7424980001,424980,마이크로투나노,주권,COMMON,TRUE,,,20230426,2023-04-26,VALID
KOSDAQ,1278,KR7169330008,169330,엠브레인,주권,COMMON,TRUE,,,20200701,2020-07-01,VALID
KOSDAQ,1279,KR7038290003,038290,마크로젠,주권,COMMON,TRUE,,,20000222,2000-02-22,VALID
KOSDAQ,1280,KR7477850002,477850,마키나락스,주권,COMMON,TRUE,,,20260520,2026-05-20,VALID
KOSDAQ,1281,KR70039P0000,0039P0,매드업,주권,COMMON,TRUE,,,20260701,2026-07-01,VALID
KOSDAQ,1282,KR7267980001,267980,매일유업,주권,COMMON,TRUE,,,20170605,2017-06-05,VALID
KOSDAQ,1283,KR7005990007,005990,매일홀딩스,주권,COMMON,TRUE,,,19990514,1999-05-14,VALID
KOSDAQ,1284,KR7093520005,093520,매커스,주권,COMMON,TRUE,,,20070212,2007-02-12,VALID
KOSDAQ,1285,KR7100590009,100590,머큐리,주권,COMMON,TRUE,,,20181214,2018-12-14,VALID
KOSDAQ,1286,KR7067280008,067280,멀티캠퍼스,주권,COMMON,TRUE,,,20061116,2006-11-16,VALID
KOSDAQ,1287,KR7072870009,072870,메가스터디,주권,COMMON,TRUE,,,20041221,2004-12-21,VALID
KOSDAQ,1288,KR7215200007,215200,메가스터디교육,주권,COMMON,TRUE,,,20150504,2015-05-04,VALID
KOSDAQ,1289,KR7133750000,133750,메가엠디,주권,COMMON,TRUE,,,20151218,2015-12-18,VALID
KOSDAQ,1290,KR7446540007,446540,메가터치,주권,COMMON,TRUE,,,20231109,2023-11-09,VALID
KOSDAQ,1291,KR7235980000,235980,메드팩토,주권,COMMON,TRUE,,,20191219,2019-12-19,VALID
KOSDAQ,1292,KR7041920000,041920,메디아나,주권,COMMON,TRUE,,,20141007,2014-10-07,VALID
KOSDAQ,1293,KR7014100002,014100,메디앙스,주권,COMMON,TRUE,,,19950103,1995-01-03,VALID
KOSDAQ,1294,KR7054180005,054180,메디콕스,주권,COMMON,TRUE,,,20011016,2001-10-16,VALID
KOSDAQ,1295,KR7086900008,086900,메디톡스,주권,COMMON,TRUE,,,20090116,2009-01-16,VALID
KOSDAQ,1296,KR7078160009,078160,메디포스트,주권,COMMON,TRUE,,,20050729,2005-07-29,VALID
KOSDAQ,1297,KR70088D0004,0088D0,메리츠제1호스팩,주권,SPAC,FALSE,EXCLUDE_SPAC,,20251215,2025-12-15,VALID
KOSDAQ,1298,KR70165X0006,0165X0,메리츠제2호스팩,주권,SPAC,FALSE,EXCLUDE_SPAC,,20260619,2026-06-19,VALID
KOSDAQ,1299,KR7408920007,408920,메쎄이상,주권,COMMON,TRUE,,,20220307,2022-03-07,VALID
KOSDAQ,1300,KR7021880000,021880,메이슨캐피탈,주권,COMMON,TRUE,,,19960902,1996-09-02,VALID
KOSDAQ,1301,KR70088M0003,0088M0,메쥬,주권,COMMON,TRUE,,,20260326,2026-03-26,VALID
KOSDAQ,1302,KR7140410002,140410,메지온,주권,COMMON,TRUE,,,20120120,2012-01-20,VALID
KOSDAQ,1303,KR7241770007,241770,메카로,주권,COMMON,TRUE,,,20171206,2017-12-06,VALID
KOSDAQ,1304,KR7059210005,059210,메타바이오메드,주권,COMMON,TRUE,,,20080415,2008-04-15,VALID
KOSDAQ,1305,KR7058110008,058110,멕아이씨에스,주권,COMMON,TRUE,,,20151214,2015-12-14,VALID
KOSDAQ,1306,KR7072770001,072770,멤레이비티,주권,COMMON,TRUE,,,20070725,2007-07-25,VALID
KOSDAQ,1307,KR7434480000,434480,모니터랩,주권,COMMON,TRUE,,,20230519,2023-05-19,VALID
KOSDAQ,1308,KR7080420003,080420,모다이노칩,주권,COMMON,TRUE,,,20051206,2005-12-06,VALID
KOSDAQ,1309,KR7417970001,417970,모델솔루션,주권,COMMON,TRUE,,,20221007,2022-10-07,VALID
KOSDAQ,1310,KR7080160005,080160,모두투어,주권,COMMON,TRUE,,,20050726,2005-07-26,VALID
KOSDAQ,1311,KR7087260006,087260,모바일어플라이언스,주권,COMMON,TRUE,,,20170224,2017-02-24,VALID
KOSDAQ,1312,KR7101330009,101330,모베이스,주권,COMMON,TRUE,,,20100204,2010-02-04,VALID
KOSDAQ,1313,KR7012860003,012860,모베이스전자,주권,COMMON,TRUE,,,19941026,1994-10-26,VALID
KOSDAQ,1314,KR7363260001,363260,모비데이즈,주권,COMMON,TRUE,,,20210210,2021-02-10,VALID
KOSDAQ,1315,KR7348030008,348030,모비릭스,주권,COMMON,TRUE,,,20210128,2021-01-28,VALID
KOSDAQ,1316,KR7250060001,250060,모비스,주권,COMMON,TRUE,,,20160908,2016-09-08,VALID
KOSDAQ,1317,KR7288980006,288980,모아데이타,주권,COMMON,TRUE,,,20220310,2022-03-10,VALID
KOSDAQ,1318,KR7142760008,142760,모아라이프플러스,주권,COMMON,TRUE,,,20160707,2016-07-07,VALID
KOSDAQ,1319,KR7033200007,033200,모아텍,주권,COMMON,TRUE,,,19971013,1997-10-13,VALID
KOSDAQ,1320,KR7118990001,118990,모트렉스,주권,COMMON,TRUE,,,20170804,2017-08-04,VALID
KOSDAQ,1321,KR7463480004,463480,모티브링크,주권,COMMON,TRUE,,,20250220,2025-02-20,VALID
KOSDAQ,1322,KR7006920003,006920,모헨즈,주권,COMMON,TRUE,,,19890105,1989-01-05,VALID
KOSDAQ,1323,KR7001810001,001810,무림SP,주권,COMMON,TRUE,,,20000104,2000-01-04,VALID
KOSDAQ,1324,KR7279600001,279600,미디어젠,주권,COMMON,TRUE,,,20191105,2019-11-05,VALID
KOSDAQ,1325,KR7095500005,095500,미래나노텍,주권,COMMON,TRUE,,,20071001,2007-10-01,VALID
KOSDAQ,1326,KR7254490006,254490,미래반도체,주권,COMMON,TRUE,,,20230127,2023-01-27,VALID
KOSDAQ,1327,KR7218150001,218150,미래생명자원,주권,COMMON,TRUE,,,20150618,2015-06-18,VALID
KOSDAQ,1328,KR7100790005,100790,미래에셋벤처투자,주권,COMMON,TRUE,,,20190315,2019-03-15,VALID
KOSDAQ,1329,KR70097F0001,0097F0,미래에셋비전스팩10호,주권,SPAC,FALSE,EXCLUDE_SPAC,,20251223,2025-12-23,VALID
KOSDAQ,1330,KR70099W0008,0099W0,미래에셋비전스팩11호,주권,SPAC,FALSE,EXCLUDE_SPAC,,20251222,2025-12-22,VALID
KOSDAQ,1331,KR7477380000,477380,미래에셋비전스팩4호,주권,SPAC,FALSE,EXCLUDE_SPAC,,20240529,2024-05-29,VALID
KOSDAQ,1332,KR7477470009,477470,미래에셋비전스팩5호,주권,SPAC,FALSE,EXCLUDE_SPAC,,20240619,2024-06-19,VALID
KOSDAQ,1333,KR7478440001,478440,미래에셋비전스팩6호,주권,SPAC,FALSE,EXCLUDE_SPAC,,20240624,2024-06-24,VALID
KOSDAQ,1334,KR7482680006,482680,미래에셋비전스팩7호,주권,SPAC,FALSE,EXCLUDE_SPAC,,20240911,2024-09-11,VALID
KOSDAQ,1335,KR70093G0004,0093G0,미래에셋비전스팩8호,주권,SPAC,FALSE,EXCLUDE_SPAC,,20251127,2025-11-27,VALID
KOSDAQ,1336,KR70096D0004,0096D0,미래에셋비전스팩9호,주권,SPAC,FALSE,EXCLUDE_SPAC,,20251201,2025-12-01,VALID
KOSDAQ,1337,KR7049950009,049950,미래컴퍼니,주권,COMMON,TRUE,,,20050104,2005-01-04,VALID
KOSDAQ,1338,KR7207760000,207760,미스터블루,주권,COMMON,TRUE,,,20141212,2014-12-12,VALID
KOSDAQ,1339,KR7059090001,059090,미코,주권,COMMON,TRUE,,,20020115,2002-01-15,VALID
KOSDAQ,1340,KR7201490000,201490,미투온,주권,COMMON,TRUE,,,20161010,2016-10-10,VALID
KOSDAQ,1341,KR7475460002,475460,미트박스,주권,COMMON,TRUE,,,20250123,2025-01-23,VALID
KOSDAQ,1342,KR7452200009,452200,민테크,주권,COMMON,TRUE,,,20240503,2024-05-03,VALID
KOSDAQ,1343,KR7206640005,206640,바디텍메드,주권,COMMON,TRUE,,,20141229,2014-12-29,VALID
KOSDAQ,1344,KR7035620004,035620,바른손이앤에이,주권,COMMON,TRUE,,,19990813,1999-08-13,VALID
KOSDAQ,1345,KR7053030003,053030,바이넥스,주권,COMMON,TRUE,,,20010807,2001-08-07,VALID
KOSDAQ,1346,KR7301300000,301300,바이브컴퍼니,주권,COMMON,TRUE,,,20201028,2020-10-28,VALID
KOSDAQ,1347,KR7064550007,064550,바이오니아,주권,COMMON,TRUE,,,20051229,2005-12-29,VALID
KOSDAQ,1348,KR7314930009,314930,바이오다인,주권,COMMON,TRUE,,,20210317,2021-03-17,VALID
KOSDAQ,1349,KR7489460006,489460,바이오비쥬,주권,COMMON,TRUE,,,20250520,2025-05-20,VALID
KOSDAQ,1350,KR7086820008,086820,바이오솔루션,주권,COMMON,TRUE,,,20180820,2018-08-20,VALID
KOSDAQ,1351,KR7038460002,038460,바이오스마트,주권,COMMON,TRUE,,,20000622,2000-06-22,VALID
KOSDAQ,1352,KR7251120002,251120,바이오에프디엔씨,주권,COMMON,TRUE,,,20220221,2022-02-21,VALID
KOSDAQ,1353,KR7199730003,199730,바이오인프라,주권,COMMON,TRUE,,,20230302,2023-03-02,VALID
KOSDAQ,1354,KR7086040003,086040,바이오톡스텍,주권,COMMON,TRUE,,,20070921,2007-09-21,VALID
KOSDAQ,1355,KR7188040000,188040,바이오포트,주권,COMMON,TRUE,,,20250516,2025-05-16,VALID
KOSDAQ,1356,KR7099430001,099430,바이오플러스,주권,COMMON,TRUE,,,20210927,2021-09-27,VALID
KOSDAQ,1357,KR7308080001,308080,바이젠셀,주권,COMMON,TRUE,,,20210825,2021-08-25,VALID
KOSDAQ,1358,KR7043150002,043150,바텍,주권,COMMON,TRUE,,,20060929,2006-09-29,VALID
KOSDAQ,1359,KR7323990002,323990,박셀바이오,주권,COMMON,TRUE,,,20200922,2020-09-22,VALID
KOSDAQ,1360,KR7267790004,267790,배럴,주권,COMMON,TRUE,,,20180201,2018-02-01,VALID
KOSDAQ,1361,KR7046310009,046310,백금T&A,주권,COMMON,TRUE,,,20020205,2002-02-05,VALID
KOSDAQ,1362,KR7331520007,331520,밸로프,주권,COMMON,TRUE,,,20191029,2019-10-29,VALID
KOSDAQ,1363,KR7199480005,199480,뱅크웨어글로벌,주권,COMMON,TRUE,,,20240812,2024-08-12,VALID
KOSDAQ,1364,KR7438700007,438700,버넥트,주권,COMMON,TRUE,,,20230726,2023-07-26,VALID
KOSDAQ,1365,KR7066410002,066410,버킷스튜디오,주권,COMMON,TRUE,,,20031219,2003-12-19,VALID
KOSDAQ,1366,KR7382900009,382900,범한퓨얼셀,주권,COMMON,TRUE,,,20220617,2022-06-17,VALID
KOSDAQ,1367,KR7206400004,206400,베노티앤알,주권,COMMON,TRUE,,,20141210,2014-12-10,VALID
KOSDAQ,1368,KR7019010008,019010,베뉴지,주권,COMMON,TRUE,,,19931105,1993-11-05,VALID
KOSDAQ,1369,KR7177350006,177350,베셀,주권,COMMON,TRUE,,,20150619,2015-06-19,VALID
KOSDAQ,1370,KR7457600005,457600,벡트,주권,COMMON,TRUE,,,20241216,2024-12-16,VALID
KOSDAQ,1371,KR7424760007,424760,벨로크,주권,COMMON,TRUE,,,20220722,2022-07-22,VALID
KOSDAQ,1372,KR7250000007,250000,보라티알,주권,COMMON,TRUE,,,20170608,2017-06-08,VALID
KOSDAQ,1373,KR7310210000,310210,보로노이,주권,COMMON,TRUE,,,20220624,2022-06-24,VALID
KOSDAQ,1374,KR7006910004,006910,보성파워텍,주권,COMMON,TRUE,,,19940907,1994-09-07,VALID
KOSDAQ,1375,KR70010F0005,0010F0,보원케미칼,주권,COMMON,TRUE,,,20260403,2026-04-03,VALID
KOSDAQ,1376,KR7226340008,226340,본느,주권,COMMON,TRUE,,,20151105,2015-11-05,VALID
KOSDAQ,1377,KR7008470007,008470,부스타,주권,COMMON,TRUE,,,20110223,2011-02-23,VALID
KOSDAQ,1378,KR7014470009,014470,부방,주권,COMMON,TRUE,,,19940225,1994-02-25,VALID
KOSDAQ,1379,KR7338220007,338220,뷰노,주권,COMMON,TRUE,,,20210226,2021-02-26,VALID
KOSDAQ,1380,KR7100120005,100120,뷰웍스,주권,COMMON,TRUE,,,20090410,2009-04-10,VALID
KOSDAQ,1381,KR7406820001,406820,뷰티스킨,주권,COMMON,TRUE,,,20230724,2023-07-24,VALID
KOSDAQ,1382,KR7099390007,099390,브레인즈컴퍼니,주권,COMMON,TRUE,,,20210819,2021-08-19,VALID
KOSDAQ,1383,KR7064480007,064480,브리지텍,주권,COMMON,TRUE,,,20080604,2008-06-04,VALID
KOSDAQ,1384,KR7365900000,365900,브이씨,주권,COMMON,TRUE,,,20220224,2022-02-24,VALID
KOSDAQ,1385,KR7089970008,089970,브이엠,주권,COMMON,TRUE,,,20180823,2018-08-23,VALID
KOSDAQ,1386,KR7251630000,251630,브이원텍,주권,COMMON,TRUE,,,20170713,2017-07-13,VALID
KOSDAQ,1387,KR7018290007,018290,브이티,주권,COMMON,TRUE,,,19940907,1994-09-07,VALID
KOSDAQ,1388,KR7478560006,478560,블랙야크아이앤씨,주권,COMMON,TRUE,,,20250121,2025-01-21,VALID
KOSDAQ,1389,KR7439580002,439580,블루엠텍,주권,COMMON,TRUE,,,20231213,2023-12-13,VALID
KOSDAQ,1390,KR7033560004,033560,블루콤,주권,COMMON,TRUE,,,20110126,2011-01-26,VALID
KOSDAQ,1391,KR7369370002,369370,블리츠웨이엔터테인먼트,주권,COMMON,TRUE,,,20201223,2020-12-23,VALID
KOSDAQ,1392,KR7126340009,126340,비나텍,주권,COMMON,TRUE,,,20200923,2020-09-23,VALID
KOSDAQ,1393,KR7121800007,121800,비덴트,주권,COMMON,TRUE,,,20111201,2011-12-01,VALID
KOSDAQ,1394,KR7082800004,082800,비보존 제약,주권,COMMON,TRUE,,,20051118,2005-11-18,VALID
KOSDAQ,1395,KR7318410008,318410,비비씨,주권,COMMON,TRUE,,,20200921,2020-09-21,VALID
KOSDAQ,1396,KR7419540000,419540,비스토스,주권,COMMON,TRUE,,,20221018,2022-10-18,VALID
KOSDAQ,1397,KR7146320007,146320,비씨엔씨,주권,COMMON,TRUE,,,20220303,2022-03-03,VALID
KOSDAQ,1398,KR7200780005,200780,비씨월드제약,주권,COMMON,TRUE,,,20141215,2014-12-15,VALID
KOSDAQ,1399,KR7413640004,413640,비아이매트릭스,주권,COMMON,TRUE,,,20231109,2023-11-09,VALID
KOSDAQ,1400,KR7141000000,141000,비아트론,주권,COMMON,TRUE,,,20120504,2012-05-04,VALID
KOSDAQ,1401,KR7083650002,083650,비에이치아이,주권,COMMON,TRUE,,,20051202,2005-12-02,VALID
KOSDAQ,1402,KR70068Y0003,0068Y0,비엔케이제3호스팩,주권,SPAC,FALSE,EXCLUDE_SPAC,,20251121,2025-11-21,VALID
KOSDAQ,1403,KR7065170003,065170,비엘팜텍,주권,COMMON,TRUE,,,20021119,2002-11-19,VALID
KOSDAQ,1404,KR7086670007,086670,비엠티,주권,COMMON,TRUE,,,20071102,2007-11-02,VALID
KOSDAQ,1405,KR7126600006,126600,BGF에코머티리얼즈,주권,COMMON,TRUE,,,20101112,2010-11-12,VALID
KOSDAQ,1406,KR7488900002,488900,비츠로넥스텍,주권,COMMON,TRUE,,,20251121,2025-11-21,VALID
KOSDAQ,1407,KR7082920000,082920,비츠로셀,주권,COMMON,TRUE,,,20091028,2009-10-28,VALID
KOSDAQ,1408,KR7054220009,054220,비츠로시스,주권,COMMON,TRUE,,,20011226,2001-12-26,VALID
KOSDAQ,1409,KR7042370007,042370,비츠로테크,주권,COMMON,TRUE,,,20000803,2000-08-03,VALID
KOSDAQ,1410,KR7050090000,050090,비케이홀딩스,주권,COMMON,TRUE,,,20040629,2004-06-29,VALID
KOSDAQ,1411,KR7148780000,148780,비큐AI,주권,COMMON,TRUE,,,20220620,2022-06-20,VALID
KOSDAQ,1412,KR7307870006,307870,비투엔,주권,COMMON,TRUE,,,20181212,2018-12-12,VALID
KOSDAQ,1413,KR7377030002,377030,비트맥스,주권,COMMON,TRUE,,,20210727,2021-07-27,VALID
KOSDAQ,1414,KR7032850000,032850,비트컴퓨터,주권,COMMON,TRUE,,,19970704,1997-07-04,VALID
KOSDAQ,1415,KR7049470008,049470,비트플래닛,주권,COMMON,TRUE,,,20011011,2001-10-11,VALID
KOSDAQ,1416,KR7238200000,238200,비피도,주권,COMMON,TRUE,,,20181226,2018-12-26,VALID
KOSDAQ,1417,KR7093190007,093190,빅솔론,주권,COMMON,TRUE,,,20070820,2007-08-20,VALID
KOSDAQ,1418,KR7065450009,065450,빅텍,주권,COMMON,TRUE,,,20030205,2003-02-05,VALID
KOSDAQ,1419,KR7044480002,044480,빌리언스,주권,COMMON,TRUE,,,20010111,2001-01-11,VALID
KOSDAQ,1420,KR7069540003,069540,빛과전자,주권,COMMON,TRUE,,,20040213,2004-02-13,VALID
KOSDAQ,1421,KR7072950009,072950,빛샘전자,주권,COMMON,TRUE,,,20120321,2012-03-21,VALID
KOSDAQ,1422,KR7451250005,451250,삐아,주권,COMMON,TRUE,,,20240425,2024-04-25,VALID
KOSDAQ,1423,KR7143240000,143240,사람인,주권,COMMON,TRUE,,,20120221,2012-02-21,VALID
KOSDAQ,1424,KR7466410008,466410,사이냅소프트,주권,COMMON,TRUE,,,20241119,2024-11-19,VALID
KOSDAQ,1425,KR7223310004,223310,사토시홀딩스,주권,COMMON,TRUE,,,20151224,2015-12-24,VALID
KOSDAQ,1426,KR7452430002,452430,사피엔반도체,주권,COMMON,TRUE,,,20240219,2024-02-19,VALID
KOSDAQ,1427,KR7419120001,419120,산돌,주권,COMMON,TRUE,,,20221027,2022-10-27,VALID
KOSDAQ,1428,KR7122350002,122350,삼기,주권,COMMON,TRUE,,,20100319,2010-03-19,VALID
KOSDAQ,1429,KR7419050000,419050,삼기에너지솔루션즈,주권,COMMON,TRUE,,,20230203,2023-02-03,VALID
KOSDAQ,1430,KR7014970008,014970,삼륭물산,주권,COMMON,TRUE,,,19921229,1992-12-29,VALID
KOSDAQ,1431,KR7018310003,018310,삼목에스폼,주권,COMMON,TRUE,,,19960503,1996-05-03,VALID
KOSDAQ,1432,KR7012210001,012210,삼미금속,주권,COMMON,TRUE,,,20251229,2025-12-29,VALID
KOSDAQ,1433,KR7053700001,053700,삼보모터스,주권,COMMON,TRUE,,,20011106,2001-11-06,VALID
KOSDAQ,1434,KR7009620006,009620,삼보산업,주권,COMMON,TRUE,,,19931207,1993-12-07,VALID
KOSDAQ,1435,KR7023600000,023600,삼보판지,주권,COMMON,TRUE,,,19960529,1996-05-29,VALID
KOSDAQ,1436,KR70044K0008,0044K0,삼성스팩10호,주권,SPAC,FALSE,EXCLUDE_SPAC,,20250821,2025-08-21,VALID
KOSDAQ,1437,KR70071M0002,0071M0,삼성스팩11호,주권,SPAC,FALSE,EXCLUDE_SPAC,,20250930,2025-09-30,VALID
KOSDAQ,1438,KR70096B0006,0096B0,삼성스팩12호,주권,SPAC,FALSE,EXCLUDE_SPAC,,20251128,2025-11-28,VALID
KOSDAQ,1439,KR70115H0007,0115H0,삼성스팩13호,주권,SPAC,FALSE,EXCLUDE_SPAC,,20260121,2026-01-21,VALID
KOSDAQ,1440,KR7009300005,009300,삼아제약,주권,COMMON,TRUE,,,20000719,2000-07-19,VALID
KOSDAQ,1441,KR7482630001,482630,삼양엔씨켐,주권,COMMON,TRUE,,,20250203,2025-02-03,VALID
KOSDAQ,1442,KR7484590005,484590,삼양컴텍,주권,COMMON,TRUE,,,20250818,2025-08-18,VALID
KOSDAQ,1443,KR7036670008,036670,삼양케이씨아이,주권,COMMON,TRUE,,,20010103,2001-01-03,VALID
KOSDAQ,1444,KR7060310000,060310,3S,주권,COMMON,TRUE,,,20020423,2002-04-23,VALID
KOSDAQ,1445,KR7361670003,361670,삼영에스앤씨,주권,COMMON,TRUE,,,20210521,2021-05-21,VALID
KOSDAQ,1446,KR7054540000,054540,삼영엠텍,주권,COMMON,TRUE,,,20011115,2001-11-15,VALID
KOSDAQ,1447,KR7065570004,065570,삼영이엔씨,주권,COMMON,TRUE,,,20030121,2003-01-21,VALID
KOSDAQ,1448,KR7014950000,014950,삼익제약,주권,COMMON,TRUE,,,20251027,2025-10-27,VALID
KOSDAQ,1449,KR7032280000,032280,삼일,주권,COMMON,TRUE,,,19970315,1997-03-15,VALID
KOSDAQ,1450,KR7002290005,002290,삼일기업공사,주권,COMMON,TRUE,,,19921130,1992-11-30,VALID
KOSDAQ,1451,KR7037460003,037460,삼지전자,주권,COMMON,TRUE,,,19991216,1999-12-16,VALID
KOSDAQ,1452,KR7032750002,032750,삼진,주권,COMMON,TRUE,,,19970714,1997-07-14,VALID
KOSDAQ,1453,KR70013V0002,0013V0,삼진식품,주권,COMMON,TRUE,,,20251222,2025-12-22,VALID
KOSDAQ,1454,KR7054090006,054090,삼진엘앤디,주권,COMMON,TRUE,,,20040206,2004-02-06,VALID
KOSDAQ,1455,KR7000250001,000250,삼천당제약,주권,COMMON,TRUE,,,20001004,2000-10-04,VALID
KOSDAQ,1456,KR7024950008,024950,삼천리자전거,주권,COMMON,TRUE,,,19950104,1995-01-04,VALID
KOSDAQ,1457,KR7038500005,038500,삼표시멘트,주권,COMMON,TRUE,,,20010201,2001-02-01,VALID
KOSDAQ,1458,KR7437730005,437730,삼현,주권,COMMON,TRUE,,,20240321,2024-03-21,VALID
KOSDAQ,1459,KR7017480005,017480,삼현철강,주권,COMMON,TRUE,,,20010109,2001-01-09,VALID
KOSDAQ,1460,KR7046390001,046390,삼화네트웍스,주권,COMMON,TRUE,,,20010111,2001-01-11,VALID
KOSDAQ,1461,KR7027580000,027580,상보,주권,COMMON,TRUE,,,20071001,2007-10-01,VALID
KOSDAQ,1462,KR7038540001,038540,상상인,주권,COMMON,TRUE,,,20000818,2000-08-18,VALID
KOSDAQ,1463,KR7091580001,091580,상신이디피,주권,COMMON,TRUE,,,20070523,2007-05-23,VALID
KOSDAQ,1464,KR7263810004,263810,상신전자,주권,COMMON,TRUE,,,20171016,2017-10-16,VALID
KOSDAQ,1465,KR7089980007,089980,상아프론테크,주권,COMMON,TRUE,,,20110721,2011-07-21,VALID
KOSDAQ,1466,KR7042940007,042940,상지건설,주권,COMMON,TRUE,,,20001019,2000-10-19,VALID
KOSDAQ,1467,KR7042600007,042600,새로닉스,주권,COMMON,TRUE,,,20021001,2002-10-01,VALID
KOSDAQ,1468,KR7107600009,107600,새빗켐,주권,COMMON,TRUE,,,20220804,2022-08-04,VALID
KOSDAQ,1469,KR7411080005,411080,샌즈랩,주권,COMMON,TRUE,,,20230215,2023-02-15,VALID
KOSDAQ,1470,KR7252990007,252990,샘씨엔에스,주권,COMMON,TRUE,,,20210520,2021-05-20,VALID
KOSDAQ,1471,KR7378800007,378800,샤페론,주권,COMMON,TRUE,,,20221019,2022-10-19,VALID
KOSDAQ,1472,KR7294630009,294630,서남,주권,COMMON,TRUE,,,20200220,2020-02-20,VALID
KOSDAQ,1473,KR7038070009,038070,서린바이오,주권,COMMON,TRUE,,,20051025,2005-10-25,VALID
KOSDAQ,1474,KR7006730006,006730,서부T&D,주권,COMMON,TRUE,,,19951006,1995-10-06,VALID
KOSDAQ,1475,KR7079650008,079650,서산,주권,COMMON,TRUE,,,20050121,2005-01-21,VALID
KOSDAQ,1476,KR7100660000,100660,서암기계공업,주권,COMMON,TRUE,,,20111219,2011-12-19,VALID
KOSDAQ,1477,KR7019770007,019770,서연탑메탈,주권,COMMON,TRUE,,,20110624,2011-06-24,VALID
KOSDAQ,1478,KR7092190008,092190,서울바이오시스,주권,COMMON,TRUE,,,20200306,2020-03-06,VALID
KOSDAQ,1479,KR7046890000,046890,서울반도체,주권,COMMON,TRUE,,,20020117,2002-01-17,VALID
KOSDAQ,1480,KR7063170005,063170,서울옥션,주권,COMMON,TRUE,,,20080701,2008-07-01,VALID
KOSDAQ,1481,KR7027040005,027040,서울전자통신,주권,COMMON,TRUE,,,19991203,1999-12-03,VALID
KOSDAQ,1482,KR7018680009,018680,서울제약,주권,COMMON,TRUE,,,20000818,2000-08-18,VALID
KOSDAQ,1483,KR7036120004,036120,서울평가정보,주권,COMMON,TRUE,,,19991207,1999-12-07,VALID
KOSDAQ,1484,KR7093920007,093920,서원인텍,주권,COMMON,TRUE,,,20071220,2007-12-20,VALID
KOSDAQ,1485,KR7189860000,189860,서전기전,주권,COMMON,TRUE,,,20141224,2014-12-24,VALID
KOSDAQ,1486,KR7178320008,178320,서진시스템,주권,COMMON,TRUE,,,20170327,2017-03-27,VALID
KOSDAQ,1487,KR7122690001,122690,서진오토모티브,주권,COMMON,TRUE,,,20100525,2010-05-25,VALID
KOSDAQ,1488,KR7140070004,140070,서플러스글로벌,주권,COMMON,TRUE,,,20170125,2017-01-25,VALID
KOSDAQ,1489,KR7011370004,011370,서한,주권,COMMON,TRUE,,,19940524,1994-05-24,VALID
KOSDAQ,1490,KR7065710006,065710,서호전기,주권,COMMON,TRUE,,,20020716,2002-07-16,VALID
KOSDAQ,1491,KR7035890003,035890,서희건설,주권,COMMON,TRUE,,,19991224,1999-12-24,VALID
KOSDAQ,1492,KR7357550003,357550,석경에이티,주권,COMMON,TRUE,,,20201223,2020-12-23,VALID
KOSDAQ,1493,KR7003100005,003100,선광,주권,COMMON,TRUE,,,19991221,1999-12-21,VALID
KOSDAQ,1494,KR7067370007,067370,선바이오,주권,COMMON,TRUE,,,20221005,2022-10-05,VALID
KOSDAQ,1495,KR7171090004,171090,선익시스템,주권,COMMON,TRUE,,,20170920,2017-09-20,VALID
KOSDAQ,1496,KR7086710001,086710,선진뷰티사이언스,주권,COMMON,TRUE,,,20210127,2021-01-27,VALID
KOSDAQ,1497,KR7014620009,014620,성광벤드,주권,COMMON,TRUE,,,20010111,2001-01-11,VALID
KOSDAQ,1498,KR7037350006,037350,성도이엔지,주권,COMMON,TRUE,,,20000111,2000-01-11,VALID
KOSDAQ,1499,KR7458650009,458650,성우,주권,COMMON,TRUE,,,20241031,2024-10-31,VALID
KOSDAQ,1500,KR7081580003,081580,성우전자,주권,COMMON,TRUE,,,20071012,2007-10-12,VALID
KOSDAQ,1501,KR7045300001,045300,성우테크론,주권,COMMON,TRUE,,,20011218,2001-12-18,VALID
KOSDAQ,1502,KR7015750003,015750,성우하이텍,주권,COMMON,TRUE,,,19951104,1995-11-04,VALID
KOSDAQ,1503,KR7340930007,340930,성원에너텍,주권,COMMON,TRUE,,,20210225,2021-02-25,VALID
KOSDAQ,1504,KR7365340009,365340,성일하이텍,주권,COMMON,TRUE,,,20220728,2022-07-28,VALID
KOSDAQ,1505,KR7080470008,080470,성창오토텍,주권,COMMON,TRUE,,,20061103,2006-11-03,VALID
KOSDAQ,1506,KR7043260009,043260,성호전자,주권,COMMON,TRUE,,,20011129,2001-11-29,VALID
KOSDAQ,1507,KR7148150006,148150,세경하이테크,주권,COMMON,TRUE,,,20190730,2019-07-30,VALID
KOSDAQ,1508,KR7061090007,061090,세나테크놀로지,주권,COMMON,TRUE,,,20251114,2025-11-14,VALID
KOSDAQ,1509,KR7188260004,188260,세니젠,주권,COMMON,TRUE,,,20231103,2023-11-03,VALID
KOSDAQ,1510,KR7053060000,053060,세동,주권,COMMON,TRUE,,,20010817,2001-08-17,VALID
KOSDAQ,1511,KR7340440007,340440,세림B&G,주권,COMMON,TRUE,,,20191227,2019-12-27,VALID
KOSDAQ,1512,KR7017510009,017510,세명전기,주권,COMMON,TRUE,,,19911226,1991-12-26,VALID
KOSDAQ,1513,KR70017J0004,0017J0,세미티에스,주권,COMMON,TRUE,,,20260610,2026-06-10,VALID
KOSDAQ,1514,KR7490470002,490470,세미파이브,주권,COMMON,TRUE,,,20251229,2025-12-29,VALID
KOSDAQ,1515,KR7011560000,011560,세보엠이씨,주권,COMMON,TRUE,,,19961223,1996-12-23,VALID
KOSDAQ,1516,KR7396300006,396300,세아메카닉스,주권,COMMON,TRUE,,,20220324,2022-03-24,VALID
KOSDAQ,1517,KR7100700004,100700,세운메디칼,주권,COMMON,TRUE,,,20080930,2008-09-30,VALID
KOSDAQ,1518,KR7024830002,024830,세원물산,주권,COMMON,TRUE,,,19941229,1994-12-29,VALID
KOSDAQ,1519,KR7258830009,258830,세종메디칼,주권,COMMON,TRUE,,,20180529,2018-05-29,VALID
KOSDAQ,1520,KR7036630002,036630,세종텔레콤,주권,COMMON,TRUE,,,20000104,2000-01-04,VALID
KOSDAQ,1521,KR7039310008,039310,세중,주권,COMMON,TRUE,,,20000609,2000-06-09,VALID
KOSDAQ,1522,KR7067770008,067770,세진티에스,주권,COMMON,TRUE,,,20040109,2004-01-09,VALID
KOSDAQ,1523,KR7053450003,053450,세코닉스,주권,COMMON,TRUE,,,20010809,2001-08-09,VALID
KOSDAQ,1524,KR7252500004,252500,세화피앤씨,주권,COMMON,TRUE,,,20161102,2016-11-02,VALID
KOSDAQ,1525,KR7321370009,321370,센서뷰,주권,COMMON,TRUE,,,20230719,2023-07-19,VALID
KOSDAQ,1526,KR7347000002,347000,센코,주권,COMMON,TRUE,,,20201029,2020-10-29,VALID
KOSDAQ,1527,KR7331920009,331920,셀레믹스,주권,COMMON,TRUE,,,20200821,2020-08-21,VALID
KOSDAQ,1528,KR7352770002,352770,셀레스트라,주권,COMMON,TRUE,,,20201204,2020-12-04,VALID
KOSDAQ,1529,KR7471820001,471820,셀로맥스사이언스,주권,COMMON,TRUE,,,20241213,2024-12-13,VALID
KOSDAQ,1530,KR7049180003,049180,셀루메드,주권,COMMON,TRUE,,,20020523,2002-05-23,VALID
KOSDAQ,1531,KR7299660001,299660,셀리드,주권,COMMON,TRUE,,,20190220,2019-02-20,VALID
KOSDAQ,1532,KR7108860008,108860,셀바스AI,주권,COMMON,TRUE,,,20091210,2009-12-10,VALID
KOSDAQ,1533,KR7208370007,208370,셀바스헬스케어,주권,COMMON,TRUE,,,20141217,2014-12-17,VALID
KOSDAQ,1534,KR7318160009,318160,셀바이오휴먼텍,주권,COMMON,TRUE,,,20230420,2023-04-20,VALID
KOSDAQ,1535,KR7308430008,308430,셀비온,주권,COMMON,TRUE,,,20241016,2024-10-16,VALID
KOSDAQ,1536,KR7068760008,068760,셀트리온제약,주권,COMMON,TRUE,,,20060203,2006-02-03,VALID
KOSDAQ,1537,KR7068940006,068940,셀피글로벌,주권,COMMON,TRUE,,,20101019,2010-10-19,VALID
KOSDAQ,1538,KR7007720006,007720,소노스퀘어,주권,COMMON,TRUE,,,19940106,1994-01-06,VALID
KOSDAQ,1539,KR8840150005,950200,소마젠,주식예탁증권,DR,FALSE,EXCLUDE_DR,,20200713,2020-07-13,VALID
KOSDAQ,1540,KR7032680001,032680,소프트센,주권,COMMON,TRUE,,,19970718,1997-07-18,VALID
KOSDAQ,1541,KR7032681009,032685,소프트센우,주권,PREFERRED,TRUE,,,20020416,2002-04-16,VALID
KOSDAQ,1542,KR7258790005,258790,소프트캠프,주권,COMMON,TRUE,,,20170427,2017-04-27,VALID
KOSDAQ,1543,KR7066910001,066910,손오공,주권,COMMON,TRUE,,,20050107,2005-01-07,VALID
KOSDAQ,1544,KR7215090002,215090,솔디펜스,주권,COMMON,TRUE,,,20150428,2015-04-28,VALID
KOSDAQ,1545,KR7035610005,035610,솔본,주권,COMMON,TRUE,,,19990813,1999-08-13,VALID
KOSDAQ,1546,KR7357780006,357780,솔브레인,주권,COMMON,TRUE,,,20200806,2020-08-06,VALID
KOSDAQ,1547,KR7036830008,036830,솔브레인홀딩스,주권,COMMON,TRUE,,,20000118,2000-01-18,VALID
KOSDAQ,1548,KR7304100001,304100,솔트룩스,주권,COMMON,TRUE,,,20200723,2020-07-23,VALID
KOSDAQ,1549,KR7328380001,328380,솔트웨어,주권,COMMON,TRUE,,,20190820,2019-08-20,VALID
KOSDAQ,1550,KR7086980000,086980,쇼박스,주권,COMMON,TRUE,,,20060707,2006-07-07,VALID
KOSDAQ,1551,KR7050960004,050960,수산아이앤티,주권,COMMON,TRUE,,,20161011,2016-10-11,VALID
KOSDAQ,1552,KR7084180009,084180,수성웹툰,주권,COMMON,TRUE,,,20051216,2005-12-16,VALID
KOSDAQ,1553,KR7253840003,253840,수젠텍,주권,COMMON,TRUE,,,20190528,2019-05-28,VALID
KOSDAQ,1554,KR7067160002,067160,SOOP,주권,COMMON,TRUE,,,20031219,2003-12-19,VALID
KOSDAQ,1555,KR7298830001,298830,슈어소프트테크,주권,COMMON,TRUE,,,20230428,2023-04-28,VALID
KOSDAQ,1556,KR7236200002,236200,슈프리마,주권,COMMON,TRUE,,,20160205,2016-02-05,VALID
KOSDAQ,1557,KR7094840006,094840,슈프리마에이치큐,주권,COMMON,TRUE,,,20080711,2008-07-11,VALID
KOSDAQ,1558,KR7192440006,192440,슈피겐코리아,주권,COMMON,TRUE,,,20141105,2014-11-05,VALID
KOSDAQ,1559,KR7424960003,424960,스마트레이더시스템,주권,COMMON,TRUE,,,20230822,2023-08-22,VALID
KOSDAQ,1560,KR7099440000,099440,스맥,주권,COMMON,TRUE,,,20090526,2009-05-26,VALID
KOSDAQ,1561,KR7066590001,066590,스모트로닉,주권,COMMON,TRUE,,,20030212,2003-02-12,VALID
KOSDAQ,1562,KR7357880004,357880,SKAI,주권,COMMON,TRUE,,,20211110,2021-11-10,VALID
KOSDAQ,1563,KR7276040003,276040,스코넥,주권,COMMON,TRUE,,,20220204,2022-02-04,VALID
KOSDAQ,1564,KR7115570004,115570,스타플렉스,주권,COMMON,TRUE,,,20100127,2010-01-27,VALID
KOSDAQ,1565,KR7330730003,330730,스톤브릿지벤처스,주권,COMMON,TRUE,,,20220225,2022-02-25,VALID
KOSDAQ,1566,KR7352090005,352090,스톰테크,주권,COMMON,TRUE,,,20231120,2023-11-20,VALID
KOSDAQ,1567,KR7253450001,253450,스튜디오드래곤,주권,COMMON,TRUE,,,20171124,2017-11-24,VALID
KOSDAQ,1568,KR7408900009,408900,스튜디오미르,주권,COMMON,TRUE,,,20230207,2023-02-07,VALID
KOSDAQ,1569,KR7415380005,415380,스튜디오삼익,주권,COMMON,TRUE,,,20240206,2024-02-06,VALID
KOSDAQ,1570,KR7475040002,475040,스트라드비젼,주권,COMMON,TRUE,,,20260630,2026-06-30,VALID
KOSDAQ,1571,KR7013810007,013810,스페코,주권,COMMON,TRUE,,,19971103,1997-11-03,VALID
KOSDAQ,1572,KR7347700007,347700,스피어,주권,COMMON,TRUE,,,20210323,2021-03-23,VALID
KOSDAQ,1573,KR7049830003,049830,승일,주권,COMMON,TRUE,,,20010118,2001-01-18,VALID
KOSDAQ,1574,KR7020710000,020710,시공테크,주권,COMMON,TRUE,,,19990813,1999-08-13,VALID
KOSDAQ,1575,KR7033170002,033170,시그네틱스,주권,COMMON,TRUE,,,20101126,2010-11-26,VALID
KOSDAQ,1576,KR7048870000,048870,시너지이노베이션,주권,COMMON,TRUE,,,20040813,2004-08-13,VALID
KOSDAQ,1577,KR7025320003,025320,시노펙스,주권,COMMON,TRUE,,,19950420,1995-04-20,VALID
KOSDAQ,1578,KR7340810001,340810,시선AI,주권,COMMON,TRUE,,,20230519,2023-05-19,VALID
KOSDAQ,1579,KR7269620001,269620,시스웍,주권,COMMON,TRUE,,,20171226,2017-12-26,VALID
KOSDAQ,1580,KR7056090004,056090,시지메드텍,주권,COMMON,TRUE,,,20151112,2015-11-12,VALID
KOSDAQ,1581,KR7429270002,429270,시지트로닉스,주권,COMMON,TRUE,,,20230803,2023-08-03,VALID
KOSDAQ,1582,KR7418250007,418250,시큐레터,주권,COMMON,TRUE,,,20230824,2023-08-24,VALID
KOSDAQ,1583,KR7131090003,131090,시큐브,주권,COMMON,TRUE,,,20111221,2011-12-21,VALID
KOSDAQ,1584,KR7290520006,290520,신도기연,주권,COMMON,TRUE,,,20200706,2020-07-06,VALID
KOSDAQ,1585,KR7001000009,001000,신라섬유,주권,COMMON,TRUE,,,19940628,1994-06-28,VALID
KOSDAQ,1586,KR7025870007,025870,신라에스지,주권,COMMON,TRUE,,,19950707,1995-07-07,VALID
KOSDAQ,1587,KR7215600008,215600,신라젠,주권,COMMON,TRUE,,,20161206,2016-12-06,VALID
KOSDAQ,1588,KR7065350001,065350,신성델타테크,주권,COMMON,TRUE,,,20040806,2004-08-06,VALID
KOSDAQ,1589,KR7416180008,416180,신성에스티,주권,COMMON,TRUE,,,20231019,2023-10-19,VALID
KOSDAQ,1590,KR7162300008,162300,신스틸,주권,COMMON,TRUE,,,20221223,2022-12-23,VALID
KOSDAQ,1591,KR7002800001,002800,신신제약,주권,COMMON,TRUE,,,20170228,2017-02-28,VALID
KOSDAQ,1592,KR7472220003,472220,신영스팩10호,주권,SPAC,FALSE,EXCLUDE_SPAC,,20240206,2024-02-06,VALID
KOSDAQ,1593,KR70091W0006,0091W0,신영스팩11호,주권,SPAC,FALSE,EXCLUDE_SPAC,,20251124,2025-11-24,VALID
KOSDAQ,1594,KR7017000001,017000,신원종합개발,주권,COMMON,TRUE,,,19941207,1994-12-07,VALID
KOSDAQ,1595,KR7012790002,012790,신일제약,주권,COMMON,TRUE,,,19990813,1999-08-13,VALID
KOSDAQ,1596,KR7138070008,138070,신진에스엠,주권,COMMON,TRUE,,,20111128,2011-11-28,VALID
KOSDAQ,1597,KR7226330009,226330,신테카바이오,주권,COMMON,TRUE,,,20191217,2019-12-17,VALID
KOSDAQ,1598,KR7474660008,474660,신한제12호스팩,주권,SPAC,FALSE,EXCLUDE_SPAC,,20240415,2024-04-15,VALID
KOSDAQ,1599,KR7474930005,474930,신한제13호스팩,주권,SPAC,FALSE,EXCLUDE_SPAC,,20240422,2024-04-22,VALID
KOSDAQ,1600,KR7487360000,487360,신한제14호스팩,주권,SPAC,FALSE,EXCLUDE_SPAC,,20241223,2024-12-23,VALID
KOSDAQ,1601,KR7487830002,487830,신한제15호스팩,주권,SPAC,FALSE,EXCLUDE_SPAC,,20241115,2024-11-15,VALID
KOSDAQ,1602,KR7496070004,496070,신한제16호스팩,주권,SPAC,FALSE,EXCLUDE_SPAC,,20250529,2025-05-29,VALID
KOSDAQ,1603,KR70130D0002,0130D0,신한제17호스팩,주권,SPAC,FALSE,EXCLUDE_SPAC,,20260401,2026-04-01,VALID
KOSDAQ,1604,KR70129K0006,0129K0,신한제18호스팩,주권,SPAC,FALSE,EXCLUDE_SPAC,,20260430,2026-04-30,VALID
KOSDAQ,1605,KR7056700008,056700,신화인터텍,주권,COMMON,TRUE,,,20011213,2001-12-13,VALID
KOSDAQ,1606,KR7187270004,187270,신화콘텍,주권,COMMON,TRUE,,,20140808,2014-08-08,VALID
KOSDAQ,1607,KR7095190005,095190,신화프리텍,주권,COMMON,TRUE,,,20071029,2007-10-29,VALID
KOSDAQ,1608,KR7243840006,243840,신흥에스이씨,주권,COMMON,TRUE,,,20170927,2017-09-27,VALID
KOSDAQ,1609,KR7257720003,257720,실리콘투,주권,COMMON,TRUE,,,20210929,2021-09-29,VALID
KOSDAQ,1610,KR7222800005,222800,심텍,주권,COMMON,TRUE,,,20150807,2015-08-07,VALID
KOSDAQ,1611,KR7036710002,036710,심텍홀딩스,주권,COMMON,TRUE,,,20000104,2000-01-04,VALID
KOSDAQ,1612,KR7444530000,444530,심플랫폼,주권,COMMON,TRUE,,,20250321,2025-03-21,VALID
KOSDAQ,1613,KR7234030005,234030,싸이닉솔루션,주권,COMMON,TRUE,,,20250707,2025-07-07,VALID
KOSDAQ,1614,KR7160980009,160980,싸이맥스,주권,COMMON,TRUE,,,20150617,2015-06-17,VALID
KOSDAQ,1615,KR7356890004,356890,싸이버원,주권,COMMON,TRUE,,,20210311,2021-03-11,VALID
KOSDAQ,1616,KR7217330000,217330,싸이토젠,주권,COMMON,TRUE,,,20181122,2018-11-22,VALID
KOSDAQ,1617,KR7208640003,208640,썸에이지,주권,COMMON,TRUE,,,20141229,2014-12-29,VALID
KOSDAQ,1618,KR7222420002,222420,쎄노텍,주권,COMMON,TRUE,,,20150806,2015-08-06,VALID
KOSDAQ,1619,KR7037760006,037760,쎄니트,주권,COMMON,TRUE,,,20000407,2000-04-07,VALID
KOSDAQ,1620,KR7081180002,081180,쎄크,주권,COMMON,TRUE,,,20250428,2025-04-28,VALID
KOSDAQ,1621,KR7099320004,099320,쎄트렉아이,주권,COMMON,TRUE,,,20080613,2008-06-13,VALID
KOSDAQ,1622,KR7049960008,049960,쎌바이오텍,주권,COMMON,TRUE,,,20021213,2002-12-13,VALID
KOSDAQ,1623,KR7088280003,088280,쏘닉스,주권,COMMON,TRUE,,,20231107,2023-11-07,VALID
KOSDAQ,1624,KR7050890003,050890,쏠리드,주권,COMMON,TRUE,,,20050708,2005-07-08,VALID
KOSDAQ,1625,KR7394800007,394800,쓰리빌리언,주권,COMMON,TRUE,,,20241114,2024-11-14,VALID
KOSDAQ,1626,KR7177900008,177900,쓰리에이로직스,주권,COMMON,TRUE,,,20241224,2024-12-24,VALID
KOSDAQ,1627,KR7475400008,475400,씨메스로보틱스,주권,COMMON,TRUE,,,20241024,2024-10-24,VALID
KOSDAQ,1628,KR7109670000,109670,씨싸이트,주권,COMMON,TRUE,,,20231221,2023-12-21,VALID
KOSDAQ,1629,KR7066790007,066790,씨씨에스,주권,COMMON,TRUE,,,20030530,2003-05-30,VALID
KOSDAQ,1630,KR7352480008,352480,씨앤씨인터내셔널,주권,COMMON,TRUE,,,20210517,2021-05-17,VALID
KOSDAQ,1631,KR7264660002,264660,씨앤지하이테크,주권,COMMON,TRUE,,,20180125,2018-01-25,VALID
KOSDAQ,1632,KR7352700009,352700,씨앤투스,주권,COMMON,TRUE,,,20210128,2021-01-28,VALID
KOSDAQ,1633,KR7056730005,056730,CNT85,주권,COMMON,TRUE,,,20020104,2002-01-04,VALID
KOSDAQ,1634,KR7458870003,458870,씨어스,주권,COMMON,TRUE,,,20240619,2024-06-19,VALID
KOSDAQ,1635,KR7065770000,065770,CS,주권,COMMON,TRUE,,,20040604,2004-06-04,VALID
KOSDAQ,1636,KR7297090003,297090,씨에스베어링,주권,COMMON,TRUE,,,20191121,2019-11-21,VALID
KOSDAQ,1637,KR7083660001,083660,CSA 코스믹,주권,COMMON,TRUE,,,20060725,2006-07-25,VALID
KOSDAQ,1638,KYG2114A1094,900120,씨엑스아이,외국주권,COMMON,TRUE,,,20100331,2010-03-31,VALID
KOSDAQ,1639,KR7359090008,359090,씨엔알리서치,주권,COMMON,TRUE,,,20200923,2020-09-23,VALID
KOSDAQ,1640,KR7115530008,115530,씨엔플러스,주권,COMMON,TRUE,,,20111102,2011-11-02,VALID
KOSDAQ,1641,KR7388210007,388210,씨엠티엑스,주권,COMMON,TRUE,,,20251120,2025-11-20,VALID
KOSDAQ,1642,KR7115480006,115480,씨유메디칼,주권,COMMON,TRUE,,,20111215,2011-12-15,VALID
KOSDAQ,1643,KR7376290003,376290,씨유테크,주권,COMMON,TRUE,,,20211008,2021-10-08,VALID
KOSDAQ,1644,KR7189330004,189330,씨이랩,주권,COMMON,TRUE,,,20210224,2021-02-24,VALID
KOSDAQ,1645,KR7311690002,311690,CJ 바이오사이언스,주권,COMMON,TRUE,,,20191226,2019-12-26,VALID
KOSDAQ,1646,KR7035760008,035760,CJ ENM,주권,COMMON,TRUE,,,19991123,1999-11-23,VALID
KOSDAQ,1647,KR7051500007,051500,CJ프레시웨이,주권,COMMON,TRUE,,,20010726,2001-07-26,VALID
KOSDAQ,1648,KR7096530001,096530,씨젠,주권,COMMON,TRUE,,,20100910,2010-09-10,VALID
KOSDAQ,1649,KR7083790006,083790,CG인바이츠,주권,COMMON,TRUE,,,20060106,2006-01-06,VALID
KOSDAQ,1650,KR7101240000,101240,씨큐브,주권,COMMON,TRUE,,,20111108,2011-11-08,VALID
KOSDAQ,1651,KR7060590007,060590,씨티씨바이오,주권,COMMON,TRUE,,,20020221,2002-02-21,VALID
KOSDAQ,1652,KR7260930003,260930,씨티케이,주권,COMMON,TRUE,,,20171207,2017-12-07,VALID
KOSDAQ,1653,KR7413630005,413630,씨피시스템,주권,COMMON,TRUE,,,20220331,2022-03-31,VALID
KOSDAQ,1654,KR7013990007,013990,아가방컴퍼니,주권,COMMON,TRUE,,,20020117,2002-01-17,VALID
KOSDAQ,1655,KR7175140003,175140,아고스,주권,COMMON,TRUE,,,20150923,2015-09-23,VALID
KOSDAQ,1656,KR7123860009,123860,아나패스,주권,COMMON,TRUE,,,20101105,2010-11-05,VALID
KOSDAQ,1657,KR7025980004,025980,아난티,주권,COMMON,TRUE,,,19960106,1996-01-06,VALID
KOSDAQ,1658,KR70015N0000,0015N0,아로마티카,주권,COMMON,TRUE,,,20251127,2025-11-27,VALID
KOSDAQ,1659,KR7261780001,261780,아리바이오랩,주권,COMMON,TRUE,,,20211022,2021-10-22,VALID
KOSDAQ,1660,KR7290690007,290690,아리바이오홀딩스,주권,COMMON,TRUE,,,20201106,2020-11-06,VALID
KOSDAQ,1661,KR7125210005,125210,아모그린텍,주권,COMMON,TRUE,,,20190329,2019-03-29,VALID
KOSDAQ,1662,KR7052710001,052710,아모텍,주권,COMMON,TRUE,,,20030801,2003-08-01,VALID
KOSDAQ,1663,KR7074430000,074430,아미노로직스,주권,COMMON,TRUE,,,20040604,2004-06-04,VALID
KOSDAQ,1664,KR7092040005,092040,아미코젠,주권,COMMON,TRUE,,,20130912,2013-09-12,VALID
KOSDAQ,1665,KR7083930008,083930,아바코,주권,COMMON,TRUE,,,20051011,2005-10-11,VALID
KOSDAQ,1666,KR7149950008,149950,아바텍,주권,COMMON,TRUE,,,20121106,2012-11-06,VALID
KOSDAQ,1667,KR7036010007,036010,아비코전자,주권,COMMON,TRUE,,,20020703,2002-07-03,VALID
KOSDAQ,1668,KR7050860006,050860,아세아텍,주권,COMMON,TRUE,,,20100126,2010-01-26,VALID
KOSDAQ,1669,KR7136410008,136410,아셈스,주권,COMMON,TRUE,,,20220207,2022-02-07,VALID
KOSDAQ,1670,KR7246720007,246720,아스타,주권,COMMON,TRUE,,,20170320,2017-03-20,VALID
KOSDAQ,1671,KR7450950001,450950,아스테라시스,주권,COMMON,TRUE,,,20250124,2025-01-24,VALID
KOSDAQ,1672,KR7067390005,067390,아스트,주권,COMMON,TRUE,,,20141224,2014-12-24,VALID
KOSDAQ,1673,KR7159010008,159010,아스플로,주권,COMMON,TRUE,,,20211007,2021-10-07,VALID
KOSDAQ,1674,KR7127710002,127710,아시아경제,주권,COMMON,TRUE,,,20150731,2015-07-31,VALID
KOSDAQ,1675,KR7227610003,227610,아우딘퓨쳐스,주권,COMMON,TRUE,,,20170712,2017-07-12,VALID
KOSDAQ,1676,KR7331740001,331740,아우토크립트,주권,COMMON,TRUE,,,20250715,2025-07-15,VALID
KOSDAQ,1677,KR7143160000,143160,아이디스,주권,COMMON,TRUE,,,20110926,2011-09-26,VALID
KOSDAQ,1678,KR7054800008,054800,아이디스홀딩스,주권,COMMON,TRUE,,,20010927,2001-09-27,VALID
KOSDAQ,1679,KR7332370006,332370,아이디피,주권,COMMON,TRUE,,,20200824,2020-08-24,VALID
KOSDAQ,1680,KR7066430000,066430,아이로보틱스,주권,COMMON,TRUE,,,20021224,2002-12-24,VALID
KOSDAQ,1681,KR7339950008,339950,아이비김영,주권,COMMON,TRUE,,,20191224,2019-12-24,VALID
KOSDAQ,1682,KR7469750004,469750,아이비젼웍스,주권,COMMON,TRUE,,,20240903,2024-09-03,VALID
KOSDAQ,1683,KR7469480008,469480,IBKS제24호스팩,주권,SPAC,FALSE,EXCLUDE_SPAC,,20240201,2024-02-01,VALID
KOSDAQ,1684,KR70099X0007,0099X0,IBKS제25호스팩,주권,SPAC,FALSE,EXCLUDE_SPAC,,20251219,2025-12-19,VALID
KOSDAQ,1685,KR7460470008,460470,아이빔테크놀로지,주권,COMMON,TRUE,,,20240806,2024-08-06,VALID
KOSDAQ,1686,KR7099190001,099190,아이센스,주권,COMMON,TRUE,,,20130130,2013-01-30,VALID
KOSDAQ,1687,KR7461300006,461300,아이스크림미디어,주권,COMMON,TRUE,,,20240830,2024-08-30,VALID
KOSDAQ,1688,KR7289010001,289010,아이스크림에듀,주권,COMMON,TRUE,,,20190711,2019-07-11,VALID
KOSDAQ,1689,KR7214430001,214430,아이쓰리시스템,주권,COMMON,TRUE,,,20150730,2015-07-30,VALID
KOSDAQ,1690,KR7040910002,040910,아이씨디,주권,COMMON,TRUE,,,20110805,2011-08-05,VALID
KOSDAQ,1691,KR7368600003,368600,아이씨에이치,주권,COMMON,TRUE,,,20220729,2022-07-29,VALID
KOSDAQ,1692,KR7456010008,456010,아이씨티케이,주권,COMMON,TRUE,,,20240517,2024-05-17,VALID
KOSDAQ,1693,KR7052860004,052860,아이앤씨,주권,COMMON,TRUE,,,20091006,2009-10-06,VALID
KOSDAQ,1694,KR7464500008,464500,아이언디바이스,주권,COMMON,TRUE,,,20240923,2024-09-23,VALID
KOSDAQ,1695,KR7095340006,095340,ISC,주권,COMMON,TRUE,,,20071001,2007-10-01,VALID
KOSDAQ,1696,KR7212710008,212710,아이에스티이,주권,COMMON,TRUE,,,20250212,2025-02-12,VALID
KOSDAQ,1697,KR7038880001,038880,아이에이,주권,COMMON,TRUE,,,20000427,2000-04-27,VALID
KOSDAQ,1698,KR7307180000,307180,아이엘,주권,COMMON,TRUE,,,20181221,2018-12-21,VALID
KOSDAQ,1699,KR7493280002,493280,아이엠바이오로직스,주권,COMMON,TRUE,,,20260320,2026-03-20,VALID
KOSDAQ,1700,KR7461030009,461030,아이엠비디엑스,주권,COMMON,TRUE,,,20240403,2024-04-03,VALID
KOSDAQ,1701,KR7052220001,052220,iMBC,주권,COMMON,TRUE,,,20050121,2005-01-21,VALID
KOSDAQ,1702,KR7451220008,451220,아이엠티,주권,COMMON,TRUE,,,20231010,2023-10-10,VALID
KOSDAQ,1703,KR7078860004,078860,아이오케이이엔엠,주권,COMMON,TRUE,,,20060627,2006-06-27,VALID
KOSDAQ,1704,KR7090150004,090150,아이윈,주권,COMMON,TRUE,,,20061020,2006-10-20,VALID
KOSDAQ,1705,KR7031310006,031310,아이즈비전,주권,COMMON,TRUE,,,19970725,1997-07-25,VALID
KOSDAQ,1706,KR7462980004,462980,아이지넷,주권,COMMON,TRUE,,,20250204,2025-02-04,VALID
KOSDAQ,1707,KR7185490000,185490,아이진,주권,COMMON,TRUE,,,20151116,2015-11-16,VALID
KOSDAQ,1708,KR7059100008,059100,아이컴포넌트,주권,COMMON,TRUE,,,20081216,2008-12-16,VALID
KOSDAQ,1709,KR7262840002,262840,아이퀘스트,주권,COMMON,TRUE,,,20210205,2021-02-05,VALID
KOSDAQ,1710,KR7175250000,175250,아이큐어,주권,COMMON,TRUE,,,20180712,2018-07-12,VALID
KOSDAQ,1711,KR7052460003,052460,아이크래프트,주권,COMMON,TRUE,,,20050103,2005-01-03,VALID
KOSDAQ,1712,KR7119830008,119830,아이텍,주권,COMMON,TRUE,,,20101026,2010-10-26,VALID
KOSDAQ,1713,KR7052770005,052770,아이톡시,주권,COMMON,TRUE,,,20020822,2002-08-22,VALID
KOSDAQ,1714,KR7124500000,124500,아이티센글로벌,주권,COMMON,TRUE,,,20141223,2014-12-23,VALID
KOSDAQ,1715,KR7010280006,010280,아이티센엔텍,주권,COMMON,TRUE,,,20000414,2000-04-14,VALID
KOSDAQ,1716,KR7232830000,232830,아이티센피엔에스,주권,COMMON,TRUE,,,20230629,2023-06-29,VALID
KOSDAQ,1717,KR7372800003,372800,아이티아이즈,주권,COMMON,TRUE,,,20211111,2021-11-11,VALID
KOSDAQ,1718,KR7084850007,084850,아이티엠반도체,주권,COMMON,TRUE,,,20191107,2019-11-07,VALID
KOSDAQ,1719,KR7309710002,309710,아이티켐,주권,COMMON,TRUE,,,20250807,2025-08-07,VALID
KOSDAQ,1720,KR7114840002,114840,아이패밀리에스씨,주권,COMMON,TRUE,,,20211028,2021-10-28,VALID
KOSDAQ,1721,KR7027360007,027360,아주IB투자,주권,COMMON,TRUE,,,20181121,2018-11-21,VALID
KOSDAQ,1722,KR7032080004,032080,아즈텍WB,주권,COMMON,TRUE,,,20001026,2000-10-26,VALID
KOSDAQ,1723,KR7013310008,013310,아진산업,주권,COMMON,TRUE,,,20151222,2015-12-22,VALID
KOSDAQ,1724,KR7059120006,059120,아진엑스텍,주권,COMMON,TRUE,,,20140724,2014-07-24,VALID
KOSDAQ,1725,KR70007C0003,0007C0,아크릴,주권,COMMON,TRUE,,,20251216,2025-12-16,VALID
KOSDAQ,1726,KR7158430009,158430,아톤,주권,COMMON,TRUE,,,20191017,2019-10-17,VALID
KOSDAQ,1727,KR7297570004,297570,아틀라스링크,주권,COMMON,TRUE,,,20180720,2018-07-20,VALID
KOSDAQ,1728,KR7200350007,200350,아티스트스튜디오,주권,COMMON,TRUE,,,20211230,2021-12-30,VALID
KOSDAQ,1729,KR7321820003,321820,아티스트컴퍼니,주권,COMMON,TRUE,,,20210203,2021-02-03,VALID
KOSDAQ,1730,KR7001540004,001540,안국약품,주권,COMMON,TRUE,,,20000615,2000-06-15,VALID
KOSDAQ,1731,KR7053800009,053800,안랩,주권,COMMON,TRUE,,,20010913,2001-09-13,VALID
KOSDAQ,1732,KR7065660003,065660,안트로젠,주권,COMMON,TRUE,,,20160215,2016-02-15,VALID
KOSDAQ,1733,KR7260660006,260660,알리코제약,주권,COMMON,TRUE,,,20180212,2018-02-12,VALID
KOSDAQ,1734,KR7354320004,354320,알멕,주권,COMMON,TRUE,,,20230630,2023-06-30,VALID
KOSDAQ,1735,KR7361570005,361570,알비더블유,주권,COMMON,TRUE,,,20211122,2021-11-22,VALID
KOSDAQ,1736,KR7131370009,131370,알서포트,주권,COMMON,TRUE,,,20110105,2011-01-05,VALID
KOSDAQ,1737,KR7140670001,140670,알에스오토메이션,주권,COMMON,TRUE,,,20170811,2017-08-11,VALID
KOSDAQ,1738,KR7327260006,327260,RF머트리얼즈,주권,COMMON,TRUE,,,20191224,2019-12-24,VALID
KOSDAQ,1739,KR7096610001,096610,알에프세미,주권,COMMON,TRUE,,,20071120,2007-11-20,VALID
KOSDAQ,1740,KR7474610003,474610,RF시스템즈,주권,COMMON,TRUE,,,20241119,2024-11-19,VALID
KOSDAQ,1741,KR7218410009,218410,RFHIC,주권,COMMON,TRUE,,,20150630,2015-06-30,VALID
KOSDAQ,1742,KR7061040002,061040,알에프텍,주권,COMMON,TRUE,,,20020516,2002-05-16,VALID
KOSDAQ,1743,KR7148250004,148250,알엔투테크놀로지,주권,COMMON,TRUE,,,20160622,2016-06-22,VALID
KOSDAQ,1744,KR7123010001,123010,알엔티엑스,주권,COMMON,TRUE,,,20160720,2016-07-20,VALID
KOSDAQ,1745,KR7476830005,476830,알지노믹스,주권,COMMON,TRUE,,,20251218,2025-12-18,VALID
KOSDAQ,1746,KR7347860009,347860,알체라,주권,COMMON,TRUE,,,20201221,2020-12-21,VALID
KOSDAQ,1747,KR7196170005,196170,알테오젠,주권,COMMON,TRUE,,,20141212,2014-12-12,VALID
KOSDAQ,1748,KR7123750002,123750,알톤,주권,COMMON,TRUE,,,20100702,2010-07-02,VALID
KOSDAQ,1749,KR7459550000,459550,알트,주권,COMMON,TRUE,,,20251117,2025-11-17,VALID
KOSDAQ,1750,KR7085810000,085810,알티캐스트,주권,COMMON,TRUE,,,20131206,2013-12-06,VALID
KOSDAQ,1751,KR7043100007,043100,알파AI,주권,COMMON,TRUE,,,20000808,2000-08-08,VALID
KOSDAQ,1752,KR7117670000,117670,알파칩스,주권,COMMON,TRUE,,,20100917,2010-09-17,VALID
KOSDAQ,1753,KR7314140005,314140,알피바이오,주권,COMMON,TRUE,,,20220929,2022-09-29,VALID
KOSDAQ,1754,KR7293780003,293780,압타바이오,주권,COMMON,TRUE,,,20190612,2019-06-12,VALID
KOSDAQ,1755,KR7310200001,310200,애니플러스,주권,COMMON,TRUE,,,20181221,2018-12-21,VALID
KOSDAQ,1756,KR7179530001,179530,애드바이오텍,주권,COMMON,TRUE,,,20220124,2022-01-24,VALID
KOSDAQ,1757,KR7397810003,397810,애드포러스,주권,COMMON,TRUE,,,20250822,2025-08-22,VALID
KOSDAQ,1758,KR70011A0009,0011A0,액스비스,주권,COMMON,TRUE,,,20260309,2026-03-09,VALID
KOSDAQ,1759,KR7052790003,052790,액토즈소프트,주권,COMMON,TRUE,,,20010814,2001-08-14,VALID
KOSDAQ,1760,KR7290740000,290740,액트로,주권,COMMON,TRUE,,,20180828,2018-08-28,VALID
KOSDAQ,1761,KR7238090005,238090,앤디포스,주권,COMMON,TRUE,,,20161012,2016-10-12,VALID
KOSDAQ,1762,KR7138360003,138360,앤로보틱스,주권,COMMON,TRUE,,,20131108,2013-11-08,VALID
KOSDAQ,1763,KR7092600006,092600,앤씨앤,주권,COMMON,TRUE,,,20070626,2007-06-26,VALID
KOSDAQ,1764,KR7129890000,129890,앱코,주권,COMMON,TRUE,,,20201202,2020-12-02,VALID
KOSDAQ,1765,KR7174900001,174900,앱클론,주권,COMMON,TRUE,,,20170918,2017-09-18,VALID
KOSDAQ,1766,KR7109960005,109960,앱토크롬,주권,COMMON,TRUE,,,20091113,2009-11-13,VALID
KOSDAQ,1767,KR7270520000,270520,앱튼,주권,COMMON,TRUE,,,20170822,2017-08-22,VALID
KOSDAQ,1768,KR7255440000,255440,야스,주권,COMMON,TRUE,,,20170929,2017-09-29,VALID
KOSDAQ,1769,KR7030960009,030960,양지사,주권,COMMON,TRUE,,,19961024,1996-10-24,VALID
KOSDAQ,1770,KR7102120003,102120,어보브반도체,주권,COMMON,TRUE,,,20090605,2009-06-05,VALID
KOSDAQ,1771,KR7238120000,238120,얼라인드,주권,COMMON,TRUE,,,20161103,2016-11-03,VALID
KOSDAQ,1772,KR7019990001,019990,에너토크,주권,COMMON,TRUE,,,20060201,2006-02-01,VALID
KOSDAQ,1773,KR7435570007,435570,에르코스,주권,COMMON,TRUE,,,20250228,2025-02-28,VALID
KOSDAQ,1774,KR7270660004,270660,에브리봇,주권,COMMON,TRUE,,,20210728,2021-07-28,VALID
KOSDAQ,1775,KR7038680005,038680,에스넷,주권,COMMON,TRUE,,,20000427,2000-04-27,VALID
KOSDAQ,1776,KR7217480003,217480,에스디생명공학,주권,COMMON,TRUE,,,20170302,2017-03-02,VALID
KOSDAQ,1777,KR7121890008,121890,에스디시스템,주권,COMMON,TRUE,,,20100716,2010-07-16,VALID
KOSDAQ,1778,KR7099220006,099220,SDN,주권,COMMON,TRUE,,,20090519,2009-05-19,VALID
KOSDAQ,1779,KR7304360001,304360,에스바이오메딕스,주권,COMMON,TRUE,,,20230504,2023-05-04,VALID
KOSDAQ,1780,KR7289080004,289080,SV인베스트먼트,주권,COMMON,TRUE,,,20180706,2018-07-06,VALID
KOSDAQ,1781,KR7389500000,389500,에스비비테크,주권,COMMON,TRUE,,,20221017,2022-10-17,VALID
KOSDAQ,1782,KR7019550003,019550,SBI인베스트먼트,주권,COMMON,TRUE,,,19890906,1989-09-06,VALID
KOSDAQ,1783,KR7042110007,042110,에스씨디,주권,COMMON,TRUE,,,20000713,2000-07-13,VALID
KOSDAQ,1784,KR7246960009,246960,SCL사이언스,주권,COMMON,TRUE,,,20190201,2019-02-01,VALID
KOSDAQ,1785,KR7065420002,065420,에스아이리소스,주권,COMMON,TRUE,,,20020822,2002-08-22,VALID
KOSDAQ,1786,KR7103230009,103230,에스앤더블류,주권,COMMON,TRUE,,,20090805,2009-08-05,VALID
KOSDAQ,1787,KR7260970009,260970,에스앤디,주권,COMMON,TRUE,,,20210929,2021-09-29,VALID
KOSDAQ,1788,KR7101490001,101490,에스앤에스텍,주권,COMMON,TRUE,,,20090414,2009-04-14,VALID
KOSDAQ,1789,KR7095910006,095910,에스에너지,주권,COMMON,TRUE,,,20071016,2007-10-16,VALID
KOSDAQ,1790,KR7275630002,275630,에스에스알,주권,COMMON,TRUE,,,20180806,2018-08-06,VALID
KOSDAQ,1791,KR7419530001,419530,SAMG엔터,주권,COMMON,TRUE,,,20221206,2022-12-06,VALID
KOSDAQ,1792,KR7031330004,031330,에스에이엠티,주권,COMMON,TRUE,,,20000523,2000-05-23,VALID
KOSDAQ,1793,KR7060540002,060540,에스에이티,주권,COMMON,TRUE,,,20061128,2006-11-28,VALID
KOSDAQ,1794,KR7056190002,056190,SFA,주권,COMMON,TRUE,,,20011218,2001-12-18,VALID
KOSDAQ,1795,KR7036540003,036540,SFA반도체,주권,COMMON,TRUE,,,20010502,2001-05-02,VALID
KOSDAQ,1796,KR70008Z0005,0008Z0,에스엔시스,주권,COMMON,TRUE,,,20250819,2025-08-19,VALID
KOSDAQ,1797,KR7091340000,091340,S&K폴리텍,주권,COMMON,TRUE,,,20070730,2007-07-30,VALID
KOSDAQ,1798,KR7246250005,246250,에스엘에스바이오,주권,COMMON,TRUE,,,20231020,2023-10-20,VALID
KOSDAQ,1799,KR7063440002,063440,SM Life Design,주권,COMMON,TRUE,,,20020530,2002-05-30,VALID
KOSDAQ,1800,KR7460870009,460870,에스엠씨지,주권,COMMON,TRUE,,,20250307,2025-03-07,VALID
KOSDAQ,1801,KR7041510009,041510,에스엠,주권,COMMON,TRUE,,,20000427,2000-04-27,VALID
KOSDAQ,1802,KR7048550008,048550,SM C&C,주권,COMMON,TRUE,,,20010118,2001-01-18,VALID
KOSDAQ,1803,KR7464080001,464080,에스오에스랩,주권,COMMON,TRUE,,,20240625,2024-06-25,VALID
KOSDAQ,1804,KR7109610006,109610,에스와이,주권,COMMON,TRUE,,,20151229,2015-12-29,VALID
KOSDAQ,1805,KR7365330000,365330,에스와이스틸텍,주권,COMMON,TRUE,,,20231113,2023-11-13,VALID
KOSDAQ,1806,KR7306040007,306040,에스제이그룹,주권,COMMON,TRUE,,,20191118,2019-11-18,VALID
KOSDAQ,1807,KR7016250003,016250,SGC E&C,주권,COMMON,TRUE,,,19991228,1999-12-28,VALID
KOSDAQ,1808,KR7184230001,184230,SGA솔루션즈,주권,COMMON,TRUE,,,20131220,2013-12-20,VALID
KOSDAQ,1809,KR7040610008,040610,SG&G,주권,COMMON,TRUE,,,20000427,2000-04-27,VALID
KOSDAQ,1810,KR7255220006,255220,SG,주권,COMMON,TRUE,,,20180126,2018-01-26,VALID
KOSDAQ,1811,KR7398120006,398120,에스지헬스케어,주권,COMMON,TRUE,,,20241219,2024-12-19,VALID
KOSDAQ,1812,KR7472230002,472230,에스케이증권제11호스팩,주권,SPAC,FALSE,EXCLUDE_SPAC,,20240304,2024-03-04,VALID
KOSDAQ,1813,KR7473000008,473000,에스케이증권제12호스팩,주권,SPAC,FALSE,EXCLUDE_SPAC,,20240507,2024-05-07,VALID
KOSDAQ,1814,KR7473950004,473950,에스케이증권제13호스팩,주권,SPAC,FALSE,EXCLUDE_SPAC,,20240725,2024-07-25,VALID
KOSDAQ,1815,KR7475660007,475660,에스켐,주권,COMMON,TRUE,,,20241118,2024-11-18,VALID
KOSDAQ,1816,KR7096630009,096630,에스코넥,주권,COMMON,TRUE,,,20071226,2007-12-26,VALID
KOSDAQ,1817,KR7069510006,069510,에스텍,주권,COMMON,TRUE,,,20031114,2003-11-14,VALID
KOSDAQ,1818,KR7488280009,488280,에스투더블유,주권,COMMON,TRUE,,,20250919,2025-09-19,VALID
KOSDAQ,1819,KR7234300002,234300,에스트래픽,주권,COMMON,TRUE,,,20171205,2017-12-05,VALID
KOSDAQ,1820,KR7039440003,039440,에스티아이,주권,COMMON,TRUE,,,20020228,2002-02-28,VALID
KOSDAQ,1821,KR7098660004,098660,에스티오,주권,COMMON,TRUE,,,20090417,2009-04-17,VALID
KOSDAQ,1822,KR7052020005,052020,에스티큐브,주권,COMMON,TRUE,,,20010705,2001-07-05,VALID
KOSDAQ,1823,KR7237690003,237690,에스티팜,주권,COMMON,TRUE,,,20160623,2016-06-23,VALID
KOSDAQ,1824,KR7458350006,458350,에스팀,주권,COMMON,TRUE,,,20260306,2026-03-06,VALID
KOSDAQ,1825,KR7050760008,050760,에스폴리텍,주권,COMMON,TRUE,,,20020516,2002-05-16,VALID
KOSDAQ,1826,KR7288620008,288620,에스프리즘,주권,COMMON,TRUE,,,20181015,2018-10-15,VALID
KOSDAQ,1827,KR7443670005,443670,에스피소프트,주권,COMMON,TRUE,,,20240215,2024-02-15,VALID
KOSDAQ,1828,KR7317830008,317830,에스피시스템스,주권,COMMON,TRUE,,,20190814,2019-08-14,VALID
KOSDAQ,1829,KR7058610007,058610,에스피지,주권,COMMON,TRUE,,,20020723,2002-07-23,VALID
KOSDAQ,1830,KR7043340009,043340,에쎈테크,주권,COMMON,TRUE,,,20000829,2000-08-29,VALID
KOSDAQ,1831,KR7163280001,163280,에어레인,주권,COMMON,TRUE,,,20241108,2024-11-08,VALID
KOSDAQ,1832,KR7200710002,200710,에이디테크놀로지,주권,COMMON,TRUE,,,20141216,2014-12-16,VALID
KOSDAQ,1833,KR7475580007,475580,에이럭스,주권,COMMON,TRUE,,,20241101,2024-11-01,VALID
KOSDAQ,1834,KR7096690003,096690,에이루트,주권,COMMON,TRUE,,,20101201,2010-12-01,VALID
KOSDAQ,1835,KR7298380007,298380,에이비엘바이오,주권,COMMON,TRUE,,,20181219,2018-12-19,VALID
KOSDAQ,1836,KR7203400007,203400,에이비온,주권,COMMON,TRUE,,,20210908,2021-09-08,VALID
KOSDAQ,1837,KR7003800000,003800,에이스침대,주권,COMMON,TRUE,,,19960503,1996-05-03,VALID
KOSDAQ,1838,KR7088800008,088800,에이스테크,주권,COMMON,TRUE,,,20060327,2006-03-27,VALID
KOSDAQ,1839,KR7241840008,241840,에이스토리,주권,COMMON,TRUE,,,20190719,2019-07-19,VALID
KOSDAQ,1840,KR7364950006,364950,에이아이코리아,주권,COMMON,TRUE,,,20250429,2025-04-29,VALID
KOSDAQ,1841,KR7453860009,453860,에이에스텍,주권,COMMON,TRUE,,,20231128,2023-11-28,VALID
KOSDAQ,1842,KR7312610009,312610,에이에프더블류,주권,COMMON,TRUE,,,20190701,2019-07-01,VALID
KOSDAQ,1843,KR7172670002,172670,에이엘티,주권,COMMON,TRUE,,,20230727,2023-07-27,VALID
KOSDAQ,1844,KR7481070001,481070,에이유브랜즈,주권,COMMON,TRUE,,,20250403,2025-04-03,VALID
KOSDAQ,1845,KR7060900008,060900,에이전트AI,주권,COMMON,TRUE,,,20020917,2002-09-17,VALID
KOSDAQ,1846,KR7445090004,445090,에이직랜드,주권,COMMON,TRUE,,,20231113,2023-11-13,VALID
KOSDAQ,1847,KR7295310007,295310,에이치브이엠,주권,COMMON,TRUE,,,20240628,2024-06-28,VALID
KOSDAQ,1848,KR7297890006,297890,HB솔루션,주권,COMMON,TRUE,,,20200622,2020-06-22,VALID
KOSDAQ,1849,KR7440290005,440290,HB인베스트먼트,주권,COMMON,TRUE,,,20240125,2024-01-25,VALID
KOSDAQ,1850,KR7078150000,078150,HB테크놀러지,주권,COMMON,TRUE,,,20041208,2004-12-08,VALID
KOSDAQ,1851,KR7072990005,072990,에이치시티,주권,COMMON,TRUE,,,20161017,2016-10-17,VALID
KOSDAQ,1852,KR7225530005,225530,HC보광산업,주권,COMMON,TRUE,,,20151217,2015-12-17,VALID
KOSDAQ,1853,KR7060560000,060560,HC홈센타,주권,COMMON,TRUE,,,20020711,2002-07-11,VALID
KOSDAQ,1854,KR7036640001,036640,HRS,주권,COMMON,TRUE,,,20000530,2000-05-30,VALID
KOSDAQ,1855,KR7044990000,044990,에이치엔에스하이텍,주권,COMMON,TRUE,,,20241025,2024-10-25,VALID
KOSDAQ,1856,KR7028300002,028300,HLB,주권,COMMON,TRUE,,,19960727,1996-07-27,VALID
KOSDAQ,1857,KR7278650007,278650,HLB바이오스텝,주권,COMMON,TRUE,,,20191127,2019-11-27,VALID
KOSDAQ,1858,KR7067630004,067630,HLB생명과학,주권,COMMON,TRUE,,,20081125,2008-11-25,VALID
KOSDAQ,1859,KR7187420005,187420,HLB제넥스,주권,COMMON,TRUE,,,20150529,2015-05-29,VALID
KOSDAQ,1860,KR7047920004,047920,HLB제약,주권,COMMON,TRUE,,,20151221,2015-12-21,VALID
KOSDAQ,1861,KR7115450009,115450,HLB테라퓨틱스,주권,COMMON,TRUE,,,20100326,2010-03-26,VALID
KOSDAQ,1862,KR7046210001,046210,HLB파나진,주권,COMMON,TRUE,,,20000816,2000-08-16,VALID
KOSDAQ,1863,KR7196300008,196300,HLB펩,주권,COMMON,TRUE,,,20161207,2016-12-07,VALID
KOSDAQ,1864,KR7239610009,239610,에이치엘사이언스,주권,COMMON,TRUE,,,20161028,2016-10-28,VALID
KOSDAQ,1865,KR70156T0003,0156T0,에이치엘지노믹스,주권,COMMON,TRUE,,,20260724,2026-07-24,VALID
KOSDAQ,1866,KR7036170009,036170,에이치엠넥스,주권,COMMON,TRUE,,,19991221,1999-12-21,VALID
KOSDAQ,1867,KR7477340004,477340,에이치엠씨제7호스팩,주권,SPAC,FALSE,EXCLUDE_SPAC,,20240624,2024-06-24,VALID
KOSDAQ,1868,KR7148930001,148930,에이치와이티씨,주권,COMMON,TRUE,,,20220809,2022-08-09,VALID
KOSDAQ,1869,KR7376270005,376270,HEM파마,주권,COMMON,TRUE,,,20241105,2024-11-05,VALID
KOSDAQ,1870,KR7044780005,044780,에이치케이,주권,COMMON,TRUE,,,20000907,2000-09-07,VALID
KOSDAQ,1871,KR7195940002,195940,HK이노엔,주권,COMMON,TRUE,,,20210809,2021-08-09,VALID
KOSDAQ,1872,KR7403870009,403870,HPSP,주권,COMMON,TRUE,,,20220715,2022-07-15,VALID
KOSDAQ,1873,KR7357230002,357230,에이치피오,주권,COMMON,TRUE,,,20210514,2021-05-14,VALID
KOSDAQ,1874,KR7355690009,355690,에이텀,주권,COMMON,TRUE,,,20231201,2023-12-01,VALID
KOSDAQ,1875,KR7071670004,071670,에이테크솔루션,주권,COMMON,TRUE,,,20090417,2009-04-17,VALID
KOSDAQ,1876,KR7045660008,045660,에이텍,주권,COMMON,TRUE,,,20010524,2001-05-24,VALID
KOSDAQ,1877,KR7224110007,224110,에이텍모빌리티,주권,COMMON,TRUE,,,20150825,2015-08-25,VALID
KOSDAQ,1878,KR7021080007,021080,에이티넘인베스트,주권,COMMON,TRUE,,,19910712,1991-07-12,VALID
KOSDAQ,1879,KR7200470003,200470,에이팩트,주권,COMMON,TRUE,,,20141226,2014-12-26,VALID
KOSDAQ,1880,KR7262260003,262260,에이프로,주권,COMMON,TRUE,,,20200716,2020-07-16,VALID
KOSDAQ,1881,KR7397030008,397030,에이프릴바이오,주권,COMMON,TRUE,,,20220728,2022-07-28,VALID
KOSDAQ,1882,KR7265520007,265520,AP시스템,주권,COMMON,TRUE,,,20170407,2017-04-07,VALID
KOSDAQ,1883,KR7054620000,054620,APS,주권,COMMON,TRUE,,,20011204,2001-12-04,VALID
KOSDAQ,1884,KR7211270004,211270,AP위성,주권,COMMON,TRUE,,,20160304,2016-03-04,VALID
KOSDAQ,1885,KR70009K0001,0009K0,에임드바이오,주권,COMMON,TRUE,,,20251204,2025-12-04,VALID
KOSDAQ,1886,KR7230240004,230240,에치에프알,주권,COMMON,TRUE,,,20151216,2015-12-16,VALID
KOSDAQ,1887,KR7159910009,159910,에코글로우,주권,COMMON,TRUE,,,20121227,2012-12-27,VALID
KOSDAQ,1888,KR7097780001,097780,에코볼트,주권,COMMON,TRUE,,,20080123,2008-01-23,VALID
KOSDAQ,1889,KR7038870002,038870,에코심플렉스,주권,COMMON,TRUE,,,20010529,2001-05-29,VALID
KOSDAQ,1890,KR7448280008,448280,에코아이,주권,COMMON,TRUE,,,20231121,2023-11-21,VALID
KOSDAQ,1891,KR7101360006,101360,에코앤드림,주권,COMMON,TRUE,,,20200730,2020-07-30,VALID
KOSDAQ,1892,KR7128540002,128540,에코캡,주권,COMMON,TRUE,,,20181205,2018-12-05,VALID
KOSDAQ,1893,KR7086520004,086520,에코프로,주권,COMMON,TRUE,,,20070720,2007-07-20,VALID
KOSDAQ,1894,KR7247540008,247540,에코프로비엠,주권,COMMON,TRUE,,,20190305,2019-03-05,VALID
KOSDAQ,1895,KR7383310000,383310,에코프로에이치엔,주권,COMMON,TRUE,,,20210528,2021-05-28,VALID
KOSDAQ,1896,KR7038110003,038110,에코플라스틱,주권,COMMON,TRUE,,,20000323,2000-03-23,VALID
KOSDAQ,1897,KR7073540007,073540,에프알텍,주권,COMMON,TRUE,,,20070518,2007-05-18,VALID
KOSDAQ,1898,KR7064850001,064850,에프앤가이드,주권,COMMON,TRUE,,,20201217,2020-12-17,VALID
KOSDAQ,1899,KR7214270001,214270,FSN,주권,COMMON,TRUE,,,20150325,2015-03-25,VALID
KOSDAQ,1900,KR7036810000,036810,에프에스티,주권,COMMON,TRUE,,,20000118,2000-01-18,VALID
KOSDAQ,1901,KR7173940008,173940,에프엔씨엔터,주권,COMMON,TRUE,,,20141204,2014-12-04,VALID
KOSDAQ,1902,KR7083500009,083500,에프엔에스테크,주권,COMMON,TRUE,,,20170227,2017-02-27,VALID
KOSDAQ,1903,KR7317530004,317530,에피소드컴퍼니,주권,COMMON,TRUE,,,20191029,2019-10-29,VALID
KOSDAQ,1904,KR7054940002,054940,엑사이엔씨,주권,COMMON,TRUE,,,20011213,2001-12-13,VALID
KOSDAQ,1905,KR8840090003,950130,엑세스바이오,주식예탁증권,DR,FALSE,EXCLUDE_DR,,20130530,2013-05-30,VALID
KOSDAQ,1906,KR7373110006,373110,엑셀세라퓨틱스,주권,COMMON,TRUE,,,20240715,2024-07-15,VALID
KOSDAQ,1907,KR7205100001,205100,엑셈,주권,COMMON,TRUE,,,20141107,2014-11-07,VALID
KOSDAQ,1908,KR7356680009,356680,엑스게이트,주권,COMMON,TRUE,,,20230316,2023-03-16,VALID
KOSDAQ,1909,KR7317770006,317770,엑스페릭스,주권,COMMON,TRUE,,,20190801,2019-08-01,VALID
KOSDAQ,1910,KR7373200005,373200,엑스플러스,주권,COMMON,TRUE,,,20210226,2021-02-26,VALID
KOSDAQ,1911,KR7069920007,069920,엑시온그룹,주권,COMMON,TRUE,,,20071205,2007-12-05,VALID
KOSDAQ,1912,KR7092870005,092870,엑시콘,주권,COMMON,TRUE,,,20151022,2015-10-22,VALID
KOSDAQ,1913,KR7317870004,317870,엔바이오니아,주권,COMMON,TRUE,,,20191024,2019-10-24,VALID
KOSDAQ,1914,KR7067570002,067570,엔브이에이치코리아,주권,COMMON,TRUE,,,20131203,2013-12-03,VALID
KOSDAQ,1915,KR70004V0003,0004V0,엔비알모션,주권,COMMON,TRUE,,,20260114,2026-01-14,VALID
KOSDAQ,1916,KR7236810008,236810,엔비티,주권,COMMON,TRUE,,,20210121,2021-01-21,VALID
KOSDAQ,1917,KR7333620003,333620,엔시스,주권,COMMON,TRUE,,,20210401,2021-04-01,VALID
KOSDAQ,1918,KR7101400000,101400,엔시트론,주권,COMMON,TRUE,,,20090331,2009-03-31,VALID
KOSDAQ,1919,KR7475230009,475230,엔알비,주권,COMMON,TRUE,,,20250728,2025-07-28,VALID
KOSDAQ,1920,KR7481890002,481890,엔에이치스팩31호,주권,SPAC,FALSE,EXCLUDE_SPAC,,20240726,2024-07-26,VALID
KOSDAQ,1921,KR70054V0002,0054V0,엔에이치스팩32호,주권,SPAC,FALSE,EXCLUDE_SPAC,,20251205,2025-12-05,VALID
KOSDAQ,1922,KR70130H0008,0130H0,엔에이치스팩33호,주권,SPAC,FALSE,EXCLUDE_SPAC,,20260327,2026-03-27,VALID
KOSDAQ,1923,KR7104200001,104200,NHN벅스,주권,COMMON,TRUE,,,20091006,2009-10-06,VALID
KOSDAQ,1924,KR7060250008,060250,NHN KCP,주권,COMMON,TRUE,,,20020108,2002-01-08,VALID
KOSDAQ,1925,KR7265740001,265740,엔에프씨,주권,COMMON,TRUE,,,20201202,2020-12-02,VALID
KOSDAQ,1926,KR7053290003,053290,NE능률,주권,COMMON,TRUE,,,20021210,2002-12-10,VALID
KOSDAQ,1927,KR7354200008,354200,엔젠바이오,주권,COMMON,TRUE,,,20201210,2020-12-10,VALID
KOSDAQ,1928,KR7455900001,455900,엔젤로보틱스,주권,COMMON,TRUE,,,20240326,2024-03-26,VALID
KOSDAQ,1929,KR7419080007,419080,엔젯,주권,COMMON,TRUE,,,20221118,2022-11-18,VALID
KOSDAQ,1930,KR7183490002,183490,엔지켐생명과학,주권,COMMON,TRUE,,,20180221,2018-02-21,VALID
KOSDAQ,1931,KR7182400002,182400,엔케이젠바이오텍코리아,주권,COMMON,TRUE,,,20151023,2015-10-23,VALID
KOSDAQ,1932,KR7348370008,348370,엔켐,주권,COMMON,TRUE,,,20211101,2021-11-01,VALID
KOSDAQ,1933,KR7069410009,069410,엔텔스,주권,COMMON,TRUE,,,20070620,2007-06-20,VALID
KOSDAQ,1934,KR7227950003,227950,엔투텍,주권,COMMON,TRUE,,,20151118,2015-11-18,VALID
KOSDAQ,1935,KR7048830004,048830,엔피케이,주권,COMMON,TRUE,,,20001012,2000-10-12,VALID
KOSDAQ,1936,KR7096870001,096870,엘디티,주권,COMMON,TRUE,,,20080502,2008-05-02,VALID
KOSDAQ,1937,KR7061970000,061970,LB세미콘,주권,COMMON,TRUE,,,20110131,2011-01-31,VALID
KOSDAQ,1938,KR7309960003,309960,LB인베스트먼트,주권,COMMON,TRUE,,,20230329,2023-03-29,VALID
KOSDAQ,1939,KR7290650001,290650,엘앤씨바이오,주권,COMMON,TRUE,,,20181101,2018-11-01,VALID
KOSDAQ,1940,KR7156100000,156100,엘앤케이바이오,주권,COMMON,TRUE,,,20161130,2016-11-30,VALID
KOSDAQ,1941,KR70041J0004,0041J0,엘에스스팩1호,주권,SPAC,FALSE,EXCLUDE_SPAC,,20250722,2025-07-22,VALID
KOSDAQ,1942,KR7060370004,060370,LS마린솔루션,주권,COMMON,TRUE,,,20020215,2002-02-15,VALID
KOSDAQ,1943,KR7417200003,417200,LS머트리얼즈,주권,COMMON,TRUE,,,20231212,2023-12-12,VALID
KOSDAQ,1944,KR7078020005,078020,LS증권,주권,COMMON,TRUE,,,20070221,2007-02-21,VALID
KOSDAQ,1945,KR7322180001,322180,LS티라유텍,주권,COMMON,TRUE,,,20191031,2019-10-31,VALID
KOSDAQ,1946,KR7073110009,073110,엘엠에스,주권,COMMON,TRUE,,,20071012,2007-10-12,VALID
KOSDAQ,1947,KR7083310003,083310,엘오티베큠,주권,COMMON,TRUE,,,20051005,2005-10-05,VALID
KOSDAQ,1948,KR7037950003,037950,엘컴텍,주권,COMMON,TRUE,,,20000824,2000-08-24,VALID
KOSDAQ,1949,KR7225190008,225190,LK삼양,주권,COMMON,TRUE,,,20170602,2017-06-02,VALID
KOSDAQ,1950,KR7489500009,489500,엘케이켐,주권,COMMON,TRUE,,,20250225,2025-02-25,VALID
KOSDAQ,1951,KR7170920003,170920,엘티씨,주권,COMMON,TRUE,,,20131008,2013-10-08,VALID
KOSDAQ,1952,KR7476080007,476080,M83,주권,COMMON,TRUE,,,20240822,2024-08-22,VALID
KOSDAQ,1953,KR7058630005,058630,엠게임,주권,COMMON,TRUE,,,20081219,2008-12-19,VALID
KOSDAQ,1954,KR7226590008,226590,엠디바이스,주권,COMMON,TRUE,,,20250307,2025-03-07,VALID
KOSDAQ,1955,KR7058970005,058970,엠로,주권,COMMON,TRUE,,,20210813,2021-08-13,VALID
KOSDAQ,1956,KR7373170000,373170,엠아이큐브솔루션,주권,COMMON,TRUE,,,20230804,2023-08-04,VALID
KOSDAQ,1957,KR7179290002,179290,엠아이텍,주권,COMMON,TRUE,,,20181129,2018-11-29,VALID
KOSDAQ,1958,KR7009780008,009780,엠에스씨,주권,COMMON,TRUE,,,19931012,1993-10-12,VALID
KOSDAQ,1959,KR7123040008,123040,엠에스오토텍,주권,COMMON,TRUE,,,20100806,2010-08-06,VALID
KOSDAQ,1960,KR7432980001,432980,엠에프씨,주권,COMMON,TRUE,,,20241226,2024-12-26,VALID
KOSDAQ,1961,KR7007820004,007820,엠엑스로보틱스,주권,COMMON,TRUE,,,20111108,2011-11-08,VALID
KOSDAQ,1962,KR7347890006,347890,엠엑스온,주권,COMMON,TRUE,,,20200729,2020-07-29,VALID
KOSDAQ,1963,KR7413390006,413390,엠오티,주권,COMMON,TRUE,,,20241118,2024-11-18,VALID
KOSDAQ,1964,KR7032790008,032790,엠젠솔루션,주권,COMMON,TRUE,,,19970626,1997-06-26,VALID
KOSDAQ,1965,KR7033160003,033160,엠케이전자,주권,COMMON,TRUE,,,19971110,1997-11-10,VALID
KOSDAQ,1966,KR7033310004,033310,엠투엔,주권,COMMON,TRUE,,,19971110,1997-11-10,VALID
KOSDAQ,1967,KR7259630002,259630,엠플러스,주권,COMMON,TRUE,,,20170920,2017-09-20,VALID
KOSDAQ,1968,KR7105550008,105550,엣지파운드리,주권,COMMON,TRUE,,,20140711,2014-07-11,VALID
KOSDAQ,1969,KR7060850005,060850,영림원소프트랩,주권,COMMON,TRUE,,,20200812,2020-08-12,VALID
KOSDAQ,1970,KR7143540003,143540,영우디에스피,주권,COMMON,TRUE,,,20141029,2014-10-29,VALID
KOSDAQ,1971,KR7265560003,265560,영화테크,주권,COMMON,TRUE,,,20171026,2017-10-26,VALID
KOSDAQ,1972,KR7036000008,036000,예림당,주권,COMMON,TRUE,,,19991130,1999-11-30,VALID
KOSDAQ,1973,KR7250930005,250930,예선테크,주권,COMMON,TRUE,,,20160929,2016-09-29,VALID
KOSDAQ,1974,KR7053280004,053280,예스24,주권,COMMON,TRUE,,,20080507,2008-05-07,VALID
KOSDAQ,1975,KR7122640006,122640,예스티,주권,COMMON,TRUE,,,20151216,2015-12-16,VALID
KOSDAQ,1976,KR7476040001,476040,오가노이드사이언스,주권,COMMON,TRUE,,,20250509,2025-05-09,VALID
KOSDAQ,1977,HK0000312568,900300,오가닉티코스메틱,외국주권,COMMON,TRUE,,,20161104,2016-11-04,VALID
KOSDAQ,1978,KR7045060001,045060,오공,주권,COMMON,TRUE,,,20000810,2000-08-10,VALID
KOSDAQ,1979,KR7192410009,192410,오늘이엔엠,주권,COMMON,TRUE,,,20140814,2014-08-14,VALID
KOSDAQ,1980,KR7080520000,080520,오디텍,주권,COMMON,TRUE,,,20071008,2007-10-08,VALID
KOSDAQ,1981,KR7039830005,039830,오로라,주권,COMMON,TRUE,,,20010103,2001-01-03,VALID
KOSDAQ,1982,KR7322310004,322310,오로스테크놀로지,주권,COMMON,TRUE,,,20210224,2021-02-24,VALID
KOSDAQ,1983,KR7046120002,046120,오르비텍,주권,COMMON,TRUE,,,20100615,2010-06-15,VALID
KOSDAQ,1984,KR7475830006,475830,오름테라퓨틱,주권,COMMON,TRUE,,,20250214,2025-02-14,VALID
KOSDAQ,1985,KR7014940001,014940,오리엔탈정공,주권,COMMON,TRUE,,,20011226,2001-12-26,VALID
KOSDAQ,1986,KR7065500001,065500,오리엔트정공,주권,COMMON,TRUE,,,20020919,2002-09-19,VALID
KOSDAQ,1987,KR7010470003,010470,오리콤,주권,COMMON,TRUE,,,20001024,2000-10-24,VALID
KOSDAQ,1988,KR7417860004,417860,오브젠,주권,COMMON,TRUE,,,20230130,2023-01-30,VALID
KOSDAQ,1989,KR7352910004,352910,오비고,주권,COMMON,TRUE,,,20210713,2021-07-13,VALID
KOSDAQ,1990,KR7053980009,053980,오상자이엘,주권,COMMON,TRUE,,,20020409,2002-04-09,VALID
KOSDAQ,1991,KR7036220002,036220,오상헬스케어,주권,COMMON,TRUE,,,20240313,2024-03-13,VALID
KOSDAQ,1992,KR7052420007,052420,오성첨단소재,주권,COMMON,TRUE,,,20010807,2001-08-07,VALID
KOSDAQ,1993,KR7052300001,052300,오션인더블유,주권,COMMON,TRUE,,,20010802,2001-08-02,VALID
KOSDAQ,1994,KR7039200001,039200,오스코텍,주권,COMMON,TRUE,,,20070117,2007-01-17,VALID
KOSDAQ,1995,KR7031510001,031510,오스템,주권,COMMON,TRUE,,,19970212,1997-02-12,VALID
KOSDAQ,1996,KR7342870003,342870,오아,주권,COMMON,TRUE,,,20250909,2025-09-09,VALID
KOSDAQ,1997,KR7368970000,368970,오에스피,주권,COMMON,TRUE,,,20221014,2022-10-14,VALID
KOSDAQ,1998,KR7138080007,138080,오이솔루션,주권,COMMON,TRUE,,,20140227,2014-02-27,VALID
KOSDAQ,1999,KR7080580004,080580,오킨스전자,주권,COMMON,TRUE,,,20141224,2014-12-24,VALID
KOSDAQ,2000,KR7067170001,067170,오텍,주권,COMMON,TRUE,,,20031114,2003-11-14,VALID
KOSDAQ,2001,KR7353590003,353590,오토앤,주권,COMMON,TRUE,,,20220120,2022-01-20,VALID
KOSDAQ,2002,KR7173130006,173130,오파스넷,주권,COMMON,TRUE,,,20180824,2018-08-24,VALID
KOSDAQ,2003,KR7049480007,049480,오픈베이스,주권,COMMON,TRUE,,,20010109,2001-01-09,VALID
KOSDAQ,2004,KR7394280002,394280,오픈엣지테크놀로지,주권,COMMON,TRUE,,,20220926,2022-09-26,VALID
KOSDAQ,2005,KR7476060009,476060,온코닉테라퓨틱스,주권,COMMON,TRUE,,,20241219,2024-12-19,VALID
KOSDAQ,2006,KR7382150001,382150,온코크로스,주권,COMMON,TRUE,,,20241218,2024-12-18,VALID
KOSDAQ,2007,KR7244460002,244460,올리패스,주권,COMMON,TRUE,,,20190920,2019-09-20,VALID
KOSDAQ,2008,KR7226950004,226950,올릭스,주권,COMMON,TRUE,,,20180718,2018-07-18,VALID
KOSDAQ,2009,KR7057540007,057540,옴니시스템,주권,COMMON,TRUE,,,20070919,2007-09-19,VALID
KOSDAQ,2010,KR7131030009,131030,옵투스제약,주권,COMMON,TRUE,,,20101203,2010-12-03,VALID
KOSDAQ,2011,KR7082210006,082210,옵트론텍,주권,COMMON,TRUE,,,20050624,2005-06-24,VALID
KOSDAQ,2012,KR7109080002,109080,옵티시스,주권,COMMON,TRUE,,,20110712,2011-07-12,VALID
KOSDAQ,2013,KR7380540005,380540,옵티코어,주권,COMMON,TRUE,,,20221229,2022-12-29,VALID
KOSDAQ,2014,KR7153710009,153710,옵티팜,주권,COMMON,TRUE,,,20181026,2018-10-26,VALID
KOSDAQ,2015,KR7051390003,051390,YW,주권,COMMON,TRUE,,,20011115,2001-11-15,VALID
KOSDAQ,2016,KR7432430007,432430,와이랩,주권,COMMON,TRUE,,,20230720,2023-07-20,VALID
KOSDAQ,2017,KR7338840002,338840,와이바이오로직스,주권,COMMON,TRUE,,,20231205,2023-12-05,VALID
KOSDAQ,2018,KR7057030009,057030,YBM넷,주권,COMMON,TRUE,,,20040608,2004-06-08,VALID
KOSDAQ,2019,KR7122990005,122990,와이솔,주권,COMMON,TRUE,,,20100910,2010-09-10,VALID
KOSDAQ,2020,KR7232140004,232140,와이씨,주권,COMMON,TRUE,,,20151224,2015-12-24,VALID
KOSDAQ,2021,KR7112290002,112290,와이씨켐,주권,COMMON,TRUE,,,20220714,2022-07-14,VALID
KOSDAQ,2022,KR7065530008,065530,와이어블,주권,COMMON,TRUE,,,20020604,2002-06-04,VALID
KOSDAQ,2023,KR7067900001,067900,와이엔텍,주권,COMMON,TRUE,,,20051223,2005-12-23,VALID
KOSDAQ,2024,KR7007530009,007530,와이엠,주권,COMMON,TRUE,,,19940805,1994-08-05,VALID
KOSDAQ,2025,KR7155650005,155650,와이엠씨,주권,COMMON,TRUE,,,20121115,2012-11-15,VALID
KOSDAQ,2026,KR7273640003,273640,와이엠텍,주권,COMMON,TRUE,,,20210910,2021-09-10,VALID
KOSDAQ,2027,KR7251370003,251370,와이엠티,주권,COMMON,TRUE,,,20170427,2017-04-27,VALID
KOSDAQ,2028,KR7209640002,209640,와이제이링크,주권,COMMON,TRUE,,,20241018,2024-10-18,VALID
KOSDAQ,2029,KR7096250006,096250,와이즈넛,주권,COMMON,TRUE,,,20250124,2025-01-24,VALID
KOSDAQ,2030,KR7273060004,273060,와이즈버즈,주권,COMMON,TRUE,,,20170807,2017-08-07,VALID
KOSDAQ,2031,KR7019210004,019210,와이지-원,주권,COMMON,TRUE,,,19970806,1997-08-06,VALID
KOSDAQ,2032,KR7122870009,122870,와이지엔터테인먼트,주권,COMMON,TRUE,,,20111123,2011-11-23,VALID
KOSDAQ,2033,KR7040300006,040300,YTN,주권,COMMON,TRUE,,,20010904,2001-09-04,VALID
KOSDAQ,2034,KR7079000006,079000,와토스코리아,주권,COMMON,TRUE,,,20051115,2005-11-15,VALID
KOSDAQ,2035,KR7032820003,032820,우리기술,주권,COMMON,TRUE,,,20000622,2000-06-22,VALID
KOSDAQ,2036,KR7041190000,041190,우리기술투자,주권,COMMON,TRUE,,,20000609,2000-06-09,VALID
KOSDAQ,2037,KR7115440000,115440,우리넷,주권,COMMON,TRUE,,,20100127,2010-01-27,VALID
KOSDAQ,2038,KR7046970000,046970,우리로,주권,COMMON,TRUE,,,20121127,2012-11-27,VALID
KOSDAQ,2039,KR7082850009,082850,우리바이오,주권,COMMON,TRUE,,,20050729,2005-07-29,VALID
KOSDAQ,2040,KR7215360009,215360,우리산업,주권,COMMON,TRUE,,,20150506,2015-05-06,VALID
KOSDAQ,2041,KR7072470008,072470,우리산업홀딩스,주권,COMMON,TRUE,,,20031028,2003-10-28,VALID
KOSDAQ,2042,KR7073560005,073560,우리손에프앤지,주권,COMMON,TRUE,,,20160727,2016-07-27,VALID
KOSDAQ,2043,KR7037400009,037400,우리엔터프라이즈,주권,COMMON,TRUE,,,19991216,1999-12-16,VALID
KOSDAQ,2044,KR7153490008,153490,우리이앤엘하루틴,주권,COMMON,TRUE,,,20130205,2013-02-05,VALID
KOSDAQ,2045,KR7101170009,101170,우림피티에스,주권,COMMON,TRUE,,,20090428,2009-04-28,VALID
KOSDAQ,2046,KR7103840005,103840,우양,주권,COMMON,TRUE,,,20191120,2019-11-20,VALID
KOSDAQ,2047,KR7101970002,101970,우양에이치씨,주권,COMMON,TRUE,,,20250328,2025-03-28,VALID
KOSDAQ,2048,KR7046940003,046940,우원개발,주권,COMMON,TRUE,,,20020618,2002-06-18,VALID
KOSDAQ,2049,KR7065680001,065680,우주일렉트로,주권,COMMON,TRUE,,,20040102,2004-01-02,VALID
KOSDAQ,2050,KR7018620005,018620,우진비앤지,주권,COMMON,TRUE,,,20080520,2008-05-20,VALID
KOSDAQ,2051,KR7457550002,457550,우진엔텍,주권,COMMON,TRUE,,,20240124,2024-01-24,VALID
KOSDAQ,2052,KR7396470007,396470,워트,주권,COMMON,TRUE,,,20231026,2023-10-26,VALID
KOSDAQ,2053,KR7307280008,307280,원바이오젠,주권,COMMON,TRUE,,,20181205,2018-12-05,VALID
KOSDAQ,2054,KR7032940009,032940,원익,주권,COMMON,TRUE,,,19970718,1997-07-18,VALID
KOSDAQ,2055,KR7104830005,104830,원익머트리얼즈,주권,COMMON,TRUE,,,20111228,2011-12-28,VALID
KOSDAQ,2056,KR7240810002,240810,원익IPS,주권,COMMON,TRUE,,,20160502,2016-05-02,VALID
KOSDAQ,2057,KR7014190003,014190,원익큐브,주권,COMMON,TRUE,,,19960426,1996-04-26,VALID
KOSDAQ,2058,KR7074600008,074600,원익QnC,주권,COMMON,TRUE,,,20031212,2003-12-12,VALID
KOSDAQ,2059,KR7217820000,217820,원익피앤이,주권,COMMON,TRUE,,,20151207,2015-12-07,VALID
KOSDAQ,2060,KR7030530000,030530,원익홀딩스,주권,COMMON,TRUE,,,19960924,1996-09-24,VALID
KOSDAQ,2061,KR7012620001,012620,원일특강,주권,COMMON,TRUE,,,19940628,1994-06-28,VALID
KOSDAQ,2062,KR7136150000,136150,원일티엔아이,주권,COMMON,TRUE,,,20250509,2025-05-09,VALID
KOSDAQ,2063,KR7382840007,382840,원준,주권,COMMON,TRUE,,,20211007,2021-10-07,VALID
KOSDAQ,2064,KR7336570007,336570,원텍,주권,COMMON,TRUE,,,20191219,2019-12-19,VALID
KOSDAQ,2065,KR7376980009,376980,원티드랩,주권,COMMON,TRUE,,,20210811,2021-08-11,VALID
KOSDAQ,2066,KR7008370009,008370,원풍,주권,COMMON,TRUE,,,19921218,1992-12-18,VALID
KOSDAQ,2067,KR7008290009,008290,원풍물산,주권,COMMON,TRUE,,,19970718,1997-07-18,VALID
KOSDAQ,2068,KR7101160000,101160,월덱스,주권,COMMON,TRUE,,,20080619,2008-06-19,VALID
KOSDAQ,2069,KR7336060009,336060,웨이버스,주권,COMMON,TRUE,,,20191128,2019-11-28,VALID
KOSDAQ,2070,KR7095270005,095270,웨이브일렉트로,주권,COMMON,TRUE,,,20070912,2007-09-12,VALID
KOSDAQ,2071,KR7289930000,289930,웨이비스,주권,COMMON,TRUE,,,20241025,2024-10-25,VALID
KOSDAQ,2072,KR7065950008,065950,웰크론,주권,COMMON,TRUE,,,20030729,2003-07-29,VALID
KOSDAQ,2073,KR7076080001,076080,웰크론한텍,주권,COMMON,TRUE,,,20080718,2008-07-18,VALID
KOSDAQ,2074,KR7043590009,043590,웰킵스하이텍,주권,COMMON,TRUE,,,20011220,2001-12-20,VALID
KOSDAQ,2075,KR7196700009,196700,웹스,주권,COMMON,TRUE,,,20150824,2015-08-24,VALID
KOSDAQ,2076,KR7069080000,069080,웹젠,주권,COMMON,TRUE,,,20030523,2003-05-23,VALID
KOSDAQ,2077,KR7053580007,053580,웹케시,주권,COMMON,TRUE,,,20190125,2019-01-25,VALID
KOSDAQ,2078,KR7479960007,479960,위너스일렉,주권,COMMON,TRUE,,,20250224,2025-02-24,VALID
KOSDAQ,2079,KR7044340008,044340,위닉스,주권,COMMON,TRUE,,,20001024,2000-10-24,VALID
KOSDAQ,2080,KR7330350000,330350,위더스제약,주권,COMMON,TRUE,,,20200703,2020-07-03,VALID
KOSDAQ,2081,KR7348350000,348350,위드텍,주권,COMMON,TRUE,,,20201030,2020-10-30,VALID
KOSDAQ,2082,KR7112040001,112040,위메이드,주권,COMMON,TRUE,,,20091218,2009-12-18,VALID
KOSDAQ,2083,KR7101730000,101730,위메이드맥스,주권,COMMON,TRUE,,,20090603,2009-06-03,VALID
KOSDAQ,2084,KR7123420002,123420,위메이드플레이,주권,COMMON,TRUE,,,20101110,2010-11-10,VALID
KOSDAQ,2085,KR7065370009,065370,위세아이텍,주권,COMMON,TRUE,,,20200210,2020-02-10,VALID
KOSDAQ,2086,KR7038620001,038620,위즈코프,주권,COMMON,TRUE,,,20000504,2000-05-04,VALID
KOSDAQ,2087,KR7299900001,299900,위지윅스튜디오,주권,COMMON,TRUE,,,20181220,2018-12-20,VALID
KOSDAQ,2088,KR7036090009,036090,위지트,주권,COMMON,TRUE,,,19991210,1999-12-10,VALID
KOSDAQ,2089,KR7459100004,459100,위츠,주권,COMMON,TRUE,,,20241120,2024-11-20,VALID
KOSDAQ,2090,KR7136540002,136540,윈스테크넷,주권,COMMON,TRUE,,,20110502,2011-05-02,VALID
KOSDAQ,2091,KR7097800007,097800,윈팩,주권,COMMON,TRUE,,,20130307,2013-03-07,VALID
KOSDAQ,2092,KR7192390003,192390,윈하이텍,주권,COMMON,TRUE,,,20140725,2014-07-25,VALID
KOSDAQ,2093,KR7335870002,335870,윙스풋,주권,COMMON,TRUE,,,20191209,2019-12-09,VALID
KOSDAQ,2094,HK0000449303,900340,윙입푸드,외국주권,COMMON,TRUE,,,20181130,2018-11-30,VALID
KOSDAQ,2095,KR7036200004,036200,유니셈,주권,COMMON,TRUE,,,19991210,1999-12-10,VALID
KOSDAQ,2096,KR7018000000,018000,유니슨,주권,COMMON,TRUE,,,19960110,1996-01-10,VALID
KOSDAQ,2097,KR7203450002,203450,유니온바이오메트릭스,주권,COMMON,TRUE,,,20161207,2016-12-07,VALID
KOSDAQ,2098,KR7011320009,011320,유니크,주권,COMMON,TRUE,,,19931229,1993-12-29,VALID
KOSDAQ,2099,KR7086390002,086390,유니테스트,주권,COMMON,TRUE,,,20061205,2006-12-05,VALID
KOSDAQ,2100,KR7241690007,241690,유니테크노,주권,COMMON,TRUE,,,20160920,2016-09-20,VALID
KOSDAQ,2101,KR7142210004,142210,유니트론텍,주권,COMMON,TRUE,,,20160202,2016-02-02,VALID
KOSDAQ,2102,KR7389680000,389680,유디엠텍,주권,COMMON,TRUE,,,20241120,2024-11-20,VALID
KOSDAQ,2103,KR7088340005,088340,유라클,주권,COMMON,TRUE,,,20240816,2024-08-16,VALID
KOSDAQ,2104,KR7048430003,048430,유라테크,주권,COMMON,TRUE,,,20010111,2001-01-11,VALID
KOSDAQ,2105,KR7206650004,206650,유바이오로직스,주권,COMMON,TRUE,,,20170124,2017-01-24,VALID
KOSDAQ,2106,KR7089850002,089850,유비벨록스,주권,COMMON,TRUE,,,20100618,2010-06-18,VALID
KOSDAQ,2107,KR7084440007,084440,유비온,주권,COMMON,TRUE,,,20221118,2022-11-18,VALID
KOSDAQ,2108,KR7264450008,264450,유비쿼스,주권,COMMON,TRUE,,,20170331,2017-03-31,VALID
KOSDAQ,2109,KR7078070000,078070,유비쿼스홀딩스,주권,COMMON,TRUE,,,20090123,2009-01-23,VALID
KOSDAQ,2110,KR7024800005,024800,유성티엔에스,주권,COMMON,TRUE,,,19991210,1999-12-10,VALID
KOSDAQ,2111,KR7054930003,054930,유신,주권,COMMON,TRUE,,,20020115,2002-01-15,VALID
KOSDAQ,2112,KR7069330009,069330,유아이디,주권,COMMON,TRUE,,,20030818,2003-08-18,VALID
KOSDAQ,2113,KR7049520000,049520,유아이엘,주권,COMMON,TRUE,,,20010802,2001-08-02,VALID
KOSDAQ,2114,KR7473050003,473050,유안타제15호스팩,주권,SPAC,FALSE,EXCLUDE_SPAC,,20240229,2024-02-29,VALID
KOSDAQ,2115,KR7474490000,474490,유안타제16호스팩,주권,SPAC,FALSE,EXCLUDE_SPAC,,20240502,2024-05-02,VALID
KOSDAQ,2116,KR7493790000,493790,유안타제17호스팩,주권,SPAC,FALSE,EXCLUDE_SPAC,,20250123,2025-01-23,VALID
KOSDAQ,2117,KR7263770000,263770,유에스티,주권,COMMON,TRUE,,,20170406,2017-04-06,VALID
KOSDAQ,2118,KR7388720005,388720,유일로보틱스,주권,COMMON,TRUE,,,20220318,2022-03-18,VALID
KOSDAQ,2119,KR7023410004,023410,유진기업,주권,COMMON,TRUE,,,19941007,1994-10-07,VALID
KOSDAQ,2120,KR7468760004,468760,유진스팩10호,주권,SPAC,FALSE,EXCLUDE_SPAC,,20240229,2024-02-29,VALID
KOSDAQ,2121,KR7488060005,488060,유진스팩11호,주권,SPAC,FALSE,EXCLUDE_SPAC,,20241031,2024-10-31,VALID
KOSDAQ,2122,KR70105P0009,0105P0,유진스팩12호,주권,SPAC,FALSE,EXCLUDE_SPAC,,20251211,2025-12-11,VALID
KOSDAQ,2123,KR7056080005,056080,유진로봇,주권,COMMON,TRUE,,,20011113,2001-11-13,VALID
KOSDAQ,2124,KR7084370006,084370,유진테크,주권,COMMON,TRUE,,,20060117,2006-01-17,VALID
KOSDAQ,2125,KR7240600007,240600,유진테크놀로지,주권,COMMON,TRUE,,,20231102,2023-11-02,VALID
KOSDAQ,2126,KR7179900006,179900,유티아이,주권,COMMON,TRUE,,,20170927,2017-09-27,VALID
KOSDAQ,2127,KR7263050007,263050,유틸렉스,주권,COMMON,TRUE,,,20181224,2018-12-24,VALID
KOSDAQ,2128,KR7191410000,191410,육일씨엔에쓰,주권,COMMON,TRUE,,,20151224,2015-12-24,VALID
KOSDAQ,2129,KR7372170001,372170,윤성에프앤씨,주권,COMMON,TRUE,,,20221114,2022-11-14,VALID
KOSDAQ,2130,KR7146060009,146060,율촌,주권,COMMON,TRUE,,,20230908,2023-09-08,VALID
KOSDAQ,2131,KR7039020003,039020,이건홀딩스,주권,COMMON,TRUE,,,20000504,2000-05-04,VALID
KOSDAQ,2132,KR7067920009,067920,이글루,주권,COMMON,TRUE,,,20100804,2010-08-04,VALID
KOSDAQ,2133,KR7044960003,044960,이글벳,주권,COMMON,TRUE,,,20001116,2000-11-16,VALID
KOSDAQ,2134,KR7303530000,303530,이노뎁,주권,COMMON,TRUE,,,20210618,2021-06-18,VALID
KOSDAQ,2135,KR7302430004,302430,이노메트리,주권,COMMON,TRUE,,,20181212,2018-12-12,VALID
KOSDAQ,2136,KR7462350000,462350,이노스페이스,주권,COMMON,TRUE,,,20240702,2024-07-02,VALID
KOSDAQ,2137,KR7274400001,274400,이노시뮬레이션,주권,COMMON,TRUE,,,20230706,2023-07-06,VALID
KOSDAQ,2138,KR7296640006,296640,이노에이엑스,주권,COMMON,TRUE,,,20221007,2022-10-07,VALID
KOSDAQ,2139,KR7215790007,215790,이노인스트루먼트,주권,COMMON,TRUE,,,20150508,2015-05-08,VALID
KOSDAQ,2140,KR7344860002,344860,이노진,주권,COMMON,TRUE,,,20230220,2023-02-20,VALID
KOSDAQ,2141,KR7333050003,333050,이노테나,주권,COMMON,TRUE,,,20191031,2019-10-31,VALID
KOSDAQ,2142,KR7469610000,469610,이노테크,주권,COMMON,TRUE,,,20251107,2025-11-07,VALID
KOSDAQ,2143,KR7088390000,088390,이녹스,주권,COMMON,TRUE,,,20061020,2006-10-20,VALID
KOSDAQ,2144,KR7272290008,272290,이녹스첨단소재,주권,COMMON,TRUE,,,20170710,2017-07-10,VALID
KOSDAQ,2145,KR7053350005,053350,이니텍,주권,COMMON,TRUE,,,20011115,2001-11-15,VALID
KOSDAQ,2146,KR7452400005,452400,이닉스,주권,COMMON,TRUE,,,20240201,2024-02-01,VALID
KOSDAQ,2147,KR7264850009,264850,이랜시스,주권,COMMON,TRUE,,,20170601,2017-06-01,VALID
KOSDAQ,2148,KR7054210000,054210,이랜텍,주권,COMMON,TRUE,,,20020509,2002-05-09,VALID
KOSDAQ,2149,KR7009730003,009730,이렘,주권,COMMON,TRUE,,,19900727,1990-07-27,VALID
KOSDAQ,2150,KR7065440000,065440,이루온,주권,COMMON,TRUE,,,20030128,2003-01-28,VALID
KOSDAQ,2151,KR7424870004,424870,이뮨온시아,주권,COMMON,TRUE,,,20250519,2025-05-19,VALID
KOSDAQ,2152,KR7115610008,115610,이미지스,주권,COMMON,TRUE,,,20100226,2010-02-26,VALID
KOSDAQ,2153,KR7478110000,478110,이베스트스팩6호,주권,SPAC,FALSE,EXCLUDE_SPAC,,20240712,2024-07-12,VALID
KOSDAQ,2154,KR7131400004,131400,이브이첨단소재,주권,COMMON,TRUE,,,20101227,2010-12-27,VALID
KOSDAQ,2155,KR7351330006,351330,이삭엔지니어링,주권,COMMON,TRUE,,,20210421,2021-04-21,VALID
KOSDAQ,2156,KR7080010002,080010,이상네트웍스,주권,COMMON,TRUE,,,20050930,2005-09-30,VALID
KOSDAQ,2157,KR7086890001,086890,이수앱지스,주권,COMMON,TRUE,,,20090203,2009-02-03,VALID
KOSDAQ,2158,KR7047560008,047560,이스트소프트,주권,COMMON,TRUE,,,20080701,2008-07-01,VALID
KOSDAQ,2159,KR7239340003,239340,이스트에이드,주권,COMMON,TRUE,,,20160609,2016-06-09,VALID
KOSDAQ,2160,KR7067010009,067010,이씨에스,주권,COMMON,TRUE,,,20071218,2007-12-18,VALID
KOSDAQ,2161,KR7418620001,418620,E8,주권,COMMON,TRUE,,,20240223,2024-02-23,VALID
KOSDAQ,2162,KR7456070002,456070,이엔셀,주권,COMMON,TRUE,,,20240823,2024-08-23,VALID
KOSDAQ,2163,KR7102710001,102710,이엔에프테크놀로지,주권,COMMON,TRUE,,,20090528,2009-05-28,VALID
KOSDAQ,2164,KR7041520008,041520,이엘씨,주권,COMMON,TRUE,,,20030704,2003-07-04,VALID
KOSDAQ,2165,KR7063760003,063760,이엘피,주권,COMMON,TRUE,,,20170406,2017-04-06,VALID
KOSDAQ,2166,KR7123570004,123570,이엠넷,주권,COMMON,TRUE,,,20111125,2011-11-25,VALID
KOSDAQ,2167,KR7083470005,083470,이엠앤아이,주권,COMMON,TRUE,,,20080918,2008-09-18,VALID
KOSDAQ,2168,KR7091120006,091120,이엠텍,주권,COMMON,TRUE,,,20070502,2007-05-02,VALID
KOSDAQ,2169,KR7039030002,039030,이오테크닉스,주권,COMMON,TRUE,,,20000824,2000-08-24,VALID
KOSDAQ,2170,KR7294090006,294090,이오플로우,주권,COMMON,TRUE,,,20200914,2020-09-14,VALID
KOSDAQ,2171,KR7245620000,245620,EDGC,주권,COMMON,TRUE,,,20180626,2018-06-26,VALID
KOSDAQ,2172,KR7088290002,088290,이원컴포텍,주권,COMMON,TRUE,,,20091201,2009-12-01,VALID
KOSDAQ,2173,KR7037370004,037370,EG,주권,COMMON,TRUE,,,20000111,2000-01-11,VALID
KOSDAQ,2174,KR7353810005,353810,이지바이오,주권,COMMON,TRUE,,,20200605,2020-06-05,VALID
KOSDAQ,2175,KR7261520001,261520,이지스,주권,COMMON,TRUE,,,20251211,2025-12-11,VALID
KOSDAQ,2176,KR7099750002,099750,이지케어텍,주권,COMMON,TRUE,,,20190322,2019-03-22,VALID
KOSDAQ,2177,KR7377330006,377330,이지트로닉스,주권,COMMON,TRUE,,,20220204,2022-02-04,VALID
KOSDAQ,2178,KR7035810001,035810,이지홀딩스,주권,COMMON,TRUE,,,19991123,1999-11-23,VALID
KOSDAQ,2179,KR7092130004,092130,이크레더블,주권,COMMON,TRUE,,,20081024,2008-10-24,VALID
KOSDAQ,2180,KR7134060003,134060,이퓨쳐,주권,COMMON,TRUE,,,20110427,2011-04-27,VALID
KOSDAQ,2181,KR7001840008,001840,이화공영,주권,COMMON,TRUE,,,19941123,1994-11-23,VALID
KOSDAQ,2182,KR7041830001,041830,인바디,주권,COMMON,TRUE,,,20001214,2000-12-14,VALID
KOSDAQ,2183,KR7352940001,352940,인바이오,주권,COMMON,TRUE,,,20201211,2020-12-11,VALID
KOSDAQ,2184,KR7079950002,079950,인베니아,주권,COMMON,TRUE,,,20050204,2005-02-04,VALID
KOSDAQ,2185,KR70007J0006,0007J0,인벤테라,주권,COMMON,TRUE,,,20260402,2026-04-02,VALID
KOSDAQ,2186,KR7389470006,389470,인벤티지랩,주권,COMMON,TRUE,,,20221122,2022-11-22,VALID
KOSDAQ,2187,KR7277410007,277410,인산가,주권,COMMON,TRUE,,,20170929,2017-09-29,VALID
KOSDAQ,2188,KR7060150000,060150,인선이엔티,주권,COMMON,TRUE,,,20020614,2002-06-14,VALID
KOSDAQ,2189,KR7033230004,033230,인성정보,주권,COMMON,TRUE,,,19990730,1999-07-30,VALID
KOSDAQ,2190,KR7450520002,450520,인스웨이브,주권,COMMON,TRUE,,,20230925,2023-09-25,VALID
KOSDAQ,2191,KR7465480002,465480,인스피언,주권,COMMON,TRUE,,,20241018,2024-10-18,VALID
KOSDAQ,2192,KR7037330008,037330,인지디스플레,주권,COMMON,TRUE,,,19991214,1999-12-14,VALID
KOSDAQ,2193,KR7100030006,100030,인지소프트,주권,COMMON,TRUE,,,20100525,2010-05-25,VALID
KOSDAQ,2194,KR7211050000,211050,인카금융서비스,주권,COMMON,TRUE,,,20220216,2022-02-16,VALID
KOSDAQ,2195,KR7083640003,083640,인콘,주권,COMMON,TRUE,,,20051227,2005-12-27,VALID
KOSDAQ,2196,KR7064090004,064090,인크레더블버즈,주권,COMMON,TRUE,,,20021217,2002-12-17,VALID
KOSDAQ,2197,KR7216050005,216050,인크로스,주권,COMMON,TRUE,,,20161031,2016-10-31,VALID
KOSDAQ,2198,KR7049070006,049070,인탑스,주권,COMMON,TRUE,,,20020221,2002-02-21,VALID
KOSDAQ,2199,KR7119610004,119610,인터로조,주권,COMMON,TRUE,,,20100728,2010-07-28,VALID
KOSDAQ,2200,KR7017250002,017250,인터엠,주권,COMMON,TRUE,,,19960103,1996-01-03,VALID
KOSDAQ,2201,KR7051370005,051370,인터플렉스,주권,COMMON,TRUE,,,20030122,2003-01-22,VALID
KOSDAQ,2202,KR7064290000,064290,인텍플러스,주권,COMMON,TRUE,,,20110105,2011-01-05,VALID
KOSDAQ,2203,KR7189300007,189300,인텔리안테크,주권,COMMON,TRUE,,,20161018,2016-10-18,VALID
KOSDAQ,2204,KR7287840003,287840,인투셀,주권,COMMON,TRUE,,,20250523,2025-05-23,VALID
KOSDAQ,2205,KR7048530000,048530,인트론바이오,주권,COMMON,TRUE,,,20110126,2011-01-26,VALID
KOSDAQ,2206,KR7070590005,070590,인티큐브,주권,COMMON,TRUE,,,20040108,2004-01-08,VALID
KOSDAQ,2207,KR7115310005,115310,인포바인,주권,COMMON,TRUE,,,20100209,2010-02-09,VALID
KOSDAQ,2208,KR7039290002,039290,인포뱅크,주권,COMMON,TRUE,,,20060704,2006-07-04,VALID
KOSDAQ,2209,KR7071200000,071200,인피니트헬스케어,주권,COMMON,TRUE,,,20100526,2010-05-26,VALID
KOSDAQ,2210,KR7101930006,101930,인화정공,주권,COMMON,TRUE,,,20101022,2010-10-22,VALID
KOSDAQ,2211,KR7333430007,333430,일승,주권,COMMON,TRUE,,,20191106,2019-11-06,VALID
KOSDAQ,2212,KR7068330000,068330,일신바이오,주권,COMMON,TRUE,,,20071226,2007-12-26,VALID
KOSDAQ,2213,KR7178780003,178780,일월지엠엘,주권,COMMON,TRUE,,,20150630,2015-06-30,VALID
KOSDAQ,2214,KR7019540004,019540,일지테크,주권,COMMON,TRUE,,,19921103,1992-11-03,VALID
KOSDAQ,2215,KR7094820008,094820,일진파워,주권,COMMON,TRUE,,,20071106,2007-11-06,VALID
KOSDAQ,2216,KR8840110108,950140,잉글우드랩,주식예탁증권,DR,FALSE,EXCLUDE_DR,,20161014,2016-10-14,VALID
KOSDAQ,2217,KR7049550007,049550,잉크테크,주권,COMMON,TRUE,,,20020228,2002-02-28,VALID
KOSDAQ,2218,KR7389020009,389020,자람테크놀로지,주권,COMMON,TRUE,,,20230307,2023-03-07,VALID
KOSDAQ,2219,KR7254120009,254120,자비스,주권,COMMON,TRUE,,,20161202,2016-12-02,VALID
KOSDAQ,2220,KR7043910009,043910,자연과환경,주권,COMMON,TRUE,,,20051118,2005-11-18,VALID
KOSDAQ,2221,KR7234920007,234920,자이글,주권,COMMON,TRUE,,,20160906,2016-09-06,VALID
KOSDAQ,2222,KR7289220006,289220,자이언트스텝,주권,COMMON,TRUE,,,20210324,2021-03-24,VALID
KOSDAQ,2223,KR7049630007,049630,재영솔루텍,주권,COMMON,TRUE,,,20030124,2003-01-24,VALID
KOSDAQ,2224,KR7417840006,417840,저스템,주권,COMMON,TRUE,,,20221028,2022-10-28,VALID
KOSDAQ,2225,KR7110020005,110020,전진바이오팜,주권,COMMON,TRUE,,,20181214,2018-12-14,VALID
KOSDAQ,2226,KR7208140004,208140,정다운,주권,COMMON,TRUE,,,20141217,2014-12-17,VALID
KOSDAQ,2227,KR7040420002,040420,정상제이엘에스,주권,COMMON,TRUE,,,20000801,2000-08-01,VALID
KOSDAQ,2228,KR7045510005,045510,정원엔시스,주권,COMMON,TRUE,,,20000907,2000-09-07,VALID
KOSDAQ,2229,KR7217190008,217190,제너셈,주권,COMMON,TRUE,,,20150925,2015-09-25,VALID
KOSDAQ,2230,KR7095700001,095700,제넥신,주권,COMMON,TRUE,,,20090915,2009-09-15,VALID
KOSDAQ,2231,KR7122310006,122310,제노레이,주권,COMMON,TRUE,,,20180528,2018-05-28,VALID
KOSDAQ,2232,KR7361390008,361390,제노코,주권,COMMON,TRUE,,,20210324,2021-03-24,VALID
KOSDAQ,2233,KR7225220003,225220,제놀루션,주권,COMMON,TRUE,,,20200724,2020-07-24,VALID
KOSDAQ,2234,KR7123330003,123330,제닉,주권,COMMON,TRUE,,,20110803,2011-08-03,VALID
KOSDAQ,2235,KR7381620004,381620,제닉스로보틱스,주권,COMMON,TRUE,,,20240930,2024-09-30,VALID
KOSDAQ,2236,KR7159580000,159580,제로투세븐,주권,COMMON,TRUE,,,20130219,2013-02-19,VALID
KOSDAQ,2237,KR7147830004,147830,제룡산업,주권,COMMON,TRUE,,,20120213,2012-02-13,VALID
KOSDAQ,2238,KR7033100009,033100,제룡전기,주권,COMMON,TRUE,,,19970818,1997-08-18,VALID
KOSDAQ,2239,KR7079370003,079370,제우스,주권,COMMON,TRUE,,,20060201,2006-02-01,VALID
KOSDAQ,2240,KR7067290007,067290,JW신약,주권,COMMON,TRUE,,,20030211,2003-02-11,VALID
KOSDAQ,2241,KR7054950001,054950,제이브이엠,주권,COMMON,TRUE,,,20060607,2006-06-07,VALID
KOSDAQ,2242,KR7090470006,090470,제이스로보틱스,주권,COMMON,TRUE,,,20070110,2007-01-10,VALID
KOSDAQ,2243,KR7023440001,023440,제이스코홀딩스,주권,COMMON,TRUE,,,19941007,1994-10-07,VALID
KOSDAQ,2244,KR7137950002,137950,제이씨케미칼,주권,COMMON,TRUE,,,20110808,2011-08-08,VALID
KOSDAQ,2245,KR7033320003,033320,제이씨현시스템,주권,COMMON,TRUE,,,19971110,1997-11-10,VALID
KOSDAQ,2246,KR7417500006,417500,제이아이테크,주권,COMMON,TRUE,,,20221104,2022-11-04,VALID
KOSDAQ,2247,KR7204270003,204270,제이앤티씨,주권,COMMON,TRUE,,,20200304,2020-03-04,VALID
KOSDAQ,2248,KR7127120004,127120,제이에스링크,주권,COMMON,TRUE,,,20111226,2011-12-26,VALID
KOSDAQ,2249,KR7026040006,026040,제이에스티나,주권,COMMON,TRUE,,,19991221,1999-12-21,VALID
KOSDAQ,2250,KR7452160005,452160,제이엔비,주권,COMMON,TRUE,,,20231124,2023-11-24,VALID
KOSDAQ,2251,KR7126880004,126880,제이엔케이글로벌,주권,COMMON,TRUE,,,20110131,2011-01-31,VALID
KOSDAQ,2252,KR7322510009,322510,제이엘케이,주권,COMMON,TRUE,,,20191211,2019-12-11,VALID
KOSDAQ,2253,KR7033050006,033050,제이엠아이,주권,COMMON,TRUE,,,19970818,1997-08-18,VALID
KOSDAQ,2254,KR7094970001,094970,제이엠티,주권,COMMON,TRUE,,,20071012,2007-10-12,VALID
KOSDAQ,2255,KR7418550000,418550,제이오,주권,COMMON,TRUE,,,20230216,2023-02-16,VALID
KOSDAQ,2256,KR7035900000,035900,JYP Ent.,주권,COMMON,TRUE,,,20010830,2001-08-30,VALID
KOSDAQ,2257,KR7060230000,060230,제이케이시냅스,주권,COMMON,TRUE,,,20020625,2002-06-25,VALID
KOSDAQ,2258,KR7420570004,420570,제이투케이바이오,주권,COMMON,TRUE,,,20240325,2024-03-25,VALID
KOSDAQ,2259,KR7089790000,089790,제이티,주권,COMMON,TRUE,,,20061027,2006-10-27,VALID
KOSDAQ,2260,KR8392080006,950170,JTC,주식예탁증권,DR,FALSE,EXCLUDE_DR,,20180406,2018-04-06,VALID
KOSDAQ,2261,KR70010V0005,0010V0,제이피아이헬스케어,주권,COMMON,TRUE,,,20250821,2025-08-21,VALID
KOSDAQ,2262,KR7412540007,412540,제일엠앤에스,주권,COMMON,TRUE,,,20240430,2024-04-30,VALID
KOSDAQ,2263,KR7199820002,199820,제일일렉트릭,주권,COMMON,TRUE,,,20201126,2020-11-26,VALID
KOSDAQ,2264,KR7038010005,038010,제일테크노스,주권,COMMON,TRUE,,,20000111,2000-01-11,VALID
KOSDAQ,2265,KR7080220007,080220,제주반도체,주권,COMMON,TRUE,,,20050201,2005-02-01,VALID
KOSDAQ,2266,KR7216080002,216080,제테마,주권,COMMON,TRUE,,,20191114,2019-11-14,VALID
KOSDAQ,2267,KR7337930002,337930,젝시믹스,주권,COMMON,TRUE,,,20200813,2020-08-13,VALID
KOSDAQ,2268,KR7229000005,229000,젠큐릭스,주권,COMMON,TRUE,,,20200625,2020-06-25,VALID
KOSDAQ,2269,KR7082270000,082270,젬백스,주권,COMMON,TRUE,,,20050624,2005-06-24,VALID
KOSDAQ,2270,KR7153890009,153890,져스텍,주권,COMMON,TRUE,,,20260629,2026-06-29,VALID
KOSDAQ,2271,KR7034940007,034940,조아제약,주권,COMMON,TRUE,,,19990813,1999-08-13,VALID
KOSDAQ,2272,KR7067000000,067000,조이시티,주권,COMMON,TRUE,,,20080530,2008-05-30,VALID
KOSDAQ,2273,KR7309930006,309930,조이웍스앤코,주권,COMMON,TRUE,,,20181220,2018-12-20,VALID
KOSDAQ,2274,KR7018700005,018700,졸스,주권,COMMON,TRUE,,,19940318,1994-03-18,VALID
KOSDAQ,2275,KR7033340001,033340,좋은사람들,주권,COMMON,TRUE,,,19971103,1997-11-03,VALID
KOSDAQ,2276,KR7036930006,036930,주성엔지니어링,주권,COMMON,TRUE,,,19991224,1999-12-24,VALID
KOSDAQ,2277,KR7357580000,357580,아모센스,주권,COMMON,TRUE,,,20210625,2021-06-25,VALID
KOSDAQ,2278,KR7226400000,226400,오스테오닉,주권,COMMON,TRUE,,,20180222,2018-02-22,VALID
KOSDAQ,2279,KR7440320000,440320,오픈놀,주권,COMMON,TRUE,,,20230630,2023-06-30,VALID
KOSDAQ,2280,KR7348080003,348080,큐라티스,주권,COMMON,TRUE,,,20230615,2023-06-15,VALID
KOSDAQ,2281,KR7072020001,072020,중앙백신,주권,COMMON,TRUE,,,20031031,2003-10-31,VALID
KOSDAQ,2282,KR7000440008,000440,중앙에너비스,주권,COMMON,TRUE,,,19930324,1993-03-24,VALID
KOSDAQ,2283,KR7051980001,051980,중앙첨단소재,주권,COMMON,TRUE,,,20010731,2001-07-31,VALID
KOSDAQ,2284,KR7221800006,221800,지구홀딩스,주권,COMMON,TRUE,,,20231102,2023-11-02,VALID
KOSDAQ,2285,KR7228760005,228760,지노믹트리,주권,COMMON,TRUE,,,20190327,2019-03-27,VALID
KOSDAQ,2286,KR7314130006,314130,지놈앤컴퍼니,주권,COMMON,TRUE,,,20201223,2020-12-23,VALID
KOSDAQ,2287,KR7389030008,389030,지니너스,주권,COMMON,TRUE,,,20211108,2021-11-08,VALID
KOSDAQ,2288,KR7263860009,263860,지니언스,주권,COMMON,TRUE,,,20170802,2017-08-02,VALID
KOSDAQ,2289,KR7303030001,303030,지니틱스,주권,COMMON,TRUE,,,20180830,2018-08-30,VALID
KOSDAQ,2290,KR7208350009,208350,지란지교시큐리티,주권,COMMON,TRUE,,,20141224,2014-12-24,VALID
KOSDAQ,2291,KR7446840001,446840,지슨,주권,COMMON,TRUE,,,20230517,2023-05-17,VALID
KOSDAQ,2292,KR7144510005,144510,지씨셀,주권,COMMON,TRUE,,,20160623,2016-06-23,VALID
KOSDAQ,2293,KR7340450006,340450,지씨지놈,주권,COMMON,TRUE,,,20250611,2025-06-11,VALID
KOSDAQ,2294,KR7306620006,306620,지아이에스,주권,COMMON,TRUE,,,20181031,2018-10-31,VALID
KOSDAQ,2295,KR7358570000,358570,지아이이노베이션,주권,COMMON,TRUE,,,20230330,2023-03-30,VALID
KOSDAQ,2296,KR7382480002,382480,지아이텍,주권,COMMON,TRUE,,,20211021,2021-10-21,VALID
KOSDAQ,2297,KR7382800001,382800,지앤비에스 에코,주권,COMMON,TRUE,,,20211029,2021-10-29,VALID
KOSDAQ,2298,KR7051160000,051160,지어소프트,주권,COMMON,TRUE,,,20020528,2002-05-28,VALID
KOSDAQ,2299,KR7053050001,053050,지에스이,주권,COMMON,TRUE,,,20011011,2001-10-11,VALID
KOSDAQ,2300,KR7130500002,130500,GH신소재,주권,COMMON,TRUE,,,20130802,2013-08-02,VALID
KOSDAQ,2301,KR7388610008,388610,지에프씨생명과학,주권,COMMON,TRUE,,,20250630,2025-06-30,VALID
KOSDAQ,2302,KR7493330005,493330,지에프아이,주권,COMMON,TRUE,,,20260114,2026-01-14,VALID
KOSDAQ,2303,KR7119850006,119850,지엔씨에너지,주권,COMMON,TRUE,,,20131002,2013-10-02,VALID
KOSDAQ,2304,KR7065060006,065060,지엔코,주권,COMMON,TRUE,,,20020528,2002-05-28,VALID
KOSDAQ,2305,KR7204840003,204840,지엘팜텍,주권,COMMON,TRUE,,,20141120,2014-11-20,VALID
KOSDAQ,2306,KR7019570001,019570,GMI벤처,주권,COMMON,TRUE,,,19890314,1989-03-14,VALID
KOSDAQ,2307,KR7311320006,311320,지오엘리먼트,주권,COMMON,TRUE,,,20211111,2021-11-11,VALID
KOSDAQ,2308,KR7456160001,456160,지투지바이오,주권,COMMON,TRUE,,,20250814,2025-08-14,VALID
KOSDAQ,2309,KR7388050007,388050,지투파워,주권,COMMON,TRUE,,,20220401,2022-04-01,VALID
KOSDAQ,2310,KR7018120006,018120,진로발효,주권,COMMON,TRUE,,,19931229,1993-12-29,VALID
KOSDAQ,2311,KR7109820001,109820,진매트릭스,주권,COMMON,TRUE,,,20091106,2009-11-06,VALID
KOSDAQ,2312,KR7086060001,086060,진바이오텍,주권,COMMON,TRUE,,,20060428,2006-04-28,VALID
KOSDAQ,2313,KR7036890002,036890,진성티이씨,주권,COMMON,TRUE,,,20000720,2000-07-20,VALID
KOSDAQ,2314,KR7363250002,363250,진시스템,주권,COMMON,TRUE,,,20210526,2021-05-26,VALID
KOSDAQ,2315,KR7007370000,007370,진양제약,주권,COMMON,TRUE,,,20000727,2000-07-27,VALID
KOSDAQ,2316,KR7285800009,285800,진영,주권,COMMON,TRUE,,,20230601,2023-06-01,VALID
KOSDAQ,2317,KR7085660009,085660,차바이오텍,주권,COMMON,TRUE,,,20051227,2005-12-27,VALID
KOSDAQ,2318,KYG2115T1076,900250,크리스탈신소재,외국주권,COMMON,TRUE,,,20160128,2016-01-28,VALID
KOSDAQ,2319,KR7351870001,351870,차이커뮤니케이션,주권,COMMON,TRUE,,,20240927,2024-09-27,VALID
KOSDAQ,2320,KR7094850005,094850,참좋은여행,주권,COMMON,TRUE,,,20070430,2007-04-30,VALID
KOSDAQ,2321,KR7004650008,004650,창해에탄올,주권,COMMON,TRUE,,,20140730,2014-07-30,VALID
KOSDAQ,2322,KR70011T0008,0011T0,채비,주권,COMMON,TRUE,,,20260429,2026-04-29,VALID
KOSDAQ,2323,KR7278280003,278280,천보,주권,COMMON,TRUE,,,20190211,2019-02-11,VALID
KOSDAQ,2324,KR7362320004,362320,청담글로벌,주권,COMMON,TRUE,,,20220603,2022-06-03,VALID
KOSDAQ,2325,KR7013720008,013720,청보,주권,COMMON,TRUE,,,19931229,1993-12-29,VALID
KOSDAQ,2326,KR7066360009,066360,체리부로,주권,COMMON,TRUE,,,20171204,2017-12-04,VALID
KOSDAQ,2327,KR7047820006,047820,초록뱀미디어,주권,COMMON,TRUE,,,20021224,2002-12-24,VALID
KOSDAQ,2328,KR7291650000,291650,츌립앤사이언스,주권,COMMON,TRUE,,,20200916,2020-09-16,VALID
KOSDAQ,2329,KR7094360005,094360,칩스앤미디어,주권,COMMON,TRUE,,,20150805,2015-08-05,VALID
KOSDAQ,2330,KR70082N0008,0082N0,카나프테라퓨틱스,주권,COMMON,TRUE,,,20260316,2026-03-16,VALID
KOSDAQ,2331,KR7016920001,016920,카스,주권,COMMON,TRUE,,,19900104,1990-01-04,VALID
KOSDAQ,2332,KR7284620002,284620,카이노스메드,주권,COMMON,TRUE,,,20180608,2018-06-08,VALID
KOSDAQ,2333,KR7293490009,293490,카카오게임즈,주권,COMMON,TRUE,,,20200910,2020-09-10,VALID
KOSDAQ,2334,KR7140430000,140430,카티스,주권,COMMON,TRUE,,,20240503,2024-05-03,VALID
KOSDAQ,2335,KR7042000000,042000,카페24,주권,COMMON,TRUE,,,20180208,2018-02-08,VALID
KOSDAQ,2336,KR7313760001,313760,캐리,주권,COMMON,TRUE,,,20190725,2019-07-25,VALID
KOSDAQ,2337,KR7071850002,071850,캐스텍코리아,주권,COMMON,TRUE,,,20140527,2014-05-27,VALID
KOSDAQ,2338,KR7198080004,198080,캐프,주권,COMMON,TRUE,,,20200316,2020-03-16,VALID
KOSDAQ,2339,KR7210120002,210120,캔버스엔,주권,COMMON,TRUE,,,20230817,2023-08-17,VALID
KOSDAQ,2340,KR7050110006,050110,캠시스,주권,COMMON,TRUE,,,20010517,2001-05-17,VALID
KOSDAQ,2341,KR7452300007,452300,캡스톤파트너스,주권,COMMON,TRUE,,,20231115,2023-11-15,VALID
KOSDAQ,2342,KR7451760003,451760,컨텍,주권,COMMON,TRUE,,,20231109,2023-11-09,VALID
KOSDAQ,2343,HK0000341732,900310,컬러레이,외국주권,COMMON,TRUE,,,20170810,2017-08-10,VALID
KOSDAQ,2344,KR7078340007,078340,컴투스,주권,COMMON,TRUE,,,20070706,2007-07-06,VALID
KOSDAQ,2345,KR7291230001,291230,컴투스엔,주권,COMMON,TRUE,,,20180913,2018-09-13,VALID
KOSDAQ,2346,KR7063080006,063080,컴투스홀딩스,주권,COMMON,TRUE,,,20090730,2009-07-30,VALID
KOSDAQ,2347,KR7307930008,307930,컴퍼니케이,주권,COMMON,TRUE,,,20190523,2019-05-23,VALID
KOSDAQ,2348,KR7079190005,079190,케스피온,주권,COMMON,TRUE,,,20051129,2005-11-29,VALID
KOSDAQ,2349,KR7263700007,263700,케어랩스,주권,COMMON,TRUE,,,20180328,2018-03-28,VALID
KOSDAQ,2350,KR7214370009,214370,케어젠,주권,COMMON,TRUE,,,20151117,2015-11-17,VALID
KOSDAQ,2351,KR7221980006,221980,케이디켐,주권,COMMON,TRUE,,,20151119,2015-11-19,VALID
KOSDAQ,2352,KR7038530002,038530,케이바이오랩스,주권,COMMON,TRUE,,,20000609,2000-06-09,VALID
KOSDAQ,2353,KR7024840001,024840,KBI메탈,주권,COMMON,TRUE,,,19941229,1994-12-29,VALID
KOSDAQ,2354,KR7478390008,478390,KB제29호스팩,주권,SPAC,FALSE,EXCLUDE_SPAC,,20240621,2024-06-21,VALID
KOSDAQ,2355,KR7486630007,486630,KB제30호스팩,주권,SPAC,FALSE,EXCLUDE_SPAC,,20240925,2024-09-25,VALID
KOSDAQ,2356,KR7492220009,492220,KB제31호스팩,주권,SPAC,FALSE,EXCLUDE_SPAC,,20241212,2024-12-12,VALID
KOSDAQ,2357,KR70037T0008,0037T0,KB제32호스팩,주권,SPAC,FALSE,EXCLUDE_SPAC,,20250704,2025-07-04,VALID
KOSDAQ,2358,KR70072Z0006,0072Z0,KB제33호스팩,주권,SPAC,FALSE,EXCLUDE_SPAC,,20250930,2025-09-30,VALID
KOSDAQ,2359,KR7318000007,318000,KBG,주권,COMMON,TRUE,,,20190801,2019-08-01,VALID
KOSDAQ,2360,KR7192250009,192250,케이사인,주권,COMMON,TRUE,,,20140428,2014-04-28,VALID
KOSDAQ,2361,KR7431190008,431190,케이쓰리아이,주권,COMMON,TRUE,,,20240820,2024-08-20,VALID
KOSDAQ,2362,KR7021320007,021320,KCC건설,주권,COMMON,TRUE,,,20010821,2001-08-21,VALID
KOSDAQ,2363,KR7115500001,115500,케이씨에스,주권,COMMON,TRUE,,,20100414,2010-04-14,VALID
KOSDAQ,2364,KR7089150007,089150,케이씨티,주권,COMMON,TRUE,,,20061213,2006-12-13,VALID
KOSDAQ,2365,KR7025880006,025880,케이씨피드,주권,COMMON,TRUE,,,19950707,1995-07-07,VALID
KOSDAQ,2366,KR7093320000,093320,케이아이엔엑스,주권,COMMON,TRUE,,,20110208,2011-02-08,VALID
KOSDAQ,2367,KR7093640001,093640,케이알엠,주권,COMMON,TRUE,,,20071019,2007-10-19,VALID
KOSDAQ,2368,KR7487400004,487400,케이앤에스아이앤씨,주권,COMMON,TRUE,,,20260813,2026-08-13,VALID
KOSDAQ,2369,KR7101000008,101000,KS인더스트리,주권,COMMON,TRUE,,,20091106,2009-11-06,VALID
KOSDAQ,2370,KR7073010001,073010,케이에스피,주권,COMMON,TRUE,,,20041217,2004-12-17,VALID
KOSDAQ,2371,KR7060720000,060720,KH바텍,주권,COMMON,TRUE,,,20020521,2002-05-21,VALID
KOSDAQ,2372,KR7122450000,122450,KX,주권,COMMON,TRUE,,,20110525,2011-05-25,VALID
KOSDAQ,2373,KR7052900008,052900,KX하이텍,주권,COMMON,TRUE,,,20050118,2005-01-18,VALID
KOSDAQ,2374,KR7105330005,105330,케이엔더블유,주권,COMMON,TRUE,,,20090929,2009-09-29,VALID
KOSDAQ,2375,KR7053080008,053080,케이엔솔,주권,COMMON,TRUE,,,20200924,2020-09-24,VALID
KOSDAQ,2376,KR7199430000,199430,케이엔알시스템,주권,COMMON,TRUE,,,20240307,2024-03-07,VALID
KOSDAQ,2377,KR7432470003,432470,케이엔에스,주권,COMMON,TRUE,,,20231206,2023-12-06,VALID
KOSDAQ,2378,KR7058400003,058400,KNN,주권,COMMON,TRUE,,,20101103,2010-11-03,VALID
KOSDAQ,2379,KR7272110008,272110,케이엔제이,주권,COMMON,TRUE,,,20191025,2019-10-25,VALID
KOSDAQ,2380,KR7039420005,039420,케이엘넷,주권,COMMON,TRUE,,,20020312,2002-03-12,VALID
KOSDAQ,2381,KR7083550004,083550,케이엠,주권,COMMON,TRUE,,,20051220,2005-12-20,VALID
KOSDAQ,2382,KR7032500001,032500,케이엠더블유,주권,COMMON,TRUE,,,20000321,2000-03-21,VALID
KOSDAQ,2383,KR7225430008,225430,케이엠제약,주권,COMMON,TRUE,,,20151008,2015-10-08,VALID
KOSDAQ,2384,KR7102370004,102370,케이옥션,주권,COMMON,TRUE,,,20220124,2022-01-24,VALID
KOSDAQ,2385,KR7068100007,068100,케이웨더,주권,COMMON,TRUE,,,20240222,2024-02-22,VALID
KOSDAQ,2386,KR7106080005,106080,케이이엠텍,주권,COMMON,TRUE,,,20100209,2010-02-09,VALID
KOSDAQ,2387,KR7036560001,036560,KZ정밀,주권,COMMON,TRUE,,,19991228,1999-12-28,VALID
KOSDAQ,2388,KR7455180000,455180,케이지에이,주권,COMMON,TRUE,,,20250617,2025-06-17,VALID
KOSDAQ,2389,KR7151860004,151860,KG에코솔루션,주권,COMMON,TRUE,,,20130724,2013-07-24,VALID
KOSDAQ,2390,KR7035600006,035600,KG이니시스,주권,COMMON,TRUE,,,20021122,2002-11-22,VALID
KOSDAQ,2391,KR7089600001,089600,KT나스미디어,주권,COMMON,TRUE,,,20130717,2013-07-17,VALID
KOSDAQ,2392,KR7418470001,418470,KT밀리의서재,주권,COMMON,TRUE,,,20230927,2023-09-27,VALID
KOSDAQ,2393,KR7036030005,036030,케이티알파,주권,COMMON,TRUE,,,19991224,1999-12-24,VALID
KOSDAQ,2394,KR7043610005,043610,KT지니뮤직,주권,COMMON,TRUE,,,20000720,2000-07-20,VALID
KOSDAQ,2395,KR7064820004,064820,케이프,주권,COMMON,TRUE,,,20070529,2007-05-29,VALID
KOSDAQ,2396,KR7024880007,024880,케이피에프,주권,COMMON,TRUE,,,19941229,1994-12-29,VALID
KOSDAQ,2397,KR7042040006,042040,케이피엠테크,주권,COMMON,TRUE,,,20030107,2003-01-07,VALID
KOSDAQ,2398,KR7054410006,054410,케이피티유,주권,COMMON,TRUE,,,20020425,2002-04-25,VALID
KOSDAQ,2399,KR7288180003,288180,케이피항공산업,주권,COMMON,TRUE,,,20260519,2026-05-19,VALID
KOSDAQ,2400,KR7258610005,258610,케일럼,주권,COMMON,TRUE,,,20170822,2017-08-22,VALID
KOSDAQ,2401,KR7274090000,274090,켄코아에어로스페이스,주권,COMMON,TRUE,,,20200303,2020-03-03,VALID
KOSDAQ,2402,KR7089010003,089010,켐트로닉스,주권,COMMON,TRUE,,,20070117,2007-01-17,VALID
KOSDAQ,2403,KR7220260004,220260,켐트로스,주권,COMMON,TRUE,,,20150727,2015-07-27,VALID
KOSDAQ,2404,KR7052400009,052400,코나아이,주권,COMMON,TRUE,,,20011018,2001-10-18,VALID
KOSDAQ,2405,KR7402030001,402030,코난테크놀로지,주권,COMMON,TRUE,,,20220707,2022-07-07,VALID
KOSDAQ,2406,KR7391710001,391710,코닉오토메이션,주권,COMMON,TRUE,,,20211015,2021-10-15,VALID
KOSDAQ,2407,KR7046070009,046070,코다코,주권,COMMON,TRUE,,,20001226,2000-12-26,VALID
KOSDAQ,2408,KR7047770003,047770,코데즈컴바인,주권,COMMON,TRUE,,,20010918,2001-09-18,VALID
KOSDAQ,2409,KR7080530009,080530,코디,주권,COMMON,TRUE,,,20100105,2010-01-05,VALID
KOSDAQ,2410,KR7104540000,104540,코렌텍,주권,COMMON,TRUE,,,20130305,2013-03-05,VALID
KOSDAQ,2411,KR7027050004,027050,코리아나,주권,COMMON,TRUE,,,19991210,1999-12-10,VALID
KOSDAQ,2412,KR7190650002,190650,코리아에셋투자증권,주권,COMMON,TRUE,,,20191120,2019-11-20,VALID
KOSDAQ,2413,KR7123410003,123410,코리아에프티,주권,COMMON,TRUE,,,20100827,2010-08-27,VALID
KOSDAQ,2414,KR7036690006,036690,코맥스,주권,COMMON,TRUE,,,20000118,2000-01-18,VALID
KOSDAQ,2415,KR7049430002,049430,코메론,주권,COMMON,TRUE,,,20010116,2001-01-16,VALID
KOSDAQ,2416,KR7183300003,183300,코미코,주권,COMMON,TRUE,,,20170323,2017-03-23,VALID
KOSDAQ,2417,KR7041960006,041960,코미팜,주권,COMMON,TRUE,,,20011030,2001-10-30,VALID
KOSDAQ,2418,KR7089890008,089890,코세스,주권,COMMON,TRUE,,,20061108,2006-11-08,VALID
KOSDAQ,2419,KR7360350003,360350,코셈,주권,COMMON,TRUE,,,20240223,2024-02-23,VALID
KOSDAQ,2420,KR7082660002,082660,코스나인,주권,COMMON,TRUE,,,20051005,2005-10-05,VALID
KOSDAQ,2421,KR7043710003,043710,코스리거글로벌,주권,COMMON,TRUE,,,20020711,2002-07-11,VALID
KOSDAQ,2422,KR7222040008,222040,코스맥스엔비티,주권,COMMON,TRUE,,,20151216,2015-12-16,VALID
KOSDAQ,2423,KR7241710003,241710,코스메카코리아,주권,COMMON,TRUE,,,20161028,2016-10-28,VALID
KOSDAQ,2424,KR7439960006,439960,코스모로보틱스,주권,COMMON,TRUE,,,20260511,2026-05-11,VALID
KOSDAQ,2425,KR7355150004,355150,코스텍시스,주권,COMMON,TRUE,,,20200918,2020-09-18,VALID
KOSDAQ,2426,KR7166480004,166480,코아스템켐온,주권,COMMON,TRUE,,,20150626,2015-06-26,VALID
KOSDAQ,2427,KR7045970001,045970,코아시아,주권,COMMON,TRUE,,,20000803,2000-08-03,VALID
KOSDAQ,2428,KR7196450001,196450,코아시아씨엠,주권,COMMON,TRUE,,,20140602,2014-06-02,VALID
KOSDAQ,2429,KR7384470001,384470,코어라인소프트,주권,COMMON,TRUE,,,20230918,2023-09-18,VALID
KOSDAQ,2430,KR7102940004,102940,코오롱생명과학,주권,COMMON,TRUE,,,20090407,2009-04-07,VALID
KOSDAQ,2431,KR8840120008,950160,코오롱티슈진,주식예탁증권,DR,FALSE,EXCLUDE_DR,,20171106,2017-11-06,VALID
KOSDAQ,2432,KR7056360001,056360,코위버,주권,COMMON,TRUE,,,20011204,2001-12-04,VALID
KOSDAQ,2433,KR7282880004,282880,코윈테크,주권,COMMON,TRUE,,,20190805,2019-08-05,VALID
KOSDAQ,2434,KR7121850002,121850,코이즈,주권,COMMON,TRUE,,,20120927,2012-09-27,VALID
KOSDAQ,2435,KR7448710004,448710,코츠테크놀로지,주권,COMMON,TRUE,,,20230810,2023-08-10,VALID
KOSDAQ,2436,KR7126730001,126730,코칩,주권,COMMON,TRUE,,,20240507,2024-05-07,VALID
KOSDAQ,2437,KR7015710007,015710,코콤,주권,COMMON,TRUE,,,19970930,1997-09-30,VALID
KOSDAQ,2438,KR7052330008,052330,코텍,주권,COMMON,TRUE,,,20010710,2001-07-10,VALID
KOSDAQ,2439,KR7322780008,322780,코퍼스코리아,주권,COMMON,TRUE,,,20190531,2019-05-31,VALID
KOSDAQ,2440,KR7215380007,215380,콜마바이오텍,주권,COMMON,TRUE,,,20150518,2015-05-18,VALID
KOSDAQ,2441,KR7200130003,200130,콜마비앤에이치,주권,COMMON,TRUE,,,20140723,2014-07-23,VALID
KOSDAQ,2442,KR7294570007,294570,쿠콘,주권,COMMON,TRUE,,,20210428,2021-04-28,VALID
KOSDAQ,2443,KR7464490002,464490,쿼드메디슨,주권,COMMON,TRUE,,,20251212,2025-12-12,VALID
KOSDAQ,2444,KR7317690006,317690,퀀타매트릭스,주권,COMMON,TRUE,,,20201209,2020-12-09,VALID
KOSDAQ,2445,KR7070300009,070300,퀀텀레일,주권,COMMON,TRUE,,,20100609,2010-06-09,VALID
KOSDAQ,2446,KR7432720001,432720,퀄리타스반도체,주권,COMMON,TRUE,,,20231027,2023-10-27,VALID
KOSDAQ,2447,KR7365270008,365270,큐라클,주권,COMMON,TRUE,,,20210722,2021-07-22,VALID
KOSDAQ,2448,KR7060280005,060280,큐렉소,주권,COMMON,TRUE,,,20020703,2002-07-03,VALID
KOSDAQ,2449,KR7372320002,372320,큐로셀,주권,COMMON,TRUE,,,20231109,2023-11-09,VALID
KOSDAQ,2450,KR7051780005,051780,큐로홀딩스,주권,COMMON,TRUE,,,20010626,2001-06-26,VALID
KOSDAQ,2451,KR7115180002,115180,큐리언트,주권,COMMON,TRUE,,,20160229,2016-02-29,VALID
KOSDAQ,2452,KR7494120009,494120,큐리오시스,주권,COMMON,TRUE,,,20251113,2025-11-13,VALID
KOSDAQ,2453,KR7445680002,445680,큐리옥스바이오시스템즈,주권,COMMON,TRUE,,,20230810,2023-08-10,VALID
KOSDAQ,2454,KR7182360008,182360,큐브엔터,주권,COMMON,TRUE,,,20131121,2013-11-21,VALID
KOSDAQ,2455,KR7405100009,405100,큐알티,주권,COMMON,TRUE,,,20221102,2022-11-02,VALID
KOSDAQ,2456,KR7066310004,066310,큐에스아이,주권,COMMON,TRUE,,,20061124,2006-11-24,VALID
KOSDAQ,2457,KR7377460001,377460,큐에이드,주권,COMMON,TRUE,,,20220623,2022-06-23,VALID
KOSDAQ,2458,KR7016600009,016600,큐캐피탈,주권,COMMON,TRUE,,,19930621,1993-06-21,VALID
KOSDAQ,2459,KR7355390006,355390,크라우드웍스,주권,COMMON,TRUE,,,20230831,2023-08-31,VALID
KOSDAQ,2460,KR7096240007,096240,크레버스,주권,COMMON,TRUE,,,20080627,2008-06-27,VALID
KOSDAQ,2461,KR7040350001,040350,크레오에스지,주권,COMMON,TRUE,,,20020110,2002-01-10,VALID
KOSDAQ,2462,KR7110790003,110790,크리스에프앤씨,주권,COMMON,TRUE,,,20181001,2018-10-01,VALID
KOSDAQ,2463,KR7045520004,045520,크린앤사이언스,주권,COMMON,TRUE,,,20001205,2000-12-05,VALID
KOSDAQ,2464,KR7214150005,214150,클래시스,주권,COMMON,TRUE,,,20150403,2015-04-03,VALID
KOSDAQ,2465,KR7466100005,466100,클로봇,주권,COMMON,TRUE,,,20241028,2024-10-28,VALID
KOSDAQ,2466,KR7237880000,237880,클리오,주권,COMMON,TRUE,,,20161109,2016-11-09,VALID
KOSDAQ,2467,KR7139670004,139670,키네마스터,주권,COMMON,TRUE,,,20111202,2011-12-02,VALID
KOSDAQ,2468,KR7475430005,475430,키스트론,주권,COMMON,TRUE,,,20250602,2025-06-02,VALID
KOSDAQ,2469,KR7487720005,487720,키움제10호스팩,주권,SPAC,FALSE,EXCLUDE_SPAC,,20241220,2024-12-20,VALID
KOSDAQ,2470,KR7489480004,489480,키움제11호스팩,주권,SPAC,FALSE,EXCLUDE_SPAC,,20241211,2024-12-11,VALID
KOSDAQ,2471,KR7466690005,466690,키움히어로제1호스팩,주권,SPAC,FALSE,EXCLUDE_SPAC,,20251212,2025-12-12,VALID
KOSDAQ,2472,KR70131D0001,0131D0,키움히어로제2호스팩,주권,SPAC,FALSE,EXCLUDE_SPAC,,20260423,2026-04-23,VALID
KOSDAQ,2473,KR7054780002,054780,키이스트,주권,COMMON,TRUE,,,20031114,2003-11-14,VALID
KOSDAQ,2474,KR7256940008,256940,킵스파마,주권,COMMON,TRUE,,,20170906,2017-09-06,VALID
KOSDAQ,2475,KR7219130002,219130,타이거일렉,주권,COMMON,TRUE,,,20150925,2015-09-25,VALID
KOSDAQ,2476,KR7336680004,336680,탑런토탈솔루션,주권,COMMON,TRUE,,,20241101,2024-11-01,VALID
KOSDAQ,2477,KR7360070007,360070,탑머티리얼,주권,COMMON,TRUE,,,20221018,2022-10-18,VALID
KOSDAQ,2478,KR7065130007,065130,탑엔지니어링,주권,COMMON,TRUE,,,20030129,2003-01-29,VALID
KOSDAQ,2479,KR7134580000,134580,탑코미디어,주권,COMMON,TRUE,,,20131126,2013-11-26,VALID
KOSDAQ,2480,KR7023160005,023160,태광,주권,COMMON,TRUE,,,19940907,1994-09-07,VALID
KOSDAQ,2481,KR7323280008,323280,태성,주권,COMMON,TRUE,,,20190624,2019-06-24,VALID
KOSDAQ,2482,KR7053620001,053620,태양,주권,COMMON,TRUE,,,20010807,2001-08-07,VALID
KOSDAQ,2483,KR7044490001,044490,태웅,주권,COMMON,TRUE,,,20011108,2001-11-08,VALID
KOSDAQ,2484,KR7124560004,124560,태웅로직스,주권,COMMON,TRUE,,,20191210,2019-12-10,VALID
KOSDAQ,2485,KR7191420009,191420,테고사이언스,주권,COMMON,TRUE,,,20141106,2014-11-06,VALID
KOSDAQ,2486,KR8826050005,950250,테라뷰,주식예탁증권,DR,FALSE,EXCLUDE_DR,,20251209,2025-12-09,VALID
KOSDAQ,2487,KR7073640005,073640,테라사이언스,주권,COMMON,TRUE,,,20040106,2004-01-06,VALID
KOSDAQ,2488,KR7066700006,066700,테라젠이텍스,주권,COMMON,TRUE,,,20040527,2004-05-27,VALID
KOSDAQ,2489,KR7095610002,095610,테스,주권,COMMON,TRUE,,,20080520,2008-05-20,VALID
KOSDAQ,2490,KR7064520000,064520,테크엘,주권,COMMON,TRUE,,,20021204,2002-12-04,VALID
KOSDAQ,2491,KR7089030001,089030,테크윙,주권,COMMON,TRUE,,,20111110,2011-11-10,VALID
KOSDAQ,2492,KR7054450002,054450,텔레칩스,주권,COMMON,TRUE,,,20041210,2004-12-10,VALID
KOSDAQ,2493,KR7200230001,200230,텔콘RF제약,주권,COMMON,TRUE,,,20141124,2014-11-24,VALID
KOSDAQ,2494,KR7393210000,393210,토마토시스템,주권,COMMON,TRUE,,,20230427,2023-04-27,VALID
KOSDAQ,2495,KR7475960001,475960,토모큐브,주권,COMMON,TRUE,,,20241107,2024-11-07,VALID
KOSDAQ,2496,KR7215480005,215480,토박스코리아,주권,COMMON,TRUE,,,20150513,2015-05-13,VALID
KOSDAQ,2497,KR7051360006,051360,토비스,주권,COMMON,TRUE,,,20041119,2004-11-19,VALID
KOSDAQ,2498,KR7045340007,045340,토탈소프트,주권,COMMON,TRUE,,,20020719,2002-07-19,VALID
KOSDAQ,2499,KR7108230004,108230,톱텍,주권,COMMON,TRUE,,,20090915,2009-09-15,VALID
KOSDAQ,2500,KR7079970000,079970,투비소프트,주권,COMMON,TRUE,,,20100601,2010-06-01,VALID
KOSDAQ,2501,KR7199800004,199800,툴젠,주권,COMMON,TRUE,,,20211210,2021-12-10,VALID
KOSDAQ,2502,KR7417790003,417790,트루엔,주권,COMMON,TRUE,,,20230517,2023-05-17,VALID
KOSDAQ,2503,KR7290090000,290090,트윔,주권,COMMON,TRUE,,,20211117,2021-11-17,VALID
KOSDAQ,2504,KR7026150003,026150,특수건설,주권,COMMON,TRUE,,,19970806,1997-08-06,VALID
KOSDAQ,2505,KR7464280007,464280,티디에스팜,주권,COMMON,TRUE,,,20240821,2024-08-21,VALID
KOSDAQ,2506,KR7117730002,117730,티로보틱스,주권,COMMON,TRUE,,,20181129,2018-11-29,VALID
KOSDAQ,2507,KR7033830001,033830,티비씨,주권,COMMON,TRUE,,,20101129,2010-11-29,VALID
KOSDAQ,2508,KR7057680001,057680,티사이언티픽,주권,COMMON,TRUE,,,20020618,2002-06-18,VALID
KOSDAQ,2509,KR7204610000,204610,티쓰리,주권,COMMON,TRUE,,,20221117,2022-11-17,VALID
KOSDAQ,2510,KR7125020008,125020,티씨머티리얼즈,주권,COMMON,TRUE,,,20250515,2025-05-15,VALID
KOSDAQ,2511,KR7064760002,064760,티씨케이,주권,COMMON,TRUE,,,20030818,2003-08-18,VALID
KOSDAQ,2512,KR7246710008,246710,티앤알바이오팹,주권,COMMON,TRUE,,,20181128,2018-11-28,VALID
KOSDAQ,2513,KR7340570001,340570,티앤엘,주권,COMMON,TRUE,,,20201120,2020-11-20,VALID
KOSDAQ,2514,KR7043220003,043220,티에스넥스젠,주권,COMMON,TRUE,,,20010703,2001-07-03,VALID
KOSDAQ,2515,KR7277880001,277880,티에스아이,주권,COMMON,TRUE,,,20200722,2020-07-22,VALID
KOSDAQ,2516,KR7131290009,131290,티에스이,주권,COMMON,TRUE,,,20110105,2011-01-05,VALID
KOSDAQ,2517,KR7246690002,246690,TS인베스트먼트,주권,COMMON,TRUE,,,20161215,2016-12-15,VALID
KOSDAQ,2518,KR7317240000,317240,TS트릴리온,주권,COMMON,TRUE,,,20190429,2019-04-29,VALID
KOSDAQ,2519,KR7425420007,425420,티에프이,주권,COMMON,TRUE,,,20221117,2022-11-17,VALID
KOSDAQ,2520,KR7484810007,484810,티엑스알로보틱스,주권,COMMON,TRUE,,,20250320,2025-03-20,VALID
KOSDAQ,2521,KR7131100000,131100,티엔엔터테인먼트,주권,COMMON,TRUE,,,20110614,2011-06-14,VALID
KOSDAQ,2522,KR7356860007,356860,티엘비,주권,COMMON,TRUE,,,20201214,2020-12-14,VALID
KOSDAQ,2523,KR7321550006,321550,티움바이오,주권,COMMON,TRUE,,,20191122,2019-11-22,VALID
KOSDAQ,2524,KR7425040003,425040,티이엠씨,주권,COMMON,TRUE,,,20230119,2023-01-19,VALID
KOSDAQ,2525,KR7241790005,241790,티이엠씨씨엔에스,주권,COMMON,TRUE,,,20161201,2016-12-01,VALID
KOSDAQ,2526,KR7032540007,032540,TJ미디어,주권,COMMON,TRUE,,,19970416,1997-04-16,VALID
KOSDAQ,2527,KR7022220008,022220,티케이지애강,주권,COMMON,TRUE,,,20060411,2006-04-11,VALID
KOSDAQ,2528,KR7104480009,104480,티케이케미칼,주권,COMMON,TRUE,,,20110426,2011-04-26,VALID
KOSDAQ,2529,KR7081150005,081150,티플랙스,주권,COMMON,TRUE,,,20090423,2009-04-23,VALID
KOSDAQ,2530,KR7130740004,130740,티피씨글로벌,주권,COMMON,TRUE,,,20110208,2011-02-08,VALID
KOSDAQ,2531,KR7084730001,084730,팅크웨어,주권,COMMON,TRUE,,,20060519,2006-05-19,VALID
KOSDAQ,2532,KR7440110005,440110,파두,주권,COMMON,TRUE,,,20230807,2023-08-07,VALID
KOSDAQ,2533,KR7288330004,288330,파라택시스코리아,주권,COMMON,TRUE,,,20191220,2019-12-20,VALID
KOSDAQ,2534,KR7290560002,290560,파라택시스이더리움,주권,COMMON,TRUE,,,20231103,2023-11-03,VALID
KOSDAQ,2535,KR7033540006,033540,파라텍,주권,COMMON,TRUE,,,19971226,1997-12-26,VALID
KOSDAQ,2536,KR7388870008,388870,파로스아이바이오,주권,COMMON,TRUE,,,20230727,2023-07-27,VALID
KOSDAQ,2537,KR7043200005,043200,파루,주권,COMMON,TRUE,,,20000719,2000-07-19,VALID
KOSDAQ,2538,KR7214450009,214450,파마리서치,주권,COMMON,TRUE,,,20150724,2015-07-24,VALID
KOSDAQ,2539,KR7177830007,177830,파버나인,주권,COMMON,TRUE,,,20140804,2014-08-04,VALID
KOSDAQ,2540,KR7037070000,037070,파세코,주권,COMMON,TRUE,,,20000104,2000-01-04,VALID
KOSDAQ,2541,KR7150900009,150900,파수AI,주권,COMMON,TRUE,,,20131018,2013-10-18,VALID
KOSDAQ,2542,KR7037030004,037030,파워넷,주권,COMMON,TRUE,,,20180607,2018-06-07,VALID
KOSDAQ,2543,KR7047310008,047310,파워로직스,주권,COMMON,TRUE,,,20030725,2003-07-25,VALID
KOSDAQ,2544,KR7368770004,368770,파이버프로,주권,COMMON,TRUE,,,20210121,2021-01-21,VALID
KOSDAQ,2545,KR7170790000,170790,파이오링크,주권,COMMON,TRUE,,,20130801,2013-08-01,VALID
KOSDAQ,2546,USU652221081,900100,파이온엑스,외국주권,COMMON,TRUE,,,20100421,2010-04-21,VALID
KOSDAQ,2547,KR7049120009,049120,파인디앤씨,주권,COMMON,TRUE,,,20010726,2001-07-26,VALID
KOSDAQ,2548,KR7038950002,038950,파인디지털,주권,COMMON,TRUE,,,20000504,2000-05-04,VALID
KOSDAQ,2549,KR7387570005,387570,파인메딕스,주권,COMMON,TRUE,,,20241226,2024-12-26,VALID
KOSDAQ,2550,KR7441270006,441270,파인엠텍,주권,COMMON,TRUE,,,20221007,2022-10-07,VALID
KOSDAQ,2551,KR7106240005,106240,파인테크닉스,주권,COMMON,TRUE,,,20090316,2009-03-16,VALID
KOSDAQ,2552,KR7131760001,131760,파인텍,주권,COMMON,TRUE,,,20150817,2015-08-17,VALID
KOSDAQ,2553,KR7065690000,065690,파커스,주권,COMMON,TRUE,,,20020716,2002-07-16,VALID
KOSDAQ,2554,KR7140860008,140860,파크시스템스,주권,COMMON,TRUE,,,20151217,2015-12-17,VALID
KOSDAQ,2555,KR7091700005,091700,파트론,주권,COMMON,TRUE,,,20061213,2006-12-13,VALID
KOSDAQ,2556,KR7032800005,032800,판타지오,주권,COMMON,TRUE,,,19970626,1997-06-26,VALID
KOSDAQ,2557,KR7318010006,318010,팜스빌,주권,COMMON,TRUE,,,20191022,2019-10-22,VALID
KOSDAQ,2558,KR7027710003,027710,팜스토리,주권,COMMON,TRUE,,,19960706,1996-07-06,VALID
KOSDAQ,2559,KR7225590009,225590,패션플랫폼,주권,COMMON,TRUE,,,20151005,2015-10-05,VALID
KOSDAQ,2560,KR7054300009,054300,팬스타엔터프라이즈,주권,COMMON,TRUE,,,20020110,2002-01-10,VALID
KOSDAQ,2561,KR7068050004,068050,팬엔터테인먼트,주권,COMMON,TRUE,,,20060707,2006-07-07,VALID
KOSDAQ,2562,KR7222110009,222110,팬젠,주권,COMMON,TRUE,,,20160311,2016-03-11,VALID
KOSDAQ,2563,KR7271830002,271830,팸텍,주권,COMMON,TRUE,,,20230523,2023-05-23,VALID
KOSDAQ,2564,KR7263750002,263750,펄어비스,주권,COMMON,TRUE,,,20170914,2017-09-14,VALID
KOSDAQ,2565,KR7251970000,251970,펌텍코리아,주권,COMMON,TRUE,,,20190704,2019-07-04,VALID
KOSDAQ,2566,KR7187660006,187660,페니트리움바이오,주권,COMMON,TRUE,,,20210603,2021-06-03,VALID
KOSDAQ,2567,KR70015S0005,0015S0,페스카로,주권,COMMON,TRUE,,,20251210,2025-12-10,VALID
KOSDAQ,2568,KR7168360006,168360,펨트론,주권,COMMON,TRUE,,,20221124,2022-11-24,VALID
KOSDAQ,2569,KR7087010005,087010,펩트론,주권,COMMON,TRUE,,,20150722,2015-07-22,VALID
KOSDAQ,2570,KR7064800006,064800,포니링크,주권,COMMON,TRUE,,,20020822,2002-08-22,VALID
KOSDAQ,2571,KR7119500007,119500,포메탈,주권,COMMON,TRUE,,,20100917,2010-09-17,VALID
KOSDAQ,2572,KR7389140005,389140,포바이포,주권,COMMON,TRUE,,,20220428,2022-04-28,VALID
KOSDAQ,2573,KR7105760003,105760,포스뱅크,주권,COMMON,TRUE,,,20240129,2024-01-29,VALID
KOSDAQ,2574,KR7189690001,189690,포시에스,주권,COMMON,TRUE,,,20150211,2015-02-11,VALID
KOSDAQ,2575,KR7318020005,318020,포인트모바일,주권,COMMON,TRUE,,,20201203,2020-12-03,VALID
KOSDAQ,2576,KR7256630005,256630,포인트엔지니어링,주권,COMMON,TRUE,,,20170502,2017-05-02,VALID
KOSDAQ,2577,KR7331380006,331380,포커스에이아이,주권,COMMON,TRUE,,,20191002,2019-10-02,VALID
KOSDAQ,2578,KR7208710004,208710,포톤,주권,COMMON,TRUE,,,20141224,2014-12-24,VALID
KOSDAQ,2579,KR7472850007,472850,폰드그룹,주권,COMMON,TRUE,,,20240202,2024-02-02,VALID
KOSDAQ,2580,KR7220180004,220180,폴라리스AI핸디,주권,COMMON,TRUE,,,20161124,2016-11-24,VALID
KOSDAQ,2581,KR7234100006,234100,폴라리스세원,주권,COMMON,TRUE,,,20171020,2017-10-20,VALID
KOSDAQ,2582,KR7039980008,039980,폴라리스AI,주권,COMMON,TRUE,,,20020813,2002-08-13,VALID
KOSDAQ,2583,KR7041910001,041910,폴라리스AI파마,주권,COMMON,TRUE,,,20040206,2004-02-06,VALID
KOSDAQ,2584,KR7041020009,041020,폴라리스오피스,주권,COMMON,TRUE,,,20051028,2005-10-28,VALID
KOSDAQ,2585,KR7114630007,114630,폴라리스우노,주권,COMMON,TRUE,,,20100115,2010-01-15,VALID
KOSDAQ,2586,KR7487580003,487580,폴레드,주권,COMMON,TRUE,,,20260514,2026-05-14,VALID
KOSDAQ,2587,KR7290720002,290720,푸드나무,주권,COMMON,TRUE,,,20181004,2018-10-04,VALID
KOSDAQ,2588,KR7005670005,005670,푸드웰,주권,COMMON,TRUE,,,19931207,1993-12-07,VALID
KOSDAQ,2589,KR7094940004,094940,푸른로보틱스,주권,COMMON,TRUE,,,20070914,2007-09-14,VALID
KOSDAQ,2590,KR7007330004,007330,푸른저축은행,주권,COMMON,TRUE,,,19931207,1993-12-07,VALID
KOSDAQ,2591,KR7093380004,093380,풍강,주권,COMMON,TRUE,,,20070601,2007-06-01,VALID
KOSDAQ,2592,KR7023900004,023900,풍국주정,주권,COMMON,TRUE,,,19941123,1994-11-23,VALID
KOSDAQ,2593,KR7371950007,371950,풍원정밀,주권,COMMON,TRUE,,,20220228,2022-02-28,VALID
KOSDAQ,2594,KR7298060005,298060,풍전약품,주권,COMMON,TRUE,,,20200617,2020-06-17,VALID
KOSDAQ,2595,KR7370090003,370090,퓨런티어,주권,COMMON,TRUE,,,20220223,2022-02-23,VALID
KOSDAQ,2596,KR7445180003,445180,퓨릿,주권,COMMON,TRUE,,,20231018,2023-10-18,VALID
KOSDAQ,2597,KR7220100002,220100,퓨쳐켐,주권,COMMON,TRUE,,,20161201,2016-12-01,VALID
KOSDAQ,2598,KR7035200005,035200,프럼파스트,주권,COMMON,TRUE,,,20020115,2002-01-15,VALID
KOSDAQ,2599,KR7334970001,334970,프레스티지바이오로직스,주권,COMMON,TRUE,,,20210311,2021-03-11,VALID
KOSDAQ,2600,KR7321260002,321260,프로이천,주권,COMMON,TRUE,,,20190531,2019-05-31,VALID
KOSDAQ,2601,KR7053610002,053610,프로텍,주권,COMMON,TRUE,,,20010817,2001-08-17,VALID
KOSDAQ,2602,KR7468530001,468530,프로티나,주권,COMMON,TRUE,,,20250729,2025-07-29,VALID
KOSDAQ,2603,KR7303360002,303360,프로티아,주권,COMMON,TRUE,,,20230616,2023-06-16,VALID
KOSDAQ,2604,KR7377220009,377220,프롬바이오,주권,COMMON,TRUE,,,20210928,2021-09-28,VALID
KOSDAQ,2605,KR7335810008,335810,프리시젼바이오,주권,COMMON,TRUE,,,20201222,2020-12-22,VALID
KOSDAQ,2606,KR7053160008,053160,프리엠스,주권,COMMON,TRUE,,,20011030,2001-10-30,VALID
KOSDAQ,2607,KR7405000001,405000,플라즈맵,주권,COMMON,TRUE,,,20221021,2022-10-21,VALID
KOSDAQ,2608,KR7041590001,041590,플래스크,주권,COMMON,TRUE,,,20021101,2002-11-01,VALID
KOSDAQ,2609,KR7367000007,367000,플래티어,주권,COMMON,TRUE,,,20210812,2021-08-12,VALID
KOSDAQ,2610,KR7075130005,075130,플랜티넷,주권,COMMON,TRUE,,,20050610,2005-06-10,VALID
KOSDAQ,2611,KR7237820006,237820,플레이디,주권,COMMON,TRUE,,,20200312,2020-03-12,VALID
KOSDAQ,2612,KR7023770001,023770,플레이위드,주권,COMMON,TRUE,,,19941107,1994-11-07,VALID
KOSDAQ,2613,KR7300080009,300080,플리토,주권,COMMON,TRUE,,,20190717,2019-07-17,VALID
KOSDAQ,2614,KR7033790007,033790,피노,주권,COMMON,TRUE,,,20010626,2001-06-26,VALID
KOSDAQ,2615,KR7032580003,032580,피델릭스,주권,COMMON,TRUE,,,19970422,1997-04-22,VALID
KOSDAQ,2616,KR70117P0005,0117P0,피스피스스튜디오,주권,COMMON,TRUE,,,20260608,2026-06-08,VALID
KOSDAQ,2617,KR7051380004,051380,피씨디렉트,주권,COMMON,TRUE,,,20020215,2002-02-15,VALID
KOSDAQ,2618,KR7241820000,241820,피씨엘,주권,COMMON,TRUE,,,20170223,2017-02-23,VALID
KOSDAQ,2619,KR7452450000,452450,피아이이,주권,COMMON,TRUE,,,20250204,2025-02-04,VALID
KOSDAQ,2620,KR7237750005,237750,피앤씨테크,주권,COMMON,TRUE,,,20160704,2016-07-04,VALID
KOSDAQ,2621,KR7460940000,460940,피앤에스로보틱스,주권,COMMON,TRUE,,,20240731,2024-07-31,VALID
KOSDAQ,2622,KR7332570001,332570,PS일렉트로닉스,주권,COMMON,TRUE,,,20200731,2020-07-31,VALID
KOSDAQ,2623,KR7319660007,319660,피에스케이,주권,COMMON,TRUE,,,20190510,2019-05-10,VALID
KOSDAQ,2624,KR7031980006,031980,피에스케이홀딩스,주권,COMMON,TRUE,,,19970107,1997-01-07,VALID
KOSDAQ,2625,KR7002230001,002230,피에스텍,주권,COMMON,TRUE,,,19910104,1991-01-04,VALID
KOSDAQ,2626,KR7043370006,043370,피에이치에이,주권,COMMON,TRUE,,,20011213,2001-12-13,VALID
KOSDAQ,2627,KR7239890007,239890,피엔에이치테크,주권,COMMON,TRUE,,,20210216,2021-02-16,VALID
KOSDAQ,2628,KR7347740003,347740,피엔케이피부임상연구센타,주권,COMMON,TRUE,,,20200909,2020-09-09,VALID
KOSDAQ,2629,KR7137400008,137400,피엔티,주권,COMMON,TRUE,,,20120706,2012-07-06,VALID
KOSDAQ,2630,KR7257370007,257370,피엔티엠에스,주권,COMMON,TRUE,,,20180913,2018-09-13,VALID
KOSDAQ,2631,KR7024940009,024940,PN풍년,주권,COMMON,TRUE,,,19950104,1995-01-04,VALID
KOSDAQ,2632,KR7147760003,147760,피엠티,주권,COMMON,TRUE,,,20161212,2016-12-12,VALID
KOSDAQ,2633,KR7128660008,128660,피제이메탈,주권,COMMON,TRUE,,,20101213,2010-12-13,VALID
KOSDAQ,2634,KR7006140008,006140,피제이전자,주권,COMMON,TRUE,,,19931207,1993-12-07,VALID
KOSDAQ,2635,KR7376180006,376180,피코그램,주권,COMMON,TRUE,,,20211103,2021-11-03,VALID
KOSDAQ,2636,KR7304840002,304840,피플바이오,주권,COMMON,TRUE,,,20201019,2020-10-19,VALID
KOSDAQ,2637,KR7087600003,087600,픽셀플러스,주권,COMMON,TRUE,,,20150612,2015-06-12,VALID
KOSDAQ,2638,KR7291810000,291810,핀텔,주권,COMMON,TRUE,,,20221020,2022-10-20,VALID
KOSDAQ,2639,KR7378340004,378340,필에너지,주권,COMMON,TRUE,,,20230714,2023-07-14,VALID
KOSDAQ,2640,KR7161580006,161580,필옵틱스,주권,COMMON,TRUE,,,20170601,2017-06-01,VALID
KOSDAQ,2641,KR7347770000,347770,핌스,주권,COMMON,TRUE,,,20200918,2020-09-18,VALID
KOSDAQ,2642,KR7163730005,163730,핑거,주권,COMMON,TRUE,,,20210129,2021-01-29,VALID
KOSDAQ,2643,KR7417180007,417180,핑거스토리,주권,COMMON,TRUE,,,20221208,2022-12-08,VALID
KOSDAQ,2644,KR7469900005,469900,하나31호스팩,주권,SPAC,FALSE,EXCLUDE_SPAC,,20240305,2024-03-05,VALID
KOSDAQ,2645,KR7475240008,475240,하나32호스팩,주권,SPAC,FALSE,EXCLUDE_SPAC,,20240327,2024-03-27,VALID
KOSDAQ,2646,KR7475250007,475250,하나33호스팩,주권,SPAC,FALSE,EXCLUDE_SPAC,,20240424,2024-04-24,VALID
KOSDAQ,2647,KR7484130000,484130,하나34호스팩,주권,SPAC,FALSE,EXCLUDE_SPAC,,20241119,2024-11-19,VALID
KOSDAQ,2648,KR70041L0000,0041L0,하나35호스팩,주권,SPAC,FALSE,EXCLUDE_SPAC,,20250806,2025-08-06,VALID
KOSDAQ,2649,KR70101C0008,0101C0,하나36호스팩,주권,SPAC,FALSE,EXCLUDE_SPAC,,20251222,2025-12-22,VALID
KOSDAQ,2650,KR7299030007,299030,하나기술,주권,COMMON,TRUE,,,20201125,2020-11-25,VALID
KOSDAQ,2651,KR7067310003,067310,하나마이크론,주권,COMMON,TRUE,,,20051011,2005-10-11,VALID
KOSDAQ,2652,KR7166090001,166090,하나머티리얼즈,주권,COMMON,TRUE,,,20170428,2017-04-28,VALID
KOSDAQ,2653,KR7136480001,136480,하림,주권,COMMON,TRUE,,,20110502,2011-05-02,VALID
KOSDAQ,2654,KR7003380003,003380,하림지주,주권,COMMON,TRUE,,,20170630,2017-06-30,VALID
KOSDAQ,2655,KR7450330006,450330,하스,주권,COMMON,TRUE,,,20240703,2024-07-03,VALID
KOSDAQ,2656,KR7101670008,101670,하이드로리튬,주권,COMMON,TRUE,,,20080715,2008-07-15,VALID
KOSDAQ,2657,KR7365590009,365590,하이딥,주권,COMMON,TRUE,,,20201221,2020-12-21,VALID
KOSDAQ,2658,KR7149980005,149980,하이로닉,주권,COMMON,TRUE,,,20141217,2014-12-17,VALID
KOSDAQ,2659,KR7013030002,013030,하이록코리아,주권,COMMON,TRUE,,,19891215,1989-12-15,VALID
KOSDAQ,2660,KR7126700004,126700,하이비젼시스템,주권,COMMON,TRUE,,,20100910,2010-09-10,VALID
KOSDAQ,2661,KR7160190005,160190,하이젠알앤엠,주권,COMMON,TRUE,,,20240627,2024-06-27,VALID
KOSDAQ,2662,KR7221840002,221840,하이즈항공,주권,COMMON,TRUE,,,20151125,2015-11-25,VALID
KOSDAQ,2663,KR7106190002,106190,하이텍팜,주권,COMMON,TRUE,,,20100728,2010-07-28,VALID
KOSDAQ,2664,KR7065650004,065650,하이퍼코퍼레이션,주권,COMMON,TRUE,,,20030121,2003-01-21,VALID
KOSDAQ,2665,KR7066130006,066130,하츠,주권,COMMON,TRUE,,,20030211,2003-02-11,VALID
KOSDAQ,2666,KR7004590006,004590,한국가구,주권,COMMON,TRUE,,,19930603,1993-06-03,VALID
KOSDAQ,2667,KR7039340005,039340,한국경제TV,주권,COMMON,TRUE,,,20040730,2004-07-30,VALID
KOSDAQ,2668,KR7034950006,034950,한국기업평가,주권,COMMON,TRUE,,,20020207,2002-02-07,VALID
KOSDAQ,2669,KR7222980005,222980,한국맥널티,주권,COMMON,TRUE,,,20151223,2015-12-23,VALID
KOSDAQ,2670,KR7256840000,256840,한국비엔씨,주권,COMMON,TRUE,,,20161228,2016-12-28,VALID
KOSDAQ,2671,KR7219750007,219750,한국비티비,주권,COMMON,TRUE,,,20180921,2018-09-21,VALID
KOSDAQ,2672,KR7025550005,025550,한국선재,주권,COMMON,TRUE,,,19950619,1995-06-19,VALID
KOSDAQ,2673,KR7017890005,017890,한국알콜,주권,COMMON,TRUE,,,19920804,1992-08-04,VALID
KOSDAQ,2674,KR7080720006,080720,한국유니온제약,주권,COMMON,TRUE,,,20180726,2018-07-26,VALID
KOSDAQ,2675,KR7041460007,041460,한국전자인증,주권,COMMON,TRUE,,,20101119,2010-11-19,VALID
KOSDAQ,2676,KR7101680007,101680,한국정밀기계,주권,COMMON,TRUE,,,20090519,2009-05-19,VALID
KOSDAQ,2677,KR7039740006,039740,한국정보공학,주권,COMMON,TRUE,,,20000706,2000-07-06,VALID
KOSDAQ,2678,KR7053300000,053300,한국정보인증,주권,COMMON,TRUE,,,20140204,2014-02-04,VALID
KOSDAQ,2679,KR7025770009,025770,한국정보통신,주권,COMMON,TRUE,,,19980120,1998-01-20,VALID
KOSDAQ,2680,KR7479880007,479880,한국제15호스팩,주권,SPAC,FALSE,EXCLUDE_SPAC,,20240626,2024-06-26,VALID
KOSDAQ,2681,KR70164H0007,0164H0,한국제16호스팩,주권,SPAC,FALSE,EXCLUDE_SPAC,,20260630,2026-06-30,VALID
KOSDAQ,2682,KR7062970009,062970,한국첨단소재,주권,COMMON,TRUE,,,20191226,2019-12-26,VALID
KOSDAQ,2683,KR7023760002,023760,한국캐피탈,주권,COMMON,TRUE,,,19941107,1994-11-07,VALID
KOSDAQ,2684,KR7054040001,054040,한국컴퓨터,주권,COMMON,TRUE,,,20020115,2002-01-15,VALID
KOSDAQ,2685,KR7021650007,021650,한국큐빅,주권,COMMON,TRUE,,,20030124,2003-01-24,VALID
KOSDAQ,2686,KR7032300006,032300,한국파마,주권,COMMON,TRUE,,,20200810,2020-08-10,VALID
KOSDAQ,2687,KR7037230000,037230,한국팩키지,주권,COMMON,TRUE,,,19991221,1999-12-21,VALID
KOSDAQ,2688,KR7448900001,448900,한국피아이엠,주권,COMMON,TRUE,,,20250404,2025-04-04,VALID
KOSDAQ,2689,KR7052600004,052600,한네트,주권,COMMON,TRUE,,,20010710,2001-07-10,VALID
KOSDAQ,2690,KR7256150004,256150,한독크린텍,주권,COMMON,TRUE,,,20190905,2019-09-05,VALID
KOSDAQ,2691,KR7092460005,092460,한라IMS,주권,COMMON,TRUE,,,20070522,2007-05-22,VALID
KOSDAQ,2692,KR7125490003,125490,한라캐스트,주권,COMMON,TRUE,,,20250820,2025-08-20,VALID
KOSDAQ,2693,KR7452190002,452190,한빛레이저,주권,COMMON,TRUE,,,20240104,2024-01-04,VALID
KOSDAQ,2694,KR7047080007,047080,한빛소프트,주권,COMMON,TRUE,,,20020110,2002-01-10,VALID
KOSDAQ,2695,KR7452280001,452280,한선엔지니어링,주권,COMMON,TRUE,,,20231124,2023-11-24,VALID
KOSDAQ,2696,KR7066980004,066980,한성크린텍,주권,COMMON,TRUE,,,20030117,2003-01-17,VALID
KOSDAQ,2697,KR7114810005,114810,한솔아이원스,주권,COMMON,TRUE,,,20130207,2013-02-07,VALID
KOSDAQ,2698,KR7042520007,042520,한스바이오메드,주권,COMMON,TRUE,,,20091009,2009-10-09,VALID
KOSDAQ,2699,KR7430690008,430690,한싹,주권,COMMON,TRUE,,,20231004,2023-10-04,VALID
KOSDAQ,2700,KR7078350006,078350,한양디지텍,주권,COMMON,TRUE,,,20040514,2004-05-14,VALID
KOSDAQ,2701,KR7045100005,045100,한양이엔지,주권,COMMON,TRUE,,,20000831,2000-08-31,VALID
KOSDAQ,2702,KR7320000003,320000,한울반도체,주권,COMMON,TRUE,,,20190918,2019-09-18,VALID
KOSDAQ,2703,KR7091440008,091440,한울소재과학,주권,COMMON,TRUE,,,20080201,2008-02-01,VALID
KOSDAQ,2704,KR7276730009,276730,한울앤제주,주권,COMMON,TRUE,,,20210526,2021-05-26,VALID
KOSDAQ,2705,KR7024740003,024740,한일단조,주권,COMMON,TRUE,,,19961129,1996-11-29,VALID
KOSDAQ,2706,KR7005860002,005860,한일사료,주권,COMMON,TRUE,,,19941107,1994-11-07,VALID
KOSDAQ,2707,KR7007770001,007770,한일화학,주권,COMMON,TRUE,,,19920907,1992-09-07,VALID
KOSDAQ,2708,KR7198940009,198940,한주라이트메탈,주권,COMMON,TRUE,,,20230119,2023-01-19,VALID
KOSDAQ,2709,KR7058450008,058450,한주에이알티,주권,COMMON,TRUE,,,20020117,2002-01-17,VALID
KOSDAQ,2710,KR7107640005,107640,한중엔시에스,주권,COMMON,TRUE,,,20240624,2024-06-24,VALID
KOSDAQ,2711,KR7079170007,079170,한창산업,주권,COMMON,TRUE,,,20050201,2005-02-01,VALID
KOSDAQ,2712,KR7030520001,030520,한컴,주권,COMMON,TRUE,,,19960924,1996-09-24,VALID
KOSDAQ,2713,KR7054920004,054920,한컴위드,주권,COMMON,TRUE,,,20011101,2001-11-01,VALID
KOSDAQ,2714,KR7457370005,457370,한켐,주권,COMMON,TRUE,,,20241022,2024-10-22,VALID
KOSDAQ,2715,KR7002680007,002680,한탑,주권,COMMON,TRUE,,,19950707,1995-07-07,VALID
KOSDAQ,2716,KR7098070006,098070,한텍,주권,COMMON,TRUE,,,20250320,2025-03-20,VALID
KOSDAQ,2717,KR7408470003,408470,한패스,주권,COMMON,TRUE,,,20260325,2026-03-25,VALID
KOSDAQ,2718,KR7498390004,498390,한화플러스제5호스팩,주권,SPAC,FALSE,EXCLUDE_SPAC,,20250320,2025-03-20,VALID
KOSDAQ,2719,KR7034810002,034810,해성산업,주권,COMMON,TRUE,,,19990416,1999-04-16,VALID
KOSDAQ,2720,KR703481K019,03481K,해성산업1우,주권,PREFERRED,TRUE,,,20211202,2021-12-02,VALID
KOSDAQ,2721,KR7059270009,059270,해성에어로보틱스,주권,COMMON,TRUE,,,20210421,2021-04-21,VALID
KOSDAQ,2722,KR7076610005,076610,해성옵틱스,주권,COMMON,TRUE,,,20131106,2013-11-06,VALID
KOSDAQ,2723,HK0000214814,900270,헝셩그룹,외국주권,COMMON,TRUE,,,20160818,2016-08-18,VALID
KOSDAQ,2724,KR7214180002,214180,헥토이노베이션,주권,COMMON,TRUE,,,20150630,2015-06-30,VALID
KOSDAQ,2725,KR7234340008,234340,헥토파이낸셜,주권,COMMON,TRUE,,,20190712,2019-07-12,VALID
KOSDAQ,2726,KR7084990001,084990,헬릭스미스,주권,COMMON,TRUE,,,20051229,2005-12-29,VALID
KOSDAQ,2727,KR7170030001,170030,현대공업,주권,COMMON,TRUE,,,20131204,2013-12-04,VALID
KOSDAQ,2728,KR7319400008,319400,현대무벡스,주권,COMMON,TRUE,,,20190508,2019-05-08,VALID
KOSDAQ,2729,KR7052260007,052260,현대바이오랜드,주권,COMMON,TRUE,,,20010517,2001-05-17,VALID
KOSDAQ,2730,KR7048410005,048410,현대바이오,주권,COMMON,TRUE,,,20020808,2002-08-08,VALID
KOSDAQ,2731,KR7016790008,016790,현대사료,주권,COMMON,TRUE,,,20180601,2018-06-01,VALID
KOSDAQ,2732,KR7041440009,041440,현대에버다임,주권,COMMON,TRUE,,,20031114,2003-11-14,VALID
KOSDAQ,2733,KR7039010004,039010,현대에이치티,주권,COMMON,TRUE,,,20000720,2000-07-20,VALID
KOSDAQ,2734,KR7090850009,090850,현대이지웰,주권,COMMON,TRUE,,,20131227,2013-12-27,VALID
KOSDAQ,2735,KR7460930001,460930,현대힘스,주권,COMMON,TRUE,,,20240126,2024-01-26,VALID
KOSDAQ,2736,KR7092300003,092300,현우산업,주권,COMMON,TRUE,,,20071024,2007-10-24,VALID
KOSDAQ,2737,KR7308100007,308100,형지글로벌,주권,COMMON,TRUE,,,20190610,2019-06-10,VALID
KOSDAQ,2738,KR7011080009,011080,형지I&C,주권,COMMON,TRUE,,,20040702,2004-07-02,VALID
KOSDAQ,2739,KR7064240005,064240,홈캐스트,주권,COMMON,TRUE,,,20030611,2003-06-11,VALID
KOSDAQ,2740,KR7039610001,039610,화성밸브,주권,COMMON,TRUE,,,20000316,2000-03-16,VALID
KOSDAQ,2741,KR7126640002,126640,화신정공,주권,COMMON,TRUE,,,20100831,2010-08-31,VALID
KOSDAQ,2742,KR7127980001,127980,화인써키트,주권,COMMON,TRUE,,,20230217,2023-02-17,VALID
KOSDAQ,2743,KR7061250007,061250,화일약품,주권,COMMON,TRUE,,,20020418,2002-04-18,VALID
KOSDAQ,2744,KR7097870000,097870,효성오앤비,주권,COMMON,TRUE,,,20080408,2008-04-08,VALID
KOSDAQ,2745,KR7290270008,290270,휴네시온,주권,COMMON,TRUE,,,20180802,2018-08-02,VALID
KOSDAQ,2746,KR7353190002,353190,휴럼,주권,COMMON,TRUE,,,20200617,2020-06-17,VALID
KOSDAQ,2747,KR7090710005,090710,휴림로봇,주권,COMMON,TRUE,,,20061205,2006-12-05,VALID
KOSDAQ,2748,KR7078590007,078590,휴림에이텍,주권,COMMON,TRUE,,,20051027,2005-10-27,VALID
KOSDAQ,2749,KR7205470008,205470,휴마시스,주권,COMMON,TRUE,,,20141201,2014-12-01,VALID
KOSDAQ,2750,KR7115160004,115160,휴맥스,주권,COMMON,TRUE,,,20091116,2009-11-16,VALID
KOSDAQ,2751,KR7028080000,028080,휴맥스홀딩스,주권,COMMON,TRUE,,,19970416,1997-04-16,VALID
KOSDAQ,2752,KR7200670008,200670,휴메딕스,주권,COMMON,TRUE,,,20141226,2014-12-26,VALID
KOSDAQ,2753,KR7065510000,065510,휴비츠,주권,COMMON,TRUE,,,20031031,2003-10-31,VALID
KOSDAQ,2754,KR7263920001,263920,휴엠앤씨,주권,COMMON,TRUE,,,20170928,2017-09-28,VALID
KOSDAQ,2755,KR7243070000,243070,휴온스,주권,COMMON,TRUE,,,20160603,2016-06-03,VALID
KOSDAQ,2756,KR7084110006,084110,휴온스글로벌,주권,COMMON,TRUE,,,20061219,2006-12-19,VALID
KOSDAQ,2757,KR7145020004,145020,휴젤,주권,COMMON,TRUE,,,20151224,2015-12-24,VALID
KOSDAQ,2758,KR7024060006,024060,흥구석유,주권,COMMON,TRUE,,,19941207,1994-12-07,VALID
KOSDAQ,2759,KR7010240000,010240,흥국,주권,COMMON,TRUE,,,20090512,2009-05-12,VALID
KOSDAQ,2760,KR7189980006,189980,흥국에프엔비,주권,COMMON,TRUE,,,20150807,2015-08-07,VALID
KOSDAQ,2761,KR7037440005,037440,희림,주권,COMMON,TRUE,,,20000203,2000-02-03,VALID
KOSDAQ,2762,KR7238490007,238490,힘스,주권,COMMON,TRUE,,,20170720,2017-07-20,VALID